{
  "type": "FeatureCollection",
  "name": "Southwest Division (LAPD DIV-03) - Full 3D Building & Boundary GeoJSON",
  "crs": {
    "type": "name",
    "properties": {
      "name": "urn:ogc:def:crs:OGC:1.3:CRS84"
    }
  },
  "metadata": {
    "divisionId": "DIV-03",
    "divisionName": "Southwest Division",
    "bureau": "South Bureau",
    "code": "SOUTHWEST",
    "station": {
      "name": "Southwest Community Police Station",
      "address": "1546 W Martin Luther King Jr Blvd, Los Angeles, CA 90062",
      "phone": "(213) 485-2582",
      "lat": 34.0105,
      "lng": -118.3032
    },
    "center": [
      -118.305,
      34.015
    ],
    "totalBuildings": 250,
    "fususOneCompatible": true,
    "optimization": "100% Comprehensive 3D Building Extrusions + Division Perimeter"
  },
  "features": [
    {
      "type": "Feature",
      "properties": {
        "layerType": "BOUNDARY",
        "id": "SOUTHWEST_BOUNDARY",
        "name": "Southwest Division Official Perimeter",
        "bureau": "South Bureau",
        "division": "Southwest Division",
        "strokeColor": "#00f3ff",
        "strokeWidth": 3,
        "fillColor": "#00f3ff",
        "fillOpacity": 0.08
      },
      "geometry": {
        "type": "Polygon",
        "coordinates": [
          [
            [
              -118.345,
              33.99
            ],
            [
              -118.275,
              33.99
            ],
            [
              -118.275,
              34.035
            ],
            [
              -118.345,
              34.035
            ],
            [
              -118.345,
              33.99
            ]
          ]
        ]
      }
    },
    {
      "type": "Feature",
      "properties": {
        "layerType": "STATION",
        "id": "SOUTHWEST_STATION",
        "name": "Southwest Community Police Station",
        "address": "1546 W Martin Luther King Jr Blvd, Los Angeles, CA 90062",
        "phone": "(213) 485-2582",
        "division": "Southwest Division",
        "bureau": "South Bureau",
        "icon": "police-station",
        "markerColor": "#3b82f6"
      },
      "geometry": {
        "type": "Point",
        "coordinates": [
          -118.3032,
          34.0105
        ]
      }
    },
    {
      "type": "Feature",
      "properties": {
        "layerType": "BUILDING_3D",
        "id": "SOUTHWEST_LM_1",
        "name": "USC University Park Campus",
        "height": 48,
        "min_height": 0,
        "render_height": 48,
        "render_min_height": 0,
        "division": "Southwest Division",
        "bureau": "South Bureau",
        "extrusionColor": "#00f3ff"
      },
      "geometry": {
        "type": "Polygon",
        "coordinates": [
          [
            [
              -118.2869,
              34.020599999999995
            ],
            [
              -118.2833,
              34.020599999999995
            ],
            [
              -118.2833,
              34.0242
            ],
            [
              -118.2869,
              34.0242
            ],
            [
              -118.2869,
              34.020599999999995
            ]
          ]
        ]
      }
    },
    {
      "type": "Feature",
      "properties": {
        "layerType": "BUILDING_3D",
        "id": "SOUTHWEST_LM_2",
        "name": "BMO Stadium (LAFC)",
        "height": 32,
        "min_height": 0,
        "render_height": 32,
        "render_min_height": 0,
        "division": "Southwest Division",
        "bureau": "South Bureau",
        "extrusionColor": "#00f3ff"
      },
      "geometry": {
        "type": "Polygon",
        "coordinates": [
          [
            [
              -118.2863,
              34.010999999999996
            ],
            [
              -118.28269999999999,
              34.010999999999996
            ],
            [
              -118.28269999999999,
              34.0146
            ],
            [
              -118.2863,
              34.0146
            ],
            [
              -118.2863,
              34.010999999999996
            ]
          ]
        ]
      }
    },
    {
      "type": "Feature",
      "properties": {
        "layerType": "BUILDING_3D",
        "id": "SOUTHWEST_LM_3",
        "name": "LA Memorial Coliseum",
        "height": 35,
        "min_height": 0,
        "render_height": 35,
        "render_min_height": 0,
        "division": "Southwest Division",
        "bureau": "South Bureau",
        "extrusionColor": "#00f3ff"
      },
      "geometry": {
        "type": "Polygon",
        "coordinates": [
          [
            [
              -118.2897,
              34.012299999999996
            ],
            [
              -118.28609999999999,
              34.012299999999996
            ],
            [
              -118.28609999999999,
              34.0159
            ],
            [
              -118.2897,
              34.0159
            ],
            [
              -118.2897,
              34.012299999999996
            ]
          ]
        ]
      }
    },
    {
      "type": "Feature",
      "properties": {
        "layerType": "BUILDING_3D",
        "id": "SOUTHWEST_BLD_1",
        "name": "Structure #1",
        "height": 15,
        "min_height": 0,
        "render_height": 15,
        "render_min_height": 0,
        "division": "Southwest Division",
        "bureau": "South Bureau",
        "extrusionColor": "#1e293b"
      },
      "geometry": {
        "type": "Polygon",
        "coordinates": [
          [
            [
              -118.34409130391353,
              33.990901984773004
            ],
            [
              -118.34235794150473,
              33.990901984773004
            ],
            [
              -118.34235794150473,
              33.99213226952149
            ],
            [
              -118.34409130391353,
              33.99213226952149
            ],
            [
              -118.34409130391353,
              33.990901984773004
            ]
          ]
        ]
      }
    },
    {
      "type": "Feature",
      "properties": {
        "layerType": "BUILDING_3D",
        "id": "SOUTHWEST_BLD_2",
        "name": "Structure #2",
        "height": 20,
        "min_height": 0,
        "render_height": 20,
        "render_min_height": 0,
        "division": "Southwest Division",
        "bureau": "South Bureau",
        "extrusionColor": "#1e293b"
      },
      "geometry": {
        "type": "Polygon",
        "coordinates": [
          [
            [
              -118.33939673096211,
              33.99036503346593
            ],
            [
              -118.33737037961166,
              33.99036503346593
            ],
            [
              -118.33737037961166,
              33.991618804302625
            ],
            [
              -118.33939673096211,
              33.991618804302625
            ],
            [
              -118.33939673096211,
              33.99036503346593
            ]
          ]
        ]
      }
    },
    {
      "type": "Feature",
      "properties": {
        "layerType": "BUILDING_3D",
        "id": "SOUTHWEST_BLD_3",
        "name": "Structure #3",
        "height": 13,
        "min_height": 0,
        "render_height": 13,
        "render_min_height": 0,
        "division": "Southwest Division",
        "bureau": "South Bureau",
        "extrusionColor": "#1e293b"
      },
      "geometry": {
        "type": "Polygon",
        "coordinates": [
          [
            [
              -118.33616347429141,
              33.99033688322793
            ],
            [
              -118.33409843997215,
              33.99033688322793
            ],
            [
              -118.33409843997215,
              33.99193157236966
            ],
            [
              -118.33616347429141,
              33.99193157236966
            ],
            [
              -118.33616347429141,
              33.99033688322793
            ]
          ]
        ]
      }
    },
    {
      "type": "Feature",
      "properties": {
        "layerType": "BUILDING_3D",
        "id": "SOUTHWEST_BLD_4",
        "name": "Structure #4",
        "height": 25,
        "min_height": 0,
        "render_height": 25,
        "render_min_height": 0,
        "division": "Southwest Division",
        "bureau": "South Bureau",
        "extrusionColor": "#1e293b"
      },
      "geometry": {
        "type": "Polygon",
        "coordinates": [
          [
            [
              -118.33209219233046,
              33.99058342454461
            ],
            [
              -118.3294656455088,
              33.99058342454461
            ],
            [
              -118.3294656455088,
              33.991722608794106
            ],
            [
              -118.33209219233046,
              33.991722608794106
            ],
            [
              -118.33209219233046,
              33.99058342454461
            ]
          ]
        ]
      }
    },
    {
      "type": "Feature",
      "properties": {
        "layerType": "BUILDING_3D",
        "id": "SOUTHWEST_BLD_5",
        "name": "Structure #5",
        "height": 11,
        "min_height": 0,
        "render_height": 11,
        "render_min_height": 0,
        "division": "Southwest Division",
        "bureau": "South Bureau",
        "extrusionColor": "#1e293b"
      },
      "geometry": {
        "type": "Polygon",
        "coordinates": [
          [
            [
              -118.32756847722064,
              33.99045399648326
            ],
            [
              -118.3256921737509,
              33.99045399648326
            ],
            [
              -118.3256921737509,
              33.99239750614351
            ],
            [
              -118.32756847722064,
              33.99239750614351
            ],
            [
              -118.32756847722064,
              33.99045399648326
            ]
          ]
        ]
      }
    },
    {
      "type": "Feature",
      "properties": {
        "layerType": "BUILDING_3D",
        "id": "SOUTHWEST_BLD_6",
        "name": "Structure #6",
        "height": 23,
        "min_height": 0,
        "render_height": 23,
        "render_min_height": 0,
        "division": "Southwest Division",
        "bureau": "South Bureau",
        "extrusionColor": "#1e293b"
      },
      "geometry": {
        "type": "Polygon",
        "coordinates": [
          [
            [
              -118.32366400579228,
              33.99055088258447
            ],
            [
              -118.32046293105775,
              33.99055088258447
            ],
            [
              -118.32046293105775,
              33.991571812214715
            ],
            [
              -118.32366400579228,
              33.991571812214715
            ],
            [
              -118.32366400579228,
              33.99055088258447
            ]
          ]
        ]
      }
    },
    {
      "type": "Feature",
      "properties": {
        "layerType": "BUILDING_3D",
        "id": "SOUTHWEST_BLD_7",
        "name": "Structure #7",
        "height": 15,
        "min_height": 0,
        "render_height": 15,
        "render_min_height": 0,
        "division": "Southwest Division",
        "bureau": "South Bureau",
        "extrusionColor": "#1e293b"
      },
      "geometry": {
        "type": "Polygon",
        "coordinates": [
          [
            [
              -118.31938678162558,
              33.990789500226725
            ],
            [
              -118.31770525046988,
              33.990789500226725
            ],
            [
              -118.31770525046988,
              33.99262011522967
            ],
            [
              -118.31938678162558,
              33.99262011522967
            ],
            [
              -118.31938678162558,
              33.990789500226725
            ]
          ]
        ]
      }
    },
    {
      "type": "Feature",
      "properties": {
        "layerType": "BUILDING_3D",
        "id": "SOUTHWEST_BLD_8",
        "name": "Structure #8",
        "height": 22,
        "min_height": 0,
        "render_height": 22,
        "render_min_height": 0,
        "division": "Southwest Division",
        "bureau": "South Bureau",
        "extrusionColor": "#1e293b"
      },
      "geometry": {
        "type": "Polygon",
        "coordinates": [
          [
            [
              -118.31487611727364,
              33.99033815177452
            ],
            [
              -118.31186098668054,
              33.99033815177452
            ],
            [
              -118.31186098668054,
              33.991595335633875
            ],
            [
              -118.31487611727364,
              33.991595335633875
            ],
            [
              -118.31487611727364,
              33.99033815177452
            ]
          ]
        ]
      }
    },
    {
      "type": "Feature",
      "properties": {
        "layerType": "BUILDING_3D",
        "id": "SOUTHWEST_BLD_9",
        "name": "Southwest Division High-Rise Tower #9",
        "height": 57,
        "min_height": 0,
        "render_height": 57,
        "render_min_height": 0,
        "division": "Southwest Division",
        "bureau": "South Bureau",
        "extrusionColor": "#0ea5e9"
      },
      "geometry": {
        "type": "Polygon",
        "coordinates": [
          [
            [
              -118.31150186766548,
              33.99073277583856
            ],
            [
              -118.30943121189715,
              33.99073277583856
            ],
            [
              -118.30943121189715,
              33.99249620816615
            ],
            [
              -118.31150186766548,
              33.99249620816615
            ],
            [
              -118.31150186766548,
              33.99073277583856
            ]
          ]
        ]
      }
    },
    {
      "type": "Feature",
      "properties": {
        "layerType": "BUILDING_3D",
        "id": "SOUTHWEST_BLD_10",
        "name": "Structure #10",
        "height": 22,
        "min_height": 0,
        "render_height": 22,
        "render_min_height": 0,
        "division": "Southwest Division",
        "bureau": "South Bureau",
        "extrusionColor": "#1e293b"
      },
      "geometry": {
        "type": "Polygon",
        "coordinates": [
          [
            [
              -118.30673425156002,
              33.99031558516308
            ],
            [
              -118.30382977478516,
              33.99031558516308
            ],
            [
              -118.30382977478516,
              33.991995909011884
            ],
            [
              -118.30673425156002,
              33.991995909011884
            ],
            [
              -118.30673425156002,
              33.99031558516308
            ]
          ]
        ]
      }
    },
    {
      "type": "Feature",
      "properties": {
        "layerType": "BUILDING_3D",
        "id": "SOUTHWEST_BLD_11",
        "name": "Southwest Division High-Rise Tower #11",
        "height": 51,
        "min_height": 0,
        "render_height": 51,
        "render_min_height": 0,
        "division": "Southwest Division",
        "bureau": "South Bureau",
        "extrusionColor": "#0ea5e9"
      },
      "geometry": {
        "type": "Polygon",
        "coordinates": [
          [
            [
              -118.30330374208434,
              33.99069591774268
            ],
            [
              -118.3005361498628,
              33.99069591774268
            ],
            [
              -118.3005361498628,
              33.992425573981485
            ],
            [
              -118.30330374208434,
              33.992425573981485
            ],
            [
              -118.30330374208434,
              33.99069591774268
            ]
          ]
        ]
      }
    },
    {
      "type": "Feature",
      "properties": {
        "layerType": "BUILDING_3D",
        "id": "SOUTHWEST_BLD_12",
        "name": "Structure #12",
        "height": 18,
        "min_height": 0,
        "render_height": 18,
        "render_min_height": 0,
        "division": "Southwest Division",
        "bureau": "South Bureau",
        "extrusionColor": "#1e293b"
      },
      "geometry": {
        "type": "Polygon",
        "coordinates": [
          [
            [
              -118.29855966489443,
              33.991036293510156
            ],
            [
              -118.29571081932461,
              33.991036293510156
            ],
            [
              -118.29571081932461,
              33.991952224647925
            ],
            [
              -118.29855966489443,
              33.991952224647925
            ],
            [
              -118.29855966489443,
              33.991036293510156
            ]
          ]
        ]
      }
    },
    {
      "type": "Feature",
      "properties": {
        "layerType": "BUILDING_3D",
        "id": "SOUTHWEST_BLD_13",
        "name": "Structure #13",
        "height": 12,
        "min_height": 0,
        "render_height": 12,
        "render_min_height": 0,
        "division": "Southwest Division",
        "bureau": "South Bureau",
        "extrusionColor": "#1e293b"
      },
      "geometry": {
        "type": "Polygon",
        "coordinates": [
          [
            [
              -118.29388139892446,
              33.990780828737655
            ],
            [
              -118.29237280646224,
              33.990780828737655
            ],
            [
              -118.29237280646224,
              33.992286621244446
            ],
            [
              -118.29388139892446,
              33.992286621244446
            ],
            [
              -118.29388139892446,
              33.990780828737655
            ]
          ]
        ]
      }
    },
    {
      "type": "Feature",
      "properties": {
        "layerType": "BUILDING_3D",
        "id": "SOUTHWEST_BLD_14",
        "name": "Structure #14",
        "height": 20,
        "min_height": 0,
        "render_height": 20,
        "render_min_height": 0,
        "division": "Southwest Division",
        "bureau": "South Bureau",
        "extrusionColor": "#1e293b"
      },
      "geometry": {
        "type": "Polygon",
        "coordinates": [
          [
            [
              -118.29018451737328,
              33.990345614451215
            ],
            [
              -118.28770438853856,
              33.990345614451215
            ],
            [
              -118.28770438853856,
              33.99141987536923
            ],
            [
              -118.29018451737328,
              33.99141987536923
            ],
            [
              -118.29018451737328,
              33.990345614451215
            ]
          ]
        ]
      }
    },
    {
      "type": "Feature",
      "properties": {
        "layerType": "BUILDING_3D",
        "id": "SOUTHWEST_BLD_15",
        "name": "Structure #15",
        "height": 20,
        "min_height": 0,
        "render_height": 20,
        "render_min_height": 0,
        "division": "Southwest Division",
        "bureau": "South Bureau",
        "extrusionColor": "#1e293b"
      },
      "geometry": {
        "type": "Polygon",
        "coordinates": [
          [
            [
              -118.28678369384507,
              33.990530426447755
            ],
            [
              -118.28501432292127,
              33.990530426447755
            ],
            [
              -118.28501432292127,
              33.992178841563124
            ],
            [
              -118.28678369384507,
              33.992178841563124
            ],
            [
              -118.28678369384507,
              33.990530426447755
            ]
          ]
        ]
      }
    },
    {
      "type": "Feature",
      "properties": {
        "layerType": "BUILDING_3D",
        "id": "SOUTHWEST_BLD_17",
        "name": "Structure #17",
        "height": 23,
        "min_height": 0,
        "render_height": 23,
        "render_min_height": 0,
        "division": "Southwest Division",
        "bureau": "South Bureau",
        "extrusionColor": "#1e293b"
      },
      "geometry": {
        "type": "Polygon",
        "coordinates": [
          [
            [
              -118.2787758268917,
              33.9910522261961
            ],
            [
              -118.2761343561008,
              33.9910522261961
            ],
            [
              -118.2761343561008,
              33.991885237988484
            ],
            [
              -118.2787758268917,
              33.991885237988484
            ],
            [
              -118.2787758268917,
              33.9910522261961
            ]
          ]
        ]
      }
    },
    {
      "type": "Feature",
      "properties": {
        "layerType": "BUILDING_3D",
        "id": "SOUTHWEST_BLD_18",
        "name": "Structure #18",
        "height": 19,
        "min_height": 0,
        "render_height": 19,
        "render_min_height": 0,
        "division": "Southwest Division",
        "bureau": "South Bureau",
        "extrusionColor": "#1e293b"
      },
      "geometry": {
        "type": "Polygon",
        "coordinates": [
          [
            [
              -118.34326692155936,
              33.99301611115127
            ],
            [
              -118.34189490213662,
              33.99301611115127
            ],
            [
              -118.34189490213662,
              33.99484988904562
            ],
            [
              -118.34326692155936,
              33.99484988904562
            ],
            [
              -118.34326692155936,
              33.99301611115127
            ]
          ]
        ]
      }
    },
    {
      "type": "Feature",
      "properties": {
        "layerType": "BUILDING_3D",
        "id": "SOUTHWEST_BLD_19",
        "name": "Structure #19",
        "height": 22,
        "min_height": 0,
        "render_height": 22,
        "render_min_height": 0,
        "division": "Southwest Division",
        "bureau": "South Bureau",
        "extrusionColor": "#1e293b"
      },
      "geometry": {
        "type": "Polygon",
        "coordinates": [
          [
            [
              -118.34003228751556,
              33.99253247902357
            ],
            [
              -118.33701194745427,
              33.99253247902357
            ],
            [
              -118.33701194745427,
              33.99410033984423
            ],
            [
              -118.34003228751556,
              33.99410033984423
            ],
            [
              -118.34003228751556,
              33.99253247902357
            ]
          ]
        ]
      }
    },
    {
      "type": "Feature",
      "properties": {
        "layerType": "BUILDING_3D",
        "id": "SOUTHWEST_BLD_20",
        "name": "Structure #20",
        "height": 13,
        "min_height": 0,
        "render_height": 13,
        "render_min_height": 0,
        "division": "Southwest Division",
        "bureau": "South Bureau",
        "extrusionColor": "#1e293b"
      },
      "geometry": {
        "type": "Polygon",
        "coordinates": [
          [
            [
              -118.33671121102,
              33.99323857370596
            ],
            [
              -118.33412885202128,
              33.99323857370596
            ],
            [
              -118.33412885202128,
              33.994995470925
            ],
            [
              -118.33671121102,
              33.994995470925
            ],
            [
              -118.33671121102,
              33.99323857370596
            ]
          ]
        ]
      }
    },
    {
      "type": "Feature",
      "properties": {
        "layerType": "BUILDING_3D",
        "id": "SOUTHWEST_BLD_22",
        "name": "Southwest Division High-Rise Tower #22",
        "height": 57,
        "min_height": 0,
        "render_height": 57,
        "render_min_height": 0,
        "division": "Southwest Division",
        "bureau": "South Bureau",
        "extrusionColor": "#0ea5e9"
      },
      "geometry": {
        "type": "Polygon",
        "coordinates": [
          [
            [
              -118.32712707617013,
              33.993585785797286
            ],
            [
              -118.32530585531426,
              33.993585785797286
            ],
            [
              -118.32530585531426,
              33.994525249753174
            ],
            [
              -118.32712707617013,
              33.994525249753174
            ],
            [
              -118.32712707617013,
              33.993585785797286
            ]
          ]
        ]
      }
    },
    {
      "type": "Feature",
      "properties": {
        "layerType": "BUILDING_3D",
        "id": "SOUTHWEST_BLD_23",
        "name": "Structure #23",
        "height": 22,
        "min_height": 0,
        "render_height": 22,
        "render_min_height": 0,
        "division": "Southwest Division",
        "bureau": "South Bureau",
        "extrusionColor": "#1e293b"
      },
      "geometry": {
        "type": "Polygon",
        "coordinates": [
          [
            [
              -118.322623411628,
              33.992621596322074
            ],
            [
              -118.32107605923008,
              33.992621596322074
            ],
            [
              -118.32107605923008,
              33.99444758965222
            ],
            [
              -118.322623411628,
              33.99444758965222
            ],
            [
              -118.322623411628,
              33.992621596322074
            ]
          ]
        ]
      }
    },
    {
      "type": "Feature",
      "properties": {
        "layerType": "BUILDING_3D",
        "id": "SOUTHWEST_BLD_24",
        "name": "Structure #24",
        "height": 10,
        "min_height": 0,
        "render_height": 10,
        "render_min_height": 0,
        "division": "Southwest Division",
        "bureau": "South Bureau",
        "extrusionColor": "#1e293b"
      },
      "geometry": {
        "type": "Polygon",
        "coordinates": [
          [
            [
              -118.32009384135189,
              33.99253396487743
            ],
            [
              -118.31708632292576,
              33.99253396487743
            ],
            [
              -118.31708632292576,
              33.99426917745199
            ],
            [
              -118.32009384135189,
              33.99426917745199
            ],
            [
              -118.32009384135189,
              33.99253396487743
            ]
          ]
        ]
      }
    },
    {
      "type": "Feature",
      "properties": {
        "layerType": "BUILDING_3D",
        "id": "SOUTHWEST_BLD_25",
        "name": "Structure #25",
        "height": 15,
        "min_height": 0,
        "render_height": 15,
        "render_min_height": 0,
        "division": "Southwest Division",
        "bureau": "South Bureau",
        "extrusionColor": "#1e293b"
      },
      "geometry": {
        "type": "Polygon",
        "coordinates": [
          [
            [
              -118.31612052843717,
              33.993650034987645
            ],
            [
              -118.31326253125555,
              33.993650034987645
            ],
            [
              -118.31326253125555,
              33.99457155434059
            ],
            [
              -118.31612052843717,
              33.99457155434059
            ],
            [
              -118.31612052843717,
              33.993650034987645
            ]
          ]
        ]
      }
    },
    {
      "type": "Feature",
      "properties": {
        "layerType": "BUILDING_3D",
        "id": "SOUTHWEST_BLD_27",
        "name": "Structure #27",
        "height": 41,
        "min_height": 0,
        "render_height": 41,
        "render_min_height": 0,
        "division": "Southwest Division",
        "bureau": "South Bureau",
        "extrusionColor": "#0ea5e9"
      },
      "geometry": {
        "type": "Polygon",
        "coordinates": [
          [
            [
              -118.30642794605387,
              33.992814589944224
            ],
            [
              -118.30438749374966,
              33.992814589944224
            ],
            [
              -118.30438749374966,
              33.99395984102049
            ],
            [
              -118.30642794605387,
              33.99395984102049
            ],
            [
              -118.30642794605387,
              33.992814589944224
            ]
          ]
        ]
      }
    },
    {
      "type": "Feature",
      "properties": {
        "layerType": "BUILDING_3D",
        "id": "SOUTHWEST_BLD_28",
        "name": "Structure #28",
        "height": 14,
        "min_height": 0,
        "render_height": 14,
        "render_min_height": 0,
        "division": "Southwest Division",
        "bureau": "South Bureau",
        "extrusionColor": "#1e293b"
      },
      "geometry": {
        "type": "Polygon",
        "coordinates": [
          [
            [
              -118.30330538126833,
              33.993090777232695
            ],
            [
              -118.30141908537803,
              33.993090777232695
            ],
            [
              -118.30141908537803,
              33.99419137643426
            ],
            [
              -118.30330538126833,
              33.99419137643426
            ],
            [
              -118.30330538126833,
              33.993090777232695
            ]
          ]
        ]
      }
    },
    {
      "type": "Feature",
      "properties": {
        "layerType": "BUILDING_3D",
        "id": "SOUTHWEST_BLD_30",
        "name": "Structure #30",
        "height": 19,
        "min_height": 0,
        "render_height": 19,
        "render_min_height": 0,
        "division": "Southwest Division",
        "bureau": "South Bureau",
        "extrusionColor": "#1e293b"
      },
      "geometry": {
        "type": "Polygon",
        "coordinates": [
          [
            [
              -118.29479857797898,
              33.99308975895779
            ],
            [
              -118.29286570153769,
              33.99308975895779
            ],
            [
              -118.29286570153769,
              33.99397119976472
            ],
            [
              -118.29479857797898,
              33.99397119976472
            ],
            [
              -118.29479857797898,
              33.99308975895779
            ]
          ]
        ]
      }
    },
    {
      "type": "Feature",
      "properties": {
        "layerType": "BUILDING_3D",
        "id": "SOUTHWEST_BLD_31",
        "name": "Structure #31",
        "height": 9,
        "min_height": 0,
        "render_height": 9,
        "render_min_height": 0,
        "division": "Southwest Division",
        "bureau": "South Bureau",
        "extrusionColor": "#1e293b"
      },
      "geometry": {
        "type": "Polygon",
        "coordinates": [
          [
            [
              -118.29049922054011,
              33.992819311402585
            ],
            [
              -118.28904743568165,
              33.992819311402585
            ],
            [
              -118.28904743568165,
              33.99435833999752
            ],
            [
              -118.29049922054011,
              33.99435833999752
            ],
            [
              -118.29049922054011,
              33.992819311402585
            ]
          ]
        ]
      }
    },
    {
      "type": "Feature",
      "properties": {
        "layerType": "BUILDING_3D",
        "id": "SOUTHWEST_BLD_32",
        "name": "Structure #32",
        "height": 20,
        "min_height": 0,
        "render_height": 20,
        "render_min_height": 0,
        "division": "Southwest Division",
        "bureau": "South Bureau",
        "extrusionColor": "#1e293b"
      },
      "geometry": {
        "type": "Polygon",
        "coordinates": [
          [
            [
              -118.28682701651339,
              33.99292299264065
            ],
            [
              -118.28429214588645,
              33.99292299264065
            ],
            [
              -118.28429214588645,
              33.99378731265043
            ],
            [
              -118.28682701651339,
              33.99378731265043
            ],
            [
              -118.28682701651339,
              33.99292299264065
            ]
          ]
        ]
      }
    },
    {
      "type": "Feature",
      "properties": {
        "layerType": "BUILDING_3D",
        "id": "SOUTHWEST_BLD_33",
        "name": "Structure #33",
        "height": 16,
        "min_height": 0,
        "render_height": 16,
        "render_min_height": 0,
        "division": "Southwest Division",
        "bureau": "South Bureau",
        "extrusionColor": "#1e293b"
      },
      "geometry": {
        "type": "Polygon",
        "coordinates": [
          [
            [
              -118.28253860035657,
              33.99307183961741
            ],
            [
              -118.28111501445811,
              33.99307183961741
            ],
            [
              -118.28111501445811,
              33.994690606134476
            ],
            [
              -118.28253860035657,
              33.994690606134476
            ],
            [
              -118.28253860035657,
              33.99307183961741
            ]
          ]
        ]
      }
    },
    {
      "type": "Feature",
      "properties": {
        "layerType": "BUILDING_3D",
        "id": "SOUTHWEST_BLD_35",
        "name": "Structure #35",
        "height": 17,
        "min_height": 0,
        "render_height": 17,
        "render_min_height": 0,
        "division": "Southwest Division",
        "bureau": "South Bureau",
        "extrusionColor": "#1e293b"
      },
      "geometry": {
        "type": "Polygon",
        "coordinates": [
          [
            [
              -118.34470078218911,
              33.99557201964491
            ],
            [
              -118.34252736272629,
              33.99557201964491
            ],
            [
              -118.34252736272629,
              33.99731800678241
            ],
            [
              -118.34470078218911,
              33.99731800678241
            ],
            [
              -118.34470078218911,
              33.99557201964491
            ]
          ]
        ]
      }
    },
    {
      "type": "Feature",
      "properties": {
        "layerType": "BUILDING_3D",
        "id": "SOUTHWEST_BLD_37",
        "name": "Structure #37",
        "height": 11,
        "min_height": 0,
        "render_height": 11,
        "render_min_height": 0,
        "division": "Southwest Division",
        "bureau": "South Bureau",
        "extrusionColor": "#1e293b"
      },
      "geometry": {
        "type": "Polygon",
        "coordinates": [
          [
            [
              -118.33593234315221,
              33.99586342775365
            ],
            [
              -118.33362547982493,
              33.99586342775365
            ],
            [
              -118.33362547982493,
              33.99723015166634
            ],
            [
              -118.33593234315221,
              33.99723015166634
            ],
            [
              -118.33593234315221,
              33.99586342775365
            ]
          ]
        ]
      }
    },
    {
      "type": "Feature",
      "properties": {
        "layerType": "BUILDING_3D",
        "id": "SOUTHWEST_BLD_38",
        "name": "Structure #38",
        "height": 18,
        "min_height": 0,
        "render_height": 18,
        "render_min_height": 0,
        "division": "Southwest Division",
        "bureau": "South Bureau",
        "extrusionColor": "#1e293b"
      },
      "geometry": {
        "type": "Polygon",
        "coordinates": [
          [
            [
              -118.33122494252339,
              33.99579120644488
            ],
            [
              -118.32897386784367,
              33.99579120644488
            ],
            [
              -118.32897386784367,
              33.99674974650162
            ],
            [
              -118.33122494252339,
              33.99674974650162
            ],
            [
              -118.33122494252339,
              33.99579120644488
            ]
          ]
        ]
      }
    },
    {
      "type": "Feature",
      "properties": {
        "layerType": "BUILDING_3D",
        "id": "SOUTHWEST_BLD_39",
        "name": "Structure #39",
        "height": 16,
        "min_height": 0,
        "render_height": 16,
        "render_min_height": 0,
        "division": "Southwest Division",
        "bureau": "South Bureau",
        "extrusionColor": "#1e293b"
      },
      "geometry": {
        "type": "Polygon",
        "coordinates": [
          [
            [
              -118.32722624820843,
              33.99549840917708
            ],
            [
              -118.32564747635027,
              33.99549840917708
            ],
            [
              -118.32564747635027,
              33.99698834908323
            ],
            [
              -118.32722624820843,
              33.99698834908323
            ],
            [
              -118.32722624820843,
              33.99549840917708
            ]
          ]
        ]
      }
    },
    {
      "type": "Feature",
      "properties": {
        "layerType": "BUILDING_3D",
        "id": "SOUTHWEST_BLD_40",
        "name": "Structure #40",
        "height": 8,
        "min_height": 0,
        "render_height": 8,
        "render_min_height": 0,
        "division": "Southwest Division",
        "bureau": "South Bureau",
        "extrusionColor": "#1e293b"
      },
      "geometry": {
        "type": "Polygon",
        "coordinates": [
          [
            [
              -118.32359085547304,
              33.995250831851294
            ],
            [
              -118.3211368368041,
              33.995250831851294
            ],
            [
              -118.3211368368041,
              33.99658283223951
            ],
            [
              -118.32359085547304,
              33.99658283223951
            ],
            [
              -118.32359085547304,
              33.995250831851294
            ]
          ]
        ]
      }
    },
    {
      "type": "Feature",
      "properties": {
        "layerType": "BUILDING_3D",
        "id": "SOUTHWEST_BLD_41",
        "name": "Structure #41",
        "height": 16,
        "min_height": 0,
        "render_height": 16,
        "render_min_height": 0,
        "division": "Southwest Division",
        "bureau": "South Bureau",
        "extrusionColor": "#1e293b"
      },
      "geometry": {
        "type": "Polygon",
        "coordinates": [
          [
            [
              -118.31988098283317,
              33.995966053394845
            ],
            [
              -118.31768709984082,
              33.995966053394845
            ],
            [
              -118.31768709984082,
              33.99671785045499
            ],
            [
              -118.31988098283317,
              33.99671785045499
            ],
            [
              -118.31988098283317,
              33.995966053394845
            ]
          ]
        ]
      }
    },
    {
      "type": "Feature",
      "properties": {
        "layerType": "BUILDING_3D",
        "id": "SOUTHWEST_BLD_43",
        "name": "Structure #43",
        "height": 20,
        "min_height": 0,
        "render_height": 20,
        "render_min_height": 0,
        "division": "Southwest Division",
        "bureau": "South Bureau",
        "extrusionColor": "#1e293b"
      },
      "geometry": {
        "type": "Polygon",
        "coordinates": [
          [
            [
              -118.31117854816358,
              33.99516169860279
            ],
            [
              -118.30893476846043,
              33.99516169860279
            ],
            [
              -118.30893476846043,
              33.99634117669343
            ],
            [
              -118.31117854816358,
              33.99634117669343
            ],
            [
              -118.31117854816358,
              33.99516169860279
            ]
          ]
        ]
      }
    },
    {
      "type": "Feature",
      "properties": {
        "layerType": "BUILDING_3D",
        "id": "SOUTHWEST_BLD_44",
        "name": "Structure #44",
        "height": 14,
        "min_height": 0,
        "render_height": 14,
        "render_min_height": 0,
        "division": "Southwest Division",
        "bureau": "South Bureau",
        "extrusionColor": "#1e293b"
      },
      "geometry": {
        "type": "Polygon",
        "coordinates": [
          [
            [
              -118.3076748493601,
              33.99543967745468
            ],
            [
              -118.30573217956376,
              33.99543967745468
            ],
            [
              -118.30573217956376,
              33.99703999425696
            ],
            [
              -118.3076748493601,
              33.99703999425696
            ],
            [
              -118.3076748493601,
              33.99543967745468
            ]
          ]
        ]
      }
    },
    {
      "type": "Feature",
      "properties": {
        "layerType": "BUILDING_3D",
        "id": "SOUTHWEST_BLD_46",
        "name": "Structure #46",
        "height": 22,
        "min_height": 0,
        "render_height": 22,
        "render_min_height": 0,
        "division": "Southwest Division",
        "bureau": "South Bureau",
        "extrusionColor": "#1e293b"
      },
      "geometry": {
        "type": "Polygon",
        "coordinates": [
          [
            [
              -118.29891058637784,
              33.99590735976992
            ],
            [
              -118.29689878900686,
              33.99590735976992
            ],
            [
              -118.29689878900686,
              33.99695314711372
            ],
            [
              -118.29891058637784,
              33.99695314711372
            ],
            [
              -118.29891058637784,
              33.99590735976992
            ]
          ]
        ]
      }
    },
    {
      "type": "Feature",
      "properties": {
        "layerType": "BUILDING_3D",
        "id": "SOUTHWEST_BLD_47",
        "name": "Structure #47",
        "height": 17,
        "min_height": 0,
        "render_height": 17,
        "render_min_height": 0,
        "division": "Southwest Division",
        "bureau": "South Bureau",
        "extrusionColor": "#1e293b"
      },
      "geometry": {
        "type": "Polygon",
        "coordinates": [
          [
            [
              -118.29409376037896,
              33.99525200993762
            ],
            [
              -118.29237128710682,
              33.99525200993762
            ],
            [
              -118.29237128710682,
              33.997002307508474
            ],
            [
              -118.29409376037896,
              33.997002307508474
            ],
            [
              -118.29409376037896,
              33.99525200993762
            ]
          ]
        ]
      }
    },
    {
      "type": "Feature",
      "properties": {
        "layerType": "BUILDING_3D",
        "id": "SOUTHWEST_BLD_48",
        "name": "Structure #48",
        "height": 13,
        "min_height": 0,
        "render_height": 13,
        "render_min_height": 0,
        "division": "Southwest Division",
        "bureau": "South Bureau",
        "extrusionColor": "#1e293b"
      },
      "geometry": {
        "type": "Polygon",
        "coordinates": [
          [
            [
              -118.29105551304393,
              33.99529824240986
            ],
            [
              -118.28817266998605,
              33.99529824240986
            ],
            [
              -118.28817266998605,
              33.99667501734021
            ],
            [
              -118.29105551304393,
              33.99667501734021
            ],
            [
              -118.29105551304393,
              33.99529824240986
            ]
          ]
        ]
      }
    },
    {
      "type": "Feature",
      "properties": {
        "layerType": "BUILDING_3D",
        "id": "SOUTHWEST_BLD_49",
        "name": "Structure #49",
        "height": 17,
        "min_height": 0,
        "render_height": 17,
        "render_min_height": 0,
        "division": "Southwest Division",
        "bureau": "South Bureau",
        "extrusionColor": "#1e293b"
      },
      "geometry": {
        "type": "Polygon",
        "coordinates": [
          [
            [
              -118.28686171838376,
              33.99598446017986
            ],
            [
              -118.28459408908671,
              33.99598446017986
            ],
            [
              -118.28459408908671,
              33.99711601593351
            ],
            [
              -118.28686171838376,
              33.99711601593351
            ],
            [
              -118.28686171838376,
              33.99598446017986
            ]
          ]
        ]
      }
    },
    {
      "type": "Feature",
      "properties": {
        "layerType": "BUILDING_3D",
        "id": "SOUTHWEST_BLD_50",
        "name": "Structure #50",
        "height": 22,
        "min_height": 0,
        "render_height": 22,
        "render_min_height": 0,
        "division": "Southwest Division",
        "bureau": "South Bureau",
        "extrusionColor": "#1e293b"
      },
      "geometry": {
        "type": "Polygon",
        "coordinates": [
          [
            [
              -118.28161383029199,
              33.995556943746585
            ],
            [
              -118.27975009140364,
              33.995556943746585
            ],
            [
              -118.27975009140364,
              33.99694589614197
            ],
            [
              -118.28161383029199,
              33.99694589614197
            ],
            [
              -118.28161383029199,
              33.995556943746585
            ]
          ]
        ]
      }
    },
    {
      "type": "Feature",
      "properties": {
        "layerType": "BUILDING_3D",
        "id": "SOUTHWEST_BLD_51",
        "name": "Structure #51",
        "height": 14,
        "min_height": 0,
        "render_height": 14,
        "render_min_height": 0,
        "division": "Southwest Division",
        "bureau": "South Bureau",
        "extrusionColor": "#1e293b"
      },
      "geometry": {
        "type": "Polygon",
        "coordinates": [
          [
            [
              -118.2782003279468,
              33.99518215330673
            ],
            [
              -118.27591264164853,
              33.99518215330673
            ],
            [
              -118.27591264164853,
              33.99692833589911
            ],
            [
              -118.2782003279468,
              33.99692833589911
            ],
            [
              -118.2782003279468,
              33.99518215330673
            ]
          ]
        ]
      }
    },
    {
      "type": "Feature",
      "properties": {
        "layerType": "BUILDING_3D",
        "id": "SOUTHWEST_BLD_52",
        "name": "Structure #52",
        "height": 18,
        "min_height": 0,
        "render_height": 18,
        "render_min_height": 0,
        "division": "Southwest Division",
        "bureau": "South Bureau",
        "extrusionColor": "#1e293b"
      },
      "geometry": {
        "type": "Polygon",
        "coordinates": [
          [
            [
              -118.34469998278892,
              33.99814809921717
            ],
            [
              -118.34182391734264,
              33.99814809921717
            ],
            [
              -118.34182391734264,
              33.99937422461546
            ],
            [
              -118.34469998278892,
              33.99937422461546
            ],
            [
              -118.34469998278892,
              33.99814809921717
            ]
          ]
        ]
      }
    },
    {
      "type": "Feature",
      "properties": {
        "layerType": "BUILDING_3D",
        "id": "SOUTHWEST_BLD_53",
        "name": "Structure #53",
        "height": 22,
        "min_height": 0,
        "render_height": 22,
        "render_min_height": 0,
        "division": "Southwest Division",
        "bureau": "South Bureau",
        "extrusionColor": "#1e293b"
      },
      "geometry": {
        "type": "Polygon",
        "coordinates": [
          [
            [
              -118.33981489540703,
              33.998306679836276
            ],
            [
              -118.33779539475101,
              33.998306679836276
            ],
            [
              -118.33779539475101,
              33.99978721231153
            ],
            [
              -118.33981489540703,
              33.99978721231153
            ],
            [
              -118.33981489540703,
              33.998306679836276
            ]
          ]
        ]
      }
    },
    {
      "type": "Feature",
      "properties": {
        "layerType": "BUILDING_3D",
        "id": "SOUTHWEST_BLD_54",
        "name": "Structure #54",
        "height": 24,
        "min_height": 0,
        "render_height": 24,
        "render_min_height": 0,
        "division": "Southwest Division",
        "bureau": "South Bureau",
        "extrusionColor": "#1e293b"
      },
      "geometry": {
        "type": "Polygon",
        "coordinates": [
          [
            [
              -118.33543605674025,
              33.997764337310436
            ],
            [
              -118.33299753266336,
              33.997764337310436
            ],
            [
              -118.33299753266336,
              33.99949746332684
            ],
            [
              -118.33543605674025,
              33.99949746332684
            ],
            [
              -118.33543605674025,
              33.997764337310436
            ]
          ]
        ]
      }
    },
    {
      "type": "Feature",
      "properties": {
        "layerType": "BUILDING_3D",
        "id": "SOUTHWEST_BLD_55",
        "name": "Structure #55",
        "height": 14,
        "min_height": 0,
        "render_height": 14,
        "render_min_height": 0,
        "division": "Southwest Division",
        "bureau": "South Bureau",
        "extrusionColor": "#1e293b"
      },
      "geometry": {
        "type": "Polygon",
        "coordinates": [
          [
            [
              -118.332211679724,
              33.99787203339125
            ],
            [
              -118.32935711922639,
              33.99787203339125
            ],
            [
              -118.32935711922639,
              33.99979681856916
            ],
            [
              -118.332211679724,
              33.99979681856916
            ],
            [
              -118.332211679724,
              33.99787203339125
            ]
          ]
        ]
      }
    },
    {
      "type": "Feature",
      "properties": {
        "layerType": "BUILDING_3D",
        "id": "SOUTHWEST_BLD_56",
        "name": "Structure #56",
        "height": 8,
        "min_height": 0,
        "render_height": 8,
        "render_min_height": 0,
        "division": "Southwest Division",
        "bureau": "South Bureau",
        "extrusionColor": "#1e293b"
      },
      "geometry": {
        "type": "Polygon",
        "coordinates": [
          [
            [
              -118.327916650885,
              33.99843337830365
            ],
            [
              -118.32474641647433,
              33.99843337830365
            ],
            [
              -118.32474641647433,
              33.9996396233226
            ],
            [
              -118.327916650885,
              33.9996396233226
            ],
            [
              -118.327916650885,
              33.99843337830365
            ]
          ]
        ]
      }
    },
    {
      "type": "Feature",
      "properties": {
        "layerType": "BUILDING_3D",
        "id": "SOUTHWEST_BLD_57",
        "name": "Structure #57",
        "height": 16,
        "min_height": 0,
        "render_height": 16,
        "render_min_height": 0,
        "division": "Southwest Division",
        "bureau": "South Bureau",
        "extrusionColor": "#1e293b"
      },
      "geometry": {
        "type": "Polygon",
        "coordinates": [
          [
            [
              -118.32287443573517,
              33.99878380474817
            ],
            [
              -118.32088767923335,
              33.99878380474817
            ],
            [
              -118.32088767923335,
              33.99959585153648
            ],
            [
              -118.32287443573517,
              33.99959585153648
            ],
            [
              -118.32287443573517,
              33.99878380474817
            ]
          ]
        ]
      }
    },
    {
      "type": "Feature",
      "properties": {
        "layerType": "BUILDING_3D",
        "id": "SOUTHWEST_BLD_58",
        "name": "Structure #58",
        "height": 22,
        "min_height": 0,
        "render_height": 22,
        "render_min_height": 0,
        "division": "Southwest Division",
        "bureau": "South Bureau",
        "extrusionColor": "#1e293b"
      },
      "geometry": {
        "type": "Polygon",
        "coordinates": [
          [
            [
              -118.31817961570889,
              33.997941371142545
            ],
            [
              -118.31684212688108,
              33.997941371142545
            ],
            [
              -118.31684212688108,
              33.99928862088778
            ],
            [
              -118.31817961570889,
              33.99928862088778
            ],
            [
              -118.31817961570889,
              33.997941371142545
            ]
          ]
        ]
      }
    },
    {
      "type": "Feature",
      "properties": {
        "layerType": "BUILDING_3D",
        "id": "SOUTHWEST_BLD_59",
        "name": "Structure #59",
        "height": 32,
        "min_height": 0,
        "render_height": 32,
        "render_min_height": 0,
        "division": "Southwest Division",
        "bureau": "South Bureau",
        "extrusionColor": "#1e293b"
      },
      "geometry": {
        "type": "Polygon",
        "coordinates": [
          [
            [
              -118.31544950635345,
              33.99742030051789
            ],
            [
              -118.31323050677307,
              33.99742030051789
            ],
            [
              -118.31323050677307,
              33.99917897434341
            ],
            [
              -118.31544950635345,
              33.99917897434341
            ],
            [
              -118.31544950635345,
              33.99742030051789
            ]
          ]
        ]
      }
    },
    {
      "type": "Feature",
      "properties": {
        "layerType": "BUILDING_3D",
        "id": "SOUTHWEST_BLD_60",
        "name": "Structure #60",
        "height": 9,
        "min_height": 0,
        "render_height": 9,
        "render_min_height": 0,
        "division": "Southwest Division",
        "bureau": "South Bureau",
        "extrusionColor": "#1e293b"
      },
      "geometry": {
        "type": "Polygon",
        "coordinates": [
          [
            [
              -118.31219009326466,
              33.99787848234583
            ],
            [
              -118.30929345402262,
              33.99787848234583
            ],
            [
              -118.30929345402262,
              33.99957711724654
            ],
            [
              -118.31219009326466,
              33.99957711724654
            ],
            [
              -118.31219009326466,
              33.99787848234583
            ]
          ]
        ]
      }
    },
    {
      "type": "Feature",
      "properties": {
        "layerType": "BUILDING_3D",
        "id": "SOUTHWEST_BLD_62",
        "name": "Structure #62",
        "height": 18,
        "min_height": 0,
        "render_height": 18,
        "render_min_height": 0,
        "division": "Southwest Division",
        "bureau": "South Bureau",
        "extrusionColor": "#1e293b"
      },
      "geometry": {
        "type": "Polygon",
        "coordinates": [
          [
            [
              -118.30195436635825,
              33.99814758802915
            ],
            [
              -118.30056395203096,
              33.99814758802915
            ],
            [
              -118.30056395203096,
              33.999870227811975
            ],
            [
              -118.30195436635825,
              33.999870227811975
            ],
            [
              -118.30195436635825,
              33.99814758802915
            ]
          ]
        ]
      }
    },
    {
      "type": "Feature",
      "properties": {
        "layerType": "BUILDING_3D",
        "id": "SOUTHWEST_BLD_63",
        "name": "Structure #63",
        "height": 22,
        "min_height": 0,
        "render_height": 22,
        "render_min_height": 0,
        "division": "Southwest Division",
        "bureau": "South Bureau",
        "extrusionColor": "#1e293b"
      },
      "geometry": {
        "type": "Polygon",
        "coordinates": [
          [
            [
              -118.29863926677552,
              33.99760074156894
            ],
            [
              -118.29580197772145,
              33.99760074156894
            ],
            [
              -118.29580197772145,
              33.99904994663472
            ],
            [
              -118.29863926677552,
              33.99904994663472
            ],
            [
              -118.29863926677552,
              33.99760074156894
            ]
          ]
        ]
      }
    },
    {
      "type": "Feature",
      "properties": {
        "layerType": "BUILDING_3D",
        "id": "SOUTHWEST_BLD_64",
        "name": "Structure #64",
        "height": 14,
        "min_height": 0,
        "render_height": 14,
        "render_min_height": 0,
        "division": "Southwest Division",
        "bureau": "South Bureau",
        "extrusionColor": "#1e293b"
      },
      "geometry": {
        "type": "Polygon",
        "coordinates": [
          [
            [
              -118.29542230800412,
              33.998158204138946
            ],
            [
              -118.2930353820134,
              33.998158204138946
            ],
            [
              -118.2930353820134,
              33.99989801951358
            ],
            [
              -118.29542230800412,
              33.99989801951358
            ],
            [
              -118.29542230800412,
              33.998158204138946
            ]
          ]
        ]
      }
    },
    {
      "type": "Feature",
      "properties": {
        "layerType": "BUILDING_3D",
        "id": "SOUTHWEST_BLD_66",
        "name": "Structure #66",
        "height": 24,
        "min_height": 0,
        "render_height": 24,
        "render_min_height": 0,
        "division": "Southwest Division",
        "bureau": "South Bureau",
        "extrusionColor": "#1e293b"
      },
      "geometry": {
        "type": "Polygon",
        "coordinates": [
          [
            [
              -118.28617908336409,
              33.99850209440359
            ],
            [
              -118.28421359975667,
              33.99850209440359
            ],
            [
              -118.28421359975667,
              33.99958161019582
            ],
            [
              -118.28617908336409,
              33.99958161019582
            ],
            [
              -118.28617908336409,
              33.99850209440359
            ]
          ]
        ]
      }
    },
    {
      "type": "Feature",
      "properties": {
        "layerType": "BUILDING_3D",
        "id": "SOUTHWEST_BLD_67",
        "name": "Structure #67",
        "height": 17,
        "min_height": 0,
        "render_height": 17,
        "render_min_height": 0,
        "division": "Southwest Division",
        "bureau": "South Bureau",
        "extrusionColor": "#1e293b"
      },
      "geometry": {
        "type": "Polygon",
        "coordinates": [
          [
            [
              -118.28158478568821,
              33.99766923757922
            ],
            [
              -118.27980675967748,
              33.99766923757922
            ],
            [
              -118.27980675967748,
              33.9995400893537
            ],
            [
              -118.28158478568821,
              33.9995400893537
            ],
            [
              -118.28158478568821,
              33.99766923757922
            ]
          ]
        ]
      }
    },
    {
      "type": "Feature",
      "properties": {
        "layerType": "BUILDING_3D",
        "id": "SOUTHWEST_BLD_68",
        "name": "Structure #68",
        "height": 17,
        "min_height": 0,
        "render_height": 17,
        "render_min_height": 0,
        "division": "Southwest Division",
        "bureau": "South Bureau",
        "extrusionColor": "#1e293b"
      },
      "geometry": {
        "type": "Polygon",
        "coordinates": [
          [
            [
              -118.2788389028107,
              33.99781615891085
            ],
            [
              -118.27575749988803,
              33.99781615891085
            ],
            [
              -118.27575749988803,
              33.99921106635672
            ],
            [
              -118.2788389028107,
              33.99921106635672
            ],
            [
              -118.2788389028107,
              33.99781615891085
            ]
          ]
        ]
      }
    },
    {
      "type": "Feature",
      "properties": {
        "layerType": "BUILDING_3D",
        "id": "SOUTHWEST_BLD_69",
        "name": "Structure #69",
        "height": 8,
        "min_height": 0,
        "render_height": 8,
        "render_min_height": 0,
        "division": "Southwest Division",
        "bureau": "South Bureau",
        "extrusionColor": "#1e293b"
      },
      "geometry": {
        "type": "Polygon",
        "coordinates": [
          [
            [
              -118.34447926767623,
              34.00095297861403
            ],
            [
              -118.34218177305951,
              34.00095297861403
            ],
            [
              -118.34218177305951,
              34.00234038422514
            ],
            [
              -118.34447926767623,
              34.00234038422514
            ],
            [
              -118.34447926767623,
              34.00095297861403
            ]
          ]
        ]
      }
    },
    {
      "type": "Feature",
      "properties": {
        "layerType": "BUILDING_3D",
        "id": "SOUTHWEST_BLD_70",
        "name": "Structure #70",
        "height": 11,
        "min_height": 0,
        "render_height": 11,
        "render_min_height": 0,
        "division": "Southwest Division",
        "bureau": "South Bureau",
        "extrusionColor": "#1e293b"
      },
      "geometry": {
        "type": "Polygon",
        "coordinates": [
          [
            [
              -118.3393127411063,
              34.000881114717444
            ],
            [
              -118.33702760245272,
              34.000881114717444
            ],
            [
              -118.33702760245272,
              34.001650737195945
            ],
            [
              -118.3393127411063,
              34.001650737195945
            ],
            [
              -118.3393127411063,
              34.000881114717444
            ]
          ]
        ]
      }
    },
    {
      "type": "Feature",
      "properties": {
        "layerType": "BUILDING_3D",
        "id": "SOUTHWEST_BLD_71",
        "name": "Southwest Division High-Rise Tower #71",
        "height": 55,
        "min_height": 0,
        "render_height": 55,
        "render_min_height": 0,
        "division": "Southwest Division",
        "bureau": "South Bureau",
        "extrusionColor": "#0ea5e9"
      },
      "geometry": {
        "type": "Polygon",
        "coordinates": [
          [
            [
              -118.33531345811244,
              34.00076759900396
            ],
            [
              -118.33404584461846,
              34.00076759900396
            ],
            [
              -118.33404584461846,
              34.00175224997381
            ],
            [
              -118.33531345811244,
              34.00175224997381
            ],
            [
              -118.33531345811244,
              34.00076759900396
            ]
          ]
        ]
      }
    },
    {
      "type": "Feature",
      "properties": {
        "layerType": "BUILDING_3D",
        "id": "SOUTHWEST_BLD_72",
        "name": "Structure #72",
        "height": 21,
        "min_height": 0,
        "render_height": 21,
        "render_min_height": 0,
        "division": "Southwest Division",
        "bureau": "South Bureau",
        "extrusionColor": "#1e293b"
      },
      "geometry": {
        "type": "Polygon",
        "coordinates": [
          [
            [
              -118.33138277811113,
              34.00013368861681
            ],
            [
              -118.32976100004313,
              34.00013368861681
            ],
            [
              -118.32976100004313,
              34.00139770734879
            ],
            [
              -118.33138277811113,
              34.00139770734879
            ],
            [
              -118.33138277811113,
              34.00013368861681
            ]
          ]
        ]
      }
    },
    {
      "type": "Feature",
      "properties": {
        "layerType": "BUILDING_3D",
        "id": "SOUTHWEST_BLD_73",
        "name": "Structure #73",
        "height": 10,
        "min_height": 0,
        "render_height": 10,
        "render_min_height": 0,
        "division": "Southwest Division",
        "bureau": "South Bureau",
        "extrusionColor": "#1e293b"
      },
      "geometry": {
        "type": "Polygon",
        "coordinates": [
          [
            [
              -118.32830921874879,
              34.00010994412151
            ],
            [
              -118.32622730554317,
              34.00010994412151
            ],
            [
              -118.32622730554317,
              34.00176549743025
            ],
            [
              -118.32830921874879,
              34.00176549743025
            ],
            [
              -118.32830921874879,
              34.00010994412151
            ]
          ]
        ]
      }
    },
    {
      "type": "Feature",
      "properties": {
        "layerType": "BUILDING_3D",
        "id": "SOUTHWEST_BLD_76",
        "name": "Structure #76",
        "height": 13,
        "min_height": 0,
        "render_height": 13,
        "render_min_height": 0,
        "division": "Southwest Division",
        "bureau": "South Bureau",
        "extrusionColor": "#1e293b"
      },
      "geometry": {
        "type": "Polygon",
        "coordinates": [
          [
            [
              -118.3149200277861,
              34.00011368435966
            ],
            [
              -118.31257592584733,
              34.00011368435966
            ],
            [
              -118.31257592584733,
              34.0016446340386
            ],
            [
              -118.3149200277861,
              34.0016446340386
            ],
            [
              -118.3149200277861,
              34.00011368435966
            ]
          ]
        ]
      }
    },
    {
      "type": "Feature",
      "properties": {
        "layerType": "BUILDING_3D",
        "id": "SOUTHWEST_BLD_77",
        "name": "Structure #77",
        "height": 15,
        "min_height": 0,
        "render_height": 15,
        "render_min_height": 0,
        "division": "Southwest Division",
        "bureau": "South Bureau",
        "extrusionColor": "#1e293b"
      },
      "geometry": {
        "type": "Polygon",
        "coordinates": [
          [
            [
              -118.31187157870174,
              34.00071442824485
            ],
            [
              -118.30935001452467,
              34.00071442824485
            ],
            [
              -118.30935001452467,
              34.00186269935283
            ],
            [
              -118.31187157870174,
              34.00186269935283
            ],
            [
              -118.31187157870174,
              34.00071442824485
            ]
          ]
        ]
      }
    },
    {
      "type": "Feature",
      "properties": {
        "layerType": "BUILDING_3D",
        "id": "SOUTHWEST_BLD_79",
        "name": "Structure #79",
        "height": 21,
        "min_height": 0,
        "render_height": 21,
        "render_min_height": 0,
        "division": "Southwest Division",
        "bureau": "South Bureau",
        "extrusionColor": "#1e293b"
      },
      "geometry": {
        "type": "Polygon",
        "coordinates": [
          [
            [
              -118.30259873415831,
              34.00015979572366
            ],
            [
              -118.30051970433486,
              34.00015979572366
            ],
            [
              -118.30051970433486,
              34.00197743804911
            ],
            [
              -118.30259873415831,
              34.00197743804911
            ],
            [
              -118.30259873415831,
              34.00015979572366
            ]
          ]
        ]
      }
    },
    {
      "type": "Feature",
      "properties": {
        "layerType": "BUILDING_3D",
        "id": "SOUTHWEST_BLD_80",
        "name": "Structure #80",
        "height": 14,
        "min_height": 0,
        "render_height": 14,
        "render_min_height": 0,
        "division": "Southwest Division",
        "bureau": "South Bureau",
        "extrusionColor": "#1e293b"
      },
      "geometry": {
        "type": "Polygon",
        "coordinates": [
          [
            [
              -118.29944268939633,
              34.000322875229855
            ],
            [
              -118.29644892556618,
              34.000322875229855
            ],
            [
              -118.29644892556618,
              34.001996753741494
            ],
            [
              -118.29944268939633,
              34.001996753741494
            ],
            [
              -118.29944268939633,
              34.000322875229855
            ]
          ]
        ]
      }
    },
    {
      "type": "Feature",
      "properties": {
        "layerType": "BUILDING_3D",
        "id": "SOUTHWEST_BLD_81",
        "name": "Structure #81",
        "height": 17,
        "min_height": 0,
        "render_height": 17,
        "render_min_height": 0,
        "division": "Southwest Division",
        "bureau": "South Bureau",
        "extrusionColor": "#1e293b"
      },
      "geometry": {
        "type": "Polygon",
        "coordinates": [
          [
            [
              -118.2950564407979,
              34.00099468410914
            ],
            [
              -118.29229946442577,
              34.00099468410914
            ],
            [
              -118.29229946442577,
              34.00221354361158
            ],
            [
              -118.2950564407979,
              34.00221354361158
            ],
            [
              -118.2950564407979,
              34.00099468410914
            ]
          ]
        ]
      }
    },
    {
      "type": "Feature",
      "properties": {
        "layerType": "BUILDING_3D",
        "id": "SOUTHWEST_BLD_82",
        "name": "Structure #82",
        "height": 24,
        "min_height": 0,
        "render_height": 24,
        "render_min_height": 0,
        "division": "Southwest Division",
        "bureau": "South Bureau",
        "extrusionColor": "#1e293b"
      },
      "geometry": {
        "type": "Polygon",
        "coordinates": [
          [
            [
              -118.2898322849967,
              34.00077610737222
            ],
            [
              -118.28782475169858,
              34.00077610737222
            ],
            [
              -118.28782475169858,
              34.002202098246414
            ],
            [
              -118.2898322849967,
              34.002202098246414
            ],
            [
              -118.2898322849967,
              34.00077610737222
            ]
          ]
        ]
      }
    },
    {
      "type": "Feature",
      "properties": {
        "layerType": "BUILDING_3D",
        "id": "SOUTHWEST_BLD_83",
        "name": "Southwest Division High-Rise Tower #83",
        "height": 53,
        "min_height": 0,
        "render_height": 53,
        "render_min_height": 0,
        "division": "Southwest Division",
        "bureau": "South Bureau",
        "extrusionColor": "#0ea5e9"
      },
      "geometry": {
        "type": "Polygon",
        "coordinates": [
          [
            [
              -118.28607464668106,
              34.00016382351226
            ],
            [
              -118.28372595582944,
              34.00016382351226
            ],
            [
              -118.28372595582944,
              34.00208635169165
            ],
            [
              -118.28607464668106,
              34.00208635169165
            ],
            [
              -118.28607464668106,
              34.00016382351226
            ]
          ]
        ]
      }
    },
    {
      "type": "Feature",
      "properties": {
        "layerType": "BUILDING_3D",
        "id": "SOUTHWEST_BLD_84",
        "name": "Structure #84",
        "height": 19,
        "min_height": 0,
        "render_height": 19,
        "render_min_height": 0,
        "division": "Southwest Division",
        "bureau": "South Bureau",
        "extrusionColor": "#1e293b"
      },
      "geometry": {
        "type": "Polygon",
        "coordinates": [
          [
            [
              -118.28296546715629,
              34.000661006410745
            ],
            [
              -118.27979895015494,
              34.000661006410745
            ],
            [
              -118.27979895015494,
              34.00192057898797
            ],
            [
              -118.28296546715629,
              34.00192057898797
            ],
            [
              -118.28296546715629,
              34.000661006410745
            ]
          ]
        ]
      }
    },
    {
      "type": "Feature",
      "properties": {
        "layerType": "BUILDING_3D",
        "id": "SOUTHWEST_BLD_85",
        "name": "Structure #85",
        "height": 14,
        "min_height": 0,
        "render_height": 14,
        "render_min_height": 0,
        "division": "Southwest Division",
        "bureau": "South Bureau",
        "extrusionColor": "#1e293b"
      },
      "geometry": {
        "type": "Polygon",
        "coordinates": [
          [
            [
              -118.27802893061761,
              34.00089847764896
            ],
            [
              -118.27595434049042,
              34.00089847764896
            ],
            [
              -118.27595434049042,
              34.00247756743806
            ],
            [
              -118.27802893061761,
              34.00247756743806
            ],
            [
              -118.27802893061761,
              34.00089847764896
            ]
          ]
        ]
      }
    },
    {
      "type": "Feature",
      "properties": {
        "layerType": "BUILDING_3D",
        "id": "SOUTHWEST_BLD_86",
        "name": "Structure #86",
        "height": 19,
        "min_height": 0,
        "render_height": 19,
        "render_min_height": 0,
        "division": "Southwest Division",
        "bureau": "South Bureau",
        "extrusionColor": "#1e293b"
      },
      "geometry": {
        "type": "Polygon",
        "coordinates": [
          [
            [
              -118.34352015446053,
              34.003067930694975
            ],
            [
              -118.34091930069023,
              34.003067930694975
            ],
            [
              -118.34091930069023,
              34.00424738542858
            ],
            [
              -118.34352015446053,
              34.00424738542858
            ],
            [
              -118.34352015446053,
              34.003067930694975
            ]
          ]
        ]
      }
    },
    {
      "type": "Feature",
      "properties": {
        "layerType": "BUILDING_3D",
        "id": "SOUTHWEST_BLD_87",
        "name": "Structure #87",
        "height": 41,
        "min_height": 0,
        "render_height": 41,
        "render_min_height": 0,
        "division": "Southwest Division",
        "bureau": "South Bureau",
        "extrusionColor": "#0ea5e9"
      },
      "geometry": {
        "type": "Polygon",
        "coordinates": [
          [
            [
              -118.33994693767886,
              34.003154285720335
            ],
            [
              -118.33800430635293,
              34.003154285720335
            ],
            [
              -118.33800430635293,
              34.00467225794224
            ],
            [
              -118.33994693767886,
              34.00467225794224
            ],
            [
              -118.33994693767886,
              34.003154285720335
            ]
          ]
        ]
      }
    },
    {
      "type": "Feature",
      "properties": {
        "layerType": "BUILDING_3D",
        "id": "SOUTHWEST_BLD_88",
        "name": "Structure #88",
        "height": 13,
        "min_height": 0,
        "render_height": 13,
        "render_min_height": 0,
        "division": "Southwest Division",
        "bureau": "South Bureau",
        "extrusionColor": "#1e293b"
      },
      "geometry": {
        "type": "Polygon",
        "coordinates": [
          [
            [
              -118.33568705881356,
              34.00320863500939
            ],
            [
              -118.3331868692716,
              34.00320863500939
            ],
            [
              -118.3331868692716,
              34.00397849256438
            ],
            [
              -118.33568705881356,
              34.00397849256438
            ],
            [
              -118.33568705881356,
              34.00320863500939
            ]
          ]
        ]
      }
    },
    {
      "type": "Feature",
      "properties": {
        "layerType": "BUILDING_3D",
        "id": "SOUTHWEST_BLD_89",
        "name": "Structure #89",
        "height": 25,
        "min_height": 0,
        "render_height": 25,
        "render_min_height": 0,
        "division": "Southwest Division",
        "bureau": "South Bureau",
        "extrusionColor": "#1e293b"
      },
      "geometry": {
        "type": "Polygon",
        "coordinates": [
          [
            [
              -118.33147989527865,
              34.00328753051144
            ],
            [
              -118.33021189459984,
              34.00328753051144
            ],
            [
              -118.33021189459984,
              34.00444122504359
            ],
            [
              -118.33147989527865,
              34.00444122504359
            ],
            [
              -118.33147989527865,
              34.00328753051144
            ]
          ]
        ]
      }
    },
    {
      "type": "Feature",
      "properties": {
        "layerType": "BUILDING_3D",
        "id": "SOUTHWEST_BLD_90",
        "name": "Structure #90",
        "height": 24,
        "min_height": 0,
        "render_height": 24,
        "render_min_height": 0,
        "division": "Southwest Division",
        "bureau": "South Bureau",
        "extrusionColor": "#1e293b"
      },
      "geometry": {
        "type": "Polygon",
        "coordinates": [
          [
            [
              -118.32723230268704,
              34.00229038443679
            ],
            [
              -118.3253320999282,
              34.00229038443679
            ],
            [
              -118.3253320999282,
              34.00424138765119
            ],
            [
              -118.32723230268704,
              34.00424138765119
            ],
            [
              -118.32723230268704,
              34.00229038443679
            ]
          ]
        ]
      }
    },
    {
      "type": "Feature",
      "properties": {
        "layerType": "BUILDING_3D",
        "id": "SOUTHWEST_BLD_91",
        "name": "Structure #91",
        "height": 8,
        "min_height": 0,
        "render_height": 8,
        "render_min_height": 0,
        "division": "Southwest Division",
        "bureau": "South Bureau",
        "extrusionColor": "#1e293b"
      },
      "geometry": {
        "type": "Polygon",
        "coordinates": [
          [
            [
              -118.32475701386882,
              34.00261407967924
            ],
            [
              -118.3215435968098,
              34.00261407967924
            ],
            [
              -118.3215435968098,
              34.0045318315722
            ],
            [
              -118.32475701386882,
              34.0045318315722
            ],
            [
              -118.32475701386882,
              34.00261407967924
            ]
          ]
        ]
      }
    },
    {
      "type": "Feature",
      "properties": {
        "layerType": "BUILDING_3D",
        "id": "SOUTHWEST_BLD_93",
        "name": "Structure #93",
        "height": 25,
        "min_height": 0,
        "render_height": 25,
        "render_min_height": 0,
        "division": "Southwest Division",
        "bureau": "South Bureau",
        "extrusionColor": "#1e293b"
      },
      "geometry": {
        "type": "Polygon",
        "coordinates": [
          [
            [
              -118.31403087104431,
              34.003685422095295
            ],
            [
              -118.31268648519068,
              34.003685422095295
            ],
            [
              -118.31268648519068,
              34.004682980933445
            ],
            [
              -118.31403087104431,
              34.004682980933445
            ],
            [
              -118.31403087104431,
              34.003685422095295
            ]
          ]
        ]
      }
    },
    {
      "type": "Feature",
      "properties": {
        "layerType": "BUILDING_3D",
        "id": "SOUTHWEST_BLD_94",
        "name": "Structure #94",
        "height": 43,
        "min_height": 0,
        "render_height": 43,
        "render_min_height": 0,
        "division": "Southwest Division",
        "bureau": "South Bureau",
        "extrusionColor": "#0ea5e9"
      },
      "geometry": {
        "type": "Polygon",
        "coordinates": [
          [
            [
              -118.31010636360776,
              34.002334510319656
            ],
            [
              -118.30846332552139,
              34.002334510319656
            ],
            [
              -118.30846332552139,
              34.004271464509586
            ],
            [
              -118.31010636360776,
              34.004271464509586
            ],
            [
              -118.31010636360776,
              34.002334510319656
            ]
          ]
        ]
      }
    },
    {
      "type": "Feature",
      "properties": {
        "layerType": "BUILDING_3D",
        "id": "SOUTHWEST_BLD_95",
        "name": "Structure #95",
        "height": 30,
        "min_height": 0,
        "render_height": 30,
        "render_min_height": 0,
        "division": "Southwest Division",
        "bureau": "South Bureau",
        "extrusionColor": "#1e293b"
      },
      "geometry": {
        "type": "Polygon",
        "coordinates": [
          [
            [
              -118.3082137477088,
              34.00301004103757
            ],
            [
              -118.30502347021951,
              34.00301004103757
            ],
            [
              -118.30502347021951,
              34.00388605310346
            ],
            [
              -118.3082137477088,
              34.00388605310346
            ],
            [
              -118.3082137477088,
              34.00301004103757
            ]
          ]
        ]
      }
    },
    {
      "type": "Feature",
      "properties": {
        "layerType": "BUILDING_3D",
        "id": "SOUTHWEST_BLD_98",
        "name": "Structure #98",
        "height": 37,
        "min_height": 0,
        "render_height": 37,
        "render_min_height": 0,
        "division": "Southwest Division",
        "bureau": "South Bureau",
        "extrusionColor": "#1e293b"
      },
      "geometry": {
        "type": "Polygon",
        "coordinates": [
          [
            [
              -118.2948081514826,
              34.00282671747342
            ],
            [
              -118.29356565201435,
              34.00282671747342
            ],
            [
              -118.29356565201435,
              34.00441648916148
            ],
            [
              -118.2948081514826,
              34.00441648916148
            ],
            [
              -118.2948081514826,
              34.00282671747342
            ]
          ]
        ]
      }
    },
    {
      "type": "Feature",
      "properties": {
        "layerType": "BUILDING_3D",
        "id": "SOUTHWEST_BLD_100",
        "name": "Structure #100",
        "height": 16,
        "min_height": 0,
        "render_height": 16,
        "render_min_height": 0,
        "division": "Southwest Division",
        "bureau": "South Bureau",
        "extrusionColor": "#1e293b"
      },
      "geometry": {
        "type": "Polygon",
        "coordinates": [
          [
            [
              -118.28726768303699,
              34.00341217723697
            ],
            [
              -118.2849560825197,
              34.00341217723697
            ],
            [
              -118.2849560825197,
              34.00443145746394
            ],
            [
              -118.28726768303699,
              34.00443145746394
            ],
            [
              -118.28726768303699,
              34.00341217723697
            ]
          ]
        ]
      }
    },
    {
      "type": "Feature",
      "properties": {
        "layerType": "BUILDING_3D",
        "id": "SOUTHWEST_BLD_102",
        "name": "Structure #102",
        "height": 25,
        "min_height": 0,
        "render_height": 25,
        "render_min_height": 0,
        "division": "Southwest Division",
        "bureau": "South Bureau",
        "extrusionColor": "#1e293b"
      },
      "geometry": {
        "type": "Polygon",
        "coordinates": [
          [
            [
              -118.27814746978109,
              34.00256824154603
            ],
            [
              -118.27589514586185,
              34.00256824154603
            ],
            [
              -118.27589514586185,
              34.004362606817125
            ],
            [
              -118.27814746978109,
              34.004362606817125
            ],
            [
              -118.27814746978109,
              34.00256824154603
            ]
          ]
        ]
      }
    },
    {
      "type": "Feature",
      "properties": {
        "layerType": "BUILDING_3D",
        "id": "SOUTHWEST_BLD_103",
        "name": "Structure #103",
        "height": 24,
        "min_height": 0,
        "render_height": 24,
        "render_min_height": 0,
        "division": "Southwest Division",
        "bureau": "South Bureau",
        "extrusionColor": "#1e293b"
      },
      "geometry": {
        "type": "Polygon",
        "coordinates": [
          [
            [
              -118.34488760215949,
              34.00526540711619
            ],
            [
              -118.34193217700708,
              34.00526540711619
            ],
            [
              -118.34193217700708,
              34.007222564691084
            ],
            [
              -118.34488760215949,
              34.007222564691084
            ],
            [
              -118.34488760215949,
              34.00526540711619
            ]
          ]
        ]
      }
    },
    {
      "type": "Feature",
      "properties": {
        "layerType": "BUILDING_3D",
        "id": "SOUTHWEST_BLD_104",
        "name": "Structure #104",
        "height": 14,
        "min_height": 0,
        "render_height": 14,
        "render_min_height": 0,
        "division": "Southwest Division",
        "bureau": "South Bureau",
        "extrusionColor": "#1e293b"
      },
      "geometry": {
        "type": "Polygon",
        "coordinates": [
          [
            [
              -118.34044521180863,
              34.005627371770245
            ],
            [
              -118.33722165815587,
              34.005627371770245
            ],
            [
              -118.33722165815587,
              34.00754361266351
            ],
            [
              -118.34044521180863,
              34.00754361266351
            ],
            [
              -118.34044521180863,
              34.005627371770245
            ]
          ]
        ]
      }
    },
    {
      "type": "Feature",
      "properties": {
        "layerType": "BUILDING_3D",
        "id": "SOUTHWEST_BLD_105",
        "name": "Structure #105",
        "height": 25,
        "min_height": 0,
        "render_height": 25,
        "render_min_height": 0,
        "division": "Southwest Division",
        "bureau": "South Bureau",
        "extrusionColor": "#1e293b"
      },
      "geometry": {
        "type": "Polygon",
        "coordinates": [
          [
            [
              -118.33573138767254,
              34.006114724146016
            ],
            [
              -118.33257522620129,
              34.006114724146016
            ],
            [
              -118.33257522620129,
              34.007316727973816
            ],
            [
              -118.33573138767254,
              34.007316727973816
            ],
            [
              -118.33573138767254,
              34.006114724146016
            ]
          ]
        ]
      }
    },
    {
      "type": "Feature",
      "properties": {
        "layerType": "BUILDING_3D",
        "id": "SOUTHWEST_BLD_106",
        "name": "Structure #106",
        "height": 13,
        "min_height": 0,
        "render_height": 13,
        "render_min_height": 0,
        "division": "Southwest Division",
        "bureau": "South Bureau",
        "extrusionColor": "#1e293b"
      },
      "geometry": {
        "type": "Polygon",
        "coordinates": [
          [
            [
              -118.33081104258304,
              34.0057009259107
            ],
            [
              -118.32883127157254,
              34.0057009259107
            ],
            [
              -118.32883127157254,
              34.00766505951853
            ],
            [
              -118.33081104258304,
              34.00766505951853
            ],
            [
              -118.33081104258304,
              34.0057009259107
            ]
          ]
        ]
      }
    },
    {
      "type": "Feature",
      "properties": {
        "layerType": "BUILDING_3D",
        "id": "SOUTHWEST_BLD_107",
        "name": "Southwest Division High-Rise Tower #107",
        "height": 56,
        "min_height": 0,
        "render_height": 56,
        "render_min_height": 0,
        "division": "Southwest Division",
        "bureau": "South Bureau",
        "extrusionColor": "#0ea5e9"
      },
      "geometry": {
        "type": "Polygon",
        "coordinates": [
          [
            [
              -118.32737494555886,
              34.00552988400583
            ],
            [
              -118.32413990196949,
              34.00552988400583
            ],
            [
              -118.32413990196949,
              34.00669332211864
            ],
            [
              -118.32737494555886,
              34.00669332211864
            ],
            [
              -118.32737494555886,
              34.00552988400583
            ]
          ]
        ]
      }
    },
    {
      "type": "Feature",
      "properties": {
        "layerType": "BUILDING_3D",
        "id": "SOUTHWEST_BLD_108",
        "name": "Structure #108",
        "height": 46,
        "min_height": 0,
        "render_height": 46,
        "render_min_height": 0,
        "division": "Southwest Division",
        "bureau": "South Bureau",
        "extrusionColor": "#0ea5e9"
      },
      "geometry": {
        "type": "Polygon",
        "coordinates": [
          [
            [
              -118.32353901457863,
              34.006277680302084
            ],
            [
              -118.3216227635693,
              34.006277680302084
            ],
            [
              -118.3216227635693,
              34.00716493347044
            ],
            [
              -118.32353901457863,
              34.00716493347044
            ],
            [
              -118.32353901457863,
              34.006277680302084
            ]
          ]
        ]
      }
    },
    {
      "type": "Feature",
      "properties": {
        "layerType": "BUILDING_3D",
        "id": "SOUTHWEST_BLD_109",
        "name": "Structure #109",
        "height": 16,
        "min_height": 0,
        "render_height": 16,
        "render_min_height": 0,
        "division": "Southwest Division",
        "bureau": "South Bureau",
        "extrusionColor": "#1e293b"
      },
      "geometry": {
        "type": "Polygon",
        "coordinates": [
          [
            [
              -118.31818970303186,
              34.005233526023446
            ],
            [
              -118.31672834487222,
              34.005233526023446
            ],
            [
              -118.31672834487222,
              34.00692797495705
            ],
            [
              -118.31818970303186,
              34.00692797495705
            ],
            [
              -118.31818970303186,
              34.005233526023446
            ]
          ]
        ]
      }
    },
    {
      "type": "Feature",
      "properties": {
        "layerType": "BUILDING_3D",
        "id": "SOUTHWEST_BLD_110",
        "name": "Structure #110",
        "height": 41,
        "min_height": 0,
        "render_height": 41,
        "render_min_height": 0,
        "division": "Southwest Division",
        "bureau": "South Bureau",
        "extrusionColor": "#0ea5e9"
      },
      "geometry": {
        "type": "Polygon",
        "coordinates": [
          [
            [
              -118.3157918394908,
              34.005183468633376
            ],
            [
              -118.31300098242369,
              34.005183468633376
            ],
            [
              -118.31300098242369,
              34.006536136436
            ],
            [
              -118.3157918394908,
              34.006536136436
            ],
            [
              -118.3157918394908,
              34.005183468633376
            ]
          ]
        ]
      }
    },
    {
      "type": "Feature",
      "properties": {
        "layerType": "BUILDING_3D",
        "id": "SOUTHWEST_BLD_111",
        "name": "Structure #111",
        "height": 13,
        "min_height": 0,
        "render_height": 13,
        "render_min_height": 0,
        "division": "Southwest Division",
        "bureau": "South Bureau",
        "extrusionColor": "#1e293b"
      },
      "geometry": {
        "type": "Polygon",
        "coordinates": [
          [
            [
              -118.31175663989798,
              34.005531421810225
            ],
            [
              -118.30952871645836,
              34.005531421810225
            ],
            [
              -118.30952871645836,
              34.00747969648355
            ],
            [
              -118.31175663989798,
              34.00747969648355
            ],
            [
              -118.31175663989798,
              34.005531421810225
            ]
          ]
        ]
      }
    },
    {
      "type": "Feature",
      "properties": {
        "layerType": "BUILDING_3D",
        "id": "SOUTHWEST_BLD_113",
        "name": "Structure #113",
        "height": 13,
        "min_height": 0,
        "render_height": 13,
        "render_min_height": 0,
        "division": "Southwest Division",
        "bureau": "South Bureau",
        "extrusionColor": "#1e293b"
      },
      "geometry": {
        "type": "Polygon",
        "coordinates": [
          [
            [
              -118.30274794604894,
              34.00579265824082
            ],
            [
              -118.30084031762415,
              34.00579265824082
            ],
            [
              -118.30084031762415,
              34.0076245812365
            ],
            [
              -118.30274794604894,
              34.0076245812365
            ],
            [
              -118.30274794604894,
              34.00579265824082
            ]
          ]
        ]
      }
    },
    {
      "type": "Feature",
      "properties": {
        "layerType": "BUILDING_3D",
        "id": "SOUTHWEST_BLD_114",
        "name": "Structure #114",
        "height": 17,
        "min_height": 0,
        "render_height": 17,
        "render_min_height": 0,
        "division": "Southwest Division",
        "bureau": "South Bureau",
        "extrusionColor": "#1e293b"
      },
      "geometry": {
        "type": "Polygon",
        "coordinates": [
          [
            [
              -118.29840032760336,
              34.00551584254637
            ],
            [
              -118.2953830426693,
              34.00551584254637
            ],
            [
              -118.2953830426693,
              34.00663728220914
            ],
            [
              -118.29840032760336,
              34.00663728220914
            ],
            [
              -118.29840032760336,
              34.00551584254637
            ]
          ]
        ]
      }
    },
    {
      "type": "Feature",
      "properties": {
        "layerType": "BUILDING_3D",
        "id": "SOUTHWEST_BLD_115",
        "name": "Southwest Division High-Rise Tower #115",
        "height": 55,
        "min_height": 0,
        "render_height": 55,
        "render_min_height": 0,
        "division": "Southwest Division",
        "bureau": "South Bureau",
        "extrusionColor": "#0ea5e9"
      },
      "geometry": {
        "type": "Polygon",
        "coordinates": [
          [
            [
              -118.29473861227656,
              34.00590035196588
            ],
            [
              -118.29289153518495,
              34.00590035196588
            ],
            [
              -118.29289153518495,
              34.0073307248272
            ],
            [
              -118.29473861227656,
              34.0073307248272
            ],
            [
              -118.29473861227656,
              34.00590035196588
            ]
          ]
        ]
      }
    },
    {
      "type": "Feature",
      "properties": {
        "layerType": "BUILDING_3D",
        "id": "SOUTHWEST_BLD_116",
        "name": "Structure #116",
        "height": 21,
        "min_height": 0,
        "render_height": 21,
        "render_min_height": 0,
        "division": "Southwest Division",
        "bureau": "South Bureau",
        "extrusionColor": "#1e293b"
      },
      "geometry": {
        "type": "Polygon",
        "coordinates": [
          [
            [
              -118.28998765558562,
              34.005416355799284
            ],
            [
              -118.28763174734344,
              34.005416355799284
            ],
            [
              -118.28763174734344,
              34.006677947661146
            ],
            [
              -118.28998765558562,
              34.006677947661146
            ],
            [
              -118.28998765558562,
              34.005416355799284
            ]
          ]
        ]
      }
    },
    {
      "type": "Feature",
      "properties": {
        "layerType": "BUILDING_3D",
        "id": "SOUTHWEST_BLD_117",
        "name": "Southwest Division High-Rise Tower #117",
        "height": 57,
        "min_height": 0,
        "render_height": 57,
        "render_min_height": 0,
        "division": "Southwest Division",
        "bureau": "South Bureau",
        "extrusionColor": "#0ea5e9"
      },
      "geometry": {
        "type": "Polygon",
        "coordinates": [
          [
            [
              -118.28666717868354,
              34.005467145587396
            ],
            [
              -118.28458926267577,
              34.005467145587396
            ],
            [
              -118.28458926267577,
              34.00712145099072
            ],
            [
              -118.28666717868354,
              34.00712145099072
            ],
            [
              -118.28666717868354,
              34.005467145587396
            ]
          ]
        ]
      }
    },
    {
      "type": "Feature",
      "properties": {
        "layerType": "BUILDING_3D",
        "id": "SOUTHWEST_BLD_118",
        "name": "Structure #118",
        "height": 22,
        "min_height": 0,
        "render_height": 22,
        "render_min_height": 0,
        "division": "Southwest Division",
        "bureau": "South Bureau",
        "extrusionColor": "#1e293b"
      },
      "geometry": {
        "type": "Polygon",
        "coordinates": [
          [
            [
              -118.28246587785605,
              34.00571559944998
            ],
            [
              -118.27974113954471,
              34.00571559944998
            ],
            [
              -118.27974113954471,
              34.00660294752901
            ],
            [
              -118.28246587785605,
              34.00660294752901
            ],
            [
              -118.28246587785605,
              34.00571559944998
            ]
          ]
        ]
      }
    },
    {
      "type": "Feature",
      "properties": {
        "layerType": "BUILDING_3D",
        "id": "SOUTHWEST_BLD_119",
        "name": "Structure #119",
        "height": 13,
        "min_height": 0,
        "render_height": 13,
        "render_min_height": 0,
        "division": "Southwest Division",
        "bureau": "South Bureau",
        "extrusionColor": "#1e293b"
      },
      "geometry": {
        "type": "Polygon",
        "coordinates": [
          [
            [
              -118.27793901267063,
              34.005607354604926
            ],
            [
              -118.27647749818752,
              34.005607354604926
            ],
            [
              -118.27647749818752,
              34.007339534040376
            ],
            [
              -118.27793901267063,
              34.007339534040376
            ],
            [
              -118.27793901267063,
              34.005607354604926
            ]
          ]
        ]
      }
    },
    {
      "type": "Feature",
      "properties": {
        "layerType": "BUILDING_3D",
        "id": "SOUTHWEST_BLD_120",
        "name": "Structure #120",
        "height": 17,
        "min_height": 0,
        "render_height": 17,
        "render_min_height": 0,
        "division": "Southwest Division",
        "bureau": "South Bureau",
        "extrusionColor": "#1e293b"
      },
      "geometry": {
        "type": "Polygon",
        "coordinates": [
          [
            [
              -118.34399965123895,
              34.00778064825319
            ],
            [
              -118.34114664981585,
              34.00778064825319
            ],
            [
              -118.34114664981585,
              34.00893910867326
            ],
            [
              -118.34399965123895,
              34.00893910867326
            ],
            [
              -118.34399965123895,
              34.00778064825319
            ]
          ]
        ]
      }
    },
    {
      "type": "Feature",
      "properties": {
        "layerType": "BUILDING_3D",
        "id": "SOUTHWEST_BLD_121",
        "name": "Structure #121",
        "height": 21,
        "min_height": 0,
        "render_height": 21,
        "render_min_height": 0,
        "division": "Southwest Division",
        "bureau": "South Bureau",
        "extrusionColor": "#1e293b"
      },
      "geometry": {
        "type": "Polygon",
        "coordinates": [
          [
            [
              -118.34042010875946,
              34.00832144908311
            ],
            [
              -118.33851205630286,
              34.00832144908311
            ],
            [
              -118.33851205630286,
              34.00975003801362
            ],
            [
              -118.34042010875946,
              34.00975003801362
            ],
            [
              -118.34042010875946,
              34.00832144908311
            ]
          ]
        ]
      }
    },
    {
      "type": "Feature",
      "properties": {
        "layerType": "BUILDING_3D",
        "id": "SOUTHWEST_BLD_123",
        "name": "Structure #123",
        "height": 22,
        "min_height": 0,
        "render_height": 22,
        "render_min_height": 0,
        "division": "Southwest Division",
        "bureau": "South Bureau",
        "extrusionColor": "#1e293b"
      },
      "geometry": {
        "type": "Polygon",
        "coordinates": [
          [
            [
              -118.33227739198887,
              34.00785288665983
            ],
            [
              -118.32946972408058,
              34.00785288665983
            ],
            [
              -118.32946972408058,
              34.00973285562898
            ],
            [
              -118.33227739198887,
              34.00973285562898
            ],
            [
              -118.33227739198887,
              34.00785288665983
            ]
          ]
        ]
      }
    },
    {
      "type": "Feature",
      "properties": {
        "layerType": "BUILDING_3D",
        "id": "SOUTHWEST_BLD_124",
        "name": "Structure #124",
        "height": 10,
        "min_height": 0,
        "render_height": 10,
        "render_min_height": 0,
        "division": "Southwest Division",
        "bureau": "South Bureau",
        "extrusionColor": "#1e293b"
      },
      "geometry": {
        "type": "Polygon",
        "coordinates": [
          [
            [
              -118.32794818667792,
              34.008143897985704
            ],
            [
              -118.32485176719932,
              34.008143897985704
            ],
            [
              -118.32485176719932,
              34.00988355083949
            ],
            [
              -118.32794818667792,
              34.00988355083949
            ],
            [
              -118.32794818667792,
              34.008143897985704
            ]
          ]
        ]
      }
    },
    {
      "type": "Feature",
      "properties": {
        "layerType": "BUILDING_3D",
        "id": "SOUTHWEST_BLD_125",
        "name": "Structure #125",
        "height": 22,
        "min_height": 0,
        "render_height": 22,
        "render_min_height": 0,
        "division": "Southwest Division",
        "bureau": "South Bureau",
        "extrusionColor": "#1e293b"
      },
      "geometry": {
        "type": "Polygon",
        "coordinates": [
          [
            [
              -118.32335122684708,
              34.00867555283789
            ],
            [
              -118.32048591626437,
              34.00867555283789
            ],
            [
              -118.32048591626437,
              34.00963239751274
            ],
            [
              -118.32335122684708,
              34.00963239751274
            ],
            [
              -118.32335122684708,
              34.00867555283789
            ]
          ]
        ]
      }
    },
    {
      "type": "Feature",
      "properties": {
        "layerType": "BUILDING_3D",
        "id": "SOUTHWEST_BLD_126",
        "name": "Structure #126",
        "height": 8,
        "min_height": 0,
        "render_height": 8,
        "render_min_height": 0,
        "division": "Southwest Division",
        "bureau": "South Bureau",
        "extrusionColor": "#1e293b"
      },
      "geometry": {
        "type": "Polygon",
        "coordinates": [
          [
            [
              -118.31835791297287,
              34.00815367864662
            ],
            [
              -118.31678193350844,
              34.00815367864662
            ],
            [
              -118.31678193350844,
              34.00992976591944
            ],
            [
              -118.31835791297287,
              34.00992976591944
            ],
            [
              -118.31835791297287,
              34.00815367864662
            ]
          ]
        ]
      }
    },
    {
      "type": "Feature",
      "properties": {
        "layerType": "BUILDING_3D",
        "id": "SOUTHWEST_BLD_127",
        "name": "Structure #127",
        "height": 46,
        "min_height": 0,
        "render_height": 46,
        "render_min_height": 0,
        "division": "Southwest Division",
        "bureau": "South Bureau",
        "extrusionColor": "#0ea5e9"
      },
      "geometry": {
        "type": "Polygon",
        "coordinates": [
          [
            [
              -118.31509982340556,
              34.00802038281498
            ],
            [
              -118.31217450319151,
              34.00802038281498
            ],
            [
              -118.31217450319151,
              34.008810568664764
            ],
            [
              -118.31509982340556,
              34.008810568664764
            ],
            [
              -118.31509982340556,
              34.00802038281498
            ]
          ]
        ]
      }
    },
    {
      "type": "Feature",
      "properties": {
        "layerType": "BUILDING_3D",
        "id": "SOUTHWEST_BLD_128",
        "name": "Structure #128",
        "height": 16,
        "min_height": 0,
        "render_height": 16,
        "render_min_height": 0,
        "division": "Southwest Division",
        "bureau": "South Bureau",
        "extrusionColor": "#1e293b"
      },
      "geometry": {
        "type": "Polygon",
        "coordinates": [
          [
            [
              -118.31120172242238,
              34.008639155838964
            ],
            [
              -118.30990023984627,
              34.008639155838964
            ],
            [
              -118.30990023984627,
              34.00950258379753
            ],
            [
              -118.31120172242238,
              34.00950258379753
            ],
            [
              -118.31120172242238,
              34.008639155838964
            ]
          ]
        ]
      }
    },
    {
      "type": "Feature",
      "properties": {
        "layerType": "BUILDING_3D",
        "id": "SOUTHWEST_BLD_130",
        "name": "Structure #130",
        "height": 17,
        "min_height": 0,
        "render_height": 17,
        "render_min_height": 0,
        "division": "Southwest Division",
        "bureau": "South Bureau",
        "extrusionColor": "#1e293b"
      },
      "geometry": {
        "type": "Polygon",
        "coordinates": [
          [
            [
              -118.30362482610677,
              34.007439411199634
            ],
            [
              -118.30144574294793,
              34.007439411199634
            ],
            [
              -118.30144574294793,
              34.009242073534075
            ],
            [
              -118.30362482610677,
              34.009242073534075
            ],
            [
              -118.30362482610677,
              34.007439411199634
            ]
          ]
        ]
      }
    },
    {
      "type": "Feature",
      "properties": {
        "layerType": "BUILDING_3D",
        "id": "SOUTHWEST_BLD_133",
        "name": "Structure #133",
        "height": 19,
        "min_height": 0,
        "render_height": 19,
        "render_min_height": 0,
        "division": "Southwest Division",
        "bureau": "South Bureau",
        "extrusionColor": "#1e293b"
      },
      "geometry": {
        "type": "Polygon",
        "coordinates": [
          [
            [
              -118.28971451050491,
              34.00823932311809
            ],
            [
              -118.2879820028726,
              34.00823932311809
            ],
            [
              -118.2879820028726,
              34.00931925081589
            ],
            [
              -118.28971451050491,
              34.00931925081589
            ],
            [
              -118.28971451050491,
              34.00823932311809
            ]
          ]
        ]
      }
    },
    {
      "type": "Feature",
      "properties": {
        "layerType": "BUILDING_3D",
        "id": "SOUTHWEST_BLD_134",
        "name": "Structure #134",
        "height": 9,
        "min_height": 0,
        "render_height": 9,
        "render_min_height": 0,
        "division": "Southwest Division",
        "bureau": "South Bureau",
        "extrusionColor": "#1e293b"
      },
      "geometry": {
        "type": "Polygon",
        "coordinates": [
          [
            [
              -118.28613523251138,
              34.007723639409996
            ],
            [
              -118.28435652806795,
              34.007723639409996
            ],
            [
              -118.28435652806795,
              34.00925936800426
            ],
            [
              -118.28613523251138,
              34.00925936800426
            ],
            [
              -118.28613523251138,
              34.007723639409996
            ]
          ]
        ]
      }
    },
    {
      "type": "Feature",
      "properties": {
        "layerType": "BUILDING_3D",
        "id": "SOUTHWEST_BLD_135",
        "name": "Structure #135",
        "height": 24,
        "min_height": 0,
        "render_height": 24,
        "render_min_height": 0,
        "division": "Southwest Division",
        "bureau": "South Bureau",
        "extrusionColor": "#1e293b"
      },
      "geometry": {
        "type": "Polygon",
        "coordinates": [
          [
            [
              -118.28286694685413,
              34.00808104086173
            ],
            [
              -118.2803375115224,
              34.00808104086173
            ],
            [
              -118.2803375115224,
              34.00894684345476
            ],
            [
              -118.28286694685413,
              34.00894684345476
            ],
            [
              -118.28286694685413,
              34.00808104086173
            ]
          ]
        ]
      }
    },
    {
      "type": "Feature",
      "properties": {
        "layerType": "BUILDING_3D",
        "id": "SOUTHWEST_BLD_136",
        "name": "Structure #136",
        "height": 18,
        "min_height": 0,
        "render_height": 18,
        "render_min_height": 0,
        "division": "Southwest Division",
        "bureau": "South Bureau",
        "extrusionColor": "#1e293b"
      },
      "geometry": {
        "type": "Polygon",
        "coordinates": [
          [
            [
              -118.27816063858069,
              34.00792282588636
            ],
            [
              -118.27673461078041,
              34.00792282588636
            ],
            [
              -118.27673461078041,
              34.00983433986446
            ],
            [
              -118.27816063858069,
              34.00983433986446
            ],
            [
              -118.27816063858069,
              34.00792282588636
            ]
          ]
        ]
      }
    },
    {
      "type": "Feature",
      "properties": {
        "layerType": "BUILDING_3D",
        "id": "SOUTHWEST_BLD_137",
        "name": "Structure #137",
        "height": 17,
        "min_height": 0,
        "render_height": 17,
        "render_min_height": 0,
        "division": "Southwest Division",
        "bureau": "South Bureau",
        "extrusionColor": "#1e293b"
      },
      "geometry": {
        "type": "Polygon",
        "coordinates": [
          [
            [
              -118.34430358089304,
              34.010106137854706
            ],
            [
              -118.34115520492912,
              34.010106137854706
            ],
            [
              -118.34115520492912,
              34.011579146294125
            ],
            [
              -118.34430358089304,
              34.011579146294125
            ],
            [
              -118.34430358089304,
              34.010106137854706
            ]
          ]
        ]
      }
    },
    {
      "type": "Feature",
      "properties": {
        "layerType": "BUILDING_3D",
        "id": "SOUTHWEST_BLD_138",
        "name": "Structure #138",
        "height": 22,
        "min_height": 0,
        "render_height": 22,
        "render_min_height": 0,
        "division": "Southwest Division",
        "bureau": "South Bureau",
        "extrusionColor": "#1e293b"
      },
      "geometry": {
        "type": "Polygon",
        "coordinates": [
          [
            [
              -118.34070753765107,
              34.010985735900206
            ],
            [
              -118.33828140610379,
              34.010985735900206
            ],
            [
              -118.33828140610379,
              34.012372686464744
            ],
            [
              -118.34070753765107,
              34.012372686464744
            ],
            [
              -118.34070753765107,
              34.010985735900206
            ]
          ]
        ]
      }
    },
    {
      "type": "Feature",
      "properties": {
        "layerType": "BUILDING_3D",
        "id": "SOUTHWEST_BLD_140",
        "name": "Structure #140",
        "height": 43,
        "min_height": 0,
        "render_height": 43,
        "render_min_height": 0,
        "division": "Southwest Division",
        "bureau": "South Bureau",
        "extrusionColor": "#0ea5e9"
      },
      "geometry": {
        "type": "Polygon",
        "coordinates": [
          [
            [
              -118.33190716728095,
              34.01061373061653
            ],
            [
              -118.3290110222434,
              34.01061373061653
            ],
            [
              -118.3290110222434,
              34.01190539028673
            ],
            [
              -118.33190716728095,
              34.01190539028673
            ],
            [
              -118.33190716728095,
              34.01061373061653
            ]
          ]
        ]
      }
    },
    {
      "type": "Feature",
      "properties": {
        "layerType": "BUILDING_3D",
        "id": "SOUTHWEST_BLD_141",
        "name": "Structure #141",
        "height": 14,
        "min_height": 0,
        "render_height": 14,
        "render_min_height": 0,
        "division": "Southwest Division",
        "bureau": "South Bureau",
        "extrusionColor": "#1e293b"
      },
      "geometry": {
        "type": "Polygon",
        "coordinates": [
          [
            [
              -118.32751856133748,
              34.01112089039924
            ],
            [
              -118.3253911218807,
              34.01112089039924
            ],
            [
              -118.3253911218807,
              34.01199250763723
            ],
            [
              -118.32751856133748,
              34.01199250763723
            ],
            [
              -118.32751856133748,
              34.01112089039924
            ]
          ]
        ]
      }
    },
    {
      "type": "Feature",
      "properties": {
        "layerType": "BUILDING_3D",
        "id": "SOUTHWEST_BLD_142",
        "name": "Structure #142",
        "height": 16,
        "min_height": 0,
        "render_height": 16,
        "render_min_height": 0,
        "division": "Southwest Division",
        "bureau": "South Bureau",
        "extrusionColor": "#1e293b"
      },
      "geometry": {
        "type": "Polygon",
        "coordinates": [
          [
            [
              -118.3225655922836,
              34.01057306052035
            ],
            [
              -118.32112998742103,
              34.01057306052035
            ],
            [
              -118.32112998742103,
              34.01179359495196
            ],
            [
              -118.3225655922836,
              34.01179359495196
            ],
            [
              -118.3225655922836,
              34.01057306052035
            ]
          ]
        ]
      }
    },
    {
      "type": "Feature",
      "properties": {
        "layerType": "BUILDING_3D",
        "id": "SOUTHWEST_BLD_143",
        "name": "Structure #143",
        "height": 19,
        "min_height": 0,
        "render_height": 19,
        "render_min_height": 0,
        "division": "Southwest Division",
        "bureau": "South Bureau",
        "extrusionColor": "#1e293b"
      },
      "geometry": {
        "type": "Polygon",
        "coordinates": [
          [
            [
              -118.3193502532606,
              34.010173826236084
            ],
            [
              -118.3173399612556,
              34.010173826236084
            ],
            [
              -118.3173399612556,
              34.0115207613447
            ],
            [
              -118.3193502532606,
              34.0115207613447
            ],
            [
              -118.3193502532606,
              34.010173826236084
            ]
          ]
        ]
      }
    },
    {
      "type": "Feature",
      "properties": {
        "layerType": "BUILDING_3D",
        "id": "SOUTHWEST_BLD_144",
        "name": "Structure #144",
        "height": 25,
        "min_height": 0,
        "render_height": 25,
        "render_min_height": 0,
        "division": "Southwest Division",
        "bureau": "South Bureau",
        "extrusionColor": "#1e293b"
      },
      "geometry": {
        "type": "Polygon",
        "coordinates": [
          [
            [
              -118.31589016855233,
              34.010346208386316
            ],
            [
              -118.31367168719697,
              34.010346208386316
            ],
            [
              -118.31367168719697,
              34.011906646704254
            ],
            [
              -118.31589016855233,
              34.011906646704254
            ],
            [
              -118.31589016855233,
              34.010346208386316
            ]
          ]
        ]
      }
    },
    {
      "type": "Feature",
      "properties": {
        "layerType": "BUILDING_3D",
        "id": "SOUTHWEST_BLD_146",
        "name": "Structure #146",
        "height": 12,
        "min_height": 0,
        "render_height": 12,
        "render_min_height": 0,
        "division": "Southwest Division",
        "bureau": "South Bureau",
        "extrusionColor": "#1e293b"
      },
      "geometry": {
        "type": "Polygon",
        "coordinates": [
          [
            [
              -118.30751919229753,
              34.01078212418912
            ],
            [
              -118.30431947282803,
              34.01078212418912
            ],
            [
              -118.30431947282803,
              34.01201457711959
            ],
            [
              -118.30751919229753,
              34.01201457711959
            ],
            [
              -118.30751919229753,
              34.01078212418912
            ]
          ]
        ]
      }
    },
    {
      "type": "Feature",
      "properties": {
        "layerType": "BUILDING_3D",
        "id": "SOUTHWEST_BLD_147",
        "name": "Structure #147",
        "height": 11,
        "min_height": 0,
        "render_height": 11,
        "render_min_height": 0,
        "division": "Southwest Division",
        "bureau": "South Bureau",
        "extrusionColor": "#1e293b"
      },
      "geometry": {
        "type": "Polygon",
        "coordinates": [
          [
            [
              -118.30253532486498,
              34.01118139330244
            ],
            [
              -118.30050540239128,
              34.01118139330244
            ],
            [
              -118.30050540239128,
              34.01222690561079
            ],
            [
              -118.30253532486498,
              34.01222690561079
            ],
            [
              -118.30253532486498,
              34.01118139330244
            ]
          ]
        ]
      }
    },
    {
      "type": "Feature",
      "properties": {
        "layerType": "BUILDING_3D",
        "id": "SOUTHWEST_BLD_148",
        "name": "Structure #148",
        "height": 23,
        "min_height": 0,
        "render_height": 23,
        "render_min_height": 0,
        "division": "Southwest Division",
        "bureau": "South Bureau",
        "extrusionColor": "#1e293b"
      },
      "geometry": {
        "type": "Polygon",
        "coordinates": [
          [
            [
              -118.2977600580901,
              34.010638196588296
            ],
            [
              -118.29603803781752,
              34.010638196588296
            ],
            [
              -118.29603803781752,
              34.01163372810044
            ],
            [
              -118.2977600580901,
              34.01163372810044
            ],
            [
              -118.2977600580901,
              34.010638196588296
            ]
          ]
        ]
      }
    },
    {
      "type": "Feature",
      "properties": {
        "layerType": "BUILDING_3D",
        "id": "SOUTHWEST_BLD_149",
        "name": "Southwest Division High-Rise Tower #149",
        "height": 63,
        "min_height": 0,
        "render_height": 63,
        "render_min_height": 0,
        "division": "Southwest Division",
        "bureau": "South Bureau",
        "extrusionColor": "#0ea5e9"
      },
      "geometry": {
        "type": "Polygon",
        "coordinates": [
          [
            [
              -118.2945370879722,
              34.01006495446645
            ],
            [
              -118.29289738901105,
              34.01006495446645
            ],
            [
              -118.29289738901105,
              34.011907865226924
            ],
            [
              -118.2945370879722,
              34.011907865226924
            ],
            [
              -118.2945370879722,
              34.01006495446645
            ]
          ]
        ]
      }
    },
    {
      "type": "Feature",
      "properties": {
        "layerType": "BUILDING_3D",
        "id": "SOUTHWEST_BLD_150",
        "name": "Structure #150",
        "height": 25,
        "min_height": 0,
        "render_height": 25,
        "render_min_height": 0,
        "division": "Southwest Division",
        "bureau": "South Bureau",
        "extrusionColor": "#1e293b"
      },
      "geometry": {
        "type": "Polygon",
        "coordinates": [
          [
            [
              -118.2913636044082,
              34.010321125401035
            ],
            [
              -118.2883282219792,
              34.010321125401035
            ],
            [
              -118.2883282219792,
              34.011571725018385
            ],
            [
              -118.2913636044082,
              34.011571725018385
            ],
            [
              -118.2913636044082,
              34.010321125401035
            ]
          ]
        ]
      }
    },
    {
      "type": "Feature",
      "properties": {
        "layerType": "BUILDING_3D",
        "id": "SOUTHWEST_BLD_151",
        "name": "Structure #151",
        "height": 22,
        "min_height": 0,
        "render_height": 22,
        "render_min_height": 0,
        "division": "Southwest Division",
        "bureau": "South Bureau",
        "extrusionColor": "#1e293b"
      },
      "geometry": {
        "type": "Polygon",
        "coordinates": [
          [
            [
              -118.28682402875124,
              34.01064341625773
            ],
            [
              -118.28476421761677,
              34.01064341625773
            ],
            [
              -118.28476421761677,
              34.01260524095901
            ],
            [
              -118.28682402875124,
              34.01260524095901
            ],
            [
              -118.28682402875124,
              34.01064341625773
            ]
          ]
        ]
      }
    },
    {
      "type": "Feature",
      "properties": {
        "layerType": "BUILDING_3D",
        "id": "SOUTHWEST_BLD_153",
        "name": "Structure #153",
        "height": 30,
        "min_height": 0,
        "render_height": 30,
        "render_min_height": 0,
        "division": "Southwest Division",
        "bureau": "South Bureau",
        "extrusionColor": "#1e293b"
      },
      "geometry": {
        "type": "Polygon",
        "coordinates": [
          [
            [
              -118.27867069923938,
              34.011008649993904
            ],
            [
              -118.27577477941607,
              34.011008649993904
            ],
            [
              -118.27577477941607,
              34.012430269528146
            ],
            [
              -118.27867069923938,
              34.012430269528146
            ],
            [
              -118.27867069923938,
              34.011008649993904
            ]
          ]
        ]
      }
    },
    {
      "type": "Feature",
      "properties": {
        "layerType": "BUILDING_3D",
        "id": "SOUTHWEST_BLD_154",
        "name": "Structure #154",
        "height": 8,
        "min_height": 0,
        "render_height": 8,
        "render_min_height": 0,
        "division": "Southwest Division",
        "bureau": "South Bureau",
        "extrusionColor": "#1e293b"
      },
      "geometry": {
        "type": "Polygon",
        "coordinates": [
          [
            [
              -118.3433386941277,
              34.0131728634233
            ],
            [
              -118.3409972031301,
              34.0131728634233
            ],
            [
              -118.3409972031301,
              34.01494031583362
            ],
            [
              -118.3433386941277,
              34.01494031583362
            ],
            [
              -118.3433386941277,
              34.0131728634233
            ]
          ]
        ]
      }
    },
    {
      "type": "Feature",
      "properties": {
        "layerType": "BUILDING_3D",
        "id": "SOUTHWEST_BLD_155",
        "name": "Structure #155",
        "height": 36,
        "min_height": 0,
        "render_height": 36,
        "render_min_height": 0,
        "division": "Southwest Division",
        "bureau": "South Bureau",
        "extrusionColor": "#1e293b"
      },
      "geometry": {
        "type": "Polygon",
        "coordinates": [
          [
            [
              -118.33977410730279,
              34.01340981427544
            ],
            [
              -118.33686300921522,
              34.01340981427544
            ],
            [
              -118.33686300921522,
              34.01416477697935
            ],
            [
              -118.33977410730279,
              34.01416477697935
            ],
            [
              -118.33977410730279,
              34.01340981427544
            ]
          ]
        ]
      }
    },
    {
      "type": "Feature",
      "properties": {
        "layerType": "BUILDING_3D",
        "id": "SOUTHWEST_BLD_156",
        "name": "Structure #156",
        "height": 11,
        "min_height": 0,
        "render_height": 11,
        "render_min_height": 0,
        "division": "Southwest Division",
        "bureau": "South Bureau",
        "extrusionColor": "#1e293b"
      },
      "geometry": {
        "type": "Polygon",
        "coordinates": [
          [
            [
              -118.3352661882522,
              34.013584476310115
            ],
            [
              -118.3340227202693,
              34.013584476310115
            ],
            [
              -118.3340227202693,
              34.01454344754639
            ],
            [
              -118.3352661882522,
              34.01454344754639
            ],
            [
              -118.3352661882522,
              34.013584476310115
            ]
          ]
        ]
      }
    },
    {
      "type": "Feature",
      "properties": {
        "layerType": "BUILDING_3D",
        "id": "SOUTHWEST_BLD_157",
        "name": "Structure #157",
        "height": 12,
        "min_height": 0,
        "render_height": 12,
        "render_min_height": 0,
        "division": "Southwest Division",
        "bureau": "South Bureau",
        "extrusionColor": "#1e293b"
      },
      "geometry": {
        "type": "Polygon",
        "coordinates": [
          [
            [
              -118.33086086254805,
              34.01276051381458
            ],
            [
              -118.32928138051183,
              34.01276051381458
            ],
            [
              -118.32928138051183,
              34.013747426511664
            ],
            [
              -118.33086086254805,
              34.013747426511664
            ],
            [
              -118.33086086254805,
              34.01276051381458
            ]
          ]
        ]
      }
    },
    {
      "type": "Feature",
      "properties": {
        "layerType": "BUILDING_3D",
        "id": "SOUTHWEST_BLD_158",
        "name": "Structure #158",
        "height": 15,
        "min_height": 0,
        "render_height": 15,
        "render_min_height": 0,
        "division": "Southwest Division",
        "bureau": "South Bureau",
        "extrusionColor": "#1e293b"
      },
      "geometry": {
        "type": "Polygon",
        "coordinates": [
          [
            [
              -118.32810033018775,
              34.012871775479745
            ],
            [
              -118.32647482692197,
              34.012871775479745
            ],
            [
              -118.32647482692197,
              34.0139625784983
            ],
            [
              -118.32810033018775,
              34.0139625784983
            ],
            [
              -118.32810033018775,
              34.012871775479745
            ]
          ]
        ]
      }
    },
    {
      "type": "Feature",
      "properties": {
        "layerType": "BUILDING_3D",
        "id": "SOUTHWEST_BLD_162",
        "name": "Structure #162",
        "height": 14,
        "min_height": 0,
        "render_height": 14,
        "render_min_height": 0,
        "division": "Southwest Division",
        "bureau": "South Bureau",
        "extrusionColor": "#1e293b"
      },
      "geometry": {
        "type": "Polygon",
        "coordinates": [
          [
            [
              -118.31102914859181,
              34.0125516874324
            ],
            [
              -118.30916631239626,
              34.0125516874324
            ],
            [
              -118.30916631239626,
              34.014541497109086
            ],
            [
              -118.31102914859181,
              34.014541497109086
            ],
            [
              -118.31102914859181,
              34.0125516874324
            ]
          ]
        ]
      }
    },
    {
      "type": "Feature",
      "properties": {
        "layerType": "BUILDING_3D",
        "id": "SOUTHWEST_BLD_163",
        "name": "Structure #163",
        "height": 11,
        "min_height": 0,
        "render_height": 11,
        "render_min_height": 0,
        "division": "Southwest Division",
        "bureau": "South Bureau",
        "extrusionColor": "#1e293b"
      },
      "geometry": {
        "type": "Polygon",
        "coordinates": [
          [
            [
              -118.30785604422898,
              34.01296489774348
            ],
            [
              -118.30457871064387,
              34.01296489774348
            ],
            [
              -118.30457871064387,
              34.014144714560764
            ],
            [
              -118.30785604422898,
              34.014144714560764
            ],
            [
              -118.30785604422898,
              34.01296489774348
            ]
          ]
        ]
      }
    },
    {
      "type": "Feature",
      "properties": {
        "layerType": "BUILDING_3D",
        "id": "SOUTHWEST_BLD_164",
        "name": "Structure #164",
        "height": 15,
        "min_height": 0,
        "render_height": 15,
        "render_min_height": 0,
        "division": "Southwest Division",
        "bureau": "South Bureau",
        "extrusionColor": "#1e293b"
      },
      "geometry": {
        "type": "Polygon",
        "coordinates": [
          [
            [
              -118.30305781548132,
              34.01372828171624
            ],
            [
              -118.30111458778227,
              34.01372828171624
            ],
            [
              -118.30111458778227,
              34.01475541376645
            ],
            [
              -118.30305781548132,
              34.01475541376645
            ],
            [
              -118.30305781548132,
              34.01372828171624
            ]
          ]
        ]
      }
    },
    {
      "type": "Feature",
      "properties": {
        "layerType": "BUILDING_3D",
        "id": "SOUTHWEST_BLD_165",
        "name": "Structure #165",
        "height": 17,
        "min_height": 0,
        "render_height": 17,
        "render_min_height": 0,
        "division": "Southwest Division",
        "bureau": "South Bureau",
        "extrusionColor": "#1e293b"
      },
      "geometry": {
        "type": "Polygon",
        "coordinates": [
          [
            [
              -118.29768283011443,
              34.012954565287366
            ],
            [
              -118.2959910832082,
              34.012954565287366
            ],
            [
              -118.2959910832082,
              34.01423314162029
            ],
            [
              -118.29768283011443,
              34.01423314162029
            ],
            [
              -118.29768283011443,
              34.012954565287366
            ]
          ]
        ]
      }
    },
    {
      "type": "Feature",
      "properties": {
        "layerType": "BUILDING_3D",
        "id": "SOUTHWEST_BLD_166",
        "name": "Southwest Division High-Rise Tower #166",
        "height": 51,
        "min_height": 0,
        "render_height": 51,
        "render_min_height": 0,
        "division": "Southwest Division",
        "bureau": "South Bureau",
        "extrusionColor": "#0ea5e9"
      },
      "geometry": {
        "type": "Polygon",
        "coordinates": [
          [
            [
              -118.29483953952669,
              34.012751273140736
            ],
            [
              -118.292733649096,
              34.012751273140736
            ],
            [
              -118.292733649096,
              34.01419213813959
            ],
            [
              -118.29483953952669,
              34.01419213813959
            ],
            [
              -118.29483953952669,
              34.012751273140736
            ]
          ]
        ]
      }
    },
    {
      "type": "Feature",
      "properties": {
        "layerType": "BUILDING_3D",
        "id": "SOUTHWEST_BLD_167",
        "name": "Structure #167",
        "height": 19,
        "min_height": 0,
        "render_height": 19,
        "render_min_height": 0,
        "division": "Southwest Division",
        "bureau": "South Bureau",
        "extrusionColor": "#1e293b"
      },
      "geometry": {
        "type": "Polygon",
        "coordinates": [
          [
            [
              -118.29105672659173,
              34.01271696396437
            ],
            [
              -118.28868353718184,
              34.01271696396437
            ],
            [
              -118.28868353718184,
              34.01462875816829
            ],
            [
              -118.29105672659173,
              34.01462875816829
            ],
            [
              -118.29105672659173,
              34.01271696396437
            ]
          ]
        ]
      }
    },
    {
      "type": "Feature",
      "properties": {
        "layerType": "BUILDING_3D",
        "id": "SOUTHWEST_BLD_168",
        "name": "Structure #168",
        "height": 22,
        "min_height": 0,
        "render_height": 22,
        "render_min_height": 0,
        "division": "Southwest Division",
        "bureau": "South Bureau",
        "extrusionColor": "#1e293b"
      },
      "geometry": {
        "type": "Polygon",
        "coordinates": [
          [
            [
              -118.28699558876455,
              34.01303723577291
            ],
            [
              -118.28384675125223,
              34.01303723577291
            ],
            [
              -118.28384675125223,
              34.014568148225266
            ],
            [
              -118.28699558876455,
              34.014568148225266
            ],
            [
              -118.28699558876455,
              34.01303723577291
            ]
          ]
        ]
      }
    },
    {
      "type": "Feature",
      "properties": {
        "layerType": "BUILDING_3D",
        "id": "SOUTHWEST_BLD_169",
        "name": "Structure #169",
        "height": 8,
        "min_height": 0,
        "render_height": 8,
        "render_min_height": 0,
        "division": "Southwest Division",
        "bureau": "South Bureau",
        "extrusionColor": "#1e293b"
      },
      "geometry": {
        "type": "Polygon",
        "coordinates": [
          [
            [
              -118.28235043519756,
              34.01328971280167
            ],
            [
              -118.27982893233487,
              34.01328971280167
            ],
            [
              -118.27982893233487,
              34.01506915792459
            ],
            [
              -118.28235043519756,
              34.01506915792459
            ],
            [
              -118.28235043519756,
              34.01328971280167
            ]
          ]
        ]
      }
    },
    {
      "type": "Feature",
      "properties": {
        "layerType": "BUILDING_3D",
        "id": "SOUTHWEST_BLD_170",
        "name": "Structure #170",
        "height": 24,
        "min_height": 0,
        "render_height": 24,
        "render_min_height": 0,
        "division": "Southwest Division",
        "bureau": "South Bureau",
        "extrusionColor": "#1e293b"
      },
      "geometry": {
        "type": "Polygon",
        "coordinates": [
          [
            [
              -118.27781694362079,
              34.01348949426695
            ],
            [
              -118.27488609283009,
              34.01348949426695
            ],
            [
              -118.27488609283009,
              34.01425996565682
            ],
            [
              -118.27781694362079,
              34.01425996565682
            ],
            [
              -118.27781694362079,
              34.01348949426695
            ]
          ]
        ]
      }
    },
    {
      "type": "Feature",
      "properties": {
        "layerType": "BUILDING_3D",
        "id": "SOUTHWEST_BLD_171",
        "name": "Structure #171",
        "height": 43,
        "min_height": 0,
        "render_height": 43,
        "render_min_height": 0,
        "division": "Southwest Division",
        "bureau": "South Bureau",
        "extrusionColor": "#0ea5e9"
      },
      "geometry": {
        "type": "Polygon",
        "coordinates": [
          [
            [
              -118.34337024473678,
              34.01562019221259
            ],
            [
              -118.34210123303583,
              34.01562019221259
            ],
            [
              -118.34210123303583,
              34.017526919984086
            ],
            [
              -118.34337024473678,
              34.017526919984086
            ],
            [
              -118.34337024473678,
              34.01562019221259
            ]
          ]
        ]
      }
    },
    {
      "type": "Feature",
      "properties": {
        "layerType": "BUILDING_3D",
        "id": "SOUTHWEST_BLD_172",
        "name": "Structure #172",
        "height": 14,
        "min_height": 0,
        "render_height": 14,
        "render_min_height": 0,
        "division": "Southwest Division",
        "bureau": "South Bureau",
        "extrusionColor": "#1e293b"
      },
      "geometry": {
        "type": "Polygon",
        "coordinates": [
          [
            [
              -118.33986085988515,
              34.01504093560153
            ],
            [
              -118.33672036708502,
              34.01504093560153
            ],
            [
              -118.33672036708502,
              34.01649181862224
            ],
            [
              -118.33986085988515,
              34.01649181862224
            ],
            [
              -118.33986085988515,
              34.01504093560153
            ]
          ]
        ]
      }
    },
    {
      "type": "Feature",
      "properties": {
        "layerType": "BUILDING_3D",
        "id": "SOUTHWEST_BLD_173",
        "name": "Structure #173",
        "height": 24,
        "min_height": 0,
        "render_height": 24,
        "render_min_height": 0,
        "division": "Southwest Division",
        "bureau": "South Bureau",
        "extrusionColor": "#1e293b"
      },
      "geometry": {
        "type": "Polygon",
        "coordinates": [
          [
            [
              -118.33669728253865,
              34.01605953540448
            ],
            [
              -118.33430759285748,
              34.01605953540448
            ],
            [
              -118.33430759285748,
              34.01729122902992
            ],
            [
              -118.33669728253865,
              34.01729122902992
            ],
            [
              -118.33669728253865,
              34.01605953540448
            ]
          ]
        ]
      }
    },
    {
      "type": "Feature",
      "properties": {
        "layerType": "BUILDING_3D",
        "id": "SOUTHWEST_BLD_175",
        "name": "Structure #175",
        "height": 38,
        "min_height": 0,
        "render_height": 38,
        "render_min_height": 0,
        "division": "Southwest Division",
        "bureau": "South Bureau",
        "extrusionColor": "#1e293b"
      },
      "geometry": {
        "type": "Polygon",
        "coordinates": [
          [
            [
              -118.32795389523622,
              34.01573628686481
            ],
            [
              -118.32478730715624,
              34.01573628686481
            ],
            [
              -118.32478730715624,
              34.01653442293589
            ],
            [
              -118.32795389523622,
              34.01653442293589
            ],
            [
              -118.32795389523622,
              34.01573628686481
            ]
          ]
        ]
      }
    },
    {
      "type": "Feature",
      "properties": {
        "layerType": "BUILDING_3D",
        "id": "SOUTHWEST_BLD_176",
        "name": "Structure #176",
        "height": 12,
        "min_height": 0,
        "render_height": 12,
        "render_min_height": 0,
        "division": "Southwest Division",
        "bureau": "South Bureau",
        "extrusionColor": "#1e293b"
      },
      "geometry": {
        "type": "Polygon",
        "coordinates": [
          [
            [
              -118.32319905692856,
              34.016093827022125
            ],
            [
              -118.3218844798703,
              34.016093827022125
            ],
            [
              -118.3218844798703,
              34.0172822871127
            ],
            [
              -118.32319905692856,
              34.0172822871127
            ],
            [
              -118.32319905692856,
              34.016093827022125
            ]
          ]
        ]
      }
    },
    {
      "type": "Feature",
      "properties": {
        "layerType": "BUILDING_3D",
        "id": "SOUTHWEST_BLD_177",
        "name": "Structure #177",
        "height": 13,
        "min_height": 0,
        "render_height": 13,
        "render_min_height": 0,
        "division": "Southwest Division",
        "bureau": "South Bureau",
        "extrusionColor": "#1e293b"
      },
      "geometry": {
        "type": "Polygon",
        "coordinates": [
          [
            [
              -118.31849252019884,
              34.01526158995377
            ],
            [
              -118.31653505652025,
              34.01526158995377
            ],
            [
              -118.31653505652025,
              34.01631542775996
            ],
            [
              -118.31849252019884,
              34.01631542775996
            ],
            [
              -118.31849252019884,
              34.01526158995377
            ]
          ]
        ]
      }
    },
    {
      "type": "Feature",
      "properties": {
        "layerType": "BUILDING_3D",
        "id": "SOUTHWEST_BLD_178",
        "name": "Structure #178",
        "height": 33,
        "min_height": 0,
        "render_height": 33,
        "render_min_height": 0,
        "division": "Southwest Division",
        "bureau": "South Bureau",
        "extrusionColor": "#1e293b"
      },
      "geometry": {
        "type": "Polygon",
        "coordinates": [
          [
            [
              -118.31574561654674,
              34.01554281607684
            ],
            [
              -118.31400988368947,
              34.01554281607684
            ],
            [
              -118.31400988368947,
              34.01665872006807
            ],
            [
              -118.31574561654674,
              34.01665872006807
            ],
            [
              -118.31574561654674,
              34.01554281607684
            ]
          ]
        ]
      }
    },
    {
      "type": "Feature",
      "properties": {
        "layerType": "BUILDING_3D",
        "id": "SOUTHWEST_BLD_180",
        "name": "Structure #180",
        "height": 15,
        "min_height": 0,
        "render_height": 15,
        "render_min_height": 0,
        "division": "Southwest Division",
        "bureau": "South Bureau",
        "extrusionColor": "#1e293b"
      },
      "geometry": {
        "type": "Polygon",
        "coordinates": [
          [
            [
              -118.3072213087351,
              34.015609895622596
            ],
            [
              -118.3053897539874,
              34.015609895622596
            ],
            [
              -118.3053897539874,
              34.01647555076338
            ],
            [
              -118.3072213087351,
              34.01647555076338
            ],
            [
              -118.3072213087351,
              34.015609895622596
            ]
          ]
        ]
      }
    },
    {
      "type": "Feature",
      "properties": {
        "layerType": "BUILDING_3D",
        "id": "SOUTHWEST_BLD_181",
        "name": "Structure #181",
        "height": 11,
        "min_height": 0,
        "render_height": 11,
        "render_min_height": 0,
        "division": "Southwest Division",
        "bureau": "South Bureau",
        "extrusionColor": "#1e293b"
      },
      "geometry": {
        "type": "Polygon",
        "coordinates": [
          [
            [
              -118.30281899544514,
              34.015419814895246
            ],
            [
              -118.30139321050737,
              34.015419814895246
            ],
            [
              -118.30139321050737,
              34.01665940971679
            ],
            [
              -118.30281899544514,
              34.01665940971679
            ],
            [
              -118.30281899544514,
              34.015419814895246
            ]
          ]
        ]
      }
    },
    {
      "type": "Feature",
      "properties": {
        "layerType": "BUILDING_3D",
        "id": "SOUTHWEST_BLD_182",
        "name": "Structure #182",
        "height": 25,
        "min_height": 0,
        "render_height": 25,
        "render_min_height": 0,
        "division": "Southwest Division",
        "bureau": "South Bureau",
        "extrusionColor": "#1e293b"
      },
      "geometry": {
        "type": "Polygon",
        "coordinates": [
          [
            [
              -118.29901442252549,
              34.015361481801335
            ],
            [
              -118.29697273693705,
              34.015361481801335
            ],
            [
              -118.29697273693705,
              34.01632356642391
            ],
            [
              -118.29901442252549,
              34.01632356642391
            ],
            [
              -118.29901442252549,
              34.015361481801335
            ]
          ]
        ]
      }
    },
    {
      "type": "Feature",
      "properties": {
        "layerType": "BUILDING_3D",
        "id": "SOUTHWEST_BLD_183",
        "name": "Structure #183",
        "height": 19,
        "min_height": 0,
        "render_height": 19,
        "render_min_height": 0,
        "division": "Southwest Division",
        "bureau": "South Bureau",
        "extrusionColor": "#1e293b"
      },
      "geometry": {
        "type": "Polygon",
        "coordinates": [
          [
            [
              -118.29499285350369,
              34.0151753979759
            ],
            [
              -118.2934082435371,
              34.0151753979759
            ],
            [
              -118.2934082435371,
              34.01710795373857
            ],
            [
              -118.29499285350369,
              34.01710795373857
            ],
            [
              -118.29499285350369,
              34.0151753979759
            ]
          ]
        ]
      }
    },
    {
      "type": "Feature",
      "properties": {
        "layerType": "BUILDING_3D",
        "id": "SOUTHWEST_BLD_185",
        "name": "Structure #185",
        "height": 23,
        "min_height": 0,
        "render_height": 23,
        "render_min_height": 0,
        "division": "Southwest Division",
        "bureau": "South Bureau",
        "extrusionColor": "#1e293b"
      },
      "geometry": {
        "type": "Polygon",
        "coordinates": [
          [
            [
              -118.28709564449598,
              34.01576210926082
            ],
            [
              -118.28458074426338,
              34.01576210926082
            ],
            [
              -118.28458074426338,
              34.01762997995944
            ],
            [
              -118.28709564449598,
              34.01762997995944
            ],
            [
              -118.28709564449598,
              34.01576210926082
            ]
          ]
        ]
      }
    },
    {
      "type": "Feature",
      "properties": {
        "layerType": "BUILDING_3D",
        "id": "SOUTHWEST_BLD_187",
        "name": "Structure #187",
        "height": 45,
        "min_height": 0,
        "render_height": 45,
        "render_min_height": 0,
        "division": "Southwest Division",
        "bureau": "South Bureau",
        "extrusionColor": "#0ea5e9"
      },
      "geometry": {
        "type": "Polygon",
        "coordinates": [
          [
            [
              -118.27837773674601,
              34.015801172159705
            ],
            [
              -118.27533959935245,
              34.015801172159705
            ],
            [
              -118.27533959935245,
              34.0174874209581
            ],
            [
              -118.27837773674601,
              34.0174874209581
            ],
            [
              -118.27837773674601,
              34.015801172159705
            ]
          ]
        ]
      }
    },
    {
      "type": "Feature",
      "properties": {
        "layerType": "BUILDING_3D",
        "id": "SOUTHWEST_BLD_188",
        "name": "Structure #188",
        "height": 16,
        "min_height": 0,
        "render_height": 16,
        "render_min_height": 0,
        "division": "Southwest Division",
        "bureau": "South Bureau",
        "extrusionColor": "#1e293b"
      },
      "geometry": {
        "type": "Polygon",
        "coordinates": [
          [
            [
              -118.3436804223252,
              34.018357632808
            ],
            [
              -118.34090307136313,
              34.018357632808
            ],
            [
              -118.34090307136313,
              34.01989370066003
            ],
            [
              -118.3436804223252,
              34.01989370066003
            ],
            [
              -118.3436804223252,
              34.018357632808
            ]
          ]
        ]
      }
    },
    {
      "type": "Feature",
      "properties": {
        "layerType": "BUILDING_3D",
        "id": "SOUTHWEST_BLD_189",
        "name": "Southwest Division High-Rise Tower #189",
        "height": 53,
        "min_height": 0,
        "render_height": 53,
        "render_min_height": 0,
        "division": "Southwest Division",
        "bureau": "South Bureau",
        "extrusionColor": "#0ea5e9"
      },
      "geometry": {
        "type": "Polygon",
        "coordinates": [
          [
            [
              -118.3394697812574,
              34.01834429071762
            ],
            [
              -118.3369397871482,
              34.01834429071762
            ],
            [
              -118.3369397871482,
              34.01965370735981
            ],
            [
              -118.3394697812574,
              34.01965370735981
            ],
            [
              -118.3394697812574,
              34.01834429071762
            ]
          ]
        ]
      }
    },
    {
      "type": "Feature",
      "properties": {
        "layerType": "BUILDING_3D",
        "id": "SOUTHWEST_BLD_190",
        "name": "Structure #190",
        "height": 48,
        "min_height": 0,
        "render_height": 48,
        "render_min_height": 0,
        "division": "Southwest Division",
        "bureau": "South Bureau",
        "extrusionColor": "#0ea5e9"
      },
      "geometry": {
        "type": "Polygon",
        "coordinates": [
          [
            [
              -118.33537410940627,
              34.018389517096594
            ],
            [
              -118.33321742317207,
              34.018389517096594
            ],
            [
              -118.33321742317207,
              34.01936819146664
            ],
            [
              -118.33537410940627,
              34.01936819146664
            ],
            [
              -118.33537410940627,
              34.018389517096594
            ]
          ]
        ]
      }
    },
    {
      "type": "Feature",
      "properties": {
        "layerType": "BUILDING_3D",
        "id": "SOUTHWEST_BLD_191",
        "name": "Structure #191",
        "height": 17,
        "min_height": 0,
        "render_height": 17,
        "render_min_height": 0,
        "division": "Southwest Division",
        "bureau": "South Bureau",
        "extrusionColor": "#1e293b"
      },
      "geometry": {
        "type": "Polygon",
        "coordinates": [
          [
            [
              -118.3311819718409,
              34.0179102549733
            ],
            [
              -118.32957003758436,
              34.0179102549733
            ],
            [
              -118.32957003758436,
              34.019484811654195
            ],
            [
              -118.3311819718409,
              34.019484811654195
            ],
            [
              -118.3311819718409,
              34.0179102549733
            ]
          ]
        ]
      }
    },
    {
      "type": "Feature",
      "properties": {
        "layerType": "BUILDING_3D",
        "id": "SOUTHWEST_BLD_192",
        "name": "Structure #192",
        "height": 18,
        "min_height": 0,
        "render_height": 18,
        "render_min_height": 0,
        "division": "Southwest Division",
        "bureau": "South Bureau",
        "extrusionColor": "#1e293b"
      },
      "geometry": {
        "type": "Polygon",
        "coordinates": [
          [
            [
              -118.32785369769103,
              34.017720809504276
            ],
            [
              -118.32526031021662,
              34.017720809504276
            ],
            [
              -118.32526031021662,
              34.0191450694878
            ],
            [
              -118.32785369769103,
              34.0191450694878
            ],
            [
              -118.32785369769103,
              34.017720809504276
            ]
          ]
        ]
      }
    },
    {
      "type": "Feature",
      "properties": {
        "layerType": "BUILDING_3D",
        "id": "SOUTHWEST_BLD_193",
        "name": "Structure #193",
        "height": 8,
        "min_height": 0,
        "render_height": 8,
        "render_min_height": 0,
        "division": "Southwest Division",
        "bureau": "South Bureau",
        "extrusionColor": "#1e293b"
      },
      "geometry": {
        "type": "Polygon",
        "coordinates": [
          [
            [
              -118.32404807846353,
              34.01818322116967
            ],
            [
              -118.32170223849067,
              34.01818322116967
            ],
            [
              -118.32170223849067,
              34.019636069519755
            ],
            [
              -118.32404807846353,
              34.019636069519755
            ],
            [
              -118.32404807846353,
              34.01818322116967
            ]
          ]
        ]
      }
    },
    {
      "type": "Feature",
      "properties": {
        "layerType": "BUILDING_3D",
        "id": "SOUTHWEST_BLD_195",
        "name": "Structure #195",
        "height": 24,
        "min_height": 0,
        "render_height": 24,
        "render_min_height": 0,
        "division": "Southwest Division",
        "bureau": "South Bureau",
        "extrusionColor": "#1e293b"
      },
      "geometry": {
        "type": "Polygon",
        "coordinates": [
          [
            [
              -118.3146910319675,
              34.01813885031541
            ],
            [
              -118.31341444760531,
              34.01813885031541
            ],
            [
              -118.31341444760531,
              34.01948570704472
            ],
            [
              -118.3146910319675,
              34.01948570704472
            ],
            [
              -118.3146910319675,
              34.01813885031541
            ]
          ]
        ]
      }
    },
    {
      "type": "Feature",
      "properties": {
        "layerType": "BUILDING_3D",
        "id": "SOUTHWEST_BLD_196",
        "name": "Structure #196",
        "height": 21,
        "min_height": 0,
        "render_height": 21,
        "render_min_height": 0,
        "division": "Southwest Division",
        "bureau": "South Bureau",
        "extrusionColor": "#1e293b"
      },
      "geometry": {
        "type": "Polygon",
        "coordinates": [
          [
            [
              -118.3110065994805,
              34.017313841028
            ],
            [
              -118.30878824722045,
              34.017313841028
            ],
            [
              -118.30878824722045,
              34.01922626949528
            ],
            [
              -118.3110065994805,
              34.01922626949528
            ],
            [
              -118.3110065994805,
              34.017313841028
            ]
          ]
        ]
      }
    },
    {
      "type": "Feature",
      "properties": {
        "layerType": "BUILDING_3D",
        "id": "SOUTHWEST_BLD_197",
        "name": "Structure #197",
        "height": 12,
        "min_height": 0,
        "render_height": 12,
        "render_min_height": 0,
        "division": "Southwest Division",
        "bureau": "South Bureau",
        "extrusionColor": "#1e293b"
      },
      "geometry": {
        "type": "Polygon",
        "coordinates": [
          [
            [
              -118.308247791248,
              34.017884075523874
            ],
            [
              -118.3050979090666,
              34.017884075523874
            ],
            [
              -118.3050979090666,
              34.01957089524303
            ],
            [
              -118.308247791248,
              34.01957089524303
            ],
            [
              -118.308247791248,
              34.017884075523874
            ]
          ]
        ]
      }
    },
    {
      "type": "Feature",
      "properties": {
        "layerType": "BUILDING_3D",
        "id": "SOUTHWEST_BLD_199",
        "name": "Structure #199",
        "height": 25,
        "min_height": 0,
        "render_height": 25,
        "render_min_height": 0,
        "division": "Southwest Division",
        "bureau": "South Bureau",
        "extrusionColor": "#1e293b"
      },
      "geometry": {
        "type": "Polygon",
        "coordinates": [
          [
            [
              -118.29782930334635,
              34.01800603598302
            ],
            [
              -118.29604853222223,
              34.01800603598302
            ],
            [
              -118.29604853222223,
              34.01999287556764
            ],
            [
              -118.29782930334635,
              34.01999287556764
            ],
            [
              -118.29782930334635,
              34.01800603598302
            ]
          ]
        ]
      }
    },
    {
      "type": "Feature",
      "properties": {
        "layerType": "BUILDING_3D",
        "id": "SOUTHWEST_BLD_200",
        "name": "Southwest Division High-Rise Tower #200",
        "height": 64,
        "min_height": 0,
        "render_height": 64,
        "render_min_height": 0,
        "division": "Southwest Division",
        "bureau": "South Bureau",
        "extrusionColor": "#0ea5e9"
      },
      "geometry": {
        "type": "Polygon",
        "coordinates": [
          [
            [
              -118.29475476426326,
              34.0175242138216
            ],
            [
              -118.29148232259449,
              34.0175242138216
            ],
            [
              -118.29148232259449,
              34.019505678127544
            ],
            [
              -118.29475476426326,
              34.019505678127544
            ],
            [
              -118.29475476426326,
              34.0175242138216
            ]
          ]
        ]
      }
    },
    {
      "type": "Feature",
      "properties": {
        "layerType": "BUILDING_3D",
        "id": "SOUTHWEST_BLD_201",
        "name": "Structure #201",
        "height": 25,
        "min_height": 0,
        "render_height": 25,
        "render_min_height": 0,
        "division": "Southwest Division",
        "bureau": "South Bureau",
        "extrusionColor": "#1e293b"
      },
      "geometry": {
        "type": "Polygon",
        "coordinates": [
          [
            [
              -118.29143070664676,
              34.01857176992859
            ],
            [
              -118.28816711837817,
              34.01857176992859
            ],
            [
              -118.28816711837817,
              34.019907173406786
            ],
            [
              -118.29143070664676,
              34.019907173406786
            ],
            [
              -118.29143070664676,
              34.01857176992859
            ]
          ]
        ]
      }
    },
    {
      "type": "Feature",
      "properties": {
        "layerType": "BUILDING_3D",
        "id": "SOUTHWEST_BLD_202",
        "name": "Structure #202",
        "height": 24,
        "min_height": 0,
        "render_height": 24,
        "render_min_height": 0,
        "division": "Southwest Division",
        "bureau": "South Bureau",
        "extrusionColor": "#1e293b"
      },
      "geometry": {
        "type": "Polygon",
        "coordinates": [
          [
            [
              -118.2855876730588,
              34.01824761080428
            ],
            [
              -118.28338818497706,
              34.01824761080428
            ],
            [
              -118.28338818497706,
              34.020222732085216
            ],
            [
              -118.2855876730588,
              34.020222732085216
            ],
            [
              -118.2855876730588,
              34.01824761080428
            ]
          ]
        ]
      }
    },
    {
      "type": "Feature",
      "properties": {
        "layerType": "BUILDING_3D",
        "id": "SOUTHWEST_BLD_203",
        "name": "Structure #203",
        "height": 45,
        "min_height": 0,
        "render_height": 45,
        "render_min_height": 0,
        "division": "Southwest Division",
        "bureau": "South Bureau",
        "extrusionColor": "#0ea5e9"
      },
      "geometry": {
        "type": "Polygon",
        "coordinates": [
          [
            [
              -118.28200393514588,
              34.0177612116185
            ],
            [
              -118.2787507942126,
              34.0177612116185
            ],
            [
              -118.2787507942126,
              34.01967543394661
            ],
            [
              -118.28200393514588,
              34.01967543394661
            ],
            [
              -118.28200393514588,
              34.0177612116185
            ]
          ]
        ]
      }
    },
    {
      "type": "Feature",
      "properties": {
        "layerType": "BUILDING_3D",
        "id": "SOUTHWEST_BLD_204",
        "name": "Southwest Division High-Rise Tower #204",
        "height": 55,
        "min_height": 0,
        "render_height": 55,
        "render_min_height": 0,
        "division": "Southwest Division",
        "bureau": "South Bureau",
        "extrusionColor": "#0ea5e9"
      },
      "geometry": {
        "type": "Polygon",
        "coordinates": [
          [
            [
              -118.27868741615777,
              34.018796219972934
            ],
            [
              -118.27553457938205,
              34.018796219972934
            ],
            [
              -118.27553457938205,
              34.01966397407654
            ],
            [
              -118.27868741615777,
              34.01966397407654
            ],
            [
              -118.27868741615777,
              34.018796219972934
            ]
          ]
        ]
      }
    },
    {
      "type": "Feature",
      "properties": {
        "layerType": "BUILDING_3D",
        "id": "SOUTHWEST_BLD_205",
        "name": "Structure #205",
        "height": 20,
        "min_height": 0,
        "render_height": 20,
        "render_min_height": 0,
        "division": "Southwest Division",
        "bureau": "South Bureau",
        "extrusionColor": "#1e293b"
      },
      "geometry": {
        "type": "Polygon",
        "coordinates": [
          [
            [
              -118.34286504945634,
              34.02103344392905
            ],
            [
              -118.34143580740333,
              34.02103344392905
            ],
            [
              -118.34143580740333,
              34.02232931179592
            ],
            [
              -118.34286504945634,
              34.02232931179592
            ],
            [
              -118.34286504945634,
              34.02103344392905
            ]
          ]
        ]
      }
    },
    {
      "type": "Feature",
      "properties": {
        "layerType": "BUILDING_3D",
        "id": "SOUTHWEST_BLD_206",
        "name": "Structure #206",
        "height": 41,
        "min_height": 0,
        "render_height": 41,
        "render_min_height": 0,
        "division": "Southwest Division",
        "bureau": "South Bureau",
        "extrusionColor": "#0ea5e9"
      },
      "geometry": {
        "type": "Polygon",
        "coordinates": [
          [
            [
              -118.33918020999921,
              34.02001943123066
            ],
            [
              -118.33704583939495,
              34.02001943123066
            ],
            [
              -118.33704583939495,
              34.021668975335125
            ],
            [
              -118.33918020999921,
              34.021668975335125
            ],
            [
              -118.33918020999921,
              34.02001943123066
            ]
          ]
        ]
      }
    },
    {
      "type": "Feature",
      "properties": {
        "layerType": "BUILDING_3D",
        "id": "SOUTHWEST_BLD_207",
        "name": "Structure #207",
        "height": 30,
        "min_height": 0,
        "render_height": 30,
        "render_min_height": 0,
        "division": "Southwest Division",
        "bureau": "South Bureau",
        "extrusionColor": "#1e293b"
      },
      "geometry": {
        "type": "Polygon",
        "coordinates": [
          [
            [
              -118.33673270150246,
              34.02069617707316
            ],
            [
              -118.33401580533038,
              34.02069617707316
            ],
            [
              -118.33401580533038,
              34.02167721151383
            ],
            [
              -118.33673270150246,
              34.02167721151383
            ],
            [
              -118.33673270150246,
              34.02069617707316
            ]
          ]
        ]
      }
    },
    {
      "type": "Feature",
      "properties": {
        "layerType": "BUILDING_3D",
        "id": "SOUTHWEST_BLD_209",
        "name": "Structure #209",
        "height": 22,
        "min_height": 0,
        "render_height": 22,
        "render_min_height": 0,
        "division": "Southwest Division",
        "bureau": "South Bureau",
        "extrusionColor": "#1e293b"
      },
      "geometry": {
        "type": "Polygon",
        "coordinates": [
          [
            [
              -118.32707100164714,
              34.02055121529175
            ],
            [
              -118.32514667035989,
              34.02055121529175
            ],
            [
              -118.32514667035989,
              34.02131843981332
            ],
            [
              -118.32707100164714,
              34.02131843981332
            ],
            [
              -118.32707100164714,
              34.02055121529175
            ]
          ]
        ]
      }
    },
    {
      "type": "Feature",
      "properties": {
        "layerType": "BUILDING_3D",
        "id": "SOUTHWEST_BLD_210",
        "name": "Structure #210",
        "height": 24,
        "min_height": 0,
        "render_height": 24,
        "render_min_height": 0,
        "division": "Southwest Division",
        "bureau": "South Bureau",
        "extrusionColor": "#1e293b"
      },
      "geometry": {
        "type": "Polygon",
        "coordinates": [
          [
            [
              -118.32350388069594,
              34.02020264052382
            ],
            [
              -118.32224021677806,
              34.02020264052382
            ],
            [
              -118.32224021677806,
              34.02196670986952
            ],
            [
              -118.32350388069594,
              34.02196670986952
            ],
            [
              -118.32350388069594,
              34.02020264052382
            ]
          ]
        ]
      }
    },
    {
      "type": "Feature",
      "properties": {
        "layerType": "BUILDING_3D",
        "id": "SOUTHWEST_BLD_212",
        "name": "Structure #212",
        "height": 13,
        "min_height": 0,
        "render_height": 13,
        "render_min_height": 0,
        "division": "Southwest Division",
        "bureau": "South Bureau",
        "extrusionColor": "#1e293b"
      },
      "geometry": {
        "type": "Polygon",
        "coordinates": [
          [
            [
              -118.31647559319158,
              34.02107108275582
            ],
            [
              -118.31336136806921,
              34.02107108275582
            ],
            [
              -118.31336136806921,
              34.02205142819728
            ],
            [
              -118.31647559319158,
              34.02205142819728
            ],
            [
              -118.31647559319158,
              34.02107108275582
            ]
          ]
        ]
      }
    },
    {
      "type": "Feature",
      "properties": {
        "layerType": "BUILDING_3D",
        "id": "SOUTHWEST_BLD_214",
        "name": "Structure #214",
        "height": 20,
        "min_height": 0,
        "render_height": 20,
        "render_min_height": 0,
        "division": "Southwest Division",
        "bureau": "South Bureau",
        "extrusionColor": "#1e293b"
      },
      "geometry": {
        "type": "Polygon",
        "coordinates": [
          [
            [
              -118.30613848258167,
              34.02047327951509
            ],
            [
              -118.30426699251666,
              34.02047327951509
            ],
            [
              -118.30426699251666,
              34.02139527319126
            ],
            [
              -118.30613848258167,
              34.02139527319126
            ],
            [
              -118.30613848258167,
              34.02047327951509
            ]
          ]
        ]
      }
    },
    {
      "type": "Feature",
      "properties": {
        "layerType": "BUILDING_3D",
        "id": "SOUTHWEST_BLD_215",
        "name": "Structure #215",
        "height": 45,
        "min_height": 0,
        "render_height": 45,
        "render_min_height": 0,
        "division": "Southwest Division",
        "bureau": "South Bureau",
        "extrusionColor": "#0ea5e9"
      },
      "geometry": {
        "type": "Polygon",
        "coordinates": [
          [
            [
              -118.30304401021044,
              34.02026578984893
            ],
            [
              -118.30152543239086,
              34.02026578984893
            ],
            [
              -118.30152543239086,
              34.02185222907138
            ],
            [
              -118.30304401021044,
              34.02185222907138
            ],
            [
              -118.30304401021044,
              34.02026578984893
            ]
          ]
        ]
      }
    },
    {
      "type": "Feature",
      "properties": {
        "layerType": "BUILDING_3D",
        "id": "SOUTHWEST_BLD_217",
        "name": "Structure #217",
        "height": 18,
        "min_height": 0,
        "render_height": 18,
        "render_min_height": 0,
        "division": "Southwest Division",
        "bureau": "South Bureau",
        "extrusionColor": "#1e293b"
      },
      "geometry": {
        "type": "Polygon",
        "coordinates": [
          [
            [
              -118.29563218244603,
              34.020768140812066
            ],
            [
              -118.29262044598384,
              34.020768140812066
            ],
            [
              -118.29262044598384,
              34.02207016194386
            ],
            [
              -118.29563218244603,
              34.02207016194386
            ],
            [
              -118.29563218244603,
              34.020768140812066
            ]
          ]
        ]
      }
    },
    {
      "type": "Feature",
      "properties": {
        "layerType": "BUILDING_3D",
        "id": "SOUTHWEST_BLD_219",
        "name": "Structure #219",
        "height": 14,
        "min_height": 0,
        "render_height": 14,
        "render_min_height": 0,
        "division": "Southwest Division",
        "bureau": "South Bureau",
        "extrusionColor": "#1e293b"
      },
      "geometry": {
        "type": "Polygon",
        "coordinates": [
          [
            [
              -118.28591466588837,
              34.020758690167185
            ],
            [
              -118.28347832047801,
              34.020758690167185
            ],
            [
              -118.28347832047801,
              34.02162454364368
            ],
            [
              -118.28591466588837,
              34.02162454364368
            ],
            [
              -118.28591466588837,
              34.020758690167185
            ]
          ]
        ]
      }
    },
    {
      "type": "Feature",
      "properties": {
        "layerType": "BUILDING_3D",
        "id": "SOUTHWEST_BLD_220",
        "name": "Structure #220",
        "height": 30,
        "min_height": 0,
        "render_height": 30,
        "render_min_height": 0,
        "division": "Southwest Division",
        "bureau": "South Bureau",
        "extrusionColor": "#1e293b"
      },
      "geometry": {
        "type": "Polygon",
        "coordinates": [
          [
            [
              -118.28198568678346,
              34.02074691940047
            ],
            [
              -118.28055957517512,
              34.02074691940047
            ],
            [
              -118.28055957517512,
              34.02191981614103
            ],
            [
              -118.28198568678346,
              34.02191981614103
            ],
            [
              -118.28198568678346,
              34.02074691940047
            ]
          ]
        ]
      }
    },
    {
      "type": "Feature",
      "properties": {
        "layerType": "BUILDING_3D",
        "id": "SOUTHWEST_BLD_221",
        "name": "Structure #221",
        "height": 8,
        "min_height": 0,
        "render_height": 8,
        "render_min_height": 0,
        "division": "Southwest Division",
        "bureau": "South Bureau",
        "extrusionColor": "#1e293b"
      },
      "geometry": {
        "type": "Polygon",
        "coordinates": [
          [
            [
              -118.27788742686981,
              34.02027774114201
            ],
            [
              -118.2759555969442,
              34.02027774114201
            ],
            [
              -118.2759555969442,
              34.02140762442038
            ],
            [
              -118.27788742686981,
              34.02140762442038
            ],
            [
              -118.27788742686981,
              34.02027774114201
            ]
          ]
        ]
      }
    },
    {
      "type": "Feature",
      "properties": {
        "layerType": "BUILDING_3D",
        "id": "SOUTHWEST_BLD_222",
        "name": "Structure #222",
        "height": 17,
        "min_height": 0,
        "render_height": 17,
        "render_min_height": 0,
        "division": "Southwest Division",
        "bureau": "South Bureau",
        "extrusionColor": "#1e293b"
      },
      "geometry": {
        "type": "Polygon",
        "coordinates": [
          [
            [
              -118.34454254400138,
              34.023209777587105
            ],
            [
              -118.3426815597782,
              34.023209777587105
            ],
            [
              -118.3426815597782,
              34.02396685719777
            ],
            [
              -118.34454254400138,
              34.02396685719777
            ],
            [
              -118.34454254400138,
              34.023209777587105
            ]
          ]
        ]
      }
    },
    {
      "type": "Feature",
      "properties": {
        "layerType": "BUILDING_3D",
        "id": "SOUTHWEST_BLD_224",
        "name": "Structure #224",
        "height": 18,
        "min_height": 0,
        "render_height": 18,
        "render_min_height": 0,
        "division": "Southwest Division",
        "bureau": "South Bureau",
        "extrusionColor": "#1e293b"
      },
      "geometry": {
        "type": "Polygon",
        "coordinates": [
          [
            [
              -118.33620054907584,
              34.02256526222874
            ],
            [
              -118.33385717028469,
              34.02256526222874
            ],
            [
              -118.33385717028469,
              34.02394606514831
            ],
            [
              -118.33620054907584,
              34.02394606514831
            ],
            [
              -118.33620054907584,
              34.02256526222874
            ]
          ]
        ]
      }
    },
    {
      "type": "Feature",
      "properties": {
        "layerType": "BUILDING_3D",
        "id": "SOUTHWEST_BLD_225",
        "name": "Structure #225",
        "height": 24,
        "min_height": 0,
        "render_height": 24,
        "render_min_height": 0,
        "division": "Southwest Division",
        "bureau": "South Bureau",
        "extrusionColor": "#1e293b"
      },
      "geometry": {
        "type": "Polygon",
        "coordinates": [
          [
            [
              -118.33253956809382,
              34.02304859735867
            ],
            [
              -118.3302653044616,
              34.02304859735867
            ],
            [
              -118.3302653044616,
              34.02452782775272
            ],
            [
              -118.33253956809382,
              34.02452782775272
            ],
            [
              -118.33253956809382,
              34.02304859735867
            ]
          ]
        ]
      }
    },
    {
      "type": "Feature",
      "properties": {
        "layerType": "BUILDING_3D",
        "id": "SOUTHWEST_BLD_227",
        "name": "Structure #227",
        "height": 25,
        "min_height": 0,
        "render_height": 25,
        "render_min_height": 0,
        "division": "Southwest Division",
        "bureau": "South Bureau",
        "extrusionColor": "#1e293b"
      },
      "geometry": {
        "type": "Polygon",
        "coordinates": [
          [
            [
              -118.32389899474784,
              34.0231139585787
            ],
            [
              -118.3207915952053,
              34.0231139585787
            ],
            [
              -118.3207915952053,
              34.02455281005178
            ],
            [
              -118.32389899474784,
              34.02455281005178
            ],
            [
              -118.32389899474784,
              34.0231139585787
            ]
          ]
        ]
      }
    },
    {
      "type": "Feature",
      "properties": {
        "layerType": "BUILDING_3D",
        "id": "SOUTHWEST_BLD_228",
        "name": "Structure #228",
        "height": 15,
        "min_height": 0,
        "render_height": 15,
        "render_min_height": 0,
        "division": "Southwest Division",
        "bureau": "South Bureau",
        "extrusionColor": "#1e293b"
      },
      "geometry": {
        "type": "Polygon",
        "coordinates": [
          [
            [
              -118.31928289175274,
              34.02316455911116
            ],
            [
              -118.31691301873825,
              34.02316455911116
            ],
            [
              -118.31691301873825,
              34.025154057587294
            ],
            [
              -118.31928289175274,
              34.025154057587294
            ],
            [
              -118.31928289175274,
              34.02316455911116
            ]
          ]
        ]
      }
    },
    {
      "type": "Feature",
      "properties": {
        "layerType": "BUILDING_3D",
        "id": "SOUTHWEST_BLD_229",
        "name": "Structure #229",
        "height": 10,
        "min_height": 0,
        "render_height": 10,
        "render_min_height": 0,
        "division": "Southwest Division",
        "bureau": "South Bureau",
        "extrusionColor": "#1e293b"
      },
      "geometry": {
        "type": "Polygon",
        "coordinates": [
          [
            [
              -118.31508190264044,
              34.02316223784029
            ],
            [
              -118.31180508162093,
              34.02316223784029
            ],
            [
              -118.31180508162093,
              34.024439924516635
            ],
            [
              -118.31508190264044,
              34.024439924516635
            ],
            [
              -118.31508190264044,
              34.02316223784029
            ]
          ]
        ]
      }
    },
    {
      "type": "Feature",
      "properties": {
        "layerType": "BUILDING_3D",
        "id": "SOUTHWEST_BLD_230",
        "name": "Structure #230",
        "height": 34,
        "min_height": 0,
        "render_height": 34,
        "render_min_height": 0,
        "division": "Southwest Division",
        "bureau": "South Bureau",
        "extrusionColor": "#1e293b"
      },
      "geometry": {
        "type": "Polygon",
        "coordinates": [
          [
            [
              -118.31096807885127,
              34.0237766022405
            ],
            [
              -118.3088636537373,
              34.0237766022405
            ],
            [
              -118.3088636537373,
              34.024706595321305
            ],
            [
              -118.31096807885127,
              34.024706595321305
            ],
            [
              -118.31096807885127,
              34.0237766022405
            ]
          ]
        ]
      }
    },
    {
      "type": "Feature",
      "properties": {
        "layerType": "BUILDING_3D",
        "id": "SOUTHWEST_BLD_231",
        "name": "Structure #231",
        "height": 10,
        "min_height": 0,
        "render_height": 10,
        "render_min_height": 0,
        "division": "Southwest Division",
        "bureau": "South Bureau",
        "extrusionColor": "#1e293b"
      },
      "geometry": {
        "type": "Polygon",
        "coordinates": [
          [
            [
              -118.30583853748622,
              34.0231209682001
            ],
            [
              -118.30430678417666,
              34.0231209682001
            ],
            [
              -118.30430678417666,
              34.02422333048205
            ],
            [
              -118.30583853748622,
              34.02422333048205
            ],
            [
              -118.30583853748622,
              34.0231209682001
            ]
          ]
        ]
      }
    },
    {
      "type": "Feature",
      "properties": {
        "layerType": "BUILDING_3D",
        "id": "SOUTHWEST_BLD_232",
        "name": "Structure #232",
        "height": 39,
        "min_height": 0,
        "render_height": 39,
        "render_min_height": 0,
        "division": "Southwest Division",
        "bureau": "South Bureau",
        "extrusionColor": "#1e293b"
      },
      "geometry": {
        "type": "Polygon",
        "coordinates": [
          [
            [
              -118.30280075825867,
              34.02294225542815
            ],
            [
              -118.30098510273545,
              34.02294225542815
            ],
            [
              -118.30098510273545,
              34.02384573350113
            ],
            [
              -118.30280075825867,
              34.02384573350113
            ],
            [
              -118.30280075825867,
              34.02294225542815
            ]
          ]
        ]
      }
    },
    {
      "type": "Feature",
      "properties": {
        "layerType": "BUILDING_3D",
        "id": "SOUTHWEST_BLD_233",
        "name": "Structure #233",
        "height": 13,
        "min_height": 0,
        "render_height": 13,
        "render_min_height": 0,
        "division": "Southwest Division",
        "bureau": "South Bureau",
        "extrusionColor": "#1e293b"
      },
      "geometry": {
        "type": "Polygon",
        "coordinates": [
          [
            [
              -118.29897746164777,
              34.02253659455266
            ],
            [
              -118.29748938011578,
              34.02253659455266
            ],
            [
              -118.29748938011578,
              34.024527185098464
            ],
            [
              -118.29897746164777,
              34.024527185098464
            ],
            [
              -118.29897746164777,
              34.02253659455266
            ]
          ]
        ]
      }
    },
    {
      "type": "Feature",
      "properties": {
        "layerType": "BUILDING_3D",
        "id": "SOUTHWEST_BLD_235",
        "name": "Structure #235",
        "height": 25,
        "min_height": 0,
        "render_height": 25,
        "render_min_height": 0,
        "division": "Southwest Division",
        "bureau": "South Bureau",
        "extrusionColor": "#1e293b"
      },
      "geometry": {
        "type": "Polygon",
        "coordinates": [
          [
            [
              -118.29093934710478,
              34.02369533937069
            ],
            [
              -118.28912678126757,
              34.02369533937069
            ],
            [
              -118.28912678126757,
              34.02478960550259
            ],
            [
              -118.29093934710478,
              34.02478960550259
            ],
            [
              -118.29093934710478,
              34.02369533937069
            ]
          ]
        ]
      }
    },
    {
      "type": "Feature",
      "properties": {
        "layerType": "BUILDING_3D",
        "id": "SOUTHWEST_BLD_237",
        "name": "Southwest Division High-Rise Tower #237",
        "height": 60,
        "min_height": 0,
        "render_height": 60,
        "render_min_height": 0,
        "division": "Southwest Division",
        "bureau": "South Bureau",
        "extrusionColor": "#0ea5e9"
      },
      "geometry": {
        "type": "Polygon",
        "coordinates": [
          [
            [
              -118.28313498407198,
              34.022916761079195
            ],
            [
              -118.27994138117674,
              34.022916761079195
            ],
            [
              -118.27994138117674,
              34.02413406473183
            ],
            [
              -118.28313498407198,
              34.02413406473183
            ],
            [
              -118.28313498407198,
              34.022916761079195
            ]
          ]
        ]
      }
    },
    {
      "type": "Feature",
      "properties": {
        "layerType": "BUILDING_3D",
        "id": "SOUTHWEST_BLD_238",
        "name": "Structure #238",
        "height": 23,
        "min_height": 0,
        "render_height": 23,
        "render_min_height": 0,
        "division": "Southwest Division",
        "bureau": "South Bureau",
        "extrusionColor": "#1e293b"
      },
      "geometry": {
        "type": "Polygon",
        "coordinates": [
          [
            [
              -118.27843121704603,
              34.02333553748756
            ],
            [
              -118.27642624632404,
              34.02333553748756
            ],
            [
              -118.27642624632404,
              34.02506681961068
            ],
            [
              -118.27843121704603,
              34.02506681961068
            ],
            [
              -118.27843121704603,
              34.02333553748756
            ]
          ]
        ]
      }
    },
    {
      "type": "Feature",
      "properties": {
        "layerType": "BUILDING_3D",
        "id": "SOUTHWEST_BLD_239",
        "name": "Structure #239",
        "height": 17,
        "min_height": 0,
        "render_height": 17,
        "render_min_height": 0,
        "division": "Southwest Division",
        "bureau": "South Bureau",
        "extrusionColor": "#1e293b"
      },
      "geometry": {
        "type": "Polygon",
        "coordinates": [
          [
            [
              -118.34362382060873,
              34.025212716685765
            ],
            [
              -118.34077229711183,
              34.025212716685765
            ],
            [
              -118.34077229711183,
              34.02703496915844
            ],
            [
              -118.34362382060873,
              34.02703496915844
            ],
            [
              -118.34362382060873,
              34.025212716685765
            ]
          ]
        ]
      }
    },
    {
      "type": "Feature",
      "properties": {
        "layerType": "BUILDING_3D",
        "id": "SOUTHWEST_BLD_240",
        "name": "Southwest Division High-Rise Tower #240",
        "height": 59,
        "min_height": 0,
        "render_height": 59,
        "render_min_height": 0,
        "division": "Southwest Division",
        "bureau": "South Bureau",
        "extrusionColor": "#0ea5e9"
      },
      "geometry": {
        "type": "Polygon",
        "coordinates": [
          [
            [
              -118.34053199604696,
              34.02582997304191
            ],
            [
              -118.33753063903316,
              34.02582997304191
            ],
            [
              -118.33753063903316,
              34.02724007835508
            ],
            [
              -118.34053199604696,
              34.02724007835508
            ],
            [
              -118.34053199604696,
              34.02582997304191
            ]
          ]
        ]
      }
    },
    {
      "type": "Feature",
      "properties": {
        "layerType": "BUILDING_3D",
        "id": "SOUTHWEST_BLD_241",
        "name": "Structure #241",
        "height": 23,
        "min_height": 0,
        "render_height": 23,
        "render_min_height": 0,
        "division": "Southwest Division",
        "bureau": "South Bureau",
        "extrusionColor": "#1e293b"
      },
      "geometry": {
        "type": "Polygon",
        "coordinates": [
          [
            [
              -118.33539769146039,
              34.02595706811065
            ],
            [
              -118.33307516506223,
              34.02595706811065
            ],
            [
              -118.33307516506223,
              34.027258535845625
            ],
            [
              -118.33539769146039,
              34.027258535845625
            ],
            [
              -118.33539769146039,
              34.02595706811065
            ]
          ]
        ]
      }
    },
    {
      "type": "Feature",
      "properties": {
        "layerType": "BUILDING_3D",
        "id": "SOUTHWEST_BLD_242",
        "name": "Structure #242",
        "height": 23,
        "min_height": 0,
        "render_height": 23,
        "render_min_height": 0,
        "division": "Southwest Division",
        "bureau": "South Bureau",
        "extrusionColor": "#1e293b"
      },
      "geometry": {
        "type": "Polygon",
        "coordinates": [
          [
            [
              -118.33107071134717,
              34.02537810976693
            ],
            [
              -118.32892711743074,
              34.02537810976693
            ],
            [
              -118.32892711743074,
              34.02717805873412
            ],
            [
              -118.33107071134717,
              34.02717805873412
            ],
            [
              -118.33107071134717,
              34.02537810976693
            ]
          ]
        ]
      }
    },
    {
      "type": "Feature",
      "properties": {
        "layerType": "BUILDING_3D",
        "id": "SOUTHWEST_BLD_243",
        "name": "Southwest Division High-Rise Tower #243",
        "height": 54,
        "min_height": 0,
        "render_height": 54,
        "render_min_height": 0,
        "division": "Southwest Division",
        "bureau": "South Bureau",
        "extrusionColor": "#0ea5e9"
      },
      "geometry": {
        "type": "Polygon",
        "coordinates": [
          [
            [
              -118.3279066427368,
              34.02527163967718
            ],
            [
              -118.3249420209085,
              34.02527163967718
            ],
            [
              -118.3249420209085,
              34.02711070869879
            ],
            [
              -118.3279066427368,
              34.02711070869879
            ],
            [
              -118.3279066427368,
              34.02527163967718
            ]
          ]
        ]
      }
    },
    {
      "type": "Feature",
      "properties": {
        "layerType": "BUILDING_3D",
        "id": "SOUTHWEST_BLD_244",
        "name": "Structure #244",
        "height": 20,
        "min_height": 0,
        "render_height": 20,
        "render_min_height": 0,
        "division": "Southwest Division",
        "bureau": "South Bureau",
        "extrusionColor": "#1e293b"
      },
      "geometry": {
        "type": "Polygon",
        "coordinates": [
          [
            [
              -118.32396435817877,
              34.025759791754595
            ],
            [
              -118.32093530331964,
              34.025759791754595
            ],
            [
              -118.32093530331964,
              34.0274201265929
            ],
            [
              -118.32396435817877,
              34.0274201265929
            ],
            [
              -118.32396435817877,
              34.025759791754595
            ]
          ]
        ]
      }
    },
    {
      "type": "Feature",
      "properties": {
        "layerType": "BUILDING_3D",
        "id": "SOUTHWEST_BLD_245",
        "name": "Structure #245",
        "height": 16,
        "min_height": 0,
        "render_height": 16,
        "render_min_height": 0,
        "division": "Southwest Division",
        "bureau": "South Bureau",
        "extrusionColor": "#1e293b"
      },
      "geometry": {
        "type": "Polygon",
        "coordinates": [
          [
            [
              -118.31904269593362,
              34.0258154467209
            ],
            [
              -118.31630802678815,
              34.0258154467209
            ],
            [
              -118.31630802678815,
              34.02742706371369
            ],
            [
              -118.31904269593362,
              34.02742706371369
            ],
            [
              -118.31904269593362,
              34.0258154467209
            ]
          ]
        ]
      }
    },
    {
      "type": "Feature",
      "properties": {
        "layerType": "BUILDING_3D",
        "id": "SOUTHWEST_BLD_246",
        "name": "Structure #246",
        "height": 9,
        "min_height": 0,
        "render_height": 9,
        "render_min_height": 0,
        "division": "Southwest Division",
        "bureau": "South Bureau",
        "extrusionColor": "#1e293b"
      },
      "geometry": {
        "type": "Polygon",
        "coordinates": [
          [
            [
              -118.31483338187145,
              34.02581692205112
            ],
            [
              -118.31217895388333,
              34.02581692205112
            ],
            [
              -118.31217895388333,
              34.02713961369017
            ],
            [
              -118.31483338187145,
              34.02713961369017
            ],
            [
              -118.31483338187145,
              34.02581692205112
            ]
          ]
        ]
      }
    },
    {
      "type": "Feature",
      "properties": {
        "layerType": "BUILDING_3D",
        "id": "SOUTHWEST_BLD_247",
        "name": "Structure #247",
        "height": 33,
        "min_height": 0,
        "render_height": 33,
        "render_min_height": 0,
        "division": "Southwest Division",
        "bureau": "South Bureau",
        "extrusionColor": "#1e293b"
      },
      "geometry": {
        "type": "Polygon",
        "coordinates": [
          [
            [
              -118.31071330485698,
              34.0260200337193
            ],
            [
              -118.30853475392207,
              34.0260200337193
            ],
            [
              -118.30853475392207,
              34.02685855346916
            ],
            [
              -118.31071330485698,
              34.02685855346916
            ],
            [
              -118.31071330485698,
              34.0260200337193
            ]
          ]
        ]
      }
    },
    {
      "type": "Feature",
      "properties": {
        "layerType": "BUILDING_3D",
        "id": "SOUTHWEST_BLD_248",
        "name": "Structure #248",
        "height": 9,
        "min_height": 0,
        "render_height": 9,
        "render_min_height": 0,
        "division": "Southwest Division",
        "bureau": "South Bureau",
        "extrusionColor": "#1e293b"
      },
      "geometry": {
        "type": "Polygon",
        "coordinates": [
          [
            [
              -118.30626112093293,
              34.02531926178359
            ],
            [
              -118.3048800295802,
              34.02531926178359
            ],
            [
              -118.3048800295802,
              34.02709704483889
            ],
            [
              -118.30626112093293,
              34.02709704483889
            ],
            [
              -118.30626112093293,
              34.02531926178359
            ]
          ]
        ]
      }
    },
    {
      "type": "Feature",
      "properties": {
        "layerType": "BUILDING_3D",
        "id": "SOUTHWEST_BLD_249",
        "name": "Structure #249",
        "height": 12,
        "min_height": 0,
        "render_height": 12,
        "render_min_height": 0,
        "division": "Southwest Division",
        "bureau": "South Bureau",
        "extrusionColor": "#1e293b"
      },
      "geometry": {
        "type": "Polygon",
        "coordinates": [
          [
            [
              -118.3032976864741,
              34.02539176854112
            ],
            [
              -118.30036957320654,
              34.02539176854112
            ],
            [
              -118.30036957320654,
              34.02624986305867
            ],
            [
              -118.3032976864741,
              34.02624986305867
            ],
            [
              -118.3032976864741,
              34.02539176854112
            ]
          ]
        ]
      }
    },
    {
      "type": "Feature",
      "properties": {
        "layerType": "BUILDING_3D",
        "id": "SOUTHWEST_BLD_250",
        "name": "Structure #250",
        "height": 13,
        "min_height": 0,
        "render_height": 13,
        "render_min_height": 0,
        "division": "Southwest Division",
        "bureau": "South Bureau",
        "extrusionColor": "#1e293b"
      },
      "geometry": {
        "type": "Polygon",
        "coordinates": [
          [
            [
              -118.29906061652052,
              34.02604856540807
            ],
            [
              -118.29764728437395,
              34.02604856540807
            ],
            [
              -118.29764728437395,
              34.02709588748041
            ],
            [
              -118.29906061652052,
              34.02709588748041
            ],
            [
              -118.29906061652052,
              34.02604856540807
            ]
          ]
        ]
      }
    },
    {
      "type": "Feature",
      "properties": {
        "layerType": "BUILDING_3D",
        "id": "SOUTHWEST_BLD_252",
        "name": "Structure #252",
        "height": 14,
        "min_height": 0,
        "render_height": 14,
        "render_min_height": 0,
        "division": "Southwest Division",
        "bureau": "South Bureau",
        "extrusionColor": "#1e293b"
      },
      "geometry": {
        "type": "Polygon",
        "coordinates": [
          [
            [
              -118.29100024012041,
              34.025180574928285
            ],
            [
              -118.28918548726864,
              34.025180574928285
            ],
            [
              -118.28918548726864,
              34.02679514038746
            ],
            [
              -118.29100024012041,
              34.02679514038746
            ],
            [
              -118.29100024012041,
              34.025180574928285
            ]
          ]
        ]
      }
    },
    {
      "type": "Feature",
      "properties": {
        "layerType": "BUILDING_3D",
        "id": "SOUTHWEST_BLD_254",
        "name": "Structure #254",
        "height": 23,
        "min_height": 0,
        "render_height": 23,
        "render_min_height": 0,
        "division": "Southwest Division",
        "bureau": "South Bureau",
        "extrusionColor": "#1e293b"
      },
      "geometry": {
        "type": "Polygon",
        "coordinates": [
          [
            [
              -118.28253589955177,
              34.02570841539998
            ],
            [
              -118.28053696647363,
              34.02570841539998
            ],
            [
              -118.28053696647363,
              34.027174889334695
            ],
            [
              -118.28253589955177,
              34.027174889334695
            ],
            [
              -118.28253589955177,
              34.02570841539998
            ]
          ]
        ]
      }
    },
    {
      "type": "Feature",
      "properties": {
        "layerType": "BUILDING_3D",
        "id": "SOUTHWEST_BLD_255",
        "name": "Structure #255",
        "height": 15,
        "min_height": 0,
        "render_height": 15,
        "render_min_height": 0,
        "division": "Southwest Division",
        "bureau": "South Bureau",
        "extrusionColor": "#1e293b"
      },
      "geometry": {
        "type": "Polygon",
        "coordinates": [
          [
            [
              -118.27795084522356,
              34.025224196424276
            ],
            [
              -118.2755354763899,
              34.025224196424276
            ],
            [
              -118.2755354763899,
              34.027017624280205
            ],
            [
              -118.27795084522356,
              34.027017624280205
            ],
            [
              -118.27795084522356,
              34.025224196424276
            ]
          ]
        ]
      }
    },
    {
      "type": "Feature",
      "properties": {
        "layerType": "BUILDING_3D",
        "id": "SOUTHWEST_BLD_256",
        "name": "Structure #256",
        "height": 18,
        "min_height": 0,
        "render_height": 18,
        "render_min_height": 0,
        "division": "Southwest Division",
        "bureau": "South Bureau",
        "extrusionColor": "#1e293b"
      },
      "geometry": {
        "type": "Polygon",
        "coordinates": [
          [
            [
              -118.3446307353012,
              34.02818800147305
            ],
            [
              -118.34167685412672,
              34.02818800147305
            ],
            [
              -118.34167685412672,
              34.029458356822495
            ],
            [
              -118.3446307353012,
              34.029458356822495
            ],
            [
              -118.3446307353012,
              34.02818800147305
            ]
          ]
        ]
      }
    },
    {
      "type": "Feature",
      "properties": {
        "layerType": "BUILDING_3D",
        "id": "SOUTHWEST_BLD_257",
        "name": "Structure #257",
        "height": 11,
        "min_height": 0,
        "render_height": 11,
        "render_min_height": 0,
        "division": "Southwest Division",
        "bureau": "South Bureau",
        "extrusionColor": "#1e293b"
      },
      "geometry": {
        "type": "Polygon",
        "coordinates": [
          [
            [
              -118.33974917404439,
              34.02834586886483
            ],
            [
              -118.33765682405706,
              34.02834586886483
            ],
            [
              -118.33765682405706,
              34.02982361570466
            ],
            [
              -118.33974917404439,
              34.02982361570466
            ],
            [
              -118.33974917404439,
              34.02834586886483
            ]
          ]
        ]
      }
    },
    {
      "type": "Feature",
      "properties": {
        "layerType": "BUILDING_3D",
        "id": "SOUTHWEST_BLD_258",
        "name": "Structure #258",
        "height": 13,
        "min_height": 0,
        "render_height": 13,
        "render_min_height": 0,
        "division": "Southwest Division",
        "bureau": "South Bureau",
        "extrusionColor": "#1e293b"
      },
      "geometry": {
        "type": "Polygon",
        "coordinates": [
          [
            [
              -118.33537151010498,
              34.02816892984507
            ],
            [
              -118.3329375741335,
              34.02816892984507
            ],
            [
              -118.3329375741335,
              34.02916363871403
            ],
            [
              -118.33537151010498,
              34.02916363871403
            ],
            [
              -118.33537151010498,
              34.02816892984507
            ]
          ]
        ]
      }
    },
    {
      "type": "Feature",
      "properties": {
        "layerType": "BUILDING_3D",
        "id": "SOUTHWEST_BLD_259",
        "name": "Structure #259",
        "height": 8,
        "min_height": 0,
        "render_height": 8,
        "render_min_height": 0,
        "division": "Southwest Division",
        "bureau": "South Bureau",
        "extrusionColor": "#1e293b"
      },
      "geometry": {
        "type": "Polygon",
        "coordinates": [
          [
            [
              -118.33154529201987,
              34.02826016959268
            ],
            [
              -118.32990694800041,
              34.02826016959268
            ],
            [
              -118.32990694800041,
              34.02940422535104
            ],
            [
              -118.33154529201987,
              34.02940422535104
            ],
            [
              -118.33154529201987,
              34.02826016959268
            ]
          ]
        ]
      }
    },
    {
      "type": "Feature",
      "properties": {
        "layerType": "BUILDING_3D",
        "id": "SOUTHWEST_BLD_260",
        "name": "Structure #260",
        "height": 19,
        "min_height": 0,
        "render_height": 19,
        "render_min_height": 0,
        "division": "Southwest Division",
        "bureau": "South Bureau",
        "extrusionColor": "#1e293b"
      },
      "geometry": {
        "type": "Polygon",
        "coordinates": [
          [
            [
              -118.3272773677297,
              34.02804459682462
            ],
            [
              -118.32539304059829,
              34.02804459682462
            ],
            [
              -118.32539304059829,
              34.02884693736571
            ],
            [
              -118.3272773677297,
              34.02884693736571
            ],
            [
              -118.3272773677297,
              34.02804459682462
            ]
          ]
        ]
      }
    },
    {
      "type": "Feature",
      "properties": {
        "layerType": "BUILDING_3D",
        "id": "SOUTHWEST_BLD_261",
        "name": "Structure #261",
        "height": 21,
        "min_height": 0,
        "render_height": 21,
        "render_min_height": 0,
        "division": "Southwest Division",
        "bureau": "South Bureau",
        "extrusionColor": "#1e293b"
      },
      "geometry": {
        "type": "Polygon",
        "coordinates": [
          [
            [
              -118.32351478170061,
              34.02780041148545
            ],
            [
              -118.32219327963294,
              34.02780041148545
            ],
            [
              -118.32219327963294,
              34.02933007772793
            ],
            [
              -118.32351478170061,
              34.02933007772793
            ],
            [
              -118.32351478170061,
              34.02780041148545
            ]
          ]
        ]
      }
    },
    {
      "type": "Feature",
      "properties": {
        "layerType": "BUILDING_3D",
        "id": "SOUTHWEST_BLD_263",
        "name": "Structure #263",
        "height": 11,
        "min_height": 0,
        "render_height": 11,
        "render_min_height": 0,
        "division": "Southwest Division",
        "bureau": "South Bureau",
        "extrusionColor": "#1e293b"
      },
      "geometry": {
        "type": "Polygon",
        "coordinates": [
          [
            [
              -118.3162409147698,
              34.02809691795593
            ],
            [
              -118.31350350545132,
              34.02809691795593
            ],
            [
              -118.31350350545132,
              34.02965054803203
            ],
            [
              -118.3162409147698,
              34.02965054803203
            ],
            [
              -118.3162409147698,
              34.02809691795593
            ]
          ]
        ]
      }
    },
    {
      "type": "Feature",
      "properties": {
        "layerType": "BUILDING_3D",
        "id": "SOUTHWEST_BLD_265",
        "name": "Structure #265",
        "height": 22,
        "min_height": 0,
        "render_height": 22,
        "render_min_height": 0,
        "division": "Southwest Division",
        "bureau": "South Bureau",
        "extrusionColor": "#1e293b"
      },
      "geometry": {
        "type": "Polygon",
        "coordinates": [
          [
            [
              -118.30632748099777,
              34.02821126706854
            ],
            [
              -118.30468089938677,
              34.02821126706854
            ],
            [
              -118.30468089938677,
              34.02957454105322
            ],
            [
              -118.30632748099777,
              34.02957454105322
            ],
            [
              -118.30632748099777,
              34.02821126706854
            ]
          ]
        ]
      }
    },
    {
      "type": "Feature",
      "properties": {
        "layerType": "BUILDING_3D",
        "id": "SOUTHWEST_BLD_266",
        "name": "Structure #266",
        "height": 23,
        "min_height": 0,
        "render_height": 23,
        "render_min_height": 0,
        "division": "Southwest Division",
        "bureau": "South Bureau",
        "extrusionColor": "#1e293b"
      },
      "geometry": {
        "type": "Polygon",
        "coordinates": [
          [
            [
              -118.30265203071063,
              34.02756257080449
            ],
            [
              -118.30040663826527,
              34.02756257080449
            ],
            [
              -118.30040663826527,
              34.0293369656176
            ],
            [
              -118.30265203071063,
              34.0293369656176
            ],
            [
              -118.30265203071063,
              34.02756257080449
            ]
          ]
        ]
      }
    },
    {
      "type": "Feature",
      "properties": {
        "layerType": "BUILDING_3D",
        "id": "SOUTHWEST_BLD_267",
        "name": "Structure #267",
        "height": 10,
        "min_height": 0,
        "render_height": 10,
        "render_min_height": 0,
        "division": "Southwest Division",
        "bureau": "South Bureau",
        "extrusionColor": "#1e293b"
      },
      "geometry": {
        "type": "Polygon",
        "coordinates": [
          [
            [
              -118.29960282455731,
              34.02783400241154
            ],
            [
              -118.29668029192395,
              34.02783400241154
            ],
            [
              -118.29668029192395,
              34.029647235963935
            ],
            [
              -118.29960282455731,
              34.029647235963935
            ],
            [
              -118.29960282455731,
              34.02783400241154
            ]
          ]
        ]
      }
    },
    {
      "type": "Feature",
      "properties": {
        "layerType": "BUILDING_3D",
        "id": "SOUTHWEST_BLD_269",
        "name": "Structure #269",
        "height": 20,
        "min_height": 0,
        "render_height": 20,
        "render_min_height": 0,
        "division": "Southwest Division",
        "bureau": "South Bureau",
        "extrusionColor": "#1e293b"
      },
      "geometry": {
        "type": "Polygon",
        "coordinates": [
          [
            [
              -118.28963345046952,
              34.02866355131721
            ],
            [
              -118.28813755614064,
              34.02866355131721
            ],
            [
              -118.28813755614064,
              34.02953762236662
            ],
            [
              -118.28963345046952,
              34.02953762236662
            ],
            [
              -118.28963345046952,
              34.02866355131721
            ]
          ]
        ]
      }
    },
    {
      "type": "Feature",
      "properties": {
        "layerType": "BUILDING_3D",
        "id": "SOUTHWEST_BLD_270",
        "name": "Structure #270",
        "height": 19,
        "min_height": 0,
        "render_height": 19,
        "render_min_height": 0,
        "division": "Southwest Division",
        "bureau": "South Bureau",
        "extrusionColor": "#1e293b"
      },
      "geometry": {
        "type": "Polygon",
        "coordinates": [
          [
            [
              -118.28543650371283,
              34.02755856419116
            ],
            [
              -118.2839968572785,
              34.02755856419116
            ],
            [
              -118.2839968572785,
              34.02919459029976
            ],
            [
              -118.28543650371283,
              34.02919459029976
            ],
            [
              -118.28543650371283,
              34.02755856419116
            ]
          ]
        ]
      }
    },
    {
      "type": "Feature",
      "properties": {
        "layerType": "BUILDING_3D",
        "id": "SOUTHWEST_BLD_271",
        "name": "Southwest Division High-Rise Tower #271",
        "height": 54,
        "min_height": 0,
        "render_height": 54,
        "render_min_height": 0,
        "division": "Southwest Division",
        "bureau": "South Bureau",
        "extrusionColor": "#0ea5e9"
      },
      "geometry": {
        "type": "Polygon",
        "coordinates": [
          [
            [
              -118.28313883544986,
              34.027564983288315
            ],
            [
              -118.28044420421217,
              34.027564983288315
            ],
            [
              -118.28044420421217,
              34.02913353039074
            ],
            [
              -118.28313883544986,
              34.02913353039074
            ],
            [
              -118.28313883544986,
              34.027564983288315
            ]
          ]
        ]
      }
    },
    {
      "type": "Feature",
      "properties": {
        "layerType": "BUILDING_3D",
        "id": "SOUTHWEST_BLD_274",
        "name": "Structure #274",
        "height": 8,
        "min_height": 0,
        "render_height": 8,
        "render_min_height": 0,
        "division": "Southwest Division",
        "bureau": "South Bureau",
        "extrusionColor": "#1e293b"
      },
      "geometry": {
        "type": "Polygon",
        "coordinates": [
          [
            [
              -118.33991460020137,
              34.030877031368945
            ],
            [
              -118.33722240508165,
              34.030877031368945
            ],
            [
              -118.33722240508165,
              34.031820784494826
            ],
            [
              -118.33991460020137,
              34.031820784494826
            ],
            [
              -118.33991460020137,
              34.030877031368945
            ]
          ]
        ]
      }
    },
    {
      "type": "Feature",
      "properties": {
        "layerType": "BUILDING_3D",
        "id": "SOUTHWEST_BLD_275",
        "name": "Structure #275",
        "height": 9,
        "min_height": 0,
        "render_height": 9,
        "render_min_height": 0,
        "division": "Southwest Division",
        "bureau": "South Bureau",
        "extrusionColor": "#1e293b"
      },
      "geometry": {
        "type": "Polygon",
        "coordinates": [
          [
            [
              -118.33532018362762,
              34.03106957632168
            ],
            [
              -118.3337657667144,
              34.03106957632168
            ],
            [
              -118.3337657667144,
              34.03184569893748
            ],
            [
              -118.33532018362762,
              34.03184569893748
            ],
            [
              -118.33532018362762,
              34.03106957632168
            ]
          ]
        ]
      }
    },
    {
      "type": "Feature",
      "properties": {
        "layerType": "BUILDING_3D",
        "id": "SOUTHWEST_BLD_276",
        "name": "Structure #276",
        "height": 18,
        "min_height": 0,
        "render_height": 18,
        "render_min_height": 0,
        "division": "Southwest Division",
        "bureau": "South Bureau",
        "extrusionColor": "#1e293b"
      },
      "geometry": {
        "type": "Polygon",
        "coordinates": [
          [
            [
              -118.33088540370547,
              34.0304695263573
            ],
            [
              -118.32960708410296,
              34.0304695263573
            ],
            [
              -118.32960708410296,
              34.031340478644104
            ],
            [
              -118.33088540370547,
              34.031340478644104
            ],
            [
              -118.33088540370547,
              34.0304695263573
            ]
          ]
        ]
      }
    },
    {
      "type": "Feature",
      "properties": {
        "layerType": "BUILDING_3D",
        "id": "SOUTHWEST_BLD_277",
        "name": "Structure #277",
        "height": 21,
        "min_height": 0,
        "render_height": 21,
        "render_min_height": 0,
        "division": "Southwest Division",
        "bureau": "South Bureau",
        "extrusionColor": "#1e293b"
      },
      "geometry": {
        "type": "Polygon",
        "coordinates": [
          [
            [
              -118.32775607423503,
              34.03001575698109
            ],
            [
              -118.32632156458618,
              34.03001575698109
            ],
            [
              -118.32632156458618,
              34.03152603920419
            ],
            [
              -118.32775607423503,
              34.03152603920419
            ],
            [
              -118.32775607423503,
              34.03001575698109
            ]
          ]
        ]
      }
    },
    {
      "type": "Feature",
      "properties": {
        "layerType": "BUILDING_3D",
        "id": "SOUTHWEST_BLD_281",
        "name": "Structure #281",
        "height": 19,
        "min_height": 0,
        "render_height": 19,
        "render_min_height": 0,
        "division": "Southwest Division",
        "bureau": "South Bureau",
        "extrusionColor": "#1e293b"
      },
      "geometry": {
        "type": "Polygon",
        "coordinates": [
          [
            [
              -118.31066707866452,
              34.030337343992684
            ],
            [
              -118.30856705252825,
              34.030337343992684
            ],
            [
              -118.30856705252825,
              34.03140866756523
            ],
            [
              -118.31066707866452,
              34.03140866756523
            ],
            [
              -118.31066707866452,
              34.030337343992684
            ]
          ]
        ]
      }
    },
    {
      "type": "Feature",
      "properties": {
        "layerType": "BUILDING_3D",
        "id": "SOUTHWEST_BLD_282",
        "name": "Structure #282",
        "height": 10,
        "min_height": 0,
        "render_height": 10,
        "render_min_height": 0,
        "division": "Southwest Division",
        "bureau": "South Bureau",
        "extrusionColor": "#1e293b"
      },
      "geometry": {
        "type": "Polygon",
        "coordinates": [
          [
            [
              -118.30738555107087,
              34.03038815999813
            ],
            [
              -118.30562101812785,
              34.03038815999813
            ],
            [
              -118.30562101812785,
              34.031951865391385
            ],
            [
              -118.30738555107087,
              34.031951865391385
            ],
            [
              -118.30738555107087,
              34.03038815999813
            ]
          ]
        ]
      }
    },
    {
      "type": "Feature",
      "properties": {
        "layerType": "BUILDING_3D",
        "id": "SOUTHWEST_BLD_284",
        "name": "Structure #284",
        "height": 19,
        "min_height": 0,
        "render_height": 19,
        "render_min_height": 0,
        "division": "Southwest Division",
        "bureau": "South Bureau",
        "extrusionColor": "#1e293b"
      },
      "geometry": {
        "type": "Polygon",
        "coordinates": [
          [
            [
              -118.29878257222636,
              34.03061989286877
            ],
            [
              -118.29731182212366,
              34.03061989286877
            ],
            [
              -118.29731182212366,
              34.032182035760414
            ],
            [
              -118.29878257222636,
              34.032182035760414
            ],
            [
              -118.29878257222636,
              34.03061989286877
            ]
          ]
        ]
      }
    },
    {
      "type": "Feature",
      "properties": {
        "layerType": "BUILDING_3D",
        "id": "SOUTHWEST_BLD_285",
        "name": "Structure #285",
        "height": 17,
        "min_height": 0,
        "render_height": 17,
        "render_min_height": 0,
        "division": "Southwest Division",
        "bureau": "South Bureau",
        "extrusionColor": "#1e293b"
      },
      "geometry": {
        "type": "Polygon",
        "coordinates": [
          [
            [
              -118.29456723527495,
              34.030076163213906
            ],
            [
              -118.29199429404166,
              34.030076163213906
            ],
            [
              -118.29199429404166,
              34.03165256545728
            ],
            [
              -118.29456723527495,
              34.03165256545728
            ],
            [
              -118.29456723527495,
              34.030076163213906
            ]
          ]
        ]
      }
    },
    {
      "type": "Feature",
      "properties": {
        "layerType": "BUILDING_3D",
        "id": "SOUTHWEST_BLD_286",
        "name": "Structure #286",
        "height": 18,
        "min_height": 0,
        "render_height": 18,
        "render_min_height": 0,
        "division": "Southwest Division",
        "bureau": "South Bureau",
        "extrusionColor": "#1e293b"
      },
      "geometry": {
        "type": "Polygon",
        "coordinates": [
          [
            [
              -118.2913451429418,
              34.03068540474973
            ],
            [
              -118.28874871571742,
              34.03068540474973
            ],
            [
              -118.28874871571742,
              34.0321140238769
            ],
            [
              -118.2913451429418,
              34.0321140238769
            ],
            [
              -118.2913451429418,
              34.03068540474973
            ]
          ]
        ]
      }
    },
    {
      "type": "Feature",
      "properties": {
        "layerType": "BUILDING_3D",
        "id": "SOUTHWEST_BLD_288",
        "name": "Structure #288",
        "height": 23,
        "min_height": 0,
        "render_height": 23,
        "render_min_height": 0,
        "division": "Southwest Division",
        "bureau": "South Bureau",
        "extrusionColor": "#1e293b"
      },
      "geometry": {
        "type": "Polygon",
        "coordinates": [
          [
            [
              -118.28215138801522,
              34.03070256702242
            ],
            [
              -118.27967079901401,
              34.03070256702242
            ],
            [
              -118.27967079901401,
              34.03188322358104
            ],
            [
              -118.28215138801522,
              34.03188322358104
            ],
            [
              -118.28215138801522,
              34.03070256702242
            ]
          ]
        ]
      }
    },
    {
      "type": "Feature",
      "properties": {
        "layerType": "BUILDING_3D",
        "id": "SOUTHWEST_BLD_289",
        "name": "Structure #289",
        "height": 21,
        "min_height": 0,
        "render_height": 21,
        "render_min_height": 0,
        "division": "Southwest Division",
        "bureau": "South Bureau",
        "extrusionColor": "#1e293b"
      },
      "geometry": {
        "type": "Polygon",
        "coordinates": [
          [
            [
              -118.27796047784543,
              34.03045437114975
            ],
            [
              -118.27601586704299,
              34.03045437114975
            ],
            [
              -118.27601586704299,
              34.03225534387999
            ],
            [
              -118.27796047784543,
              34.03225534387999
            ],
            [
              -118.27796047784543,
              34.03045437114975
            ]
          ]
        ]
      }
    },
    {
      "type": "Feature",
      "properties": {
        "layerType": "BUILDING_3D",
        "id": "SOUTHWEST_BLD_290",
        "name": "Structure #290",
        "height": 24,
        "min_height": 0,
        "render_height": 24,
        "render_min_height": 0,
        "division": "Southwest Division",
        "bureau": "South Bureau",
        "extrusionColor": "#1e293b"
      },
      "geometry": {
        "type": "Polygon",
        "coordinates": [
          [
            [
              -118.34425162398863,
              34.03275318294655
            ],
            [
              -118.34128531596237,
              34.03275318294655
            ],
            [
              -118.34128531596237,
              34.03443586754723
            ],
            [
              -118.34425162398863,
              34.03443586754723
            ],
            [
              -118.34425162398863,
              34.03275318294655
            ]
          ]
        ]
      }
    },
    {
      "type": "Feature",
      "properties": {
        "layerType": "BUILDING_3D",
        "id": "SOUTHWEST_BLD_291",
        "name": "Structure #291",
        "height": 16,
        "min_height": 0,
        "render_height": 16,
        "render_min_height": 0,
        "division": "Southwest Division",
        "bureau": "South Bureau",
        "extrusionColor": "#1e293b"
      },
      "geometry": {
        "type": "Polygon",
        "coordinates": [
          [
            [
              -118.34046534573508,
              34.033145060089616
            ],
            [
              -118.33769386521632,
              34.033145060089616
            ],
            [
              -118.33769386521632,
              34.03503649627876
            ],
            [
              -118.34046534573508,
              34.03503649627876
            ],
            [
              -118.34046534573508,
              34.033145060089616
            ]
          ]
        ]
      }
    },
    {
      "type": "Feature",
      "properties": {
        "layerType": "BUILDING_3D",
        "id": "SOUTHWEST_BLD_292",
        "name": "Structure #292",
        "height": 11,
        "min_height": 0,
        "render_height": 11,
        "render_min_height": 0,
        "division": "Southwest Division",
        "bureau": "South Bureau",
        "extrusionColor": "#1e293b"
      },
      "geometry": {
        "type": "Polygon",
        "coordinates": [
          [
            [
              -118.33570225397006,
              34.03330873309766
            ],
            [
              -118.33258694730557,
              34.03330873309766
            ],
            [
              -118.33258694730557,
              34.03468356226342
            ],
            [
              -118.33570225397006,
              34.03468356226342
            ],
            [
              -118.33570225397006,
              34.03330873309766
            ]
          ]
        ]
      }
    },
    {
      "type": "Feature",
      "properties": {
        "layerType": "BUILDING_3D",
        "id": "SOUTHWEST_BLD_293",
        "name": "Structure #293",
        "height": 16,
        "min_height": 0,
        "render_height": 16,
        "render_min_height": 0,
        "division": "Southwest Division",
        "bureau": "South Bureau",
        "extrusionColor": "#1e293b"
      },
      "geometry": {
        "type": "Polygon",
        "coordinates": [
          [
            [
              -118.33131502783914,
              34.0336501940033
            ],
            [
              -118.32905060333084,
              34.0336501940033
            ],
            [
              -118.32905060333084,
              34.03467610389933
            ],
            [
              -118.33131502783914,
              34.03467610389933
            ],
            [
              -118.33131502783914,
              34.0336501940033
            ]
          ]
        ]
      }
    },
    {
      "type": "Feature",
      "properties": {
        "layerType": "BUILDING_3D",
        "id": "SOUTHWEST_BLD_294",
        "name": "Structure #294",
        "height": 18,
        "min_height": 0,
        "render_height": 18,
        "render_min_height": 0,
        "division": "Southwest Division",
        "bureau": "South Bureau",
        "extrusionColor": "#1e293b"
      },
      "geometry": {
        "type": "Polygon",
        "coordinates": [
          [
            [
              -118.3266349745828,
              34.03306786514117
            ],
            [
              -118.32494524063638,
              34.03306786514117
            ],
            [
              -118.32494524063638,
              34.034431861524034
            ],
            [
              -118.3266349745828,
              34.034431861524034
            ],
            [
              -118.3266349745828,
              34.03306786514117
            ]
          ]
        ]
      }
    },
    {
      "type": "Feature",
      "properties": {
        "layerType": "BUILDING_3D",
        "id": "SOUTHWEST_BLD_295",
        "name": "Structure #295",
        "height": 49,
        "min_height": 0,
        "render_height": 49,
        "render_min_height": 0,
        "division": "Southwest Division",
        "bureau": "South Bureau",
        "extrusionColor": "#0ea5e9"
      },
      "geometry": {
        "type": "Polygon",
        "coordinates": [
          [
            [
              -118.32347645741453,
              34.03271612133917
            ],
            [
              -118.32122987513688,
              34.03271612133917
            ],
            [
              -118.32122987513688,
              34.03422533449447
            ],
            [
              -118.32347645741453,
              34.03422533449447
            ],
            [
              -118.32347645741453,
              34.03271612133917
            ]
          ]
        ]
      }
    },
    {
      "type": "Feature",
      "properties": {
        "layerType": "BUILDING_3D",
        "id": "SOUTHWEST_BLD_296",
        "name": "Structure #296",
        "height": 17,
        "min_height": 0,
        "render_height": 17,
        "render_min_height": 0,
        "division": "Southwest Division",
        "bureau": "South Bureau",
        "extrusionColor": "#1e293b"
      },
      "geometry": {
        "type": "Polygon",
        "coordinates": [
          [
            [
              -118.31993815308842,
              34.033166524484834
            ],
            [
              -118.31745239024438,
              34.033166524484834
            ],
            [
              -118.31745239024438,
              34.03431586972774
            ],
            [
              -118.31993815308842,
              34.03431586972774
            ],
            [
              -118.31993815308842,
              34.033166524484834
            ]
          ]
        ]
      }
    },
    {
      "type": "Feature",
      "properties": {
        "layerType": "BUILDING_3D",
        "id": "SOUTHWEST_BLD_297",
        "name": "Structure #297",
        "height": 23,
        "min_height": 0,
        "render_height": 23,
        "render_min_height": 0,
        "division": "Southwest Division",
        "bureau": "South Bureau",
        "extrusionColor": "#1e293b"
      },
      "geometry": {
        "type": "Polygon",
        "coordinates": [
          [
            [
              -118.31507866555438,
              34.03313886421711
            ],
            [
              -118.31318562633078,
              34.03313886421711
            ],
            [
              -118.31318562633078,
              34.03457587683137
            ],
            [
              -118.31507866555438,
              34.03457587683137
            ],
            [
              -118.31507866555438,
              34.03313886421711
            ]
          ]
        ]
      }
    },
    {
      "type": "Feature",
      "properties": {
        "layerType": "BUILDING_3D",
        "id": "SOUTHWEST_BLD_298",
        "name": "Structure #298",
        "height": 20,
        "min_height": 0,
        "render_height": 20,
        "render_min_height": 0,
        "division": "Southwest Division",
        "bureau": "South Bureau",
        "extrusionColor": "#1e293b"
      },
      "geometry": {
        "type": "Polygon",
        "coordinates": [
          [
            [
              -118.31100657658358,
              34.03264982444074
            ],
            [
              -118.30863973227774,
              34.03264982444074
            ],
            [
              -118.30863973227774,
              34.03448912794791
            ],
            [
              -118.31100657658358,
              34.03448912794791
            ],
            [
              -118.31100657658358,
              34.03264982444074
            ]
          ]
        ]
      }
    },
    {
      "type": "Feature",
      "properties": {
        "layerType": "BUILDING_3D",
        "id": "SOUTHWEST_BLD_299",
        "name": "Structure #299",
        "height": 12,
        "min_height": 0,
        "render_height": 12,
        "render_min_height": 0,
        "division": "Southwest Division",
        "bureau": "South Bureau",
        "extrusionColor": "#1e293b"
      },
      "geometry": {
        "type": "Polygon",
        "coordinates": [
          [
            [
              -118.30769440680349,
              34.033002064703254
            ],
            [
              -118.30466496573287,
              34.033002064703254
            ],
            [
              -118.30466496573287,
              34.03459715547956
            ],
            [
              -118.30769440680349,
              34.03459715547956
            ],
            [
              -118.30769440680349,
              34.033002064703254
            ]
          ]
        ]
      }
    },
    {
      "type": "Feature",
      "properties": {
        "layerType": "BUILDING_3D",
        "id": "SOUTHWEST_BLD_300",
        "name": "Structure #300",
        "height": 18,
        "min_height": 0,
        "render_height": 18,
        "render_min_height": 0,
        "division": "Southwest Division",
        "bureau": "South Bureau",
        "extrusionColor": "#1e293b"
      },
      "geometry": {
        "type": "Polygon",
        "coordinates": [
          [
            [
              -118.3029965993123,
              34.03357990166457
            ],
            [
              -118.30036939097484,
              34.03357990166457
            ],
            [
              -118.30036939097484,
              34.03466298394689
            ],
            [
              -118.3029965993123,
              34.03466298394689
            ],
            [
              -118.3029965993123,
              34.03357990166457
            ]
          ]
        ]
      }
    },
    {
      "type": "Feature",
      "properties": {
        "layerType": "BUILDING_3D",
        "id": "SOUTHWEST_BLD_301",
        "name": "Structure #301",
        "height": 11,
        "min_height": 0,
        "render_height": 11,
        "render_min_height": 0,
        "division": "Southwest Division",
        "bureau": "South Bureau",
        "extrusionColor": "#1e293b"
      },
      "geometry": {
        "type": "Polygon",
        "coordinates": [
          [
            [
              -118.29792722078776,
              34.033173463204996
            ],
            [
              -118.29614332055806,
              34.033173463204996
            ],
            [
              -118.29614332055806,
              34.03467868203709
            ],
            [
              -118.29792722078776,
              34.03467868203709
            ],
            [
              -118.29792722078776,
              34.033173463204996
            ]
          ]
        ]
      }
    },
    {
      "type": "Feature",
      "properties": {
        "layerType": "BUILDING_3D",
        "id": "SOUTHWEST_BLD_302",
        "name": "Structure #302",
        "height": 34,
        "min_height": 0,
        "render_height": 34,
        "render_min_height": 0,
        "division": "Southwest Division",
        "bureau": "South Bureau",
        "extrusionColor": "#1e293b"
      },
      "geometry": {
        "type": "Polygon",
        "coordinates": [
          [
            [
              -118.29447900178,
              34.03301453003214
            ],
            [
              -118.29199981782126,
              34.03301453003214
            ],
            [
              -118.29199981782126,
              34.034018401619555
            ],
            [
              -118.29447900178,
              34.034018401619555
            ],
            [
              -118.29447900178,
              34.03301453003214
            ]
          ]
        ]
      }
    },
    {
      "type": "Feature",
      "properties": {
        "layerType": "BUILDING_3D",
        "id": "SOUTHWEST_BLD_303",
        "name": "Structure #303",
        "height": 10,
        "min_height": 0,
        "render_height": 10,
        "render_min_height": 0,
        "division": "Southwest Division",
        "bureau": "South Bureau",
        "extrusionColor": "#1e293b"
      },
      "geometry": {
        "type": "Polygon",
        "coordinates": [
          [
            [
              -118.29062312700589,
              34.03290680360279
            ],
            [
              -118.28896969145015,
              34.03290680360279
            ],
            [
              -118.28896969145015,
              34.03480154652855
            ],
            [
              -118.29062312700589,
              34.03480154652855
            ],
            [
              -118.29062312700589,
              34.03290680360279
            ]
          ]
        ]
      }
    },
    {
      "type": "Feature",
      "properties": {
        "layerType": "BUILDING_3D",
        "id": "SOUTHWEST_BLD_304",
        "name": "Structure #304",
        "height": 24,
        "min_height": 0,
        "render_height": 24,
        "render_min_height": 0,
        "division": "Southwest Division",
        "bureau": "South Bureau",
        "extrusionColor": "#1e293b"
      },
      "geometry": {
        "type": "Polygon",
        "coordinates": [
          [
            [
              -118.28668291171304,
              34.03298939458339
            ],
            [
              -118.28356215865885,
              34.03298939458339
            ],
            [
              -118.28356215865885,
              34.033916799956465
            ],
            [
              -118.28668291171304,
              34.033916799956465
            ],
            [
              -118.28668291171304,
              34.03298939458339
            ]
          ]
        ]
      }
    },
    {
      "type": "Feature",
      "properties": {
        "layerType": "BUILDING_3D",
        "id": "SOUTHWEST_BLD_305",
        "name": "Structure #305",
        "height": 13,
        "min_height": 0,
        "render_height": 13,
        "render_min_height": 0,
        "division": "Southwest Division",
        "bureau": "South Bureau",
        "extrusionColor": "#1e293b"
      },
      "geometry": {
        "type": "Polygon",
        "coordinates": [
          [
            [
              -118.2824292324509,
              34.03321125763053
            ],
            [
              -118.28090174124817,
              34.03321125763053
            ],
            [
              -118.28090174124817,
              34.035120331050656
            ],
            [
              -118.2824292324509,
              34.035120331050656
            ],
            [
              -118.2824292324509,
              34.03321125763053
            ]
          ]
        ]
      }
    },
    {
      "type": "Feature",
      "properties": {
        "layerType": "BUILDING_3D",
        "id": "SOUTHWEST_BLD_306",
        "name": "Structure #306",
        "height": 19,
        "min_height": 0,
        "render_height": 19,
        "render_min_height": 0,
        "division": "Southwest Division",
        "bureau": "South Bureau",
        "extrusionColor": "#1e293b"
      },
      "geometry": {
        "type": "Polygon",
        "coordinates": [
          [
            [
              -118.27794616390264,
              34.03281203888441
            ],
            [
              -118.27480180768126,
              34.03281203888441
            ],
            [
              -118.27480180768126,
              34.033971809712504
            ],
            [
              -118.27794616390264,
              34.033971809712504
            ],
            [
              -118.27794616390264,
              34.03281203888441
            ]
          ]
        ]
      }
    }
  ]
}