{
  "type": "FeatureCollection",
  "name": "Harbor Division (LAPD DIV-05) - Full 3D Building & Boundary GeoJSON",
  "crs": {
    "type": "name",
    "properties": {
      "name": "urn:ogc:def:crs:OGC:1.3:CRS84"
    }
  },
  "metadata": {
    "divisionId": "DIV-05",
    "divisionName": "Harbor Division",
    "bureau": "South Bureau",
    "code": "HARBOR",
    "station": {
      "name": "Harbor Community Police Station",
      "address": "2175 John S. Gibson Blvd, San Pedro, CA 90731",
      "phone": "(310) 726-7700",
      "lat": 33.7665,
      "lng": -118.2862
    },
    "center": [
      -118.285,
      33.76
    ],
    "totalBuildings": 227,
    "fususOneCompatible": true,
    "optimization": "100% Comprehensive 3D Building Extrusions + Division Perimeter"
  },
  "features": [
    {
      "type": "Feature",
      "properties": {
        "layerType": "BOUNDARY",
        "id": "HARBOR_BOUNDARY",
        "name": "Harbor Division Official Perimeter",
        "bureau": "South Bureau",
        "division": "Harbor Division",
        "strokeColor": "#00f3ff",
        "strokeWidth": 3,
        "fillColor": "#00f3ff",
        "fillOpacity": 0.08
      },
      "geometry": {
        "type": "Polygon",
        "coordinates": [
          [
            [
              -118.32,
              33.705
            ],
            [
              -118.24,
              33.705
            ],
            [
              -118.24,
              33.81
            ],
            [
              -118.32,
              33.81
            ],
            [
              -118.32,
              33.705
            ]
          ]
        ]
      }
    },
    {
      "type": "Feature",
      "properties": {
        "layerType": "STATION",
        "id": "HARBOR_STATION",
        "name": "Harbor Community Police Station",
        "address": "2175 John S. Gibson Blvd, San Pedro, CA 90731",
        "phone": "(310) 726-7700",
        "division": "Harbor Division",
        "bureau": "South Bureau",
        "icon": "police-station",
        "markerColor": "#3b82f6"
      },
      "geometry": {
        "type": "Point",
        "coordinates": [
          -118.2862,
          33.7665
        ]
      }
    },
    {
      "type": "Feature",
      "properties": {
        "layerType": "BUILDING_3D",
        "id": "HARBOR_LM_1",
        "name": "Port of Los Angeles World Cruise Center",
        "height": 38,
        "min_height": 0,
        "render_height": 38,
        "render_min_height": 0,
        "division": "Harbor Division",
        "bureau": "South Bureau",
        "extrusionColor": "#00f3ff"
      },
      "geometry": {
        "type": "Polygon",
        "coordinates": [
          [
            [
              -118.2743,
              33.7467
            ],
            [
              -118.27069999999999,
              33.7467
            ],
            [
              -118.27069999999999,
              33.7503
            ],
            [
              -118.2743,
              33.7503
            ],
            [
              -118.2743,
              33.7467
            ]
          ]
        ]
      }
    },
    {
      "type": "Feature",
      "properties": {
        "layerType": "BUILDING_3D",
        "id": "HARBOR_LM_2",
        "name": "Vincent Thomas Bridge Tower",
        "height": 111,
        "min_height": 0,
        "render_height": 111,
        "render_min_height": 0,
        "division": "Harbor Division",
        "bureau": "South Bureau",
        "extrusionColor": "#00f3ff"
      },
      "geometry": {
        "type": "Polygon",
        "coordinates": [
          [
            [
              -118.2729,
              33.7463
            ],
            [
              -118.2693,
              33.7463
            ],
            [
              -118.2693,
              33.749900000000004
            ],
            [
              -118.2729,
              33.749900000000004
            ],
            [
              -118.2729,
              33.7463
            ]
          ]
        ]
      }
    },
    {
      "type": "Feature",
      "properties": {
        "layerType": "BUILDING_3D",
        "id": "HARBOR_BLD_1",
        "name": "Structure #1",
        "height": 19,
        "min_height": 0,
        "render_height": 19,
        "render_min_height": 0,
        "division": "Harbor Division",
        "bureau": "South Bureau",
        "extrusionColor": "#1e293b"
      },
      "geometry": {
        "type": "Polygon",
        "coordinates": [
          [
            [
              -118.31936152039741,
              33.70562529986362
            ],
            [
              -118.31559915507457,
              33.70562529986362
            ],
            [
              -118.31559915507457,
              33.709681220191136
            ],
            [
              -118.31936152039741,
              33.709681220191136
            ],
            [
              -118.31936152039741,
              33.70562529986362
            ]
          ]
        ]
      }
    },
    {
      "type": "Feature",
      "properties": {
        "layerType": "BUILDING_3D",
        "id": "HARBOR_BLD_2",
        "name": "Structure #2",
        "height": 8,
        "min_height": 0,
        "render_height": 8,
        "render_min_height": 0,
        "division": "Harbor Division",
        "bureau": "South Bureau",
        "extrusionColor": "#1e293b"
      },
      "geometry": {
        "type": "Polygon",
        "coordinates": [
          [
            [
              -118.31481769870335,
              33.7074480251137
            ],
            [
              -118.3117274736919,
              33.7074480251137
            ],
            [
              -118.3117274736919,
              33.711194118534856
            ],
            [
              -118.31481769870335,
              33.711194118534856
            ],
            [
              -118.31481769870335,
              33.7074480251137
            ]
          ]
        ]
      }
    },
    {
      "type": "Feature",
      "properties": {
        "layerType": "BUILDING_3D",
        "id": "HARBOR_BLD_3",
        "name": "Structure #3",
        "height": 24,
        "min_height": 0,
        "render_height": 24,
        "render_min_height": 0,
        "division": "Harbor Division",
        "bureau": "South Bureau",
        "extrusionColor": "#1e293b"
      },
      "geometry": {
        "type": "Polygon",
        "coordinates": [
          [
            [
              -118.30872307330272,
              33.7076402198936
            ],
            [
              -118.3058689068866,
              33.7076402198936
            ],
            [
              -118.3058689068866,
              33.70959042910102
            ],
            [
              -118.30872307330272,
              33.70959042910102
            ],
            [
              -118.30872307330272,
              33.7076402198936
            ]
          ]
        ]
      }
    },
    {
      "type": "Feature",
      "properties": {
        "layerType": "BUILDING_3D",
        "id": "HARBOR_BLD_4",
        "name": "Structure #4",
        "height": 45,
        "min_height": 0,
        "render_height": 45,
        "render_min_height": 0,
        "division": "Harbor Division",
        "bureau": "South Bureau",
        "extrusionColor": "#0ea5e9"
      },
      "geometry": {
        "type": "Polygon",
        "coordinates": [
          [
            [
              -118.30387075683176,
              33.70599843977306
            ],
            [
              -118.30238488314991,
              33.70599843977306
            ],
            [
              -118.30238488314991,
              33.71073648617138
            ],
            [
              -118.30387075683176,
              33.71073648617138
            ],
            [
              -118.30387075683176,
              33.70599843977306
            ]
          ]
        ]
      }
    },
    {
      "type": "Feature",
      "properties": {
        "layerType": "BUILDING_3D",
        "id": "HARBOR_BLD_5",
        "name": "Structure #5",
        "height": 11,
        "min_height": 0,
        "render_height": 11,
        "render_min_height": 0,
        "division": "Harbor Division",
        "bureau": "South Bureau",
        "extrusionColor": "#1e293b"
      },
      "geometry": {
        "type": "Polygon",
        "coordinates": [
          [
            [
              -118.30041575457065,
              33.705256396138864
            ],
            [
              -118.29680581445766,
              33.705256396138864
            ],
            [
              -118.29680581445766,
              33.70860511506359
            ],
            [
              -118.30041575457065,
              33.70860511506359
            ],
            [
              -118.30041575457065,
              33.705256396138864
            ]
          ]
        ]
      }
    },
    {
      "type": "Feature",
      "properties": {
        "layerType": "BUILDING_3D",
        "id": "HARBOR_BLD_6",
        "name": "Structure #6",
        "height": 13,
        "min_height": 0,
        "render_height": 13,
        "render_min_height": 0,
        "division": "Harbor Division",
        "bureau": "South Bureau",
        "extrusionColor": "#1e293b"
      },
      "geometry": {
        "type": "Polygon",
        "coordinates": [
          [
            [
              -118.29627523879616,
              33.70793443820108
            ],
            [
              -118.29372383390113,
              33.70793443820108
            ],
            [
              -118.29372383390113,
              33.71038761250681
            ],
            [
              -118.29627523879616,
              33.71038761250681
            ],
            [
              -118.29627523879616,
              33.70793443820108
            ]
          ]
        ]
      }
    },
    {
      "type": "Feature",
      "properties": {
        "layerType": "BUILDING_3D",
        "id": "HARBOR_BLD_8",
        "name": "Harbor Division High-Rise Tower #8",
        "height": 105,
        "min_height": 0,
        "render_height": 105,
        "render_min_height": 0,
        "division": "Harbor Division",
        "bureau": "South Bureau",
        "extrusionColor": "#00f3ff"
      },
      "geometry": {
        "type": "Polygon",
        "coordinates": [
          [
            [
              -118.28577127070768,
              33.70576402249219
            ],
            [
              -118.28369942263673,
              33.70576402249219
            ],
            [
              -118.28369942263673,
              33.70890223286757
            ],
            [
              -118.28577127070768,
              33.70890223286757
            ],
            [
              -118.28577127070768,
              33.70576402249219
            ]
          ]
        ]
      }
    },
    {
      "type": "Feature",
      "properties": {
        "layerType": "BUILDING_3D",
        "id": "HARBOR_BLD_9",
        "name": "Structure #9",
        "height": 24,
        "min_height": 0,
        "render_height": 24,
        "render_min_height": 0,
        "division": "Harbor Division",
        "bureau": "South Bureau",
        "extrusionColor": "#1e293b"
      },
      "geometry": {
        "type": "Polygon",
        "coordinates": [
          [
            [
              -118.28177082880147,
              33.705849711191426
            ],
            [
              -118.2793798113726,
              33.705849711191426
            ],
            [
              -118.2793798113726,
              33.70924234622816
            ],
            [
              -118.28177082880147,
              33.70924234622816
            ],
            [
              -118.28177082880147,
              33.705849711191426
            ]
          ]
        ]
      }
    },
    {
      "type": "Feature",
      "properties": {
        "layerType": "BUILDING_3D",
        "id": "HARBOR_BLD_11",
        "name": "Structure #11",
        "height": 13,
        "min_height": 0,
        "render_height": 13,
        "render_min_height": 0,
        "division": "Harbor Division",
        "bureau": "South Bureau",
        "extrusionColor": "#1e293b"
      },
      "geometry": {
        "type": "Polygon",
        "coordinates": [
          [
            [
              -118.27254351248652,
              33.70704135067724
            ],
            [
              -118.26894850668612,
              33.70704135067724
            ],
            [
              -118.26894850668612,
              33.70912804185212
            ],
            [
              -118.27254351248652,
              33.70912804185212
            ],
            [
              -118.27254351248652,
              33.70704135067724
            ]
          ]
        ]
      }
    },
    {
      "type": "Feature",
      "properties": {
        "layerType": "BUILDING_3D",
        "id": "HARBOR_BLD_12",
        "name": "Structure #12",
        "height": 19,
        "min_height": 0,
        "render_height": 19,
        "render_min_height": 0,
        "division": "Harbor Division",
        "bureau": "South Bureau",
        "extrusionColor": "#1e293b"
      },
      "geometry": {
        "type": "Polygon",
        "coordinates": [
          [
            [
              -118.26667997931594,
              33.70773147633203
            ],
            [
              -118.26509011937318,
              33.70773147633203
            ],
            [
              -118.26509011937318,
              33.710559212319396
            ],
            [
              -118.26667997931594,
              33.710559212319396
            ],
            [
              -118.26667997931594,
              33.70773147633203
            ]
          ]
        ]
      }
    },
    {
      "type": "Feature",
      "properties": {
        "layerType": "BUILDING_3D",
        "id": "HARBOR_BLD_13",
        "name": "Structure #13",
        "height": 17,
        "min_height": 0,
        "render_height": 17,
        "render_min_height": 0,
        "division": "Harbor Division",
        "bureau": "South Bureau",
        "extrusionColor": "#1e293b"
      },
      "geometry": {
        "type": "Polygon",
        "coordinates": [
          [
            [
              -118.26144828694031,
              33.705150174799016
            ],
            [
              -118.25929382142611,
              33.705150174799016
            ],
            [
              -118.25929382142611,
              33.70892970755138
            ],
            [
              -118.26144828694031,
              33.70892970755138
            ],
            [
              -118.26144828694031,
              33.705150174799016
            ]
          ]
        ]
      }
    },
    {
      "type": "Feature",
      "properties": {
        "layerType": "BUILDING_3D",
        "id": "HARBOR_BLD_14",
        "name": "Harbor Division High-Rise Tower #14",
        "height": 99,
        "min_height": 0,
        "render_height": 99,
        "render_min_height": 0,
        "division": "Harbor Division",
        "bureau": "South Bureau",
        "extrusionColor": "#00f3ff"
      },
      "geometry": {
        "type": "Polygon",
        "coordinates": [
          [
            [
              -118.25870911051727,
              33.70584891583117
            ],
            [
              -118.25582946651546,
              33.70584891583117
            ],
            [
              -118.25582946651546,
              33.70941663821921
            ],
            [
              -118.25870911051727,
              33.70941663821921
            ],
            [
              -118.25870911051727,
              33.70584891583117
            ]
          ]
        ]
      }
    },
    {
      "type": "Feature",
      "properties": {
        "layerType": "BUILDING_3D",
        "id": "HARBOR_BLD_16",
        "name": "Structure #16",
        "height": 23,
        "min_height": 0,
        "render_height": 23,
        "render_min_height": 0,
        "division": "Harbor Division",
        "bureau": "South Bureau",
        "extrusionColor": "#1e293b"
      },
      "geometry": {
        "type": "Polygon",
        "coordinates": [
          [
            [
              -118.24767786888819,
              33.70597744501217
            ],
            [
              -118.24597352423834,
              33.70597744501217
            ],
            [
              -118.24597352423834,
              33.7104720872793
            ],
            [
              -118.24767786888819,
              33.7104720872793
            ],
            [
              -118.24767786888819,
              33.70597744501217
            ]
          ]
        ]
      }
    },
    {
      "type": "Feature",
      "properties": {
        "layerType": "BUILDING_3D",
        "id": "HARBOR_BLD_17",
        "name": "Structure #17",
        "height": 14,
        "min_height": 0,
        "render_height": 14,
        "render_min_height": 0,
        "division": "Harbor Division",
        "bureau": "South Bureau",
        "extrusionColor": "#1e293b"
      },
      "geometry": {
        "type": "Polygon",
        "coordinates": [
          [
            [
              -118.24396116234368,
              33.704874524378646
            ],
            [
              -118.24053667299728,
              33.704874524378646
            ],
            [
              -118.24053667299728,
              33.70944577585664
            ],
            [
              -118.24396116234368,
              33.70944577585664
            ],
            [
              -118.24396116234368,
              33.704874524378646
            ]
          ]
        ]
      }
    },
    {
      "type": "Feature",
      "properties": {
        "layerType": "BUILDING_3D",
        "id": "HARBOR_BLD_18",
        "name": "Structure #18",
        "height": 15,
        "min_height": 0,
        "render_height": 15,
        "render_min_height": 0,
        "division": "Harbor Division",
        "bureau": "South Bureau",
        "extrusionColor": "#1e293b"
      },
      "geometry": {
        "type": "Polygon",
        "coordinates": [
          [
            [
              -118.3200956004734,
              33.713647850523195
            ],
            [
              -118.31661274220446,
              33.713647850523195
            ],
            [
              -118.31661274220446,
              33.71663769475128
            ],
            [
              -118.3200956004734,
              33.71663769475128
            ],
            [
              -118.3200956004734,
              33.713647850523195
            ]
          ]
        ]
      }
    },
    {
      "type": "Feature",
      "properties": {
        "layerType": "BUILDING_3D",
        "id": "HARBOR_BLD_20",
        "name": "Harbor Division High-Rise Tower #20",
        "height": 91,
        "min_height": 0,
        "render_height": 91,
        "render_min_height": 0,
        "division": "Harbor Division",
        "bureau": "South Bureau",
        "extrusionColor": "#00f3ff"
      },
      "geometry": {
        "type": "Polygon",
        "coordinates": [
          [
            [
              -118.30870197369987,
              33.71275265726863
            ],
            [
              -118.30633721777568,
              33.71275265726863
            ],
            [
              -118.30633721777568,
              33.715125211143366
            ],
            [
              -118.30870197369987,
              33.715125211143366
            ],
            [
              -118.30870197369987,
              33.71275265726863
            ]
          ]
        ]
      }
    },
    {
      "type": "Feature",
      "properties": {
        "layerType": "BUILDING_3D",
        "id": "HARBOR_BLD_21",
        "name": "Harbor Division High-Rise Tower #21",
        "height": 72,
        "min_height": 0,
        "render_height": 72,
        "render_min_height": 0,
        "division": "Harbor Division",
        "bureau": "South Bureau",
        "extrusionColor": "#0ea5e9"
      },
      "geometry": {
        "type": "Polygon",
        "coordinates": [
          [
            [
              -118.30468144880372,
              33.71307910872005
            ],
            [
              -118.30287378870868,
              33.71307910872005
            ],
            [
              -118.30287378870868,
              33.7149809963678
            ],
            [
              -118.30468144880372,
              33.7149809963678
            ],
            [
              -118.30468144880372,
              33.71307910872005
            ]
          ]
        ]
      }
    },
    {
      "type": "Feature",
      "properties": {
        "layerType": "BUILDING_3D",
        "id": "HARBOR_BLD_22",
        "name": "Structure #22",
        "height": 17,
        "min_height": 0,
        "render_height": 17,
        "render_min_height": 0,
        "division": "Harbor Division",
        "bureau": "South Bureau",
        "extrusionColor": "#1e293b"
      },
      "geometry": {
        "type": "Polygon",
        "coordinates": [
          [
            [
              -118.29972684153542,
              33.711349056503074
            ],
            [
              -118.29827778427999,
              33.711349056503074
            ],
            [
              -118.29827778427999,
              33.715541147343565
            ],
            [
              -118.29972684153542,
              33.715541147343565
            ],
            [
              -118.29972684153542,
              33.711349056503074
            ]
          ]
        ]
      }
    },
    {
      "type": "Feature",
      "properties": {
        "layerType": "BUILDING_3D",
        "id": "HARBOR_BLD_23",
        "name": "Structure #23",
        "height": 24,
        "min_height": 0,
        "render_height": 24,
        "render_min_height": 0,
        "division": "Harbor Division",
        "bureau": "South Bureau",
        "extrusionColor": "#1e293b"
      },
      "geometry": {
        "type": "Polygon",
        "coordinates": [
          [
            [
              -118.29633909420494,
              33.71133922567613
            ],
            [
              -118.29314512023123,
              33.71133922567613
            ],
            [
              -118.29314512023123,
              33.71479791220732
            ],
            [
              -118.29633909420494,
              33.71479791220732
            ],
            [
              -118.29633909420494,
              33.71133922567613
            ]
          ]
        ]
      }
    },
    {
      "type": "Feature",
      "properties": {
        "layerType": "BUILDING_3D",
        "id": "HARBOR_BLD_26",
        "name": "Structure #26",
        "height": 23,
        "min_height": 0,
        "render_height": 23,
        "render_min_height": 0,
        "division": "Harbor Division",
        "bureau": "South Bureau",
        "extrusionColor": "#1e293b"
      },
      "geometry": {
        "type": "Polygon",
        "coordinates": [
          [
            [
              -118.28069772002158,
              33.713406279057175
            ],
            [
              -118.27922715286812,
              33.713406279057175
            ],
            [
              -118.27922715286812,
              33.71707609673512
            ],
            [
              -118.28069772002158,
              33.71707609673512
            ],
            [
              -118.28069772002158,
              33.713406279057175
            ]
          ]
        ]
      }
    },
    {
      "type": "Feature",
      "properties": {
        "layerType": "BUILDING_3D",
        "id": "HARBOR_BLD_27",
        "name": "Structure #27",
        "height": 24,
        "min_height": 0,
        "render_height": 24,
        "render_min_height": 0,
        "division": "Harbor Division",
        "bureau": "South Bureau",
        "extrusionColor": "#1e293b"
      },
      "geometry": {
        "type": "Polygon",
        "coordinates": [
          [
            [
              -118.2759481571329,
              33.710852150953066
            ],
            [
              -118.27315210556874,
              33.710852150953066
            ],
            [
              -118.27315210556874,
              33.715330157716274
            ],
            [
              -118.2759481571329,
              33.715330157716274
            ],
            [
              -118.2759481571329,
              33.710852150953066
            ]
          ]
        ]
      }
    },
    {
      "type": "Feature",
      "properties": {
        "layerType": "BUILDING_3D",
        "id": "HARBOR_BLD_28",
        "name": "Harbor Division High-Rise Tower #28",
        "height": 69,
        "min_height": 0,
        "render_height": 69,
        "render_min_height": 0,
        "division": "Harbor Division",
        "bureau": "South Bureau",
        "extrusionColor": "#0ea5e9"
      },
      "geometry": {
        "type": "Polygon",
        "coordinates": [
          [
            [
              -118.273188277145,
              33.71211022157319
            ],
            [
              -118.26977646246827,
              33.71211022157319
            ],
            [
              -118.26977646246827,
              33.71685560435858
            ],
            [
              -118.273188277145,
              33.71685560435858
            ],
            [
              -118.273188277145,
              33.71211022157319
            ]
          ]
        ]
      }
    },
    {
      "type": "Feature",
      "properties": {
        "layerType": "BUILDING_3D",
        "id": "HARBOR_BLD_30",
        "name": "Structure #30",
        "height": 25,
        "min_height": 0,
        "render_height": 25,
        "render_min_height": 0,
        "division": "Harbor Division",
        "bureau": "South Bureau",
        "extrusionColor": "#1e293b"
      },
      "geometry": {
        "type": "Polygon",
        "coordinates": [
          [
            [
              -118.26201195242523,
              33.71365592305113
            ],
            [
              -118.25902326173905,
              33.71365592305113
            ],
            [
              -118.25902326173905,
              33.717030807052545
            ],
            [
              -118.26201195242523,
              33.717030807052545
            ],
            [
              -118.26201195242523,
              33.71365592305113
            ]
          ]
        ]
      }
    },
    {
      "type": "Feature",
      "properties": {
        "layerType": "BUILDING_3D",
        "id": "HARBOR_BLD_31",
        "name": "Harbor Division High-Rise Tower #31",
        "height": 102,
        "min_height": 0,
        "render_height": 102,
        "render_min_height": 0,
        "division": "Harbor Division",
        "bureau": "South Bureau",
        "extrusionColor": "#00f3ff"
      },
      "geometry": {
        "type": "Polygon",
        "coordinates": [
          [
            [
              -118.25693442277337,
              33.71226674239252
            ],
            [
              -118.2543630825818,
              33.71226674239252
            ],
            [
              -118.2543630825818,
              33.71710362569549
            ],
            [
              -118.25693442277337,
              33.71710362569549
            ],
            [
              -118.25693442277337,
              33.71226674239252
            ]
          ]
        ]
      }
    },
    {
      "type": "Feature",
      "properties": {
        "layerType": "BUILDING_3D",
        "id": "HARBOR_BLD_32",
        "name": "Structure #32",
        "height": 35,
        "min_height": 0,
        "render_height": 35,
        "render_min_height": 0,
        "division": "Harbor Division",
        "bureau": "South Bureau",
        "extrusionColor": "#1e293b"
      },
      "geometry": {
        "type": "Polygon",
        "coordinates": [
          [
            [
              -118.25328696377936,
              33.712689796619976
            ],
            [
              -118.24960171935804,
              33.712689796619976
            ],
            [
              -118.24960171935804,
              33.71580413542936
            ],
            [
              -118.25328696377936,
              33.71580413542936
            ],
            [
              -118.25328696377936,
              33.712689796619976
            ]
          ]
        ]
      }
    },
    {
      "type": "Feature",
      "properties": {
        "layerType": "BUILDING_3D",
        "id": "HARBOR_BLD_33",
        "name": "Structure #33",
        "height": 9,
        "min_height": 0,
        "render_height": 9,
        "render_min_height": 0,
        "division": "Harbor Division",
        "bureau": "South Bureau",
        "extrusionColor": "#1e293b"
      },
      "geometry": {
        "type": "Polygon",
        "coordinates": [
          [
            [
              -118.24825875439598,
              33.71311435355693
            ],
            [
              -118.24588592482692,
              33.71311435355693
            ],
            [
              -118.24588592482692,
              33.717718777374884
            ],
            [
              -118.24825875439598,
              33.717718777374884
            ],
            [
              -118.24825875439598,
              33.71311435355693
            ]
          ]
        ]
      }
    },
    {
      "type": "Feature",
      "properties": {
        "layerType": "BUILDING_3D",
        "id": "HARBOR_BLD_34",
        "name": "Structure #34",
        "height": 8,
        "min_height": 0,
        "render_height": 8,
        "render_min_height": 0,
        "division": "Harbor Division",
        "bureau": "South Bureau",
        "extrusionColor": "#1e293b"
      },
      "geometry": {
        "type": "Polygon",
        "coordinates": [
          [
            [
              -118.24322940009107,
              33.71299983173722
            ],
            [
              -118.23972126765834,
              33.71299983173722
            ],
            [
              -118.23972126765834,
              33.715077228004844
            ],
            [
              -118.24322940009107,
              33.715077228004844
            ],
            [
              -118.24322940009107,
              33.71299983173722
            ]
          ]
        ]
      }
    },
    {
      "type": "Feature",
      "properties": {
        "layerType": "BUILDING_3D",
        "id": "HARBOR_BLD_35",
        "name": "Harbor Division High-Rise Tower #35",
        "height": 106,
        "min_height": 0,
        "render_height": 106,
        "render_min_height": 0,
        "division": "Harbor Division",
        "bureau": "South Bureau",
        "extrusionColor": "#00f3ff"
      },
      "geometry": {
        "type": "Polygon",
        "coordinates": [
          [
            [
              -118.3186107724579,
              33.720421607447136
            ],
            [
              -118.31702799434925,
              33.720421607447136
            ],
            [
              -118.31702799434925,
              33.722392529485106
            ],
            [
              -118.3186107724579,
              33.722392529485106
            ],
            [
              -118.3186107724579,
              33.720421607447136
            ]
          ]
        ]
      }
    },
    {
      "type": "Feature",
      "properties": {
        "layerType": "BUILDING_3D",
        "id": "HARBOR_BLD_36",
        "name": "Structure #36",
        "height": 24,
        "min_height": 0,
        "render_height": 24,
        "render_min_height": 0,
        "division": "Harbor Division",
        "bureau": "South Bureau",
        "extrusionColor": "#1e293b"
      },
      "geometry": {
        "type": "Polygon",
        "coordinates": [
          [
            [
              -118.31295608620275,
              33.71799450679764
            ],
            [
              -118.31145443131666,
              33.71799450679764
            ],
            [
              -118.31145443131666,
              33.720776386054084
            ],
            [
              -118.31295608620275,
              33.720776386054084
            ],
            [
              -118.31295608620275,
              33.71799450679764
            ]
          ]
        ]
      }
    },
    {
      "type": "Feature",
      "properties": {
        "layerType": "BUILDING_3D",
        "id": "HARBOR_BLD_37",
        "name": "Harbor Division High-Rise Tower #37",
        "height": 102,
        "min_height": 0,
        "render_height": 102,
        "render_min_height": 0,
        "division": "Harbor Division",
        "bureau": "South Bureau",
        "extrusionColor": "#00f3ff"
      },
      "geometry": {
        "type": "Polygon",
        "coordinates": [
          [
            [
              -118.31009942339227,
              33.716918932620864
            ],
            [
              -118.30797989633973,
              33.716918932620864
            ],
            [
              -118.30797989633973,
              33.72168160146342
            ],
            [
              -118.31009942339227,
              33.72168160146342
            ],
            [
              -118.31009942339227,
              33.716918932620864
            ]
          ]
        ]
      }
    },
    {
      "type": "Feature",
      "properties": {
        "layerType": "BUILDING_3D",
        "id": "HARBOR_BLD_40",
        "name": "Structure #40",
        "height": 16,
        "min_height": 0,
        "render_height": 16,
        "render_min_height": 0,
        "division": "Harbor Division",
        "bureau": "South Bureau",
        "extrusionColor": "#1e293b"
      },
      "geometry": {
        "type": "Polygon",
        "coordinates": [
          [
            [
              -118.29504907532278,
              33.718492606355234
            ],
            [
              -118.2915214751526,
              33.718492606355234
            ],
            [
              -118.2915214751526,
              33.72050530277895
            ],
            [
              -118.29504907532278,
              33.72050530277895
            ],
            [
              -118.29504907532278,
              33.718492606355234
            ]
          ]
        ]
      }
    },
    {
      "type": "Feature",
      "properties": {
        "layerType": "BUILDING_3D",
        "id": "HARBOR_BLD_41",
        "name": "Harbor Division High-Rise Tower #41",
        "height": 101,
        "min_height": 0,
        "render_height": 101,
        "render_min_height": 0,
        "division": "Harbor Division",
        "bureau": "South Bureau",
        "extrusionColor": "#00f3ff"
      },
      "geometry": {
        "type": "Polygon",
        "coordinates": [
          [
            [
              -118.29089638955567,
              33.719785801287614
            ],
            [
              -118.28936290656618,
              33.719785801287614
            ],
            [
              -118.28936290656618,
              33.72306921789328
            ],
            [
              -118.29089638955567,
              33.72306921789328
            ],
            [
              -118.29089638955567,
              33.719785801287614
            ]
          ]
        ]
      }
    },
    {
      "type": "Feature",
      "properties": {
        "layerType": "BUILDING_3D",
        "id": "HARBOR_BLD_43",
        "name": "Harbor Division High-Rise Tower #43",
        "height": 61,
        "min_height": 0,
        "render_height": 61,
        "render_min_height": 0,
        "division": "Harbor Division",
        "bureau": "South Bureau",
        "extrusionColor": "#0ea5e9"
      },
      "geometry": {
        "type": "Polygon",
        "coordinates": [
          [
            [
              -118.28252755872751,
              33.71805551906238
            ],
            [
              -118.27916004495987,
              33.71805551906238
            ],
            [
              -118.27916004495987,
              33.72264500633022
            ],
            [
              -118.28252755872751,
              33.72264500633022
            ],
            [
              -118.28252755872751,
              33.71805551906238
            ]
          ]
        ]
      }
    },
    {
      "type": "Feature",
      "properties": {
        "layerType": "BUILDING_3D",
        "id": "HARBOR_BLD_45",
        "name": "Structure #45",
        "height": 13,
        "min_height": 0,
        "render_height": 13,
        "render_min_height": 0,
        "division": "Harbor Division",
        "bureau": "South Bureau",
        "extrusionColor": "#1e293b"
      },
      "geometry": {
        "type": "Polygon",
        "coordinates": [
          [
            [
              -118.27174184886701,
              33.71987732680512
            ],
            [
              -118.26818777616359,
              33.71987732680512
            ],
            [
              -118.26818777616359,
              33.722912911646944
            ],
            [
              -118.27174184886701,
              33.722912911646944
            ],
            [
              -118.27174184886701,
              33.71987732680512
            ]
          ]
        ]
      }
    },
    {
      "type": "Feature",
      "properties": {
        "layerType": "BUILDING_3D",
        "id": "HARBOR_BLD_46",
        "name": "Structure #46",
        "height": 18,
        "min_height": 0,
        "render_height": 18,
        "render_min_height": 0,
        "division": "Harbor Division",
        "bureau": "South Bureau",
        "extrusionColor": "#1e293b"
      },
      "geometry": {
        "type": "Polygon",
        "coordinates": [
          [
            [
              -118.2663119526863,
              33.720035772159584
            ],
            [
              -118.26399912614013,
              33.720035772159584
            ],
            [
              -118.26399912614013,
              33.72287483934114
            ],
            [
              -118.2663119526863,
              33.72287483934114
            ],
            [
              -118.2663119526863,
              33.720035772159584
            ]
          ]
        ]
      }
    },
    {
      "type": "Feature",
      "properties": {
        "layerType": "BUILDING_3D",
        "id": "HARBOR_BLD_47",
        "name": "Structure #47",
        "height": 41,
        "min_height": 0,
        "render_height": 41,
        "render_min_height": 0,
        "division": "Harbor Division",
        "bureau": "South Bureau",
        "extrusionColor": "#0ea5e9"
      },
      "geometry": {
        "type": "Polygon",
        "coordinates": [
          [
            [
              -118.26148535006328,
              33.71835557165736
            ],
            [
              -118.25932225125828,
              33.71835557165736
            ],
            [
              -118.25932225125828,
              33.72194842291308
            ],
            [
              -118.26148535006328,
              33.72194842291308
            ],
            [
              -118.26148535006328,
              33.71835557165736
            ]
          ]
        ]
      }
    },
    {
      "type": "Feature",
      "properties": {
        "layerType": "BUILDING_3D",
        "id": "HARBOR_BLD_48",
        "name": "Structure #48",
        "height": 48,
        "min_height": 0,
        "render_height": 48,
        "render_min_height": 0,
        "division": "Harbor Division",
        "bureau": "South Bureau",
        "extrusionColor": "#0ea5e9"
      },
      "geometry": {
        "type": "Polygon",
        "coordinates": [
          [
            [
              -118.25805962047393,
              33.71773548203353
            ],
            [
              -118.2553222099934,
              33.71773548203353
            ],
            [
              -118.2553222099934,
              33.72225408428048
            ],
            [
              -118.25805962047393,
              33.72225408428048
            ],
            [
              -118.25805962047393,
              33.71773548203353
            ]
          ]
        ]
      }
    },
    {
      "type": "Feature",
      "properties": {
        "layerType": "BUILDING_3D",
        "id": "HARBOR_BLD_49",
        "name": "Structure #49",
        "height": 12,
        "min_height": 0,
        "render_height": 12,
        "render_min_height": 0,
        "division": "Harbor Division",
        "bureau": "South Bureau",
        "extrusionColor": "#1e293b"
      },
      "geometry": {
        "type": "Polygon",
        "coordinates": [
          [
            [
              -118.2538261873582,
              33.71945103361325
            ],
            [
              -118.2503834427891,
              33.71945103361325
            ],
            [
              -118.2503834427891,
              33.721744587219426
            ],
            [
              -118.2538261873582,
              33.721744587219426
            ],
            [
              -118.2538261873582,
              33.71945103361325
            ]
          ]
        ]
      }
    },
    {
      "type": "Feature",
      "properties": {
        "layerType": "BUILDING_3D",
        "id": "HARBOR_BLD_50",
        "name": "Structure #50",
        "height": 13,
        "min_height": 0,
        "render_height": 13,
        "render_min_height": 0,
        "division": "Harbor Division",
        "bureau": "South Bureau",
        "extrusionColor": "#1e293b"
      },
      "geometry": {
        "type": "Polygon",
        "coordinates": [
          [
            [
              -118.24781321808739,
              33.72005490045399
            ],
            [
              -118.24606574867316,
              33.72005490045399
            ],
            [
              -118.24606574867316,
              33.72262192196466
            ],
            [
              -118.24781321808739,
              33.72262192196466
            ],
            [
              -118.24781321808739,
              33.72005490045399
            ]
          ]
        ]
      }
    },
    {
      "type": "Feature",
      "properties": {
        "layerType": "BUILDING_3D",
        "id": "HARBOR_BLD_51",
        "name": "Structure #51",
        "height": 11,
        "min_height": 0,
        "render_height": 11,
        "render_min_height": 0,
        "division": "Harbor Division",
        "bureau": "South Bureau",
        "extrusionColor": "#1e293b"
      },
      "geometry": {
        "type": "Polygon",
        "coordinates": [
          [
            [
              -118.24264724671292,
              33.71817749882106
            ],
            [
              -118.24069142080003,
              33.71817749882106
            ],
            [
              -118.24069142080003,
              33.72093924577236
            ],
            [
              -118.24264724671292,
              33.72093924577236
            ],
            [
              -118.24264724671292,
              33.71817749882106
            ]
          ]
        ]
      }
    },
    {
      "type": "Feature",
      "properties": {
        "layerType": "BUILDING_3D",
        "id": "HARBOR_BLD_52",
        "name": "Harbor Division High-Rise Tower #52",
        "height": 66,
        "min_height": 0,
        "render_height": 66,
        "render_min_height": 0,
        "division": "Harbor Division",
        "bureau": "South Bureau",
        "extrusionColor": "#0ea5e9"
      },
      "geometry": {
        "type": "Polygon",
        "coordinates": [
          [
            [
              -118.31937176560412,
              33.724706343300575
            ],
            [
              -118.31726757745075,
              33.724706343300575
            ],
            [
              -118.31726757745075,
              33.7272008911165
            ],
            [
              -118.31937176560412,
              33.7272008911165
            ],
            [
              -118.31937176560412,
              33.724706343300575
            ]
          ]
        ]
      }
    },
    {
      "type": "Feature",
      "properties": {
        "layerType": "BUILDING_3D",
        "id": "HARBOR_BLD_54",
        "name": "Structure #54",
        "height": 18,
        "min_height": 0,
        "render_height": 18,
        "render_min_height": 0,
        "division": "Harbor Division",
        "bureau": "South Bureau",
        "extrusionColor": "#1e293b"
      },
      "geometry": {
        "type": "Polygon",
        "coordinates": [
          [
            [
              -118.30969604605387,
              33.72427573469146
            ],
            [
              -118.3075490176066,
              33.72427573469146
            ],
            [
              -118.3075490176066,
              33.72751554181403
            ],
            [
              -118.30969604605387,
              33.72751554181403
            ],
            [
              -118.30969604605387,
              33.72427573469146
            ]
          ]
        ]
      }
    },
    {
      "type": "Feature",
      "properties": {
        "layerType": "BUILDING_3D",
        "id": "HARBOR_BLD_55",
        "name": "Structure #55",
        "height": 21,
        "min_height": 0,
        "render_height": 21,
        "render_min_height": 0,
        "division": "Harbor Division",
        "bureau": "South Bureau",
        "extrusionColor": "#1e293b"
      },
      "geometry": {
        "type": "Polygon",
        "coordinates": [
          [
            [
              -118.30531372594936,
              33.724288508522314
            ],
            [
              -118.30284530147503,
              33.724288508522314
            ],
            [
              -118.30284530147503,
              33.72802025121697
            ],
            [
              -118.30531372594936,
              33.72802025121697
            ],
            [
              -118.30531372594936,
              33.724288508522314
            ]
          ]
        ]
      }
    },
    {
      "type": "Feature",
      "properties": {
        "layerType": "BUILDING_3D",
        "id": "HARBOR_BLD_56",
        "name": "Structure #56",
        "height": 8,
        "min_height": 0,
        "render_height": 8,
        "render_min_height": 0,
        "division": "Harbor Division",
        "bureau": "South Bureau",
        "extrusionColor": "#1e293b"
      },
      "geometry": {
        "type": "Polygon",
        "coordinates": [
          [
            [
              -118.30059811115385,
              33.724379400256666
            ],
            [
              -118.2977548786246,
              33.724379400256666
            ],
            [
              -118.2977548786246,
              33.72860429113943
            ],
            [
              -118.30059811115385,
              33.72860429113943
            ],
            [
              -118.30059811115385,
              33.724379400256666
            ]
          ]
        ]
      }
    },
    {
      "type": "Feature",
      "properties": {
        "layerType": "BUILDING_3D",
        "id": "HARBOR_BLD_57",
        "name": "Structure #57",
        "height": 13,
        "min_height": 0,
        "render_height": 13,
        "render_min_height": 0,
        "division": "Harbor Division",
        "bureau": "South Bureau",
        "extrusionColor": "#1e293b"
      },
      "geometry": {
        "type": "Polygon",
        "coordinates": [
          [
            [
              -118.2958229779557,
              33.725957848343
            ],
            [
              -118.29260401347359,
              33.725957848343
            ],
            [
              -118.29260401347359,
              33.727812939968445
            ],
            [
              -118.2958229779557,
              33.727812939968445
            ],
            [
              -118.2958229779557,
              33.725957848343
            ]
          ]
        ]
      }
    },
    {
      "type": "Feature",
      "properties": {
        "layerType": "BUILDING_3D",
        "id": "HARBOR_BLD_58",
        "name": "Structure #58",
        "height": 21,
        "min_height": 0,
        "render_height": 21,
        "render_min_height": 0,
        "division": "Harbor Division",
        "bureau": "South Bureau",
        "extrusionColor": "#1e293b"
      },
      "geometry": {
        "type": "Polygon",
        "coordinates": [
          [
            [
              -118.28991446848937,
              33.725904231436296
            ],
            [
              -118.28850106534617,
              33.725904231436296
            ],
            [
              -118.28850106534617,
              33.72865559397612
            ],
            [
              -118.28991446848937,
              33.72865559397612
            ],
            [
              -118.28991446848937,
              33.725904231436296
            ]
          ]
        ]
      }
    },
    {
      "type": "Feature",
      "properties": {
        "layerType": "BUILDING_3D",
        "id": "HARBOR_BLD_59",
        "name": "Structure #59",
        "height": 13,
        "min_height": 0,
        "render_height": 13,
        "render_min_height": 0,
        "division": "Harbor Division",
        "bureau": "South Bureau",
        "extrusionColor": "#1e293b"
      },
      "geometry": {
        "type": "Polygon",
        "coordinates": [
          [
            [
              -118.28524943711295,
              33.7232621813995
            ],
            [
              -118.28315316089214,
              33.7232621813995
            ],
            [
              -118.28315316089214,
              33.72750596520121
            ],
            [
              -118.28524943711295,
              33.72750596520121
            ],
            [
              -118.28524943711295,
              33.7232621813995
            ]
          ]
        ]
      }
    },
    {
      "type": "Feature",
      "properties": {
        "layerType": "BUILDING_3D",
        "id": "HARBOR_BLD_60",
        "name": "Structure #60",
        "height": 25,
        "min_height": 0,
        "render_height": 25,
        "render_min_height": 0,
        "division": "Harbor Division",
        "bureau": "South Bureau",
        "extrusionColor": "#1e293b"
      },
      "geometry": {
        "type": "Polygon",
        "coordinates": [
          [
            [
              -118.28255654526426,
              33.72470275058854
            ],
            [
              -118.27932318617722,
              33.72470275058854
            ],
            [
              -118.27932318617722,
              33.72749942947518
            ],
            [
              -118.28255654526426,
              33.72749942947518
            ],
            [
              -118.28255654526426,
              33.72470275058854
            ]
          ]
        ]
      }
    },
    {
      "type": "Feature",
      "properties": {
        "layerType": "BUILDING_3D",
        "id": "HARBOR_BLD_62",
        "name": "Structure #62",
        "height": 11,
        "min_height": 0,
        "render_height": 11,
        "render_min_height": 0,
        "division": "Harbor Division",
        "bureau": "South Bureau",
        "extrusionColor": "#1e293b"
      },
      "geometry": {
        "type": "Polygon",
        "coordinates": [
          [
            [
              -118.27191773008066,
              33.72405407807385
            ],
            [
              -118.26822654243891,
              33.72405407807385
            ],
            [
              -118.26822654243891,
              33.72822060814478
            ],
            [
              -118.27191773008066,
              33.72822060814478
            ],
            [
              -118.27191773008066,
              33.72405407807385
            ]
          ]
        ]
      }
    },
    {
      "type": "Feature",
      "properties": {
        "layerType": "BUILDING_3D",
        "id": "HARBOR_BLD_63",
        "name": "Structure #63",
        "height": 15,
        "min_height": 0,
        "render_height": 15,
        "render_min_height": 0,
        "division": "Harbor Division",
        "bureau": "South Bureau",
        "extrusionColor": "#1e293b"
      },
      "geometry": {
        "type": "Polygon",
        "coordinates": [
          [
            [
              -118.26783554835829,
              33.72657272725794
            ],
            [
              -118.26466104925665,
              33.72657272725794
            ],
            [
              -118.26466104925665,
              33.72897876678973
            ],
            [
              -118.26783554835829,
              33.72897876678973
            ],
            [
              -118.26783554835829,
              33.72657272725794
            ]
          ]
        ]
      }
    },
    {
      "type": "Feature",
      "properties": {
        "layerType": "BUILDING_3D",
        "id": "HARBOR_BLD_64",
        "name": "Structure #64",
        "height": 25,
        "min_height": 0,
        "render_height": 25,
        "render_min_height": 0,
        "division": "Harbor Division",
        "bureau": "South Bureau",
        "extrusionColor": "#1e293b"
      },
      "geometry": {
        "type": "Polygon",
        "coordinates": [
          [
            [
              -118.26121069519843,
              33.72565874308123
            ],
            [
              -118.25937752222183,
              33.72565874308123
            ],
            [
              -118.25937752222183,
              33.728807705032246
            ],
            [
              -118.26121069519843,
              33.728807705032246
            ],
            [
              -118.26121069519843,
              33.72565874308123
            ]
          ]
        ]
      }
    },
    {
      "type": "Feature",
      "properties": {
        "layerType": "BUILDING_3D",
        "id": "HARBOR_BLD_65",
        "name": "Harbor Division High-Rise Tower #65",
        "height": 76,
        "min_height": 0,
        "render_height": 76,
        "render_min_height": 0,
        "division": "Harbor Division",
        "bureau": "South Bureau",
        "extrusionColor": "#0ea5e9"
      },
      "geometry": {
        "type": "Polygon",
        "coordinates": [
          [
            [
              -118.25720118174202,
              33.723397678933416
            ],
            [
              -118.25480197263649,
              33.723397678933416
            ],
            [
              -118.25480197263649,
              33.728251984317446
            ],
            [
              -118.25720118174202,
              33.728251984317446
            ],
            [
              -118.25720118174202,
              33.723397678933416
            ]
          ]
        ]
      }
    },
    {
      "type": "Feature",
      "properties": {
        "layerType": "BUILDING_3D",
        "id": "HARBOR_BLD_66",
        "name": "Structure #66",
        "height": 18,
        "min_height": 0,
        "render_height": 18,
        "render_min_height": 0,
        "division": "Harbor Division",
        "bureau": "South Bureau",
        "extrusionColor": "#1e293b"
      },
      "geometry": {
        "type": "Polygon",
        "coordinates": [
          [
            [
              -118.25421801493027,
              33.72396014927704
            ],
            [
              -118.25051949654244,
              33.72396014927704
            ],
            [
              -118.25051949654244,
              33.72887818984457
            ],
            [
              -118.25421801493027,
              33.72887818984457
            ],
            [
              -118.25421801493027,
              33.72396014927704
            ]
          ]
        ]
      }
    },
    {
      "type": "Feature",
      "properties": {
        "layerType": "BUILDING_3D",
        "id": "HARBOR_BLD_68",
        "name": "Structure #68",
        "height": 11,
        "min_height": 0,
        "render_height": 11,
        "render_min_height": 0,
        "division": "Harbor Division",
        "bureau": "South Bureau",
        "extrusionColor": "#1e293b"
      },
      "geometry": {
        "type": "Polygon",
        "coordinates": [
          [
            [
              -118.24284249092912,
              33.725764306278634
            ],
            [
              -118.24008693847387,
              33.725764306278634
            ],
            [
              -118.24008693847387,
              33.72990455862943
            ],
            [
              -118.24284249092912,
              33.72990455862943
            ],
            [
              -118.24284249092912,
              33.725764306278634
            ]
          ]
        ]
      }
    },
    {
      "type": "Feature",
      "properties": {
        "layerType": "BUILDING_3D",
        "id": "HARBOR_BLD_69",
        "name": "Harbor Division High-Rise Tower #69",
        "height": 73,
        "min_height": 0,
        "render_height": 73,
        "render_min_height": 0,
        "division": "Harbor Division",
        "bureau": "South Bureau",
        "extrusionColor": "#0ea5e9"
      },
      "geometry": {
        "type": "Polygon",
        "coordinates": [
          [
            [
              -118.31829722322748,
              33.73172324118949
            ],
            [
              -118.31514274524592,
              33.73172324118949
            ],
            [
              -118.31514274524592,
              33.734216360143016
            ],
            [
              -118.31829722322748,
              33.734216360143016
            ],
            [
              -118.31829722322748,
              33.73172324118949
            ]
          ]
        ]
      }
    },
    {
      "type": "Feature",
      "properties": {
        "layerType": "BUILDING_3D",
        "id": "HARBOR_BLD_70",
        "name": "Harbor Division High-Rise Tower #70",
        "height": 54,
        "min_height": 0,
        "render_height": 54,
        "render_min_height": 0,
        "division": "Harbor Division",
        "bureau": "South Bureau",
        "extrusionColor": "#0ea5e9"
      },
      "geometry": {
        "type": "Polygon",
        "coordinates": [
          [
            [
              -118.31375708234302,
              33.73135315434395
            ],
            [
              -118.31185756314034,
              33.73135315434395
            ],
            [
              -118.31185756314034,
              33.735424190593804
            ],
            [
              -118.31375708234302,
              33.735424190593804
            ],
            [
              -118.31375708234302,
              33.73135315434395
            ]
          ]
        ]
      }
    },
    {
      "type": "Feature",
      "properties": {
        "layerType": "BUILDING_3D",
        "id": "HARBOR_BLD_71",
        "name": "Structure #71",
        "height": 13,
        "min_height": 0,
        "render_height": 13,
        "render_min_height": 0,
        "division": "Harbor Division",
        "bureau": "South Bureau",
        "extrusionColor": "#1e293b"
      },
      "geometry": {
        "type": "Polygon",
        "coordinates": [
          [
            [
              -118.30933317092001,
              33.73030898737806
            ],
            [
              -118.30623142901536,
              33.73030898737806
            ],
            [
              -118.30623142901536,
              33.73383294412405
            ],
            [
              -118.30933317092001,
              33.73383294412405
            ],
            [
              -118.30933317092001,
              33.73030898737806
            ]
          ]
        ]
      }
    },
    {
      "type": "Feature",
      "properties": {
        "layerType": "BUILDING_3D",
        "id": "HARBOR_BLD_72",
        "name": "Structure #72",
        "height": 22,
        "min_height": 0,
        "render_height": 22,
        "render_min_height": 0,
        "division": "Harbor Division",
        "bureau": "South Bureau",
        "extrusionColor": "#1e293b"
      },
      "geometry": {
        "type": "Polygon",
        "coordinates": [
          [
            [
              -118.3054228443506,
              33.731945076680226
            ],
            [
              -118.30273792492508,
              33.731945076680226
            ],
            [
              -118.30273792492508,
              33.73472152249601
            ],
            [
              -118.3054228443506,
              33.73472152249601
            ],
            [
              -118.3054228443506,
              33.731945076680226
            ]
          ]
        ]
      }
    },
    {
      "type": "Feature",
      "properties": {
        "layerType": "BUILDING_3D",
        "id": "HARBOR_BLD_73",
        "name": "Structure #73",
        "height": 16,
        "min_height": 0,
        "render_height": 16,
        "render_min_height": 0,
        "division": "Harbor Division",
        "bureau": "South Bureau",
        "extrusionColor": "#1e293b"
      },
      "geometry": {
        "type": "Polygon",
        "coordinates": [
          [
            [
              -118.29947041776744,
              33.730704306504045
            ],
            [
              -118.29735503047924,
              33.730704306504045
            ],
            [
              -118.29735503047924,
              33.73508696546602
            ],
            [
              -118.29947041776744,
              33.73508696546602
            ],
            [
              -118.29947041776744,
              33.730704306504045
            ]
          ]
        ]
      }
    },
    {
      "type": "Feature",
      "properties": {
        "layerType": "BUILDING_3D",
        "id": "HARBOR_BLD_74",
        "name": "Structure #74",
        "height": 20,
        "min_height": 0,
        "render_height": 20,
        "render_min_height": 0,
        "division": "Harbor Division",
        "bureau": "South Bureau",
        "extrusionColor": "#1e293b"
      },
      "geometry": {
        "type": "Polygon",
        "coordinates": [
          [
            [
              -118.29570988412017,
              33.730633452482884
            ],
            [
              -118.29237071538724,
              33.730633452482884
            ],
            [
              -118.29237071538724,
              33.73396180199884
            ],
            [
              -118.29570988412017,
              33.73396180199884
            ],
            [
              -118.29570988412017,
              33.730633452482884
            ]
          ]
        ]
      }
    },
    {
      "type": "Feature",
      "properties": {
        "layerType": "BUILDING_3D",
        "id": "HARBOR_BLD_75",
        "name": "Structure #75",
        "height": 17,
        "min_height": 0,
        "render_height": 17,
        "render_min_height": 0,
        "division": "Harbor Division",
        "bureau": "South Bureau",
        "extrusionColor": "#1e293b"
      },
      "geometry": {
        "type": "Polygon",
        "coordinates": [
          [
            [
              -118.29105798578334,
              33.73162542846204
            ],
            [
              -118.28852210043786,
              33.73162542846204
            ],
            [
              -118.28852210043786,
              33.73553976705358
            ],
            [
              -118.29105798578334,
              33.73553976705358
            ],
            [
              -118.29105798578334,
              33.73162542846204
            ]
          ]
        ]
      }
    },
    {
      "type": "Feature",
      "properties": {
        "layerType": "BUILDING_3D",
        "id": "HARBOR_BLD_76",
        "name": "Structure #76",
        "height": 15,
        "min_height": 0,
        "render_height": 15,
        "render_min_height": 0,
        "division": "Harbor Division",
        "bureau": "South Bureau",
        "extrusionColor": "#1e293b"
      },
      "geometry": {
        "type": "Polygon",
        "coordinates": [
          [
            [
              -118.2855963122082,
              33.731030969547874
            ],
            [
              -118.28261395899558,
              33.731030969547874
            ],
            [
              -118.28261395899558,
              33.73444733085414
            ],
            [
              -118.2855963122082,
              33.73444733085414
            ],
            [
              -118.2855963122082,
              33.731030969547874
            ]
          ]
        ]
      }
    },
    {
      "type": "Feature",
      "properties": {
        "layerType": "BUILDING_3D",
        "id": "HARBOR_BLD_77",
        "name": "Structure #77",
        "height": 10,
        "min_height": 0,
        "render_height": 10,
        "render_min_height": 0,
        "division": "Harbor Division",
        "bureau": "South Bureau",
        "extrusionColor": "#1e293b"
      },
      "geometry": {
        "type": "Polygon",
        "coordinates": [
          [
            [
              -118.2813433509327,
              33.731615380921134
            ],
            [
              -118.27874040898507,
              33.731615380921134
            ],
            [
              -118.27874040898507,
              33.73480050200181
            ],
            [
              -118.2813433509327,
              33.73480050200181
            ],
            [
              -118.2813433509327,
              33.731615380921134
            ]
          ]
        ]
      }
    },
    {
      "type": "Feature",
      "properties": {
        "layerType": "BUILDING_3D",
        "id": "HARBOR_BLD_78",
        "name": "Structure #78",
        "height": 12,
        "min_height": 0,
        "render_height": 12,
        "render_min_height": 0,
        "division": "Harbor Division",
        "bureau": "South Bureau",
        "extrusionColor": "#1e293b"
      },
      "geometry": {
        "type": "Polygon",
        "coordinates": [
          [
            [
              -118.27619220277157,
              33.731634695609195
            ],
            [
              -118.27376544385297,
              33.731634695609195
            ],
            [
              -118.27376544385297,
              33.7339844236573
            ],
            [
              -118.27619220277157,
              33.7339844236573
            ],
            [
              -118.27619220277157,
              33.731634695609195
            ]
          ]
        ]
      }
    },
    {
      "type": "Feature",
      "properties": {
        "layerType": "BUILDING_3D",
        "id": "HARBOR_BLD_79",
        "name": "Structure #79",
        "height": 19,
        "min_height": 0,
        "render_height": 19,
        "render_min_height": 0,
        "division": "Harbor Division",
        "bureau": "South Bureau",
        "extrusionColor": "#1e293b"
      },
      "geometry": {
        "type": "Polygon",
        "coordinates": [
          [
            [
              -118.27147160446582,
              33.731307387404634
            ],
            [
              -118.26968133547679,
              33.731307387404634
            ],
            [
              -118.26968133547679,
              33.733941747500914
            ],
            [
              -118.27147160446582,
              33.733941747500914
            ],
            [
              -118.27147160446582,
              33.731307387404634
            ]
          ]
        ]
      }
    },
    {
      "type": "Feature",
      "properties": {
        "layerType": "BUILDING_3D",
        "id": "HARBOR_BLD_80",
        "name": "Structure #80",
        "height": 21,
        "min_height": 0,
        "render_height": 21,
        "render_min_height": 0,
        "division": "Harbor Division",
        "bureau": "South Bureau",
        "extrusionColor": "#1e293b"
      },
      "geometry": {
        "type": "Polygon",
        "coordinates": [
          [
            [
              -118.26701509979254,
              33.730004619027525
            ],
            [
              -118.26500796829062,
              33.730004619027525
            ],
            [
              -118.26500796829062,
              33.73390788702592
            ],
            [
              -118.26701509979254,
              33.73390788702592
            ],
            [
              -118.26701509979254,
              33.730004619027525
            ]
          ]
        ]
      }
    },
    {
      "type": "Feature",
      "properties": {
        "layerType": "BUILDING_3D",
        "id": "HARBOR_BLD_81",
        "name": "Structure #81",
        "height": 23,
        "min_height": 0,
        "render_height": 23,
        "render_min_height": 0,
        "division": "Harbor Division",
        "bureau": "South Bureau",
        "extrusionColor": "#1e293b"
      },
      "geometry": {
        "type": "Polygon",
        "coordinates": [
          [
            [
              -118.26330180286978,
              33.73013519362284
            ],
            [
              -118.26032788439481,
              33.73013519362284
            ],
            [
              -118.26032788439481,
              33.73423272370768
            ],
            [
              -118.26330180286978,
              33.73423272370768
            ],
            [
              -118.26330180286978,
              33.73013519362284
            ]
          ]
        ]
      }
    },
    {
      "type": "Feature",
      "properties": {
        "layerType": "BUILDING_3D",
        "id": "HARBOR_BLD_83",
        "name": "Structure #83",
        "height": 12,
        "min_height": 0,
        "render_height": 12,
        "render_min_height": 0,
        "division": "Harbor Division",
        "bureau": "South Bureau",
        "extrusionColor": "#1e293b"
      },
      "geometry": {
        "type": "Polygon",
        "coordinates": [
          [
            [
              -118.25319490342405,
              33.73162197942782
            ],
            [
              -118.24971741525128,
              33.73162197942782
            ],
            [
              -118.24971741525128,
              33.73508700988439
            ],
            [
              -118.25319490342405,
              33.73508700988439
            ],
            [
              -118.25319490342405,
              33.73162197942782
            ]
          ]
        ]
      }
    },
    {
      "type": "Feature",
      "properties": {
        "layerType": "BUILDING_3D",
        "id": "HARBOR_BLD_84",
        "name": "Structure #84",
        "height": 19,
        "min_height": 0,
        "render_height": 19,
        "render_min_height": 0,
        "division": "Harbor Division",
        "bureau": "South Bureau",
        "extrusionColor": "#1e293b"
      },
      "geometry": {
        "type": "Polygon",
        "coordinates": [
          [
            [
              -118.24795188122026,
              33.7324464126703
            ],
            [
              -118.24531185801526,
              33.7324464126703
            ],
            [
              -118.24531185801526,
              33.73500925366896
            ],
            [
              -118.24795188122026,
              33.73500925366896
            ],
            [
              -118.24795188122026,
              33.7324464126703
            ]
          ]
        ]
      }
    },
    {
      "type": "Feature",
      "properties": {
        "layerType": "BUILDING_3D",
        "id": "HARBOR_BLD_85",
        "name": "Structure #85",
        "height": 9,
        "min_height": 0,
        "render_height": 9,
        "render_min_height": 0,
        "division": "Harbor Division",
        "bureau": "South Bureau",
        "extrusionColor": "#1e293b"
      },
      "geometry": {
        "type": "Polygon",
        "coordinates": [
          [
            [
              -118.242617859254,
              33.730898823295874
            ],
            [
              -118.2406652184931,
              33.730898823295874
            ],
            [
              -118.2406652184931,
              33.7347981666111
            ],
            [
              -118.242617859254,
              33.7347981666111
            ],
            [
              -118.242617859254,
              33.730898823295874
            ]
          ]
        ]
      }
    },
    {
      "type": "Feature",
      "properties": {
        "layerType": "BUILDING_3D",
        "id": "HARBOR_BLD_86",
        "name": "Harbor Division High-Rise Tower #86",
        "height": 73,
        "min_height": 0,
        "render_height": 73,
        "render_min_height": 0,
        "division": "Harbor Division",
        "bureau": "South Bureau",
        "extrusionColor": "#0ea5e9"
      },
      "geometry": {
        "type": "Polygon",
        "coordinates": [
          [
            [
              -118.3190910926149,
              33.73726462302128
            ],
            [
              -118.31612016437474,
              33.73726462302128
            ],
            [
              -118.31612016437474,
              33.739341804929516
            ],
            [
              -118.3190910926149,
              33.739341804929516
            ],
            [
              -118.3190910926149,
              33.73726462302128
            ]
          ]
        ]
      }
    },
    {
      "type": "Feature",
      "properties": {
        "layerType": "BUILDING_3D",
        "id": "HARBOR_BLD_87",
        "name": "Structure #87",
        "height": 17,
        "min_height": 0,
        "render_height": 17,
        "render_min_height": 0,
        "division": "Harbor Division",
        "bureau": "South Bureau",
        "extrusionColor": "#1e293b"
      },
      "geometry": {
        "type": "Polygon",
        "coordinates": [
          [
            [
              -118.31424095949077,
              33.73781513574558
            ],
            [
              -118.31265834470355,
              33.73781513574558
            ],
            [
              -118.31265834470355,
              33.74092969591172
            ],
            [
              -118.31424095949077,
              33.74092969591172
            ],
            [
              -118.31424095949077,
              33.73781513574558
            ]
          ]
        ]
      }
    },
    {
      "type": "Feature",
      "properties": {
        "layerType": "BUILDING_3D",
        "id": "HARBOR_BLD_88",
        "name": "Structure #88",
        "height": 19,
        "min_height": 0,
        "render_height": 19,
        "render_min_height": 0,
        "division": "Harbor Division",
        "bureau": "South Bureau",
        "extrusionColor": "#1e293b"
      },
      "geometry": {
        "type": "Polygon",
        "coordinates": [
          [
            [
              -118.30911563887172,
              33.736156917494334
            ],
            [
              -118.30674264064989,
              33.736156917494334
            ],
            [
              -118.30674264064989,
              33.739672455911794
            ],
            [
              -118.30911563887172,
              33.739672455911794
            ],
            [
              -118.30911563887172,
              33.736156917494334
            ]
          ]
        ]
      }
    },
    {
      "type": "Feature",
      "properties": {
        "layerType": "BUILDING_3D",
        "id": "HARBOR_BLD_89",
        "name": "Structure #89",
        "height": 24,
        "min_height": 0,
        "render_height": 24,
        "render_min_height": 0,
        "division": "Harbor Division",
        "bureau": "South Bureau",
        "extrusionColor": "#1e293b"
      },
      "geometry": {
        "type": "Polygon",
        "coordinates": [
          [
            [
              -118.30567316090067,
              33.73685354897142
            ],
            [
              -118.30299465543975,
              33.73685354897142
            ],
            [
              -118.30299465543975,
              33.74063562964735
            ],
            [
              -118.30567316090067,
              33.74063562964735
            ],
            [
              -118.30567316090067,
              33.73685354897142
            ]
          ]
        ]
      }
    },
    {
      "type": "Feature",
      "properties": {
        "layerType": "BUILDING_3D",
        "id": "HARBOR_BLD_91",
        "name": "Structure #91",
        "height": 19,
        "min_height": 0,
        "render_height": 19,
        "render_min_height": 0,
        "division": "Harbor Division",
        "bureau": "South Bureau",
        "extrusionColor": "#1e293b"
      },
      "geometry": {
        "type": "Polygon",
        "coordinates": [
          [
            [
              -118.29584241567092,
              33.737334700662025
            ],
            [
              -118.29224844617981,
              33.737334700662025
            ],
            [
              -118.29224844617981,
              33.741222510772424
            ],
            [
              -118.29584241567092,
              33.741222510772424
            ],
            [
              -118.29584241567092,
              33.737334700662025
            ]
          ]
        ]
      }
    },
    {
      "type": "Feature",
      "properties": {
        "layerType": "BUILDING_3D",
        "id": "HARBOR_BLD_92",
        "name": "Structure #92",
        "height": 9,
        "min_height": 0,
        "render_height": 9,
        "render_min_height": 0,
        "division": "Harbor Division",
        "bureau": "South Bureau",
        "extrusionColor": "#1e293b"
      },
      "geometry": {
        "type": "Polygon",
        "coordinates": [
          [
            [
              -118.29065815523789,
              33.738080201781706
            ],
            [
              -118.28769601420139,
              33.738080201781706
            ],
            [
              -118.28769601420139,
              33.74197301650258
            ],
            [
              -118.29065815523789,
              33.74197301650258
            ],
            [
              -118.29065815523789,
              33.738080201781706
            ]
          ]
        ]
      }
    },
    {
      "type": "Feature",
      "properties": {
        "layerType": "BUILDING_3D",
        "id": "HARBOR_BLD_93",
        "name": "Structure #93",
        "height": 16,
        "min_height": 0,
        "render_height": 16,
        "render_min_height": 0,
        "division": "Harbor Division",
        "bureau": "South Bureau",
        "extrusionColor": "#1e293b"
      },
      "geometry": {
        "type": "Polygon",
        "coordinates": [
          [
            [
              -118.28538427203185,
              33.73828970178649
            ],
            [
              -118.28241831795881,
              33.73828970178649
            ],
            [
              -118.28241831795881,
              33.74043667674308
            ],
            [
              -118.28538427203185,
              33.74043667674308
            ],
            [
              -118.28538427203185,
              33.73828970178649
            ]
          ]
        ]
      }
    },
    {
      "type": "Feature",
      "properties": {
        "layerType": "BUILDING_3D",
        "id": "HARBOR_BLD_94",
        "name": "Harbor Division High-Rise Tower #94",
        "height": 66,
        "min_height": 0,
        "render_height": 66,
        "render_min_height": 0,
        "division": "Harbor Division",
        "bureau": "South Bureau",
        "extrusionColor": "#0ea5e9"
      },
      "geometry": {
        "type": "Polygon",
        "coordinates": [
          [
            [
              -118.28051877062765,
              33.73770606444594
            ],
            [
              -118.27888298018453,
              33.73770606444594
            ],
            [
              -118.27888298018453,
              33.7410283214604
            ],
            [
              -118.28051877062765,
              33.7410283214604
            ],
            [
              -118.28051877062765,
              33.73770606444594
            ]
          ]
        ]
      }
    },
    {
      "type": "Feature",
      "properties": {
        "layerType": "BUILDING_3D",
        "id": "HARBOR_BLD_95",
        "name": "Structure #95",
        "height": 16,
        "min_height": 0,
        "render_height": 16,
        "render_min_height": 0,
        "division": "Harbor Division",
        "bureau": "South Bureau",
        "extrusionColor": "#1e293b"
      },
      "geometry": {
        "type": "Polygon",
        "coordinates": [
          [
            [
              -118.27625756434371,
              33.73550544560785
            ],
            [
              -118.27372632090412,
              33.73550544560785
            ],
            [
              -118.27372632090412,
              33.74043559667562
            ],
            [
              -118.27625756434371,
              33.74043559667562
            ],
            [
              -118.27625756434371,
              33.73550544560785
            ]
          ]
        ]
      }
    },
    {
      "type": "Feature",
      "properties": {
        "layerType": "BUILDING_3D",
        "id": "HARBOR_BLD_96",
        "name": "Structure #96",
        "height": 9,
        "min_height": 0,
        "render_height": 9,
        "render_min_height": 0,
        "division": "Harbor Division",
        "bureau": "South Bureau",
        "extrusionColor": "#1e293b"
      },
      "geometry": {
        "type": "Polygon",
        "coordinates": [
          [
            [
              -118.27322834396264,
              33.73728180143363
            ],
            [
              -118.26947203838719,
              33.73728180143363
            ],
            [
              -118.26947203838719,
              33.74053969214244
            ],
            [
              -118.27322834396264,
              33.74053969214244
            ],
            [
              -118.27322834396264,
              33.73728180143363
            ]
          ]
        ]
      }
    },
    {
      "type": "Feature",
      "properties": {
        "layerType": "BUILDING_3D",
        "id": "HARBOR_BLD_98",
        "name": "Structure #98",
        "height": 25,
        "min_height": 0,
        "render_height": 25,
        "render_min_height": 0,
        "division": "Harbor Division",
        "bureau": "South Bureau",
        "extrusionColor": "#1e293b"
      },
      "geometry": {
        "type": "Polygon",
        "coordinates": [
          [
            [
              -118.26105558597203,
              33.736822849950016
            ],
            [
              -118.25942844275431,
              33.736822849950016
            ],
            [
              -118.25942844275431,
              33.74089565753701
            ],
            [
              -118.26105558597203,
              33.74089565753701
            ],
            [
              -118.26105558597203,
              33.736822849950016
            ]
          ]
        ]
      }
    },
    {
      "type": "Feature",
      "properties": {
        "layerType": "BUILDING_3D",
        "id": "HARBOR_BLD_99",
        "name": "Structure #99",
        "height": 46,
        "min_height": 0,
        "render_height": 46,
        "render_min_height": 0,
        "division": "Harbor Division",
        "bureau": "South Bureau",
        "extrusionColor": "#0ea5e9"
      },
      "geometry": {
        "type": "Polygon",
        "coordinates": [
          [
            [
              -118.25810696026217,
              33.73551433392534
            ],
            [
              -118.2550038687673,
              33.73551433392534
            ],
            [
              -118.2550038687673,
              33.74040854918481
            ],
            [
              -118.25810696026217,
              33.74040854918481
            ],
            [
              -118.25810696026217,
              33.73551433392534
            ]
          ]
        ]
      }
    },
    {
      "type": "Feature",
      "properties": {
        "layerType": "BUILDING_3D",
        "id": "HARBOR_BLD_100",
        "name": "Structure #100",
        "height": 11,
        "min_height": 0,
        "render_height": 11,
        "render_min_height": 0,
        "division": "Harbor Division",
        "bureau": "South Bureau",
        "extrusionColor": "#1e293b"
      },
      "geometry": {
        "type": "Polygon",
        "coordinates": [
          [
            [
              -118.25439804249946,
              33.7383656481134
            ],
            [
              -118.25066911658747,
              33.7383656481134
            ],
            [
              -118.25066911658747,
              33.740656726378745
            ],
            [
              -118.25439804249946,
              33.740656726378745
            ],
            [
              -118.25439804249946,
              33.7383656481134
            ]
          ]
        ]
      }
    },
    {
      "type": "Feature",
      "properties": {
        "layerType": "BUILDING_3D",
        "id": "HARBOR_BLD_102",
        "name": "Structure #102",
        "height": 17,
        "min_height": 0,
        "render_height": 17,
        "render_min_height": 0,
        "division": "Harbor Division",
        "bureau": "South Bureau",
        "extrusionColor": "#1e293b"
      },
      "geometry": {
        "type": "Polygon",
        "coordinates": [
          [
            [
              -118.24238987027157,
              33.73586174902803
            ],
            [
              -118.24049090709279,
              33.73586174902803
            ],
            [
              -118.24049090709279,
              33.74030985854945
            ],
            [
              -118.24238987027157,
              33.74030985854945
            ],
            [
              -118.24238987027157,
              33.73586174902803
            ]
          ]
        ]
      }
    },
    {
      "type": "Feature",
      "properties": {
        "layerType": "BUILDING_3D",
        "id": "HARBOR_BLD_103",
        "name": "Harbor Division High-Rise Tower #103",
        "height": 80,
        "min_height": 0,
        "render_height": 80,
        "render_min_height": 0,
        "division": "Harbor Division",
        "bureau": "South Bureau",
        "extrusionColor": "#0ea5e9"
      },
      "geometry": {
        "type": "Polygon",
        "coordinates": [
          [
            [
              -118.32001569821954,
              33.7426407020426
            ],
            [
              -118.31662666239369,
              33.7426407020426
            ],
            [
              -118.31662666239369,
              33.74620594416226
            ],
            [
              -118.32001569821954,
              33.74620594416226
            ],
            [
              -118.32001569821954,
              33.7426407020426
            ]
          ]
        ]
      }
    },
    {
      "type": "Feature",
      "properties": {
        "layerType": "BUILDING_3D",
        "id": "HARBOR_BLD_105",
        "name": "Structure #105",
        "height": 8,
        "min_height": 0,
        "render_height": 8,
        "render_min_height": 0,
        "division": "Harbor Division",
        "bureau": "South Bureau",
        "extrusionColor": "#1e293b"
      },
      "geometry": {
        "type": "Polygon",
        "coordinates": [
          [
            [
              -118.30868263719798,
              33.743394191674575
            ],
            [
              -118.30650667018655,
              33.743394191674575
            ],
            [
              -118.30650667018655,
              33.74716901924629
            ],
            [
              -118.30868263719798,
              33.74716901924629
            ],
            [
              -118.30868263719798,
              33.743394191674575
            ]
          ]
        ]
      }
    },
    {
      "type": "Feature",
      "properties": {
        "layerType": "BUILDING_3D",
        "id": "HARBOR_BLD_106",
        "name": "Structure #106",
        "height": 8,
        "min_height": 0,
        "render_height": 8,
        "render_min_height": 0,
        "division": "Harbor Division",
        "bureau": "South Bureau",
        "extrusionColor": "#1e293b"
      },
      "geometry": {
        "type": "Polygon",
        "coordinates": [
          [
            [
              -118.30486492959247,
              33.743771434650725
            ],
            [
              -118.30198887049022,
              33.743771434650725
            ],
            [
              -118.30198887049022,
              33.745656919602666
            ],
            [
              -118.30486492959247,
              33.745656919602666
            ],
            [
              -118.30486492959247,
              33.743771434650725
            ]
          ]
        ]
      }
    },
    {
      "type": "Feature",
      "properties": {
        "layerType": "BUILDING_3D",
        "id": "HARBOR_BLD_107",
        "name": "Structure #107",
        "height": 20,
        "min_height": 0,
        "render_height": 20,
        "render_min_height": 0,
        "division": "Harbor Division",
        "bureau": "South Bureau",
        "extrusionColor": "#1e293b"
      },
      "geometry": {
        "type": "Polygon",
        "coordinates": [
          [
            [
              -118.29987162401962,
              33.744496489482124
            ],
            [
              -118.29843506405622,
              33.744496489482124
            ],
            [
              -118.29843506405622,
              33.746402058162026
            ],
            [
              -118.29987162401962,
              33.746402058162026
            ],
            [
              -118.29987162401962,
              33.744496489482124
            ]
          ]
        ]
      }
    },
    {
      "type": "Feature",
      "properties": {
        "layerType": "BUILDING_3D",
        "id": "HARBOR_BLD_108",
        "name": "Structure #108",
        "height": 25,
        "min_height": 0,
        "render_height": 25,
        "render_min_height": 0,
        "division": "Harbor Division",
        "bureau": "South Bureau",
        "extrusionColor": "#1e293b"
      },
      "geometry": {
        "type": "Polygon",
        "coordinates": [
          [
            [
              -118.29461331893799,
              33.74193272810718
            ],
            [
              -118.29316145708663,
              33.74193272810718
            ],
            [
              -118.29316145708663,
              33.74594287134533
            ],
            [
              -118.29461331893799,
              33.74594287134533
            ],
            [
              -118.29461331893799,
              33.74193272810718
            ]
          ]
        ]
      }
    },
    {
      "type": "Feature",
      "properties": {
        "layerType": "BUILDING_3D",
        "id": "HARBOR_BLD_109",
        "name": "Structure #109",
        "height": 16,
        "min_height": 0,
        "render_height": 16,
        "render_min_height": 0,
        "division": "Harbor Division",
        "bureau": "South Bureau",
        "extrusionColor": "#1e293b"
      },
      "geometry": {
        "type": "Polygon",
        "coordinates": [
          [
            [
              -118.291860778585,
              33.74152297251423
            ],
            [
              -118.28880543135594,
              33.74152297251423
            ],
            [
              -118.28880543135594,
              33.74638476090303
            ],
            [
              -118.291860778585,
              33.74638476090303
            ],
            [
              -118.291860778585,
              33.74152297251423
            ]
          ]
        ]
      }
    },
    {
      "type": "Feature",
      "properties": {
        "layerType": "BUILDING_3D",
        "id": "HARBOR_BLD_112",
        "name": "Structure #112",
        "height": 23,
        "min_height": 0,
        "render_height": 23,
        "render_min_height": 0,
        "division": "Harbor Division",
        "bureau": "South Bureau",
        "extrusionColor": "#1e293b"
      },
      "geometry": {
        "type": "Polygon",
        "coordinates": [
          [
            [
              -118.2751341503862,
              33.74316048100372
            ],
            [
              -118.27366850981882,
              33.74316048100372
            ],
            [
              -118.27366850981882,
              33.74709452021998
            ],
            [
              -118.2751341503862,
              33.74709452021998
            ],
            [
              -118.2751341503862,
              33.74316048100372
            ]
          ]
        ]
      }
    },
    {
      "type": "Feature",
      "properties": {
        "layerType": "BUILDING_3D",
        "id": "HARBOR_BLD_113",
        "name": "Harbor Division High-Rise Tower #113",
        "height": 107,
        "min_height": 0,
        "render_height": 107,
        "render_min_height": 0,
        "division": "Harbor Division",
        "bureau": "South Bureau",
        "extrusionColor": "#00f3ff"
      },
      "geometry": {
        "type": "Polygon",
        "coordinates": [
          [
            [
              -118.27210181839492,
              33.74174164365602
            ],
            [
              -118.26910445518253,
              33.74174164365602
            ],
            [
              -118.26910445518253,
              33.7461950250649
            ],
            [
              -118.27210181839492,
              33.7461950250649
            ],
            [
              -118.27210181839492,
              33.74174164365602
            ]
          ]
        ]
      }
    },
    {
      "type": "Feature",
      "properties": {
        "layerType": "BUILDING_3D",
        "id": "HARBOR_BLD_114",
        "name": "Structure #114",
        "height": 25,
        "min_height": 0,
        "render_height": 25,
        "render_min_height": 0,
        "division": "Harbor Division",
        "bureau": "South Bureau",
        "extrusionColor": "#1e293b"
      },
      "geometry": {
        "type": "Polygon",
        "coordinates": [
          [
            [
              -118.26847695497355,
              33.74463867595009
            ],
            [
              -118.26508390247156,
              33.74463867595009
            ],
            [
              -118.26508390247156,
              33.74651461032534
            ],
            [
              -118.26847695497355,
              33.74651461032534
            ],
            [
              -118.26847695497355,
              33.74463867595009
            ]
          ]
        ]
      }
    },
    {
      "type": "Feature",
      "properties": {
        "layerType": "BUILDING_3D",
        "id": "HARBOR_BLD_116",
        "name": "Structure #116",
        "height": 12,
        "min_height": 0,
        "render_height": 12,
        "render_min_height": 0,
        "division": "Harbor Division",
        "bureau": "South Bureau",
        "extrusionColor": "#1e293b"
      },
      "geometry": {
        "type": "Polygon",
        "coordinates": [
          [
            [
              -118.25765242764425,
              33.74232259393017
            ],
            [
              -118.25400104129372,
              33.74232259393017
            ],
            [
              -118.25400104129372,
              33.74553772459964
            ],
            [
              -118.25765242764425,
              33.74553772459964
            ],
            [
              -118.25765242764425,
              33.74232259393017
            ]
          ]
        ]
      }
    },
    {
      "type": "Feature",
      "properties": {
        "layerType": "BUILDING_3D",
        "id": "HARBOR_BLD_117",
        "name": "Structure #117",
        "height": 25,
        "min_height": 0,
        "render_height": 25,
        "render_min_height": 0,
        "division": "Harbor Division",
        "bureau": "South Bureau",
        "extrusionColor": "#1e293b"
      },
      "geometry": {
        "type": "Polygon",
        "coordinates": [
          [
            [
              -118.25391667913443,
              33.74494765367916
            ],
            [
              -118.25146705576721,
              33.74494765367916
            ],
            [
              -118.25146705576721,
              33.747579081186345
            ],
            [
              -118.25391667913443,
              33.747579081186345
            ],
            [
              -118.25391667913443,
              33.74494765367916
            ]
          ]
        ]
      }
    },
    {
      "type": "Feature",
      "properties": {
        "layerType": "BUILDING_3D",
        "id": "HARBOR_BLD_119",
        "name": "Structure #119",
        "height": 41,
        "min_height": 0,
        "render_height": 41,
        "render_min_height": 0,
        "division": "Harbor Division",
        "bureau": "South Bureau",
        "extrusionColor": "#0ea5e9"
      },
      "geometry": {
        "type": "Polygon",
        "coordinates": [
          [
            [
              -118.2443343527225,
              33.74297076947097
            ],
            [
              -118.24059330871346,
              33.74297076947097
            ],
            [
              -118.24059330871346,
              33.74609833806994
            ],
            [
              -118.2443343527225,
              33.74609833806994
            ],
            [
              -118.2443343527225,
              33.74297076947097
            ]
          ]
        ]
      }
    },
    {
      "type": "Feature",
      "properties": {
        "layerType": "BUILDING_3D",
        "id": "HARBOR_BLD_120",
        "name": "Structure #120",
        "height": 10,
        "min_height": 0,
        "render_height": 10,
        "render_min_height": 0,
        "division": "Harbor Division",
        "bureau": "South Bureau",
        "extrusionColor": "#1e293b"
      },
      "geometry": {
        "type": "Polygon",
        "coordinates": [
          [
            [
              -118.31930518404452,
              33.750244851246045
            ],
            [
              -118.31692227463579,
              33.750244851246045
            ],
            [
              -118.31692227463579,
              33.754823105878806
            ],
            [
              -118.31930518404452,
              33.754823105878806
            ],
            [
              -118.31930518404452,
              33.750244851246045
            ]
          ]
        ]
      }
    },
    {
      "type": "Feature",
      "properties": {
        "layerType": "BUILDING_3D",
        "id": "HARBOR_BLD_121",
        "name": "Structure #121",
        "height": 13,
        "min_height": 0,
        "render_height": 13,
        "render_min_height": 0,
        "division": "Harbor Division",
        "bureau": "South Bureau",
        "extrusionColor": "#1e293b"
      },
      "geometry": {
        "type": "Polygon",
        "coordinates": [
          [
            [
              -118.3137630265016,
              33.74995278823126
            ],
            [
              -118.3102748324957,
              33.74995278823126
            ],
            [
              -118.3102748324957,
              33.752263086232965
            ],
            [
              -118.3137630265016,
              33.752263086232965
            ],
            [
              -118.3137630265016,
              33.74995278823126
            ]
          ]
        ]
      }
    },
    {
      "type": "Feature",
      "properties": {
        "layerType": "BUILDING_3D",
        "id": "HARBOR_BLD_122",
        "name": "Structure #122",
        "height": 45,
        "min_height": 0,
        "render_height": 45,
        "render_min_height": 0,
        "division": "Harbor Division",
        "bureau": "South Bureau",
        "extrusionColor": "#0ea5e9"
      },
      "geometry": {
        "type": "Polygon",
        "coordinates": [
          [
            [
              -118.3092796683504,
              33.75084428193795
            ],
            [
              -118.30751944130148,
              33.75084428193795
            ],
            [
              -118.30751944130148,
              33.75369269018035
            ],
            [
              -118.3092796683504,
              33.75369269018035
            ],
            [
              -118.3092796683504,
              33.75084428193795
            ]
          ]
        ]
      }
    },
    {
      "type": "Feature",
      "properties": {
        "layerType": "BUILDING_3D",
        "id": "HARBOR_BLD_123",
        "name": "Structure #123",
        "height": 11,
        "min_height": 0,
        "render_height": 11,
        "render_min_height": 0,
        "division": "Harbor Division",
        "bureau": "South Bureau",
        "extrusionColor": "#1e293b"
      },
      "geometry": {
        "type": "Polygon",
        "coordinates": [
          [
            [
              -118.30389455269713,
              33.74858177592599
            ],
            [
              -118.30172433689339,
              33.74858177592599
            ],
            [
              -118.30172433689339,
              33.752326465582605
            ],
            [
              -118.30389455269713,
              33.752326465582605
            ],
            [
              -118.30389455269713,
              33.74858177592599
            ]
          ]
        ]
      }
    },
    {
      "type": "Feature",
      "properties": {
        "layerType": "BUILDING_3D",
        "id": "HARBOR_BLD_124",
        "name": "Structure #124",
        "height": 37,
        "min_height": 0,
        "render_height": 37,
        "render_min_height": 0,
        "division": "Harbor Division",
        "bureau": "South Bureau",
        "extrusionColor": "#1e293b"
      },
      "geometry": {
        "type": "Polygon",
        "coordinates": [
          [
            [
              -118.30091248444855,
              33.749663652918215
            ],
            [
              -118.2980593875673,
              33.749663652918215
            ],
            [
              -118.2980593875673,
              33.75210556497551
            ],
            [
              -118.30091248444855,
              33.75210556497551
            ],
            [
              -118.30091248444855,
              33.749663652918215
            ]
          ]
        ]
      }
    },
    {
      "type": "Feature",
      "properties": {
        "layerType": "BUILDING_3D",
        "id": "HARBOR_BLD_126",
        "name": "Structure #126",
        "height": 18,
        "min_height": 0,
        "render_height": 18,
        "render_min_height": 0,
        "division": "Harbor Division",
        "bureau": "South Bureau",
        "extrusionColor": "#1e293b"
      },
      "geometry": {
        "type": "Polygon",
        "coordinates": [
          [
            [
              -118.29035564050167,
              33.749490416264564
            ],
            [
              -118.28804411037069,
              33.749490416264564
            ],
            [
              -118.28804411037069,
              33.75162840773298
            ],
            [
              -118.29035564050167,
              33.75162840773298
            ],
            [
              -118.29035564050167,
              33.749490416264564
            ]
          ]
        ]
      }
    },
    {
      "type": "Feature",
      "properties": {
        "layerType": "BUILDING_3D",
        "id": "HARBOR_BLD_127",
        "name": "Structure #127",
        "height": 17,
        "min_height": 0,
        "render_height": 17,
        "render_min_height": 0,
        "division": "Harbor Division",
        "bureau": "South Bureau",
        "extrusionColor": "#1e293b"
      },
      "geometry": {
        "type": "Polygon",
        "coordinates": [
          [
            [
              -118.2861025399889,
              33.749173311290136
            ],
            [
              -118.2844735941082,
              33.749173311290136
            ],
            [
              -118.2844735941082,
              33.752892666690826
            ],
            [
              -118.2861025399889,
              33.752892666690826
            ],
            [
              -118.2861025399889,
              33.749173311290136
            ]
          ]
        ]
      }
    },
    {
      "type": "Feature",
      "properties": {
        "layerType": "BUILDING_3D",
        "id": "HARBOR_BLD_129",
        "name": "Structure #129",
        "height": 12,
        "min_height": 0,
        "render_height": 12,
        "render_min_height": 0,
        "division": "Harbor Division",
        "bureau": "South Bureau",
        "extrusionColor": "#1e293b"
      },
      "geometry": {
        "type": "Polygon",
        "coordinates": [
          [
            [
              -118.27739116591226,
              33.74945614394752
            ],
            [
              -118.2747319324433,
              33.74945614394752
            ],
            [
              -118.2747319324433,
              33.753706589399464
            ],
            [
              -118.27739116591226,
              33.753706589399464
            ],
            [
              -118.27739116591226,
              33.74945614394752
            ]
          ]
        ]
      }
    },
    {
      "type": "Feature",
      "properties": {
        "layerType": "BUILDING_3D",
        "id": "HARBOR_BLD_131",
        "name": "Structure #131",
        "height": 24,
        "min_height": 0,
        "render_height": 24,
        "render_min_height": 0,
        "division": "Harbor Division",
        "bureau": "South Bureau",
        "extrusionColor": "#1e293b"
      },
      "geometry": {
        "type": "Polygon",
        "coordinates": [
          [
            [
              -118.2668378059423,
              33.749723816884654
            ],
            [
              -118.2648133028603,
              33.749723816884654
            ],
            [
              -118.2648133028603,
              33.75428866054435
            ],
            [
              -118.2668378059423,
              33.75428866054435
            ],
            [
              -118.2668378059423,
              33.749723816884654
            ]
          ]
        ]
      }
    },
    {
      "type": "Feature",
      "properties": {
        "layerType": "BUILDING_3D",
        "id": "HARBOR_BLD_132",
        "name": "Structure #132",
        "height": 16,
        "min_height": 0,
        "render_height": 16,
        "render_min_height": 0,
        "division": "Harbor Division",
        "bureau": "South Bureau",
        "extrusionColor": "#1e293b"
      },
      "geometry": {
        "type": "Polygon",
        "coordinates": [
          [
            [
              -118.26239529918031,
              33.748382997869406
            ],
            [
              -118.25891732305864,
              33.748382997869406
            ],
            [
              -118.25891732305864,
              33.75308022330871
            ],
            [
              -118.26239529918031,
              33.75308022330871
            ],
            [
              -118.26239529918031,
              33.748382997869406
            ]
          ]
        ]
      }
    },
    {
      "type": "Feature",
      "properties": {
        "layerType": "BUILDING_3D",
        "id": "HARBOR_BLD_133",
        "name": "Structure #133",
        "height": 16,
        "min_height": 0,
        "render_height": 16,
        "render_min_height": 0,
        "division": "Harbor Division",
        "bureau": "South Bureau",
        "extrusionColor": "#1e293b"
      },
      "geometry": {
        "type": "Polygon",
        "coordinates": [
          [
            [
              -118.25871099321995,
              33.750570089423235
            ],
            [
              -118.25513215479,
              33.750570089423235
            ],
            [
              -118.25513215479,
              33.753945425138156
            ],
            [
              -118.25871099321995,
              33.753945425138156
            ],
            [
              -118.25871099321995,
              33.750570089423235
            ]
          ]
        ]
      }
    },
    {
      "type": "Feature",
      "properties": {
        "layerType": "BUILDING_3D",
        "id": "HARBOR_BLD_134",
        "name": "Structure #134",
        "height": 13,
        "min_height": 0,
        "render_height": 13,
        "render_min_height": 0,
        "division": "Harbor Division",
        "bureau": "South Bureau",
        "extrusionColor": "#1e293b"
      },
      "geometry": {
        "type": "Polygon",
        "coordinates": [
          [
            [
              -118.25233875539742,
              33.750730181509304
            ],
            [
              -118.2497670710432,
              33.750730181509304
            ],
            [
              -118.2497670710432,
              33.753997143899475
            ],
            [
              -118.25233875539742,
              33.753997143899475
            ],
            [
              -118.25233875539742,
              33.750730181509304
            ]
          ]
        ]
      }
    },
    {
      "type": "Feature",
      "properties": {
        "layerType": "BUILDING_3D",
        "id": "HARBOR_BLD_135",
        "name": "Harbor Division High-Rise Tower #135",
        "height": 55,
        "min_height": 0,
        "render_height": 55,
        "render_min_height": 0,
        "division": "Harbor Division",
        "bureau": "South Bureau",
        "extrusionColor": "#0ea5e9"
      },
      "geometry": {
        "type": "Polygon",
        "coordinates": [
          [
            [
              -118.24751089812176,
              33.74993849593238
            ],
            [
              -118.24502178391973,
              33.74993849593238
            ],
            [
              -118.24502178391973,
              33.75267380591737
            ],
            [
              -118.24751089812176,
              33.75267380591737
            ],
            [
              -118.24751089812176,
              33.74993849593238
            ]
          ]
        ]
      }
    },
    {
      "type": "Feature",
      "properties": {
        "layerType": "BUILDING_3D",
        "id": "HARBOR_BLD_136",
        "name": "Harbor Division High-Rise Tower #136",
        "height": 107,
        "min_height": 0,
        "render_height": 107,
        "render_min_height": 0,
        "division": "Harbor Division",
        "bureau": "South Bureau",
        "extrusionColor": "#00f3ff"
      },
      "geometry": {
        "type": "Polygon",
        "coordinates": [
          [
            [
              -118.2434082047798,
              33.74987466255785
            ],
            [
              -118.24132415907695,
              33.74987466255785
            ],
            [
              -118.24132415907695,
              33.7525642419723
            ],
            [
              -118.2434082047798,
              33.7525642419723
            ],
            [
              -118.2434082047798,
              33.74987466255785
            ]
          ]
        ]
      }
    },
    {
      "type": "Feature",
      "properties": {
        "layerType": "BUILDING_3D",
        "id": "HARBOR_BLD_137",
        "name": "Structure #137",
        "height": 25,
        "min_height": 0,
        "render_height": 25,
        "render_min_height": 0,
        "division": "Harbor Division",
        "bureau": "South Bureau",
        "extrusionColor": "#1e293b"
      },
      "geometry": {
        "type": "Polygon",
        "coordinates": [
          [
            [
              -118.31875095737888,
              33.75555866965288
            ],
            [
              -118.3167017540155,
              33.75555866965288
            ],
            [
              -118.3167017540155,
              33.75838253220547
            ],
            [
              -118.31875095737888,
              33.75838253220547
            ],
            [
              -118.31875095737888,
              33.75555866965288
            ]
          ]
        ]
      }
    },
    {
      "type": "Feature",
      "properties": {
        "layerType": "BUILDING_3D",
        "id": "HARBOR_BLD_138",
        "name": "Structure #138",
        "height": 15,
        "min_height": 0,
        "render_height": 15,
        "render_min_height": 0,
        "division": "Harbor Division",
        "bureau": "South Bureau",
        "extrusionColor": "#1e293b"
      },
      "geometry": {
        "type": "Polygon",
        "coordinates": [
          [
            [
              -118.3144202853065,
              33.754535014622384
            ],
            [
              -118.31226877098071,
              33.754535014622384
            ],
            [
              -118.31226877098071,
              33.75933301832308
            ],
            [
              -118.3144202853065,
              33.75933301832308
            ],
            [
              -118.3144202853065,
              33.754535014622384
            ]
          ]
        ]
      }
    },
    {
      "type": "Feature",
      "properties": {
        "layerType": "BUILDING_3D",
        "id": "HARBOR_BLD_139",
        "name": "Structure #139",
        "height": 11,
        "min_height": 0,
        "render_height": 11,
        "render_min_height": 0,
        "division": "Harbor Division",
        "bureau": "South Bureau",
        "extrusionColor": "#1e293b"
      },
      "geometry": {
        "type": "Polygon",
        "coordinates": [
          [
            [
              -118.31049433059583,
              33.755432111317944
            ],
            [
              -118.30683870872862,
              33.755432111317944
            ],
            [
              -118.30683870872862,
              33.75865077464856
            ],
            [
              -118.31049433059583,
              33.75865077464856
            ],
            [
              -118.31049433059583,
              33.755432111317944
            ]
          ]
        ]
      }
    },
    {
      "type": "Feature",
      "properties": {
        "layerType": "BUILDING_3D",
        "id": "HARBOR_BLD_140",
        "name": "Structure #140",
        "height": 22,
        "min_height": 0,
        "render_height": 22,
        "render_min_height": 0,
        "division": "Harbor Division",
        "bureau": "South Bureau",
        "extrusionColor": "#1e293b"
      },
      "geometry": {
        "type": "Polygon",
        "coordinates": [
          [
            [
              -118.30510494599865,
              33.7573981285567
            ],
            [
              -118.30265263108008,
              33.7573981285567
            ],
            [
              -118.30265263108008,
              33.759843383246775
            ],
            [
              -118.30510494599865,
              33.759843383246775
            ],
            [
              -118.30510494599865,
              33.7573981285567
            ]
          ]
        ]
      }
    },
    {
      "type": "Feature",
      "properties": {
        "layerType": "BUILDING_3D",
        "id": "HARBOR_BLD_141",
        "name": "Structure #141",
        "height": 20,
        "min_height": 0,
        "render_height": 20,
        "render_min_height": 0,
        "division": "Harbor Division",
        "bureau": "South Bureau",
        "extrusionColor": "#1e293b"
      },
      "geometry": {
        "type": "Polygon",
        "coordinates": [
          [
            [
              -118.29890114574951,
              33.75516881565381
            ],
            [
              -118.29703809455708,
              33.75516881565381
            ],
            [
              -118.29703809455708,
              33.75954575155752
            ],
            [
              -118.29890114574951,
              33.75954575155752
            ],
            [
              -118.29890114574951,
              33.75516881565381
            ]
          ]
        ]
      }
    },
    {
      "type": "Feature",
      "properties": {
        "layerType": "BUILDING_3D",
        "id": "HARBOR_BLD_142",
        "name": "Harbor Division High-Rise Tower #142",
        "height": 66,
        "min_height": 0,
        "render_height": 66,
        "render_min_height": 0,
        "division": "Harbor Division",
        "bureau": "South Bureau",
        "extrusionColor": "#0ea5e9"
      },
      "geometry": {
        "type": "Polygon",
        "coordinates": [
          [
            [
              -118.29589378751305,
              33.75475731237058
            ],
            [
              -118.29255897920547,
              33.75475731237058
            ],
            [
              -118.29255897920547,
              33.75871980101588
            ],
            [
              -118.29589378751305,
              33.75871980101588
            ],
            [
              -118.29589378751305,
              33.75475731237058
            ]
          ]
        ]
      }
    },
    {
      "type": "Feature",
      "properties": {
        "layerType": "BUILDING_3D",
        "id": "HARBOR_BLD_143",
        "name": "Structure #143",
        "height": 16,
        "min_height": 0,
        "render_height": 16,
        "render_min_height": 0,
        "division": "Harbor Division",
        "bureau": "South Bureau",
        "extrusionColor": "#1e293b"
      },
      "geometry": {
        "type": "Polygon",
        "coordinates": [
          [
            [
              -118.29150143147115,
              33.757102602296015
            ],
            [
              -118.28848239250331,
              33.757102602296015
            ],
            [
              -118.28848239250331,
              33.75946520103227
            ],
            [
              -118.29150143147115,
              33.75946520103227
            ],
            [
              -118.29150143147115,
              33.757102602296015
            ]
          ]
        ]
      }
    },
    {
      "type": "Feature",
      "properties": {
        "layerType": "BUILDING_3D",
        "id": "HARBOR_BLD_145",
        "name": "Structure #145",
        "height": 12,
        "min_height": 0,
        "render_height": 12,
        "render_min_height": 0,
        "division": "Harbor Division",
        "bureau": "South Bureau",
        "extrusionColor": "#1e293b"
      },
      "geometry": {
        "type": "Polygon",
        "coordinates": [
          [
            [
              -118.28088822560606,
              33.755291093278856
            ],
            [
              -118.27842248851597,
              33.755291093278856
            ],
            [
              -118.27842248851597,
              33.7580537705815
            ],
            [
              -118.28088822560606,
              33.7580537705815
            ],
            [
              -118.28088822560606,
              33.755291093278856
            ]
          ]
        ]
      }
    },
    {
      "type": "Feature",
      "properties": {
        "layerType": "BUILDING_3D",
        "id": "HARBOR_BLD_146",
        "name": "Structure #146",
        "height": 16,
        "min_height": 0,
        "render_height": 16,
        "render_min_height": 0,
        "division": "Harbor Division",
        "bureau": "South Bureau",
        "extrusionColor": "#1e293b"
      },
      "geometry": {
        "type": "Polygon",
        "coordinates": [
          [
            [
              -118.27697709419648,
              33.756061214812966
            ],
            [
              -118.274872197204,
              33.756061214812966
            ],
            [
              -118.274872197204,
              33.75868153895859
            ],
            [
              -118.27697709419648,
              33.75868153895859
            ],
            [
              -118.27697709419648,
              33.756061214812966
            ]
          ]
        ]
      }
    },
    {
      "type": "Feature",
      "properties": {
        "layerType": "BUILDING_3D",
        "id": "HARBOR_BLD_148",
        "name": "Structure #148",
        "height": 22,
        "min_height": 0,
        "render_height": 22,
        "render_min_height": 0,
        "division": "Harbor Division",
        "bureau": "South Bureau",
        "extrusionColor": "#1e293b"
      },
      "geometry": {
        "type": "Polygon",
        "coordinates": [
          [
            [
              -118.26751858443916,
              33.75461690425239
            ],
            [
              -118.26501946272577,
              33.75461690425239
            ],
            [
              -118.26501946272577,
              33.75914032026296
            ],
            [
              -118.26751858443916,
              33.75914032026296
            ],
            [
              -118.26751858443916,
              33.75461690425239
            ]
          ]
        ]
      }
    },
    {
      "type": "Feature",
      "properties": {
        "layerType": "BUILDING_3D",
        "id": "HARBOR_BLD_149",
        "name": "Structure #149",
        "height": 10,
        "min_height": 0,
        "render_height": 10,
        "render_min_height": 0,
        "division": "Harbor Division",
        "bureau": "South Bureau",
        "extrusionColor": "#1e293b"
      },
      "geometry": {
        "type": "Polygon",
        "coordinates": [
          [
            [
              -118.26337311496737,
              33.755257276292106
            ],
            [
              -118.25992670276882,
              33.755257276292106
            ],
            [
              -118.25992670276882,
              33.75955558518837
            ],
            [
              -118.26337311496737,
              33.75955558518837
            ],
            [
              -118.26337311496737,
              33.755257276292106
            ]
          ]
        ]
      }
    },
    {
      "type": "Feature",
      "properties": {
        "layerType": "BUILDING_3D",
        "id": "HARBOR_BLD_150",
        "name": "Structure #150",
        "height": 25,
        "min_height": 0,
        "render_height": 25,
        "render_min_height": 0,
        "division": "Harbor Division",
        "bureau": "South Bureau",
        "extrusionColor": "#1e293b"
      },
      "geometry": {
        "type": "Polygon",
        "coordinates": [
          [
            [
              -118.25817933010798,
              33.75724688099615
            ],
            [
              -118.25490442809176,
              33.75724688099615
            ],
            [
              -118.25490442809176,
              33.759555290503116
            ],
            [
              -118.25817933010798,
              33.759555290503116
            ],
            [
              -118.25817933010798,
              33.75724688099615
            ]
          ]
        ]
      }
    },
    {
      "type": "Feature",
      "properties": {
        "layerType": "BUILDING_3D",
        "id": "HARBOR_BLD_151",
        "name": "Structure #151",
        "height": 9,
        "min_height": 0,
        "render_height": 9,
        "render_min_height": 0,
        "division": "Harbor Division",
        "bureau": "South Bureau",
        "extrusionColor": "#1e293b"
      },
      "geometry": {
        "type": "Polygon",
        "coordinates": [
          [
            [
              -118.25195755845671,
              33.75580789322723
            ],
            [
              -118.25019877026092,
              33.75580789322723
            ],
            [
              -118.25019877026092,
              33.76063410688916
            ],
            [
              -118.25195755845671,
              33.76063410688916
            ],
            [
              -118.25195755845671,
              33.75580789322723
            ]
          ]
        ]
      }
    },
    {
      "type": "Feature",
      "properties": {
        "layerType": "BUILDING_3D",
        "id": "HARBOR_BLD_152",
        "name": "Structure #152",
        "height": 47,
        "min_height": 0,
        "render_height": 47,
        "render_min_height": 0,
        "division": "Harbor Division",
        "bureau": "South Bureau",
        "extrusionColor": "#0ea5e9"
      },
      "geometry": {
        "type": "Polygon",
        "coordinates": [
          [
            [
              -118.24834804773724,
              33.75561447300473
            ],
            [
              -118.24467093256624,
              33.75561447300473
            ],
            [
              -118.24467093256624,
              33.75764368808878
            ],
            [
              -118.24834804773724,
              33.75764368808878
            ],
            [
              -118.24834804773724,
              33.75561447300473
            ]
          ]
        ]
      }
    },
    {
      "type": "Feature",
      "properties": {
        "layerType": "BUILDING_3D",
        "id": "HARBOR_BLD_153",
        "name": "Structure #153",
        "height": 11,
        "min_height": 0,
        "render_height": 11,
        "render_min_height": 0,
        "division": "Harbor Division",
        "bureau": "South Bureau",
        "extrusionColor": "#1e293b"
      },
      "geometry": {
        "type": "Polygon",
        "coordinates": [
          [
            [
              -118.24378953317286,
              33.75766180072162
            ],
            [
              -118.2422434645374,
              33.75766180072162
            ],
            [
              -118.2422434645374,
              33.75962484701982
            ],
            [
              -118.24378953317286,
              33.75962484701982
            ],
            [
              -118.24378953317286,
              33.75766180072162
            ]
          ]
        ]
      }
    },
    {
      "type": "Feature",
      "properties": {
        "layerType": "BUILDING_3D",
        "id": "HARBOR_BLD_155",
        "name": "Harbor Division High-Rise Tower #155",
        "height": 107,
        "min_height": 0,
        "render_height": 107,
        "render_min_height": 0,
        "division": "Harbor Division",
        "bureau": "South Bureau",
        "extrusionColor": "#00f3ff"
      },
      "geometry": {
        "type": "Polygon",
        "coordinates": [
          [
            [
              -118.31473662971295,
              33.76033512931661
            ],
            [
              -118.31281318988205,
              33.76033512931661
            ],
            [
              -118.31281318988205,
              33.76472339181934
            ],
            [
              -118.31473662971295,
              33.76472339181934
            ],
            [
              -118.31473662971295,
              33.76033512931661
            ]
          ]
        ]
      }
    },
    {
      "type": "Feature",
      "properties": {
        "layerType": "BUILDING_3D",
        "id": "HARBOR_BLD_158",
        "name": "Structure #158",
        "height": 9,
        "min_height": 0,
        "render_height": 9,
        "render_min_height": 0,
        "division": "Harbor Division",
        "bureau": "South Bureau",
        "extrusionColor": "#1e293b"
      },
      "geometry": {
        "type": "Polygon",
        "coordinates": [
          [
            [
              -118.30005695806406,
              33.762392539808936
            ],
            [
              -118.29638177627433,
              33.762392539808936
            ],
            [
              -118.29638177627433,
              33.765824543075375
            ],
            [
              -118.30005695806406,
              33.765824543075375
            ],
            [
              -118.30005695806406,
              33.762392539808936
            ]
          ]
        ]
      }
    },
    {
      "type": "Feature",
      "properties": {
        "layerType": "BUILDING_3D",
        "id": "HARBOR_BLD_159",
        "name": "Structure #159",
        "height": 14,
        "min_height": 0,
        "render_height": 14,
        "render_min_height": 0,
        "division": "Harbor Division",
        "bureau": "South Bureau",
        "extrusionColor": "#1e293b"
      },
      "geometry": {
        "type": "Polygon",
        "coordinates": [
          [
            [
              -118.29509588003351,
              33.76372236404412
            ],
            [
              -118.29248102040195,
              33.76372236404412
            ],
            [
              -118.29248102040195,
              33.765913164773174
            ],
            [
              -118.29509588003351,
              33.765913164773174
            ],
            [
              -118.29509588003351,
              33.76372236404412
            ]
          ]
        ]
      }
    },
    {
      "type": "Feature",
      "properties": {
        "layerType": "BUILDING_3D",
        "id": "HARBOR_BLD_160",
        "name": "Structure #160",
        "height": 24,
        "min_height": 0,
        "render_height": 24,
        "render_min_height": 0,
        "division": "Harbor Division",
        "bureau": "South Bureau",
        "extrusionColor": "#1e293b"
      },
      "geometry": {
        "type": "Polygon",
        "coordinates": [
          [
            [
              -118.2893767982633,
              33.76225805753495
            ],
            [
              -118.28770761675545,
              33.76225805753495
            ],
            [
              -118.28770761675545,
              33.76515079475017
            ],
            [
              -118.2893767982633,
              33.76515079475017
            ],
            [
              -118.2893767982633,
              33.76225805753495
            ]
          ]
        ]
      }
    },
    {
      "type": "Feature",
      "properties": {
        "layerType": "BUILDING_3D",
        "id": "HARBOR_BLD_161",
        "name": "Structure #161",
        "height": 47,
        "min_height": 0,
        "render_height": 47,
        "render_min_height": 0,
        "division": "Harbor Division",
        "bureau": "South Bureau",
        "extrusionColor": "#0ea5e9"
      },
      "geometry": {
        "type": "Polygon",
        "coordinates": [
          [
            [
              -118.28578657801258,
              33.760374123593394
            ],
            [
              -118.28358258775337,
              33.760374123593394
            ],
            [
              -118.28358258775337,
              33.76504880463192
            ],
            [
              -118.28578657801258,
              33.76504880463192
            ],
            [
              -118.28578657801258,
              33.760374123593394
            ]
          ]
        ]
      }
    },
    {
      "type": "Feature",
      "properties": {
        "layerType": "BUILDING_3D",
        "id": "HARBOR_BLD_162",
        "name": "Structure #162",
        "height": 11,
        "min_height": 0,
        "render_height": 11,
        "render_min_height": 0,
        "division": "Harbor Division",
        "bureau": "South Bureau",
        "extrusionColor": "#1e293b"
      },
      "geometry": {
        "type": "Polygon",
        "coordinates": [
          [
            [
              -118.28251607390084,
              33.760809057953686
            ],
            [
              -118.27895441215719,
              33.760809057953686
            ],
            [
              -118.27895441215719,
              33.765736968649485
            ],
            [
              -118.28251607390084,
              33.765736968649485
            ],
            [
              -118.28251607390084,
              33.760809057953686
            ]
          ]
        ]
      }
    },
    {
      "type": "Feature",
      "properties": {
        "layerType": "BUILDING_3D",
        "id": "HARBOR_BLD_164",
        "name": "Structure #164",
        "height": 9,
        "min_height": 0,
        "render_height": 9,
        "render_min_height": 0,
        "division": "Harbor Division",
        "bureau": "South Bureau",
        "extrusionColor": "#1e293b"
      },
      "geometry": {
        "type": "Polygon",
        "coordinates": [
          [
            [
              -118.27077516569909,
              33.763061727738055
            ],
            [
              -118.26884382256989,
              33.763061727738055
            ],
            [
              -118.26884382256989,
              33.76674057643404
            ],
            [
              -118.27077516569909,
              33.76674057643404
            ],
            [
              -118.27077516569909,
              33.763061727738055
            ]
          ]
        ]
      }
    },
    {
      "type": "Feature",
      "properties": {
        "layerType": "BUILDING_3D",
        "id": "HARBOR_BLD_165",
        "name": "Structure #165",
        "height": 35,
        "min_height": 0,
        "render_height": 35,
        "render_min_height": 0,
        "division": "Harbor Division",
        "bureau": "South Bureau",
        "extrusionColor": "#1e293b"
      },
      "geometry": {
        "type": "Polygon",
        "coordinates": [
          [
            [
              -118.26635072844607,
              33.761935648077035
            ],
            [
              -118.26354779610628,
              33.761935648077035
            ],
            [
              -118.26354779610628,
              33.76403781955312
            ],
            [
              -118.26635072844607,
              33.76403781955312
            ],
            [
              -118.26635072844607,
              33.761935648077035
            ]
          ]
        ]
      }
    },
    {
      "type": "Feature",
      "properties": {
        "layerType": "BUILDING_3D",
        "id": "HARBOR_BLD_166",
        "name": "Harbor Division High-Rise Tower #166",
        "height": 97,
        "min_height": 0,
        "render_height": 97,
        "render_min_height": 0,
        "division": "Harbor Division",
        "bureau": "South Bureau",
        "extrusionColor": "#00f3ff"
      },
      "geometry": {
        "type": "Polygon",
        "coordinates": [
          [
            [
              -118.26250281154915,
              33.76213268259135
            ],
            [
              -118.26090115709118,
              33.76213268259135
            ],
            [
              -118.26090115709118,
              33.76567112238104
            ],
            [
              -118.26250281154915,
              33.76567112238104
            ],
            [
              -118.26250281154915,
              33.76213268259135
            ]
          ]
        ]
      }
    },
    {
      "type": "Feature",
      "properties": {
        "layerType": "BUILDING_3D",
        "id": "HARBOR_BLD_167",
        "name": "Structure #167",
        "height": 23,
        "min_height": 0,
        "render_height": 23,
        "render_min_height": 0,
        "division": "Harbor Division",
        "bureau": "South Bureau",
        "extrusionColor": "#1e293b"
      },
      "geometry": {
        "type": "Polygon",
        "coordinates": [
          [
            [
              -118.25764680766149,
              33.76161374043803
            ],
            [
              -118.25495085353602,
              33.76161374043803
            ],
            [
              -118.25495085353602,
              33.76366738098252
            ],
            [
              -118.25764680766149,
              33.76366738098252
            ],
            [
              -118.25764680766149,
              33.76161374043803
            ]
          ]
        ]
      }
    },
    {
      "type": "Feature",
      "properties": {
        "layerType": "BUILDING_3D",
        "id": "HARBOR_BLD_168",
        "name": "Structure #168",
        "height": 24,
        "min_height": 0,
        "render_height": 24,
        "render_min_height": 0,
        "division": "Harbor Division",
        "bureau": "South Bureau",
        "extrusionColor": "#1e293b"
      },
      "geometry": {
        "type": "Polygon",
        "coordinates": [
          [
            [
              -118.25333630980631,
              33.76157140303498
            ],
            [
              -118.25177163129624,
              33.76157140303498
            ],
            [
              -118.25177163129624,
              33.76600774768737
            ],
            [
              -118.25333630980631,
              33.76600774768737
            ],
            [
              -118.25333630980631,
              33.76157140303498
            ]
          ]
        ]
      }
    },
    {
      "type": "Feature",
      "properties": {
        "layerType": "BUILDING_3D",
        "id": "HARBOR_BLD_170",
        "name": "Structure #170",
        "height": 11,
        "min_height": 0,
        "render_height": 11,
        "render_min_height": 0,
        "division": "Harbor Division",
        "bureau": "South Bureau",
        "extrusionColor": "#1e293b"
      },
      "geometry": {
        "type": "Polygon",
        "coordinates": [
          [
            [
              -118.2449511934213,
              33.76233032249542
            ],
            [
              -118.24139237978606,
              33.76233032249542
            ],
            [
              -118.24139237978606,
              33.76668547600722
            ],
            [
              -118.2449511934213,
              33.76668547600722
            ],
            [
              -118.2449511934213,
              33.76233032249542
            ]
          ]
        ]
      }
    },
    {
      "type": "Feature",
      "properties": {
        "layerType": "BUILDING_3D",
        "id": "HARBOR_BLD_172",
        "name": "Structure #172",
        "height": 21,
        "min_height": 0,
        "render_height": 21,
        "render_min_height": 0,
        "division": "Harbor Division",
        "bureau": "South Bureau",
        "extrusionColor": "#1e293b"
      },
      "geometry": {
        "type": "Polygon",
        "coordinates": [
          [
            [
              -118.31310018495465,
              33.768215335040516
            ],
            [
              -118.31122924264069,
              33.768215335040516
            ],
            [
              -118.31122924264069,
              33.77302349881365
            ],
            [
              -118.31310018495465,
              33.77302349881365
            ],
            [
              -118.31310018495465,
              33.768215335040516
            ]
          ]
        ]
      }
    },
    {
      "type": "Feature",
      "properties": {
        "layerType": "BUILDING_3D",
        "id": "HARBOR_BLD_173",
        "name": "Harbor Division High-Rise Tower #173",
        "height": 52,
        "min_height": 0,
        "render_height": 52,
        "render_min_height": 0,
        "division": "Harbor Division",
        "bureau": "South Bureau",
        "extrusionColor": "#0ea5e9"
      },
      "geometry": {
        "type": "Polygon",
        "coordinates": [
          [
            [
              -118.30948299403074,
              33.76699970692084
            ],
            [
              -118.30581963115598,
              33.76699970692084
            ],
            [
              -118.30581963115598,
              33.77119986017378
            ],
            [
              -118.30948299403074,
              33.77119986017378
            ],
            [
              -118.30948299403074,
              33.76699970692084
            ]
          ]
        ]
      }
    },
    {
      "type": "Feature",
      "properties": {
        "layerType": "BUILDING_3D",
        "id": "HARBOR_BLD_174",
        "name": "Structure #174",
        "height": 13,
        "min_height": 0,
        "render_height": 13,
        "render_min_height": 0,
        "division": "Harbor Division",
        "bureau": "South Bureau",
        "extrusionColor": "#1e293b"
      },
      "geometry": {
        "type": "Polygon",
        "coordinates": [
          [
            [
              -118.30570330453088,
              33.76952646253135
            ],
            [
              -118.30250318776675,
              33.76952646253135
            ],
            [
              -118.30250318776675,
              33.772437187740955
            ],
            [
              -118.30570330453088,
              33.772437187740955
            ],
            [
              -118.30570330453088,
              33.76952646253135
            ]
          ]
        ]
      }
    },
    {
      "type": "Feature",
      "properties": {
        "layerType": "BUILDING_3D",
        "id": "HARBOR_BLD_176",
        "name": "Harbor Division High-Rise Tower #176",
        "height": 105,
        "min_height": 0,
        "render_height": 105,
        "render_min_height": 0,
        "division": "Harbor Division",
        "bureau": "South Bureau",
        "extrusionColor": "#00f3ff"
      },
      "geometry": {
        "type": "Polygon",
        "coordinates": [
          [
            [
              -118.29466686046732,
              33.76838691652464
            ],
            [
              -118.29258942329827,
              33.76838691652464
            ],
            [
              -118.29258942329827,
              33.77054083204602
            ],
            [
              -118.29466686046732,
              33.77054083204602
            ],
            [
              -118.29466686046732,
              33.76838691652464
            ]
          ]
        ]
      }
    },
    {
      "type": "Feature",
      "properties": {
        "layerType": "BUILDING_3D",
        "id": "HARBOR_BLD_177",
        "name": "Structure #177",
        "height": 24,
        "min_height": 0,
        "render_height": 24,
        "render_min_height": 0,
        "division": "Harbor Division",
        "bureau": "South Bureau",
        "extrusionColor": "#1e293b"
      },
      "geometry": {
        "type": "Polygon",
        "coordinates": [
          [
            [
              -118.29052873586917,
              33.7683251497731
            ],
            [
              -118.2888876573767,
              33.7683251497731
            ],
            [
              -118.2888876573767,
              33.7703080565172
            ],
            [
              -118.29052873586917,
              33.7703080565172
            ],
            [
              -118.29052873586917,
              33.7683251497731
            ]
          ]
        ]
      }
    },
    {
      "type": "Feature",
      "properties": {
        "layerType": "BUILDING_3D",
        "id": "HARBOR_BLD_178",
        "name": "Structure #178",
        "height": 15,
        "min_height": 0,
        "render_height": 15,
        "render_min_height": 0,
        "division": "Harbor Division",
        "bureau": "South Bureau",
        "extrusionColor": "#1e293b"
      },
      "geometry": {
        "type": "Polygon",
        "coordinates": [
          [
            [
              -118.28586991389837,
              33.766495612493166
            ],
            [
              -118.2843591278076,
              33.766495612493166
            ],
            [
              -118.2843591278076,
              33.77122124057633
            ],
            [
              -118.28586991389837,
              33.77122124057633
            ],
            [
              -118.28586991389837,
              33.766495612493166
            ]
          ]
        ]
      }
    },
    {
      "type": "Feature",
      "properties": {
        "layerType": "BUILDING_3D",
        "id": "HARBOR_BLD_179",
        "name": "Structure #179",
        "height": 19,
        "min_height": 0,
        "render_height": 19,
        "render_min_height": 0,
        "division": "Harbor Division",
        "bureau": "South Bureau",
        "extrusionColor": "#1e293b"
      },
      "geometry": {
        "type": "Polygon",
        "coordinates": [
          [
            [
              -118.28255796471107,
              33.76716093921437
            ],
            [
              -118.27895748617154,
              33.76716093921437
            ],
            [
              -118.27895748617154,
              33.770282299811505
            ],
            [
              -118.28255796471107,
              33.770282299811505
            ],
            [
              -118.28255796471107,
              33.76716093921437
            ]
          ]
        ]
      }
    },
    {
      "type": "Feature",
      "properties": {
        "layerType": "BUILDING_3D",
        "id": "HARBOR_BLD_182",
        "name": "Harbor Division High-Rise Tower #182",
        "height": 66,
        "min_height": 0,
        "render_height": 66,
        "render_min_height": 0,
        "division": "Harbor Division",
        "bureau": "South Bureau",
        "extrusionColor": "#0ea5e9"
      },
      "geometry": {
        "type": "Polygon",
        "coordinates": [
          [
            [
              -118.26766629902559,
              33.76820234727939
            ],
            [
              -118.26443449612322,
              33.76820234727939
            ],
            [
              -118.26443449612322,
              33.77219017404118
            ],
            [
              -118.26766629902559,
              33.77219017404118
            ],
            [
              -118.26766629902559,
              33.76820234727939
            ]
          ]
        ]
      }
    },
    {
      "type": "Feature",
      "properties": {
        "layerType": "BUILDING_3D",
        "id": "HARBOR_BLD_183",
        "name": "Structure #183",
        "height": 16,
        "min_height": 0,
        "render_height": 16,
        "render_min_height": 0,
        "division": "Harbor Division",
        "bureau": "South Bureau",
        "extrusionColor": "#1e293b"
      },
      "geometry": {
        "type": "Polygon",
        "coordinates": [
          [
            [
              -118.26243406593838,
              33.76854137546725
            ],
            [
              -118.25939572173894,
              33.76854137546725
            ],
            [
              -118.25939572173894,
              33.77251599886306
            ],
            [
              -118.26243406593838,
              33.77251599886306
            ],
            [
              -118.26243406593838,
              33.76854137546725
            ]
          ]
        ]
      }
    },
    {
      "type": "Feature",
      "properties": {
        "layerType": "BUILDING_3D",
        "id": "HARBOR_BLD_184",
        "name": "Structure #184",
        "height": 16,
        "min_height": 0,
        "render_height": 16,
        "render_min_height": 0,
        "division": "Harbor Division",
        "bureau": "South Bureau",
        "extrusionColor": "#1e293b"
      },
      "geometry": {
        "type": "Polygon",
        "coordinates": [
          [
            [
              -118.2574698763947,
              33.76870169729207
            ],
            [
              -118.25444159190265,
              33.76870169729207
            ],
            [
              -118.25444159190265,
              33.77194941376207
            ],
            [
              -118.2574698763947,
              33.77194941376207
            ],
            [
              -118.2574698763947,
              33.76870169729207
            ]
          ]
        ]
      }
    },
    {
      "type": "Feature",
      "properties": {
        "layerType": "BUILDING_3D",
        "id": "HARBOR_BLD_185",
        "name": "Structure #185",
        "height": 13,
        "min_height": 0,
        "render_height": 13,
        "render_min_height": 0,
        "division": "Harbor Division",
        "bureau": "South Bureau",
        "extrusionColor": "#1e293b"
      },
      "geometry": {
        "type": "Polygon",
        "coordinates": [
          [
            [
              -118.25264184407997,
              33.76866214414379
            ],
            [
              -118.25016739343617,
              33.76866214414379
            ],
            [
              -118.25016739343617,
              33.771967841524784
            ],
            [
              -118.25264184407997,
              33.771967841524784
            ],
            [
              -118.25264184407997,
              33.76866214414379
            ]
          ]
        ]
      }
    },
    {
      "type": "Feature",
      "properties": {
        "layerType": "BUILDING_3D",
        "id": "HARBOR_BLD_186",
        "name": "Structure #186",
        "height": 9,
        "min_height": 0,
        "render_height": 9,
        "render_min_height": 0,
        "division": "Harbor Division",
        "bureau": "South Bureau",
        "extrusionColor": "#1e293b"
      },
      "geometry": {
        "type": "Polygon",
        "coordinates": [
          [
            [
              -118.24796609745907,
              33.768362739518146
            ],
            [
              -118.24544747088306,
              33.768362739518146
            ],
            [
              -118.24544747088306,
              33.771104195069135
            ],
            [
              -118.24796609745907,
              33.771104195069135
            ],
            [
              -118.24796609745907,
              33.768362739518146
            ]
          ]
        ]
      }
    },
    {
      "type": "Feature",
      "properties": {
        "layerType": "BUILDING_3D",
        "id": "HARBOR_BLD_187",
        "name": "Structure #187",
        "height": 20,
        "min_height": 0,
        "render_height": 20,
        "render_min_height": 0,
        "division": "Harbor Division",
        "bureau": "South Bureau",
        "extrusionColor": "#1e293b"
      },
      "geometry": {
        "type": "Polygon",
        "coordinates": [
          [
            [
              -118.24348833291613,
              33.76868374485374
            ],
            [
              -118.24139960487729,
              33.76868374485374
            ],
            [
              -118.24139960487729,
              33.77087595919115
            ],
            [
              -118.24348833291613,
              33.77087595919115
            ],
            [
              -118.24348833291613,
              33.76868374485374
            ]
          ]
        ]
      }
    },
    {
      "type": "Feature",
      "properties": {
        "layerType": "BUILDING_3D",
        "id": "HARBOR_BLD_188",
        "name": "Structure #188",
        "height": 13,
        "min_height": 0,
        "render_height": 13,
        "render_min_height": 0,
        "division": "Harbor Division",
        "bureau": "South Bureau",
        "extrusionColor": "#1e293b"
      },
      "geometry": {
        "type": "Polygon",
        "coordinates": [
          [
            [
              -118.31853787506941,
              33.77350055876811
            ],
            [
              -118.31686761652662,
              33.77350055876811
            ],
            [
              -118.31686761652662,
              33.77750929952524
            ],
            [
              -118.31853787506941,
              33.77750929952524
            ],
            [
              -118.31853787506941,
              33.77350055876811
            ]
          ]
        ]
      }
    },
    {
      "type": "Feature",
      "properties": {
        "layerType": "BUILDING_3D",
        "id": "HARBOR_BLD_189",
        "name": "Structure #189",
        "height": 18,
        "min_height": 0,
        "render_height": 18,
        "render_min_height": 0,
        "division": "Harbor Division",
        "bureau": "South Bureau",
        "extrusionColor": "#1e293b"
      },
      "geometry": {
        "type": "Polygon",
        "coordinates": [
          [
            [
              -118.31486792161084,
              33.77365227315827
            ],
            [
              -118.31181364293874,
              33.77365227315827
            ],
            [
              -118.31181364293874,
              33.77647879919335
            ],
            [
              -118.31486792161084,
              33.77647879919335
            ],
            [
              -118.31486792161084,
              33.77365227315827
            ]
          ]
        ]
      }
    },
    {
      "type": "Feature",
      "properties": {
        "layerType": "BUILDING_3D",
        "id": "HARBOR_BLD_190",
        "name": "Structure #190",
        "height": 16,
        "min_height": 0,
        "render_height": 16,
        "render_min_height": 0,
        "division": "Harbor Division",
        "bureau": "South Bureau",
        "extrusionColor": "#1e293b"
      },
      "geometry": {
        "type": "Polygon",
        "coordinates": [
          [
            [
              -118.31004644734159,
              33.774728002546304
            ],
            [
              -118.30789290369583,
              33.774728002546304
            ],
            [
              -118.30789290369583,
              33.778309512076866
            ],
            [
              -118.31004644734159,
              33.778309512076866
            ],
            [
              -118.31004644734159,
              33.774728002546304
            ]
          ]
        ]
      }
    },
    {
      "type": "Feature",
      "properties": {
        "layerType": "BUILDING_3D",
        "id": "HARBOR_BLD_192",
        "name": "Structure #192",
        "height": 15,
        "min_height": 0,
        "render_height": 15,
        "render_min_height": 0,
        "division": "Harbor Division",
        "bureau": "South Bureau",
        "extrusionColor": "#1e293b"
      },
      "geometry": {
        "type": "Polygon",
        "coordinates": [
          [
            [
              -118.30045732355133,
              33.7738968273119
            ],
            [
              -118.29788524190955,
              33.7738968273119
            ],
            [
              -118.29788524190955,
              33.778457117348765
            ],
            [
              -118.30045732355133,
              33.778457117348765
            ],
            [
              -118.30045732355133,
              33.7738968273119
            ]
          ]
        ]
      }
    },
    {
      "type": "Feature",
      "properties": {
        "layerType": "BUILDING_3D",
        "id": "HARBOR_BLD_193",
        "name": "Structure #193",
        "height": 10,
        "min_height": 0,
        "render_height": 10,
        "render_min_height": 0,
        "division": "Harbor Division",
        "bureau": "South Bureau",
        "extrusionColor": "#1e293b"
      },
      "geometry": {
        "type": "Polygon",
        "coordinates": [
          [
            [
              -118.29574247330858,
              33.774424090688576
            ],
            [
              -118.2922679666138,
              33.774424090688576
            ],
            [
              -118.2922679666138,
              33.77760081017092
            ],
            [
              -118.29574247330858,
              33.77760081017092
            ],
            [
              -118.29574247330858,
              33.774424090688576
            ]
          ]
        ]
      }
    },
    {
      "type": "Feature",
      "properties": {
        "layerType": "BUILDING_3D",
        "id": "HARBOR_BLD_194",
        "name": "Structure #194",
        "height": 9,
        "min_height": 0,
        "render_height": 9,
        "render_min_height": 0,
        "division": "Harbor Division",
        "bureau": "South Bureau",
        "extrusionColor": "#1e293b"
      },
      "geometry": {
        "type": "Polygon",
        "coordinates": [
          [
            [
              -118.29063486647817,
              33.77579233558022
            ],
            [
              -118.28821450877734,
              33.77579233558022
            ],
            [
              -118.28821450877734,
              33.778127657890536
            ],
            [
              -118.29063486647817,
              33.778127657890536
            ],
            [
              -118.29063486647817,
              33.77579233558022
            ]
          ]
        ]
      }
    },
    {
      "type": "Feature",
      "properties": {
        "layerType": "BUILDING_3D",
        "id": "HARBOR_BLD_195",
        "name": "Structure #195",
        "height": 17,
        "min_height": 0,
        "render_height": 17,
        "render_min_height": 0,
        "division": "Harbor Division",
        "bureau": "South Bureau",
        "extrusionColor": "#1e293b"
      },
      "geometry": {
        "type": "Polygon",
        "coordinates": [
          [
            [
              -118.28488651182683,
              33.77483276596749
            ],
            [
              -118.28310721863802,
              33.77483276596749
            ],
            [
              -118.28310721863802,
              33.776873514616014
            ],
            [
              -118.28488651182683,
              33.776873514616014
            ],
            [
              -118.28488651182683,
              33.77483276596749
            ]
          ]
        ]
      }
    },
    {
      "type": "Feature",
      "properties": {
        "layerType": "BUILDING_3D",
        "id": "HARBOR_BLD_196",
        "name": "Structure #196",
        "height": 40,
        "min_height": 0,
        "render_height": 40,
        "render_min_height": 0,
        "division": "Harbor Division",
        "bureau": "South Bureau",
        "extrusionColor": "#1e293b"
      },
      "geometry": {
        "type": "Polygon",
        "coordinates": [
          [
            [
              -118.28091173013121,
              33.773408544660214
            ],
            [
              -118.27935687401805,
              33.773408544660214
            ],
            [
              -118.27935687401805,
              33.776951500448064
            ],
            [
              -118.28091173013121,
              33.776951500448064
            ],
            [
              -118.28091173013121,
              33.773408544660214
            ]
          ]
        ]
      }
    },
    {
      "type": "Feature",
      "properties": {
        "layerType": "BUILDING_3D",
        "id": "HARBOR_BLD_197",
        "name": "Structure #197",
        "height": 10,
        "min_height": 0,
        "render_height": 10,
        "render_min_height": 0,
        "division": "Harbor Division",
        "bureau": "South Bureau",
        "extrusionColor": "#1e293b"
      },
      "geometry": {
        "type": "Polygon",
        "coordinates": [
          [
            [
              -118.27729096877428,
              33.773759214175136
            ],
            [
              -118.2745915738883,
              33.773759214175136
            ],
            [
              -118.2745915738883,
              33.776129513074274
            ],
            [
              -118.27729096877428,
              33.776129513074274
            ],
            [
              -118.27729096877428,
              33.773759214175136
            ]
          ]
        ]
      }
    },
    {
      "type": "Feature",
      "properties": {
        "layerType": "BUILDING_3D",
        "id": "HARBOR_BLD_200",
        "name": "Structure #200",
        "height": 18,
        "min_height": 0,
        "render_height": 18,
        "render_min_height": 0,
        "division": "Harbor Division",
        "bureau": "South Bureau",
        "extrusionColor": "#1e293b"
      },
      "geometry": {
        "type": "Polygon",
        "coordinates": [
          [
            [
              -118.26358012840825,
              33.773068154451536
            ],
            [
              -118.26002448200938,
              33.773068154451536
            ],
            [
              -118.26002448200938,
              33.77715869458105
            ],
            [
              -118.26358012840825,
              33.77715869458105
            ],
            [
              -118.26358012840825,
              33.773068154451536
            ]
          ]
        ]
      }
    },
    {
      "type": "Feature",
      "properties": {
        "layerType": "BUILDING_3D",
        "id": "HARBOR_BLD_203",
        "name": "Harbor Division High-Rise Tower #203",
        "height": 90,
        "min_height": 0,
        "render_height": 90,
        "render_min_height": 0,
        "division": "Harbor Division",
        "bureau": "South Bureau",
        "extrusionColor": "#00f3ff"
      },
      "geometry": {
        "type": "Polygon",
        "coordinates": [
          [
            [
              -118.247677495955,
              33.77528939871098
            ],
            [
              -118.24559476436892,
              33.77528939871098
            ],
            [
              -118.24559476436892,
              33.777266037148266
            ],
            [
              -118.247677495955,
              33.777266037148266
            ],
            [
              -118.247677495955,
              33.77528939871098
            ]
          ]
        ]
      }
    },
    {
      "type": "Feature",
      "properties": {
        "layerType": "BUILDING_3D",
        "id": "HARBOR_BLD_204",
        "name": "Structure #204",
        "height": 21,
        "min_height": 0,
        "render_height": 21,
        "render_min_height": 0,
        "division": "Harbor Division",
        "bureau": "South Bureau",
        "extrusionColor": "#1e293b"
      },
      "geometry": {
        "type": "Polygon",
        "coordinates": [
          [
            [
              -118.24291676064597,
              33.77309144736119
            ],
            [
              -118.24141075040804,
              33.77309144736119
            ],
            [
              -118.24141075040804,
              33.77790581838135
            ],
            [
              -118.24291676064597,
              33.77790581838135
            ],
            [
              -118.24291676064597,
              33.77309144736119
            ]
          ]
        ]
      }
    },
    {
      "type": "Feature",
      "properties": {
        "layerType": "BUILDING_3D",
        "id": "HARBOR_BLD_205",
        "name": "Structure #205",
        "height": 16,
        "min_height": 0,
        "render_height": 16,
        "render_min_height": 0,
        "division": "Harbor Division",
        "bureau": "South Bureau",
        "extrusionColor": "#1e293b"
      },
      "geometry": {
        "type": "Polygon",
        "coordinates": [
          [
            [
              -118.31988550789286,
              33.77898705807879
            ],
            [
              -118.31621741568703,
              33.77898705807879
            ],
            [
              -118.31621741568703,
              33.7831520340091
            ],
            [
              -118.31988550789286,
              33.7831520340091
            ],
            [
              -118.31988550789286,
              33.77898705807879
            ]
          ]
        ]
      }
    },
    {
      "type": "Feature",
      "properties": {
        "layerType": "BUILDING_3D",
        "id": "HARBOR_BLD_206",
        "name": "Structure #206",
        "height": 10,
        "min_height": 0,
        "render_height": 10,
        "render_min_height": 0,
        "division": "Harbor Division",
        "bureau": "South Bureau",
        "extrusionColor": "#1e293b"
      },
      "geometry": {
        "type": "Polygon",
        "coordinates": [
          [
            [
              -118.31539361401279,
              33.78169968396423
            ],
            [
              -118.31222029901828,
              33.78169968396423
            ],
            [
              -118.31222029901828,
              33.78497978025626
            ],
            [
              -118.31539361401279,
              33.78497978025626
            ],
            [
              -118.31539361401279,
              33.78169968396423
            ]
          ]
        ]
      }
    },
    {
      "type": "Feature",
      "properties": {
        "layerType": "BUILDING_3D",
        "id": "HARBOR_BLD_208",
        "name": "Harbor Division High-Rise Tower #208",
        "height": 96,
        "min_height": 0,
        "render_height": 96,
        "render_min_height": 0,
        "division": "Harbor Division",
        "bureau": "South Bureau",
        "extrusionColor": "#00f3ff"
      },
      "geometry": {
        "type": "Polygon",
        "coordinates": [
          [
            [
              -118.30389847313661,
              33.780125267344324
            ],
            [
              -118.30222422287214,
              33.780125267344324
            ],
            [
              -118.30222422287214,
              33.784099357311156
            ],
            [
              -118.30389847313661,
              33.784099357311156
            ],
            [
              -118.30389847313661,
              33.780125267344324
            ]
          ]
        ]
      }
    },
    {
      "type": "Feature",
      "properties": {
        "layerType": "BUILDING_3D",
        "id": "HARBOR_BLD_209",
        "name": "Structure #209",
        "height": 22,
        "min_height": 0,
        "render_height": 22,
        "render_min_height": 0,
        "division": "Harbor Division",
        "bureau": "South Bureau",
        "extrusionColor": "#1e293b"
      },
      "geometry": {
        "type": "Polygon",
        "coordinates": [
          [
            [
              -118.30040875989451,
              33.77990579113746
            ],
            [
              -118.29738088182455,
              33.77990579113746
            ],
            [
              -118.29738088182455,
              33.78258660500614
            ],
            [
              -118.30040875989451,
              33.78258660500614
            ],
            [
              -118.30040875989451,
              33.77990579113746
            ]
          ]
        ]
      }
    },
    {
      "type": "Feature",
      "properties": {
        "layerType": "BUILDING_3D",
        "id": "HARBOR_BLD_210",
        "name": "Structure #210",
        "height": 18,
        "min_height": 0,
        "render_height": 18,
        "render_min_height": 0,
        "division": "Harbor Division",
        "bureau": "South Bureau",
        "extrusionColor": "#1e293b"
      },
      "geometry": {
        "type": "Polygon",
        "coordinates": [
          [
            [
              -118.29587009750871,
              33.780476576135364
            ],
            [
              -118.29382757265638,
              33.780476576135364
            ],
            [
              -118.29382757265638,
              33.7848584383998
            ],
            [
              -118.29587009750871,
              33.7848584383998
            ],
            [
              -118.29587009750871,
              33.780476576135364
            ]
          ]
        ]
      }
    },
    {
      "type": "Feature",
      "properties": {
        "layerType": "BUILDING_3D",
        "id": "HARBOR_BLD_212",
        "name": "Structure #212",
        "height": 13,
        "min_height": 0,
        "render_height": 13,
        "render_min_height": 0,
        "division": "Harbor Division",
        "bureau": "South Bureau",
        "extrusionColor": "#1e293b"
      },
      "geometry": {
        "type": "Polygon",
        "coordinates": [
          [
            [
              -118.2865049614768,
              33.78120673598531
            ],
            [
              -118.28377993993595,
              33.78120673598531
            ],
            [
              -118.28377993993595,
              33.78478071422603
            ],
            [
              -118.2865049614768,
              33.78478071422603
            ],
            [
              -118.2865049614768,
              33.78120673598531
            ]
          ]
        ]
      }
    },
    {
      "type": "Feature",
      "properties": {
        "layerType": "BUILDING_3D",
        "id": "HARBOR_BLD_213",
        "name": "Structure #213",
        "height": 9,
        "min_height": 0,
        "render_height": 9,
        "render_min_height": 0,
        "division": "Harbor Division",
        "bureau": "South Bureau",
        "extrusionColor": "#1e293b"
      },
      "geometry": {
        "type": "Polygon",
        "coordinates": [
          [
            [
              -118.28076125437534,
              33.7809263867813
            ],
            [
              -118.27803822333479,
              33.7809263867813
            ],
            [
              -118.27803822333479,
              33.7837726290427
            ],
            [
              -118.28076125437534,
              33.7837726290427
            ],
            [
              -118.28076125437534,
              33.7809263867813
            ]
          ]
        ]
      }
    },
    {
      "type": "Feature",
      "properties": {
        "layerType": "BUILDING_3D",
        "id": "HARBOR_BLD_214",
        "name": "Structure #214",
        "height": 14,
        "min_height": 0,
        "render_height": 14,
        "render_min_height": 0,
        "division": "Harbor Division",
        "bureau": "South Bureau",
        "extrusionColor": "#1e293b"
      },
      "geometry": {
        "type": "Polygon",
        "coordinates": [
          [
            [
              -118.27626897141592,
              33.781296301296535
            ],
            [
              -118.27410040588343,
              33.781296301296535
            ],
            [
              -118.27410040588343,
              33.78339853447687
            ],
            [
              -118.27626897141592,
              33.78339853447687
            ],
            [
              -118.27626897141592,
              33.781296301296535
            ]
          ]
        ]
      }
    },
    {
      "type": "Feature",
      "properties": {
        "layerType": "BUILDING_3D",
        "id": "HARBOR_BLD_215",
        "name": "Structure #215",
        "height": 17,
        "min_height": 0,
        "render_height": 17,
        "render_min_height": 0,
        "division": "Harbor Division",
        "bureau": "South Bureau",
        "extrusionColor": "#1e293b"
      },
      "geometry": {
        "type": "Polygon",
        "coordinates": [
          [
            [
              -118.27128124943233,
              33.78030949306688
            ],
            [
              -118.26967954796159,
              33.78030949306688
            ],
            [
              -118.26967954796159,
              33.78322096513959
            ],
            [
              -118.27128124943233,
              33.78322096513959
            ],
            [
              -118.27128124943233,
              33.78030949306688
            ]
          ]
        ]
      }
    },
    {
      "type": "Feature",
      "properties": {
        "layerType": "BUILDING_3D",
        "id": "HARBOR_BLD_216",
        "name": "Structure #216",
        "height": 18,
        "min_height": 0,
        "render_height": 18,
        "render_min_height": 0,
        "division": "Harbor Division",
        "bureau": "South Bureau",
        "extrusionColor": "#1e293b"
      },
      "geometry": {
        "type": "Polygon",
        "coordinates": [
          [
            [
              -118.26732722096865,
              33.77945072282767
            ],
            [
              -118.2651089565323,
              33.77945072282767
            ],
            [
              -118.2651089565323,
              33.782889320849115
            ],
            [
              -118.26732722096865,
              33.782889320849115
            ],
            [
              -118.26732722096865,
              33.77945072282767
            ]
          ]
        ]
      }
    },
    {
      "type": "Feature",
      "properties": {
        "layerType": "BUILDING_3D",
        "id": "HARBOR_BLD_217",
        "name": "Structure #217",
        "height": 12,
        "min_height": 0,
        "render_height": 12,
        "render_min_height": 0,
        "division": "Harbor Division",
        "bureau": "South Bureau",
        "extrusionColor": "#1e293b"
      },
      "geometry": {
        "type": "Polygon",
        "coordinates": [
          [
            [
              -118.26327563975033,
              33.780012369379165
            ],
            [
              -118.26065575554352,
              33.780012369379165
            ],
            [
              -118.26065575554352,
              33.78362245652542
            ],
            [
              -118.26327563975033,
              33.78362245652542
            ],
            [
              -118.26327563975033,
              33.780012369379165
            ]
          ]
        ]
      }
    },
    {
      "type": "Feature",
      "properties": {
        "layerType": "BUILDING_3D",
        "id": "HARBOR_BLD_219",
        "name": "Structure #219",
        "height": 9,
        "min_height": 0,
        "render_height": 9,
        "render_min_height": 0,
        "division": "Harbor Division",
        "bureau": "South Bureau",
        "extrusionColor": "#1e293b"
      },
      "geometry": {
        "type": "Polygon",
        "coordinates": [
          [
            [
              -118.25275961923467,
              33.78050523305722
            ],
            [
              -118.25071915426972,
              33.78050523305722
            ],
            [
              -118.25071915426972,
              33.78424737696502
            ],
            [
              -118.25275961923467,
              33.78424737696502
            ],
            [
              -118.25275961923467,
              33.78050523305722
            ]
          ]
        ]
      }
    },
    {
      "type": "Feature",
      "properties": {
        "layerType": "BUILDING_3D",
        "id": "HARBOR_BLD_220",
        "name": "Structure #220",
        "height": 13,
        "min_height": 0,
        "render_height": 13,
        "render_min_height": 0,
        "division": "Harbor Division",
        "bureau": "South Bureau",
        "extrusionColor": "#1e293b"
      },
      "geometry": {
        "type": "Polygon",
        "coordinates": [
          [
            [
              -118.24835455632615,
              33.78053831399636
            ],
            [
              -118.24550339906307,
              33.78053831399636
            ],
            [
              -118.24550339906307,
              33.782723133018266
            ],
            [
              -118.24835455632615,
              33.782723133018266
            ],
            [
              -118.24835455632615,
              33.78053831399636
            ]
          ]
        ]
      }
    },
    {
      "type": "Feature",
      "properties": {
        "layerType": "BUILDING_3D",
        "id": "HARBOR_BLD_221",
        "name": "Structure #221",
        "height": 14,
        "min_height": 0,
        "render_height": 14,
        "render_min_height": 0,
        "division": "Harbor Division",
        "bureau": "South Bureau",
        "extrusionColor": "#1e293b"
      },
      "geometry": {
        "type": "Polygon",
        "coordinates": [
          [
            [
              -118.24362346944815,
              33.78105198695048
            ],
            [
              -118.24195884543147,
              33.78105198695048
            ],
            [
              -118.24195884543147,
              33.78391191389024
            ],
            [
              -118.24362346944815,
              33.78391191389024
            ],
            [
              -118.24362346944815,
              33.78105198695048
            ]
          ]
        ]
      }
    },
    {
      "type": "Feature",
      "properties": {
        "layerType": "BUILDING_3D",
        "id": "HARBOR_BLD_222",
        "name": "Structure #222",
        "height": 8,
        "min_height": 0,
        "render_height": 8,
        "render_min_height": 0,
        "division": "Harbor Division",
        "bureau": "South Bureau",
        "extrusionColor": "#1e293b"
      },
      "geometry": {
        "type": "Polygon",
        "coordinates": [
          [
            [
              -118.3185262172254,
              33.785925449950405
            ],
            [
              -118.31634722527129,
              33.785925449950405
            ],
            [
              -118.31634722527129,
              33.788899672249364
            ],
            [
              -118.3185262172254,
              33.788899672249364
            ],
            [
              -118.3185262172254,
              33.785925449950405
            ]
          ]
        ]
      }
    },
    {
      "type": "Feature",
      "properties": {
        "layerType": "BUILDING_3D",
        "id": "HARBOR_BLD_223",
        "name": "Structure #223",
        "height": 20,
        "min_height": 0,
        "render_height": 20,
        "render_min_height": 0,
        "division": "Harbor Division",
        "bureau": "South Bureau",
        "extrusionColor": "#1e293b"
      },
      "geometry": {
        "type": "Polygon",
        "coordinates": [
          [
            [
              -118.31481310255879,
              33.78702610577316
            ],
            [
              -118.31254702842625,
              33.78702610577316
            ],
            [
              -118.31254702842625,
              33.78887918909518
            ],
            [
              -118.31481310255879,
              33.78887918909518
            ],
            [
              -118.31481310255879,
              33.78702610577316
            ]
          ]
        ]
      }
    },
    {
      "type": "Feature",
      "properties": {
        "layerType": "BUILDING_3D",
        "id": "HARBOR_BLD_225",
        "name": "Structure #225",
        "height": 20,
        "min_height": 0,
        "render_height": 20,
        "render_min_height": 0,
        "division": "Harbor Division",
        "bureau": "South Bureau",
        "extrusionColor": "#1e293b"
      },
      "geometry": {
        "type": "Polygon",
        "coordinates": [
          [
            [
              -118.30532762709448,
              33.785530886523574
            ],
            [
              -118.30224665429343,
              33.785530886523574
            ],
            [
              -118.30224665429343,
              33.78876345855636
            ],
            [
              -118.30532762709448,
              33.78876345855636
            ],
            [
              -118.30532762709448,
              33.785530886523574
            ]
          ]
        ]
      }
    },
    {
      "type": "Feature",
      "properties": {
        "layerType": "BUILDING_3D",
        "id": "HARBOR_BLD_226",
        "name": "Structure #226",
        "height": 22,
        "min_height": 0,
        "render_height": 22,
        "render_min_height": 0,
        "division": "Harbor Division",
        "bureau": "South Bureau",
        "extrusionColor": "#1e293b"
      },
      "geometry": {
        "type": "Polygon",
        "coordinates": [
          [
            [
              -118.30099607525374,
              33.78686752035035
            ],
            [
              -118.29853316322875,
              33.78686752035035
            ],
            [
              -118.29853316322875,
              33.7909319342966
            ],
            [
              -118.30099607525374,
              33.7909319342966
            ],
            [
              -118.30099607525374,
              33.78686752035035
            ]
          ]
        ]
      }
    },
    {
      "type": "Feature",
      "properties": {
        "layerType": "BUILDING_3D",
        "id": "HARBOR_BLD_228",
        "name": "Structure #228",
        "height": 8,
        "min_height": 0,
        "render_height": 8,
        "render_min_height": 0,
        "division": "Harbor Division",
        "bureau": "South Bureau",
        "extrusionColor": "#1e293b"
      },
      "geometry": {
        "type": "Polygon",
        "coordinates": [
          [
            [
              -118.29114282697111,
              33.78757751682544
            ],
            [
              -118.28788121967128,
              33.78757751682544
            ],
            [
              -118.28788121967128,
              33.790254957253275
            ],
            [
              -118.29114282697111,
              33.790254957253275
            ],
            [
              -118.29114282697111,
              33.78757751682544
            ]
          ]
        ]
      }
    },
    {
      "type": "Feature",
      "properties": {
        "layerType": "BUILDING_3D",
        "id": "HARBOR_BLD_229",
        "name": "Structure #229",
        "height": 16,
        "min_height": 0,
        "render_height": 16,
        "render_min_height": 0,
        "division": "Harbor Division",
        "bureau": "South Bureau",
        "extrusionColor": "#1e293b"
      },
      "geometry": {
        "type": "Polygon",
        "coordinates": [
          [
            [
              -118.28531909082207,
              33.788115606578444
            ],
            [
              -118.28327913621038,
              33.788115606578444
            ],
            [
              -118.28327913621038,
              33.79006318051593
            ],
            [
              -118.28531909082207,
              33.79006318051593
            ],
            [
              -118.28531909082207,
              33.788115606578444
            ]
          ]
        ]
      }
    },
    {
      "type": "Feature",
      "properties": {
        "layerType": "BUILDING_3D",
        "id": "HARBOR_BLD_230",
        "name": "Structure #230",
        "height": 22,
        "min_height": 0,
        "render_height": 22,
        "render_min_height": 0,
        "division": "Harbor Division",
        "bureau": "South Bureau",
        "extrusionColor": "#1e293b"
      },
      "geometry": {
        "type": "Polygon",
        "coordinates": [
          [
            [
              -118.28020323532398,
              33.78614169365921
            ],
            [
              -118.27871936946686,
              33.78614169365921
            ],
            [
              -118.27871936946686,
              33.789471622790025
            ],
            [
              -118.28020323532398,
              33.789471622790025
            ],
            [
              -118.28020323532398,
              33.78614169365921
            ]
          ]
        ]
      }
    },
    {
      "type": "Feature",
      "properties": {
        "layerType": "BUILDING_3D",
        "id": "HARBOR_BLD_231",
        "name": "Structure #231",
        "height": 24,
        "min_height": 0,
        "render_height": 24,
        "render_min_height": 0,
        "division": "Harbor Division",
        "bureau": "South Bureau",
        "extrusionColor": "#1e293b"
      },
      "geometry": {
        "type": "Polygon",
        "coordinates": [
          [
            [
              -118.27700128662379,
              33.78509072697415
            ],
            [
              -118.27446419776221,
              33.78509072697415
            ],
            [
              -118.27446419776221,
              33.78935480309053
            ],
            [
              -118.27700128662379,
              33.78935480309053
            ],
            [
              -118.27700128662379,
              33.78509072697415
            ]
          ]
        ]
      }
    },
    {
      "type": "Feature",
      "properties": {
        "layerType": "BUILDING_3D",
        "id": "HARBOR_BLD_232",
        "name": "Structure #232",
        "height": 13,
        "min_height": 0,
        "render_height": 13,
        "render_min_height": 0,
        "division": "Harbor Division",
        "bureau": "South Bureau",
        "extrusionColor": "#1e293b"
      },
      "geometry": {
        "type": "Polygon",
        "coordinates": [
          [
            [
              -118.2730961407928,
              33.78600469996236
            ],
            [
              -118.2698473208946,
              33.78600469996236
            ],
            [
              -118.2698473208946,
              33.790652598411654
            ],
            [
              -118.2730961407928,
              33.790652598411654
            ],
            [
              -118.2730961407928,
              33.78600469996236
            ]
          ]
        ]
      }
    },
    {
      "type": "Feature",
      "properties": {
        "layerType": "BUILDING_3D",
        "id": "HARBOR_BLD_234",
        "name": "Structure #234",
        "height": 19,
        "min_height": 0,
        "render_height": 19,
        "render_min_height": 0,
        "division": "Harbor Division",
        "bureau": "South Bureau",
        "extrusionColor": "#1e293b"
      },
      "geometry": {
        "type": "Polygon",
        "coordinates": [
          [
            [
              -118.26173201733609,
              33.78719371409314
            ],
            [
              -118.25956398847383,
              33.78719371409314
            ],
            [
              -118.25956398847383,
              33.791572335190445
            ],
            [
              -118.26173201733609,
              33.791572335190445
            ],
            [
              -118.26173201733609,
              33.78719371409314
            ]
          ]
        ]
      }
    },
    {
      "type": "Feature",
      "properties": {
        "layerType": "BUILDING_3D",
        "id": "HARBOR_BLD_235",
        "name": "Structure #235",
        "height": 13,
        "min_height": 0,
        "render_height": 13,
        "render_min_height": 0,
        "division": "Harbor Division",
        "bureau": "South Bureau",
        "extrusionColor": "#1e293b"
      },
      "geometry": {
        "type": "Polygon",
        "coordinates": [
          [
            [
              -118.2573762178338,
              33.78602263266988
            ],
            [
              -118.25404012556918,
              33.78602263266988
            ],
            [
              -118.25404012556918,
              33.78985963970556
            ],
            [
              -118.2573762178338,
              33.78985963970556
            ],
            [
              -118.2573762178338,
              33.78602263266988
            ]
          ]
        ]
      }
    },
    {
      "type": "Feature",
      "properties": {
        "layerType": "BUILDING_3D",
        "id": "HARBOR_BLD_236",
        "name": "Structure #236",
        "height": 32,
        "min_height": 0,
        "render_height": 32,
        "render_min_height": 0,
        "division": "Harbor Division",
        "bureau": "South Bureau",
        "extrusionColor": "#1e293b"
      },
      "geometry": {
        "type": "Polygon",
        "coordinates": [
          [
            [
              -118.25356258799381,
              33.78776029141037
            ],
            [
              -118.25063915406186,
              33.78776029141037
            ],
            [
              -118.25063915406186,
              33.79057491411003
            ],
            [
              -118.25356258799381,
              33.79057491411003
            ],
            [
              -118.25356258799381,
              33.78776029141037
            ]
          ]
        ]
      }
    },
    {
      "type": "Feature",
      "properties": {
        "layerType": "BUILDING_3D",
        "id": "HARBOR_BLD_237",
        "name": "Structure #237",
        "height": 8,
        "min_height": 0,
        "render_height": 8,
        "render_min_height": 0,
        "division": "Harbor Division",
        "bureau": "South Bureau",
        "extrusionColor": "#1e293b"
      },
      "geometry": {
        "type": "Polygon",
        "coordinates": [
          [
            [
              -118.24753277517193,
              33.78705950901924
            ],
            [
              -118.24538830073409,
              33.78705950901924
            ],
            [
              -118.24538830073409,
              33.79040911400255
            ],
            [
              -118.24753277517193,
              33.79040911400255
            ],
            [
              -118.24753277517193,
              33.78705950901924
            ]
          ]
        ]
      }
    },
    {
      "type": "Feature",
      "properties": {
        "layerType": "BUILDING_3D",
        "id": "HARBOR_BLD_238",
        "name": "Structure #238",
        "height": 14,
        "min_height": 0,
        "render_height": 14,
        "render_min_height": 0,
        "division": "Harbor Division",
        "bureau": "South Bureau",
        "extrusionColor": "#1e293b"
      },
      "geometry": {
        "type": "Polygon",
        "coordinates": [
          [
            [
              -118.24336082225985,
              33.78693765167598
            ],
            [
              -118.24080874227256,
              33.78693765167598
            ],
            [
              -118.24080874227256,
              33.788895156408195
            ],
            [
              -118.24336082225985,
              33.788895156408195
            ],
            [
              -118.24336082225985,
              33.78693765167598
            ]
          ]
        ]
      }
    },
    {
      "type": "Feature",
      "properties": {
        "layerType": "BUILDING_3D",
        "id": "HARBOR_BLD_239",
        "name": "Structure #239",
        "height": 11,
        "min_height": 0,
        "render_height": 11,
        "render_min_height": 0,
        "division": "Harbor Division",
        "bureau": "South Bureau",
        "extrusionColor": "#1e293b"
      },
      "geometry": {
        "type": "Polygon",
        "coordinates": [
          [
            [
              -118.318747783597,
              33.793044286571615
            ],
            [
              -118.31725635142008,
              33.793044286571615
            ],
            [
              -118.31725635142008,
              33.795997434342866
            ],
            [
              -118.318747783597,
              33.795997434342866
            ],
            [
              -118.318747783597,
              33.793044286571615
            ]
          ]
        ]
      }
    },
    {
      "type": "Feature",
      "properties": {
        "layerType": "BUILDING_3D",
        "id": "HARBOR_BLD_240",
        "name": "Structure #240",
        "height": 14,
        "min_height": 0,
        "render_height": 14,
        "render_min_height": 0,
        "division": "Harbor Division",
        "bureau": "South Bureau",
        "extrusionColor": "#1e293b"
      },
      "geometry": {
        "type": "Polygon",
        "coordinates": [
          [
            [
              -118.3140951093908,
              33.792140126604636
            ],
            [
              -118.31184509204128,
              33.792140126604636
            ],
            [
              -118.31184509204128,
              33.79467423390808
            ],
            [
              -118.3140951093908,
              33.79467423390808
            ],
            [
              -118.3140951093908,
              33.792140126604636
            ]
          ]
        ]
      }
    },
    {
      "type": "Feature",
      "properties": {
        "layerType": "BUILDING_3D",
        "id": "HARBOR_BLD_241",
        "name": "Structure #241",
        "height": 11,
        "min_height": 0,
        "render_height": 11,
        "render_min_height": 0,
        "division": "Harbor Division",
        "bureau": "South Bureau",
        "extrusionColor": "#1e293b"
      },
      "geometry": {
        "type": "Polygon",
        "coordinates": [
          [
            [
              -118.31007811082223,
              33.79268965045982
            ],
            [
              -118.30814736240056,
              33.79268965045982
            ],
            [
              -118.30814736240056,
              33.79571773891537
            ],
            [
              -118.31007811082223,
              33.79571773891537
            ],
            [
              -118.31007811082223,
              33.79268965045982
            ]
          ]
        ]
      }
    },
    {
      "type": "Feature",
      "properties": {
        "layerType": "BUILDING_3D",
        "id": "HARBOR_BLD_243",
        "name": "Structure #243",
        "height": 22,
        "min_height": 0,
        "render_height": 22,
        "render_min_height": 0,
        "division": "Harbor Division",
        "bureau": "South Bureau",
        "extrusionColor": "#1e293b"
      },
      "geometry": {
        "type": "Polygon",
        "coordinates": [
          [
            [
              -118.30027580388192,
              33.792967309920705
            ],
            [
              -118.2984232339375,
              33.792967309920705
            ],
            [
              -118.2984232339375,
              33.79555998454935
            ],
            [
              -118.30027580388192,
              33.79555998454935
            ],
            [
              -118.30027580388192,
              33.792967309920705
            ]
          ]
        ]
      }
    },
    {
      "type": "Feature",
      "properties": {
        "layerType": "BUILDING_3D",
        "id": "HARBOR_BLD_244",
        "name": "Structure #244",
        "height": 22,
        "min_height": 0,
        "render_height": 22,
        "render_min_height": 0,
        "division": "Harbor Division",
        "bureau": "South Bureau",
        "extrusionColor": "#1e293b"
      },
      "geometry": {
        "type": "Polygon",
        "coordinates": [
          [
            [
              -118.29533022885592,
              33.791617356417895
            ],
            [
              -118.2933548577103,
              33.791617356417895
            ],
            [
              -118.2933548577103,
              33.795955393406565
            ],
            [
              -118.29533022885592,
              33.795955393406565
            ],
            [
              -118.29533022885592,
              33.791617356417895
            ]
          ]
        ]
      }
    },
    {
      "type": "Feature",
      "properties": {
        "layerType": "BUILDING_3D",
        "id": "HARBOR_BLD_245",
        "name": "Structure #245",
        "height": 14,
        "min_height": 0,
        "render_height": 14,
        "render_min_height": 0,
        "division": "Harbor Division",
        "bureau": "South Bureau",
        "extrusionColor": "#1e293b"
      },
      "geometry": {
        "type": "Polygon",
        "coordinates": [
          [
            [
              -118.29165288250513,
              33.79176593969743
            ],
            [
              -118.28834771146614,
              33.79176593969743
            ],
            [
              -118.28834771146614,
              33.79606469264958
            ],
            [
              -118.29165288250513,
              33.79606469264958
            ],
            [
              -118.29165288250513,
              33.79176593969743
            ]
          ]
        ]
      }
    },
    {
      "type": "Feature",
      "properties": {
        "layerType": "BUILDING_3D",
        "id": "HARBOR_BLD_247",
        "name": "Structure #247",
        "height": 13,
        "min_height": 0,
        "render_height": 13,
        "render_min_height": 0,
        "division": "Harbor Division",
        "bureau": "South Bureau",
        "extrusionColor": "#1e293b"
      },
      "geometry": {
        "type": "Polygon",
        "coordinates": [
          [
            [
              -118.28058434362485,
              33.793165970539135
            ],
            [
              -118.27826855918336,
              33.793165970539135
            ],
            [
              -118.27826855918336,
              33.79739438712549
            ],
            [
              -118.28058434362485,
              33.79739438712549
            ],
            [
              -118.28058434362485,
              33.793165970539135
            ]
          ]
        ]
      }
    },
    {
      "type": "Feature",
      "properties": {
        "layerType": "BUILDING_3D",
        "id": "HARBOR_BLD_248",
        "name": "Structure #248",
        "height": 20,
        "min_height": 0,
        "render_height": 20,
        "render_min_height": 0,
        "division": "Harbor Division",
        "bureau": "South Bureau",
        "extrusionColor": "#1e293b"
      },
      "geometry": {
        "type": "Polygon",
        "coordinates": [
          [
            [
              -118.27635533897298,
              33.79291385366881
            ],
            [
              -118.27313368824052,
              33.79291385366881
            ],
            [
              -118.27313368824052,
              33.79563164659953
            ],
            [
              -118.27635533897298,
              33.79563164659953
            ],
            [
              -118.27635533897298,
              33.79291385366881
            ]
          ]
        ]
      }
    },
    {
      "type": "Feature",
      "properties": {
        "layerType": "BUILDING_3D",
        "id": "HARBOR_BLD_249",
        "name": "Structure #249",
        "height": 14,
        "min_height": 0,
        "render_height": 14,
        "render_min_height": 0,
        "division": "Harbor Division",
        "bureau": "South Bureau",
        "extrusionColor": "#1e293b"
      },
      "geometry": {
        "type": "Polygon",
        "coordinates": [
          [
            [
              -118.2718415456641,
              33.793214206393266
            ],
            [
              -118.26977084628831,
              33.793214206393266
            ],
            [
              -118.26977084628831,
              33.797233613086085
            ],
            [
              -118.2718415456641,
              33.797233613086085
            ],
            [
              -118.2718415456641,
              33.793214206393266
            ]
          ]
        ]
      }
    },
    {
      "type": "Feature",
      "properties": {
        "layerType": "BUILDING_3D",
        "id": "HARBOR_BLD_250",
        "name": "Structure #250",
        "height": 9,
        "min_height": 0,
        "render_height": 9,
        "render_min_height": 0,
        "division": "Harbor Division",
        "bureau": "South Bureau",
        "extrusionColor": "#1e293b"
      },
      "geometry": {
        "type": "Polygon",
        "coordinates": [
          [
            [
              -118.26690682314013,
              33.792537538120314
            ],
            [
              -118.26384441804085,
              33.792537538120314
            ],
            [
              -118.26384441804085,
              33.79549328351003
            ],
            [
              -118.26690682314013,
              33.79549328351003
            ],
            [
              -118.26690682314013,
              33.792537538120314
            ]
          ]
        ]
      }
    },
    {
      "type": "Feature",
      "properties": {
        "layerType": "BUILDING_3D",
        "id": "HARBOR_BLD_251",
        "name": "Structure #251",
        "height": 12,
        "min_height": 0,
        "render_height": 12,
        "render_min_height": 0,
        "division": "Harbor Division",
        "bureau": "South Bureau",
        "extrusionColor": "#1e293b"
      },
      "geometry": {
        "type": "Polygon",
        "coordinates": [
          [
            [
              -118.26271649756659,
              33.79396707884531
            ],
            [
              -118.2604645010792,
              33.79396707884531
            ],
            [
              -118.2604645010792,
              33.79614632480437
            ],
            [
              -118.26271649756659,
              33.79614632480437
            ],
            [
              -118.26271649756659,
              33.79396707884531
            ]
          ]
        ]
      }
    },
    {
      "type": "Feature",
      "properties": {
        "layerType": "BUILDING_3D",
        "id": "HARBOR_BLD_252",
        "name": "Structure #252",
        "height": 21,
        "min_height": 0,
        "render_height": 21,
        "render_min_height": 0,
        "division": "Harbor Division",
        "bureau": "South Bureau",
        "extrusionColor": "#1e293b"
      },
      "geometry": {
        "type": "Polygon",
        "coordinates": [
          [
            [
              -118.25692144132793,
              33.7929337489095
            ],
            [
              -118.25526106345436,
              33.7929337489095
            ],
            [
              -118.25526106345436,
              33.79547779665521
            ],
            [
              -118.25692144132793,
              33.79547779665521
            ],
            [
              -118.25692144132793,
              33.7929337489095
            ]
          ]
        ]
      }
    },
    {
      "type": "Feature",
      "properties": {
        "layerType": "BUILDING_3D",
        "id": "HARBOR_BLD_253",
        "name": "Structure #253",
        "height": 10,
        "min_height": 0,
        "render_height": 10,
        "render_min_height": 0,
        "division": "Harbor Division",
        "bureau": "South Bureau",
        "extrusionColor": "#1e293b"
      },
      "geometry": {
        "type": "Polygon",
        "coordinates": [
          [
            [
              -118.25300285797371,
              33.79150251554508
            ],
            [
              -118.25106453588174,
              33.79150251554508
            ],
            [
              -118.25106453588174,
              33.79566663093059
            ],
            [
              -118.25300285797371,
              33.79566663093059
            ],
            [
              -118.25300285797371,
              33.79150251554508
            ]
          ]
        ]
      }
    },
    {
      "type": "Feature",
      "properties": {
        "layerType": "BUILDING_3D",
        "id": "HARBOR_BLD_254",
        "name": "Structure #254",
        "height": 8,
        "min_height": 0,
        "render_height": 8,
        "render_min_height": 0,
        "division": "Harbor Division",
        "bureau": "South Bureau",
        "extrusionColor": "#1e293b"
      },
      "geometry": {
        "type": "Polygon",
        "coordinates": [
          [
            [
              -118.24938743913653,
              33.79275165042804
            ],
            [
              -118.24621477979518,
              33.79275165042804
            ],
            [
              -118.24621477979518,
              33.79500117890628
            ],
            [
              -118.24938743913653,
              33.79500117890628
            ],
            [
              -118.24938743913653,
              33.79275165042804
            ]
          ]
        ]
      }
    },
    {
      "type": "Feature",
      "properties": {
        "layerType": "BUILDING_3D",
        "id": "HARBOR_BLD_256",
        "name": "Structure #256",
        "height": 19,
        "min_height": 0,
        "render_height": 19,
        "render_min_height": 0,
        "division": "Harbor Division",
        "bureau": "South Bureau",
        "extrusionColor": "#1e293b"
      },
      "geometry": {
        "type": "Polygon",
        "coordinates": [
          [
            [
              -118.31793188909599,
              33.79841287272511
            ],
            [
              -118.31642715007551,
              33.79841287272511
            ],
            [
              -118.31642715007551,
              33.80122166695773
            ],
            [
              -118.31793188909599,
              33.80122166695773
            ],
            [
              -118.31793188909599,
              33.79841287272511
            ]
          ]
        ]
      }
    },
    {
      "type": "Feature",
      "properties": {
        "layerType": "BUILDING_3D",
        "id": "HARBOR_BLD_257",
        "name": "Structure #257",
        "height": 25,
        "min_height": 0,
        "render_height": 25,
        "render_min_height": 0,
        "division": "Harbor Division",
        "bureau": "South Bureau",
        "extrusionColor": "#1e293b"
      },
      "geometry": {
        "type": "Polygon",
        "coordinates": [
          [
            [
              -118.3147106403887,
              33.79772098482924
            ],
            [
              -118.31257060668766,
              33.79772098482924
            ],
            [
              -118.31257060668766,
              33.801474261231405
            ],
            [
              -118.3147106403887,
              33.801474261231405
            ],
            [
              -118.3147106403887,
              33.79772098482924
            ]
          ]
        ]
      }
    },
    {
      "type": "Feature",
      "properties": {
        "layerType": "BUILDING_3D",
        "id": "HARBOR_BLD_260",
        "name": "Structure #260",
        "height": 10,
        "min_height": 0,
        "render_height": 10,
        "render_min_height": 0,
        "division": "Harbor Division",
        "bureau": "South Bureau",
        "extrusionColor": "#1e293b"
      },
      "geometry": {
        "type": "Polygon",
        "coordinates": [
          [
            [
              -118.29942417067151,
              33.80061642370481
            ],
            [
              -118.2977886419609,
              33.80061642370481
            ],
            [
              -118.2977886419609,
              33.8030934094668
            ],
            [
              -118.29942417067151,
              33.8030934094668
            ],
            [
              -118.29942417067151,
              33.80061642370481
            ]
          ]
        ]
      }
    },
    {
      "type": "Feature",
      "properties": {
        "layerType": "BUILDING_3D",
        "id": "HARBOR_BLD_261",
        "name": "Structure #261",
        "height": 25,
        "min_height": 0,
        "render_height": 25,
        "render_min_height": 0,
        "division": "Harbor Division",
        "bureau": "South Bureau",
        "extrusionColor": "#1e293b"
      },
      "geometry": {
        "type": "Polygon",
        "coordinates": [
          [
            [
              -118.29420821499241,
              33.798564901646614
            ],
            [
              -118.29232098774517,
              33.798564901646614
            ],
            [
              -118.29232098774517,
              33.8009050027633
            ],
            [
              -118.29420821499241,
              33.8009050027633
            ],
            [
              -118.29420821499241,
              33.798564901646614
            ]
          ]
        ]
      }
    },
    {
      "type": "Feature",
      "properties": {
        "layerType": "BUILDING_3D",
        "id": "HARBOR_BLD_262",
        "name": "Harbor Division High-Rise Tower #262",
        "height": 110,
        "min_height": 0,
        "render_height": 110,
        "render_min_height": 0,
        "division": "Harbor Division",
        "bureau": "South Bureau",
        "extrusionColor": "#00f3ff"
      },
      "geometry": {
        "type": "Polygon",
        "coordinates": [
          [
            [
              -118.29106539706476,
              33.79755478340108
            ],
            [
              -118.2892824628806,
              33.79755478340108
            ],
            [
              -118.2892824628806,
              33.80244368793575
            ],
            [
              -118.29106539706476,
              33.80244368793575
            ],
            [
              -118.29106539706476,
              33.79755478340108
            ]
          ]
        ]
      }
    },
    {
      "type": "Feature",
      "properties": {
        "layerType": "BUILDING_3D",
        "id": "HARBOR_BLD_264",
        "name": "Structure #264",
        "height": 15,
        "min_height": 0,
        "render_height": 15,
        "render_min_height": 0,
        "division": "Harbor Division",
        "bureau": "South Bureau",
        "extrusionColor": "#1e293b"
      },
      "geometry": {
        "type": "Polygon",
        "coordinates": [
          [
            [
              -118.28235541932926,
              33.799471384488804
            ],
            [
              -118.27893306244667,
              33.799471384488804
            ],
            [
              -118.27893306244667,
              33.80438615688431
            ],
            [
              -118.28235541932926,
              33.80438615688431
            ],
            [
              -118.28235541932926,
              33.799471384488804
            ]
          ]
        ]
      }
    },
    {
      "type": "Feature",
      "properties": {
        "layerType": "BUILDING_3D",
        "id": "HARBOR_BLD_266",
        "name": "Harbor Division High-Rise Tower #266",
        "height": 64,
        "min_height": 0,
        "render_height": 64,
        "render_min_height": 0,
        "division": "Harbor Division",
        "bureau": "South Bureau",
        "extrusionColor": "#0ea5e9"
      },
      "geometry": {
        "type": "Polygon",
        "coordinates": [
          [
            [
              -118.27109592761715,
              33.79982748434538
            ],
            [
              -118.26874594842951,
              33.79982748434538
            ],
            [
              -118.26874594842951,
              33.80407144560508
            ],
            [
              -118.27109592761715,
              33.80407144560508
            ],
            [
              -118.27109592761715,
              33.79982748434538
            ]
          ]
        ]
      }
    },
    {
      "type": "Feature",
      "properties": {
        "layerType": "BUILDING_3D",
        "id": "HARBOR_BLD_267",
        "name": "Harbor Division High-Rise Tower #267",
        "height": 55,
        "min_height": 0,
        "render_height": 55,
        "render_min_height": 0,
        "division": "Harbor Division",
        "bureau": "South Bureau",
        "extrusionColor": "#0ea5e9"
      },
      "geometry": {
        "type": "Polygon",
        "coordinates": [
          [
            [
              -118.26657401752956,
              33.79952928262476
            ],
            [
              -118.26334052323645,
              33.79952928262476
            ],
            [
              -118.26334052323645,
              33.801440967786945
            ],
            [
              -118.26657401752956,
              33.801440967786945
            ],
            [
              -118.26657401752956,
              33.79952928262476
            ]
          ]
        ]
      }
    },
    {
      "type": "Feature",
      "properties": {
        "layerType": "BUILDING_3D",
        "id": "HARBOR_BLD_268",
        "name": "Structure #268",
        "height": 34,
        "min_height": 0,
        "render_height": 34,
        "render_min_height": 0,
        "division": "Harbor Division",
        "bureau": "South Bureau",
        "extrusionColor": "#1e293b"
      },
      "geometry": {
        "type": "Polygon",
        "coordinates": [
          [
            [
              -118.26209533648756,
              33.79982687387437
            ],
            [
              -118.26063881445924,
              33.79982687387437
            ],
            [
              -118.26063881445924,
              33.8029987582588
            ],
            [
              -118.26209533648756,
              33.8029987582588
            ],
            [
              -118.26209533648756,
              33.79982687387437
            ]
          ]
        ]
      }
    },
    {
      "type": "Feature",
      "properties": {
        "layerType": "BUILDING_3D",
        "id": "HARBOR_BLD_269",
        "name": "Structure #269",
        "height": 9,
        "min_height": 0,
        "render_height": 9,
        "render_min_height": 0,
        "division": "Harbor Division",
        "bureau": "South Bureau",
        "extrusionColor": "#1e293b"
      },
      "geometry": {
        "type": "Polygon",
        "coordinates": [
          [
            [
              -118.25716271794444,
              33.79814325403318
            ],
            [
              -118.25474604412774,
              33.79814325403318
            ],
            [
              -118.25474604412774,
              33.800950736343964
            ],
            [
              -118.25716271794444,
              33.800950736343964
            ],
            [
              -118.25716271794444,
              33.79814325403318
            ]
          ]
        ]
      }
    },
    {
      "type": "Feature",
      "properties": {
        "layerType": "BUILDING_3D",
        "id": "HARBOR_BLD_270",
        "name": "Structure #270",
        "height": 22,
        "min_height": 0,
        "render_height": 22,
        "render_min_height": 0,
        "division": "Harbor Division",
        "bureau": "South Bureau",
        "extrusionColor": "#1e293b"
      },
      "geometry": {
        "type": "Polygon",
        "coordinates": [
          [
            [
              -118.25373959356575,
              33.7995418506081
            ],
            [
              -118.2516005594242,
              33.7995418506081
            ],
            [
              -118.2516005594242,
              33.801568458524635
            ],
            [
              -118.25373959356575,
              33.801568458524635
            ],
            [
              -118.25373959356575,
              33.7995418506081
            ]
          ]
        ]
      }
    },
    {
      "type": "Feature",
      "properties": {
        "layerType": "BUILDING_3D",
        "id": "HARBOR_BLD_272",
        "name": "Structure #272",
        "height": 16,
        "min_height": 0,
        "render_height": 16,
        "render_min_height": 0,
        "division": "Harbor Division",
        "bureau": "South Bureau",
        "extrusionColor": "#1e293b"
      },
      "geometry": {
        "type": "Polygon",
        "coordinates": [
          [
            [
              -118.2443536645495,
              33.797678639229666
            ],
            [
              -118.24107093964753,
              33.797678639229666
            ],
            [
              -118.24107093964753,
              33.80159922755444
            ],
            [
              -118.2443536645495,
              33.80159922755444
            ],
            [
              -118.2443536645495,
              33.797678639229666
            ]
          ]
        ]
      }
    },
    {
      "type": "Feature",
      "properties": {
        "layerType": "BUILDING_3D",
        "id": "HARBOR_BLD_273",
        "name": "Structure #273",
        "height": 11,
        "min_height": 0,
        "render_height": 11,
        "render_min_height": 0,
        "division": "Harbor Division",
        "bureau": "South Bureau",
        "extrusionColor": "#1e293b"
      },
      "geometry": {
        "type": "Polygon",
        "coordinates": [
          [
            [
              -118.31997593873817,
              33.805978270738265
            ],
            [
              -118.31698882382406,
              33.805978270738265
            ],
            [
              -118.31698882382406,
              33.80930368684997
            ],
            [
              -118.31997593873817,
              33.80930368684997
            ],
            [
              -118.31997593873817,
              33.805978270738265
            ]
          ]
        ]
      }
    },
    {
      "type": "Feature",
      "properties": {
        "layerType": "BUILDING_3D",
        "id": "HARBOR_BLD_275",
        "name": "Structure #275",
        "height": 9,
        "min_height": 0,
        "render_height": 9,
        "render_min_height": 0,
        "division": "Harbor Division",
        "bureau": "South Bureau",
        "extrusionColor": "#1e293b"
      },
      "geometry": {
        "type": "Polygon",
        "coordinates": [
          [
            [
              -118.3088575590141,
              33.8057119864085
            ],
            [
              -118.3069748218292,
              33.8057119864085
            ],
            [
              -118.3069748218292,
              33.80799691466436
            ],
            [
              -118.3088575590141,
              33.80799691466436
            ],
            [
              -118.3088575590141,
              33.8057119864085
            ]
          ]
        ]
      }
    },
    {
      "type": "Feature",
      "properties": {
        "layerType": "BUILDING_3D",
        "id": "HARBOR_BLD_276",
        "name": "Structure #276",
        "height": 14,
        "min_height": 0,
        "render_height": 14,
        "render_min_height": 0,
        "division": "Harbor Division",
        "bureau": "South Bureau",
        "extrusionColor": "#1e293b"
      },
      "geometry": {
        "type": "Polygon",
        "coordinates": [
          [
            [
              -118.30444352856271,
              33.80511704139547
            ],
            [
              -118.30270263084397,
              33.80511704139547
            ],
            [
              -118.30270263084397,
              33.807224941986924
            ],
            [
              -118.30444352856271,
              33.807224941986924
            ],
            [
              -118.30444352856271,
              33.80511704139547
            ]
          ]
        ]
      }
    },
    {
      "type": "Feature",
      "properties": {
        "layerType": "BUILDING_3D",
        "id": "HARBOR_BLD_277",
        "name": "Structure #277",
        "height": 9,
        "min_height": 0,
        "render_height": 9,
        "render_min_height": 0,
        "division": "Harbor Division",
        "bureau": "South Bureau",
        "extrusionColor": "#1e293b"
      },
      "geometry": {
        "type": "Polygon",
        "coordinates": [
          [
            [
              -118.30019093764825,
              33.80453091164903
            ],
            [
              -118.29858491815001,
              33.80453091164903
            ],
            [
              -118.29858491815001,
              33.80751320885445
            ],
            [
              -118.30019093764825,
              33.80751320885445
            ],
            [
              -118.30019093764825,
              33.80453091164903
            ]
          ]
        ]
      }
    },
    {
      "type": "Feature",
      "properties": {
        "layerType": "BUILDING_3D",
        "id": "HARBOR_BLD_278",
        "name": "Structure #278",
        "height": 24,
        "min_height": 0,
        "render_height": 24,
        "render_min_height": 0,
        "division": "Harbor Division",
        "bureau": "South Bureau",
        "extrusionColor": "#1e293b"
      },
      "geometry": {
        "type": "Polygon",
        "coordinates": [
          [
            [
              -118.29593163034022,
              33.80485207307734
            ],
            [
              -118.293659403898,
              33.80485207307734
            ],
            [
              -118.293659403898,
              33.8069088031631
            ],
            [
              -118.29593163034022,
              33.8069088031631
            ],
            [
              -118.29593163034022,
              33.80485207307734
            ]
          ]
        ]
      }
    },
    {
      "type": "Feature",
      "properties": {
        "layerType": "BUILDING_3D",
        "id": "HARBOR_BLD_281",
        "name": "Structure #281",
        "height": 22,
        "min_height": 0,
        "render_height": 22,
        "render_min_height": 0,
        "division": "Harbor Division",
        "bureau": "South Bureau",
        "extrusionColor": "#1e293b"
      },
      "geometry": {
        "type": "Polygon",
        "coordinates": [
          [
            [
              -118.28166317798488,
              33.805575226148484
            ],
            [
              -118.27997074657162,
              33.805575226148484
            ],
            [
              -118.27997074657162,
              33.81024503183995
            ],
            [
              -118.28166317798488,
              33.81024503183995
            ],
            [
              -118.28166317798488,
              33.805575226148484
            ]
          ]
        ]
      }
    },
    {
      "type": "Feature",
      "properties": {
        "layerType": "BUILDING_3D",
        "id": "HARBOR_BLD_283",
        "name": "Harbor Division High-Rise Tower #283",
        "height": 85,
        "min_height": 0,
        "render_height": 85,
        "render_min_height": 0,
        "division": "Harbor Division",
        "bureau": "South Bureau",
        "extrusionColor": "#00f3ff"
      },
      "geometry": {
        "type": "Polygon",
        "coordinates": [
          [
            [
              -118.27292678455922,
              33.80562186793168
            ],
            [
              -118.26968297223837,
              33.80562186793168
            ],
            [
              -118.26968297223837,
              33.81023805646879
            ],
            [
              -118.27292678455922,
              33.81023805646879
            ],
            [
              -118.27292678455922,
              33.80562186793168
            ]
          ]
        ]
      }
    },
    {
      "type": "Feature",
      "properties": {
        "layerType": "BUILDING_3D",
        "id": "HARBOR_BLD_285",
        "name": "Harbor Division High-Rise Tower #285",
        "height": 90,
        "min_height": 0,
        "render_height": 90,
        "render_min_height": 0,
        "division": "Harbor Division",
        "bureau": "South Bureau",
        "extrusionColor": "#00f3ff"
      },
      "geometry": {
        "type": "Polygon",
        "coordinates": [
          [
            [
              -118.2615087603588,
              33.80590396317027
            ],
            [
              -118.25979525757492,
              33.80590396317027
            ],
            [
              -118.25979525757492,
              33.80987017378323
            ],
            [
              -118.2615087603588,
              33.80987017378323
            ],
            [
              -118.2615087603588,
              33.80590396317027
            ]
          ]
        ]
      }
    },
    {
      "type": "Feature",
      "properties": {
        "layerType": "BUILDING_3D",
        "id": "HARBOR_BLD_286",
        "name": "Structure #286",
        "height": 21,
        "min_height": 0,
        "render_height": 21,
        "render_min_height": 0,
        "division": "Harbor Division",
        "bureau": "South Bureau",
        "extrusionColor": "#1e293b"
      },
      "geometry": {
        "type": "Polygon",
        "coordinates": [
          [
            [
              -118.25723843702433,
              33.804524838331
            ],
            [
              -118.2542165622716,
              33.804524838331
            ],
            [
              -118.2542165622716,
              33.80746175280927
            ],
            [
              -118.25723843702433,
              33.80746175280927
            ],
            [
              -118.25723843702433,
              33.804524838331
            ]
          ]
        ]
      }
    },
    {
      "type": "Feature",
      "properties": {
        "layerType": "BUILDING_3D",
        "id": "HARBOR_BLD_287",
        "name": "Harbor Division High-Rise Tower #287",
        "height": 76,
        "min_height": 0,
        "render_height": 76,
        "render_min_height": 0,
        "division": "Harbor Division",
        "bureau": "South Bureau",
        "extrusionColor": "#0ea5e9"
      },
      "geometry": {
        "type": "Polygon",
        "coordinates": [
          [
            [
              -118.25358331645369,
              33.80527879226095
            ],
            [
              -118.25134566732739,
              33.80527879226095
            ],
            [
              -118.25134566732739,
              33.809455380013915
            ],
            [
              -118.25358331645369,
              33.809455380013915
            ],
            [
              -118.25358331645369,
              33.80527879226095
            ]
          ]
        ]
      }
    },
    {
      "type": "Feature",
      "properties": {
        "layerType": "BUILDING_3D",
        "id": "HARBOR_BLD_289",
        "name": "Structure #289",
        "height": 23,
        "min_height": 0,
        "render_height": 23,
        "render_min_height": 0,
        "division": "Harbor Division",
        "bureau": "South Bureau",
        "extrusionColor": "#1e293b"
      },
      "geometry": {
        "type": "Polygon",
        "coordinates": [
          [
            [
              -118.24439582208524,
              33.80572659619301
            ],
            [
              -118.24087099813622,
              33.80572659619301
            ],
            [
              -118.24087099813622,
              33.80934417950586
            ],
            [
              -118.24439582208524,
              33.80934417950586
            ],
            [
              -118.24439582208524,
              33.80572659619301
            ]
          ]
        ]
      }
    }
  ]
}