{
  "type": "FeatureCollection",
  "name": "Olympic Division (LAPD DIV-20) - Full 3D Building & Boundary GeoJSON",
  "crs": {
    "type": "name",
    "properties": {
      "name": "urn:ogc:def:crs:OGC:1.3:CRS84"
    }
  },
  "metadata": {
    "divisionId": "DIV-20",
    "divisionName": "Olympic Division",
    "bureau": "West Bureau",
    "code": "OLYMPIC",
    "station": {
      "name": "Olympic Community Police Station",
      "address": "1130 S Vermont Ave, Los Angeles, CA 90006",
      "phone": "(213) 382-9102",
      "lat": 34.0512,
      "lng": -118.2915
    },
    "center": [
      -118.295,
      34.055
    ],
    "totalBuildings": 252,
    "fususOneCompatible": true,
    "optimization": "100% Comprehensive 3D Building Extrusions + Division Perimeter"
  },
  "features": [
    {
      "type": "Feature",
      "properties": {
        "layerType": "BOUNDARY",
        "id": "OLYMPIC_BOUNDARY",
        "name": "Olympic Division Official Perimeter",
        "bureau": "West Bureau",
        "division": "Olympic Division",
        "strokeColor": "#00f3ff",
        "strokeWidth": 3,
        "fillColor": "#00f3ff",
        "fillOpacity": 0.08
      },
      "geometry": {
        "type": "Polygon",
        "coordinates": [
          [
            [
              -118.32,
              34.035
            ],
            [
              -118.275,
              34.035
            ],
            [
              -118.275,
              34.07
            ],
            [
              -118.32,
              34.07
            ],
            [
              -118.32,
              34.035
            ]
          ]
        ]
      }
    },
    {
      "type": "Feature",
      "properties": {
        "layerType": "STATION",
        "id": "OLYMPIC_STATION",
        "name": "Olympic Community Police Station",
        "address": "1130 S Vermont Ave, Los Angeles, CA 90006",
        "phone": "(213) 382-9102",
        "division": "Olympic Division",
        "bureau": "West Bureau",
        "icon": "police-station",
        "markerColor": "#3b82f6"
      },
      "geometry": {
        "type": "Point",
        "coordinates": [
          -118.2915,
          34.0512
        ]
      }
    },
    {
      "type": "Feature",
      "properties": {
        "layerType": "BUILDING_3D",
        "id": "OLYMPIC_LM_1",
        "name": "Koreatown Plaza Center",
        "height": 42,
        "min_height": 0,
        "render_height": 42,
        "render_min_height": 0,
        "division": "Olympic Division",
        "bureau": "West Bureau",
        "extrusionColor": "#00f3ff"
      },
      "geometry": {
        "type": "Polygon",
        "coordinates": [
          [
            [
              -118.311,
              34.057399999999994
            ],
            [
              -118.3074,
              34.057399999999994
            ],
            [
              -118.3074,
              34.061
            ],
            [
              -118.311,
              34.061
            ],
            [
              -118.311,
              34.057399999999994
            ]
          ]
        ]
      }
    },
    {
      "type": "Feature",
      "properties": {
        "layerType": "BUILDING_3D",
        "id": "OLYMPIC_LM_2",
        "name": "Wilshire/Vermont Station Complex",
        "height": 65,
        "min_height": 0,
        "render_height": 65,
        "render_min_height": 0,
        "division": "Olympic Division",
        "bureau": "West Bureau",
        "extrusionColor": "#00f3ff"
      },
      "geometry": {
        "type": "Polygon",
        "coordinates": [
          [
            [
              -118.2933,
              34.059999999999995
            ],
            [
              -118.2897,
              34.059999999999995
            ],
            [
              -118.2897,
              34.0636
            ],
            [
              -118.2933,
              34.0636
            ],
            [
              -118.2933,
              34.059999999999995
            ]
          ]
        ]
      }
    },
    {
      "type": "Feature",
      "properties": {
        "layerType": "BUILDING_3D",
        "id": "OLYMPIC_BLD_1",
        "name": "Structure #1",
        "height": 14,
        "min_height": 0,
        "render_height": 14,
        "render_min_height": 0,
        "division": "Olympic Division",
        "bureau": "West Bureau",
        "extrusionColor": "#1e293b"
      },
      "geometry": {
        "type": "Polygon",
        "coordinates": [
          [
            [
              -118.31969928446637,
              34.03533603863714
            ],
            [
              -118.3179148127613,
              34.03533603863714
            ],
            [
              -118.3179148127613,
              34.03606872605447
            ],
            [
              -118.31969928446637,
              34.03606872605447
            ],
            [
              -118.31969928446637,
              34.03533603863714
            ]
          ]
        ]
      }
    },
    {
      "type": "Feature",
      "properties": {
        "layerType": "BUILDING_3D",
        "id": "OLYMPIC_BLD_2",
        "name": "Structure #2",
        "height": 14,
        "min_height": 0,
        "render_height": 14,
        "render_min_height": 0,
        "division": "Olympic Division",
        "bureau": "West Bureau",
        "extrusionColor": "#1e293b"
      },
      "geometry": {
        "type": "Polygon",
        "coordinates": [
          [
            [
              -118.31706795032366,
              34.0357561746137
            ],
            [
              -118.31612592364425,
              34.0357561746137
            ],
            [
              -118.31612592364425,
              34.036697834619254
            ],
            [
              -118.31706795032366,
              34.036697834619254
            ],
            [
              -118.31706795032366,
              34.0357561746137
            ]
          ]
        ]
      }
    },
    {
      "type": "Feature",
      "properties": {
        "layerType": "BUILDING_3D",
        "id": "OLYMPIC_BLD_4",
        "name": "Structure #4",
        "height": 9,
        "min_height": 0,
        "render_height": 9,
        "render_min_height": 0,
        "division": "Olympic Division",
        "bureau": "West Bureau",
        "extrusionColor": "#1e293b"
      },
      "geometry": {
        "type": "Polygon",
        "coordinates": [
          [
            [
              -118.31220022860163,
              34.03537622346912
            ],
            [
              -118.3109925287113,
              34.03537622346912
            ],
            [
              -118.3109925287113,
              34.0363637658731
            ],
            [
              -118.31220022860163,
              34.0363637658731
            ],
            [
              -118.31220022860163,
              34.03537622346912
            ]
          ]
        ]
      }
    },
    {
      "type": "Feature",
      "properties": {
        "layerType": "BUILDING_3D",
        "id": "OLYMPIC_BLD_6",
        "name": "Structure #6",
        "height": 20,
        "min_height": 0,
        "render_height": 20,
        "render_min_height": 0,
        "division": "Olympic Division",
        "bureau": "West Bureau",
        "extrusionColor": "#1e293b"
      },
      "geometry": {
        "type": "Polygon",
        "coordinates": [
          [
            [
              -118.30681720402379,
              34.03525039412779
            ],
            [
              -118.30595047615168,
              34.03525039412779
            ],
            [
              -118.30595047615168,
              34.03656300705189
            ],
            [
              -118.30681720402379,
              34.03656300705189
            ],
            [
              -118.30681720402379,
              34.03525039412779
            ]
          ]
        ]
      }
    },
    {
      "type": "Feature",
      "properties": {
        "layerType": "BUILDING_3D",
        "id": "OLYMPIC_BLD_7",
        "name": "Structure #7",
        "height": 23,
        "min_height": 0,
        "render_height": 23,
        "render_min_height": 0,
        "division": "Olympic Division",
        "bureau": "West Bureau",
        "extrusionColor": "#1e293b"
      },
      "geometry": {
        "type": "Polygon",
        "coordinates": [
          [
            [
              -118.30467806469284,
              34.03503317475803
            ],
            [
              -118.30299041950471,
              34.03503317475803
            ],
            [
              -118.30299041950471,
              34.03627875326059
            ],
            [
              -118.30467806469284,
              34.03627875326059
            ],
            [
              -118.30467806469284,
              34.03503317475803
            ]
          ]
        ]
      }
    },
    {
      "type": "Feature",
      "properties": {
        "layerType": "BUILDING_3D",
        "id": "OLYMPIC_BLD_8",
        "name": "Structure #8",
        "height": 25,
        "min_height": 0,
        "render_height": 25,
        "render_min_height": 0,
        "division": "Olympic Division",
        "bureau": "West Bureau",
        "extrusionColor": "#1e293b"
      },
      "geometry": {
        "type": "Polygon",
        "coordinates": [
          [
            [
              -118.30245734673967,
              34.03544493118851
            ],
            [
              -118.30085588866494,
              34.03544493118851
            ],
            [
              -118.30085588866494,
              34.036888582823366
            ],
            [
              -118.30245734673967,
              34.036888582823366
            ],
            [
              -118.30245734673967,
              34.03544493118851
            ]
          ]
        ]
      }
    },
    {
      "type": "Feature",
      "properties": {
        "layerType": "BUILDING_3D",
        "id": "OLYMPIC_BLD_10",
        "name": "Structure #10",
        "height": 18,
        "min_height": 0,
        "render_height": 18,
        "render_min_height": 0,
        "division": "Olympic Division",
        "bureau": "West Bureau",
        "extrusionColor": "#1e293b"
      },
      "geometry": {
        "type": "Polygon",
        "coordinates": [
          [
            [
              -118.29705682690808,
              34.035621445277975
            ],
            [
              -118.29508084017236,
              34.035621445277975
            ],
            [
              -118.29508084017236,
              34.03692173067113
            ],
            [
              -118.29705682690808,
              34.03692173067113
            ],
            [
              -118.29705682690808,
              34.035621445277975
            ]
          ]
        ]
      }
    },
    {
      "type": "Feature",
      "properties": {
        "layerType": "BUILDING_3D",
        "id": "OLYMPIC_BLD_11",
        "name": "Structure #11",
        "height": 14,
        "min_height": 0,
        "render_height": 14,
        "render_min_height": 0,
        "division": "Olympic Division",
        "bureau": "West Bureau",
        "extrusionColor": "#1e293b"
      },
      "geometry": {
        "type": "Polygon",
        "coordinates": [
          [
            [
              -118.2942009989283,
              34.03578249460554
            ],
            [
              -118.29252920342283,
              34.03578249460554
            ],
            [
              -118.29252920342283,
              34.03690984444336
            ],
            [
              -118.2942009989283,
              34.03690984444336
            ],
            [
              -118.2942009989283,
              34.03578249460554
            ]
          ]
        ]
      }
    },
    {
      "type": "Feature",
      "properties": {
        "layerType": "BUILDING_3D",
        "id": "OLYMPIC_BLD_12",
        "name": "Olympic Division High-Rise Tower #12",
        "height": 79,
        "min_height": 0,
        "render_height": 79,
        "render_min_height": 0,
        "division": "Olympic Division",
        "bureau": "West Bureau",
        "extrusionColor": "#0ea5e9"
      },
      "geometry": {
        "type": "Polygon",
        "coordinates": [
          [
            [
              -118.29149393550715,
              34.03570096479352
            ],
            [
              -118.29004448571568,
              34.03570096479352
            ],
            [
              -118.29004448571568,
              34.03661282516886
            ],
            [
              -118.29149393550715,
              34.03661282516886
            ],
            [
              -118.29149393550715,
              34.03570096479352
            ]
          ]
        ]
      }
    },
    {
      "type": "Feature",
      "properties": {
        "layerType": "BUILDING_3D",
        "id": "OLYMPIC_BLD_13",
        "name": "Structure #13",
        "height": 50,
        "min_height": 0,
        "render_height": 50,
        "render_min_height": 0,
        "division": "Olympic Division",
        "bureau": "West Bureau",
        "extrusionColor": "#0ea5e9"
      },
      "geometry": {
        "type": "Polygon",
        "coordinates": [
          [
            [
              -118.2890987595512,
              34.03543727896876
            ],
            [
              -118.28792636764004,
              34.03543727896876
            ],
            [
              -118.28792636764004,
              34.036599814105074
            ],
            [
              -118.2890987595512,
              34.036599814105074
            ],
            [
              -118.2890987595512,
              34.03543727896876
            ]
          ]
        ]
      }
    },
    {
      "type": "Feature",
      "properties": {
        "layerType": "BUILDING_3D",
        "id": "OLYMPIC_BLD_14",
        "name": "Structure #14",
        "height": 15,
        "min_height": 0,
        "render_height": 15,
        "render_min_height": 0,
        "division": "Olympic Division",
        "bureau": "West Bureau",
        "extrusionColor": "#1e293b"
      },
      "geometry": {
        "type": "Polygon",
        "coordinates": [
          [
            [
              -118.28693778418302,
              34.035077889965244
            ],
            [
              -118.28544309615062,
              34.035077889965244
            ],
            [
              -118.28544309615062,
              34.036614419968636
            ],
            [
              -118.28693778418302,
              34.036614419968636
            ],
            [
              -118.28693778418302,
              34.035077889965244
            ]
          ]
        ]
      }
    },
    {
      "type": "Feature",
      "properties": {
        "layerType": "BUILDING_3D",
        "id": "OLYMPIC_BLD_15",
        "name": "Structure #15",
        "height": 9,
        "min_height": 0,
        "render_height": 9,
        "render_min_height": 0,
        "division": "Olympic Division",
        "bureau": "West Bureau",
        "extrusionColor": "#1e293b"
      },
      "geometry": {
        "type": "Polygon",
        "coordinates": [
          [
            [
              -118.28489985575897,
              34.03556010761015
            ],
            [
              -118.28292431718319,
              34.03556010761015
            ],
            [
              -118.28292431718319,
              34.036533281941274
            ],
            [
              -118.28489985575897,
              34.036533281941274
            ],
            [
              -118.28489985575897,
              34.03556010761015
            ]
          ]
        ]
      }
    },
    {
      "type": "Feature",
      "properties": {
        "layerType": "BUILDING_3D",
        "id": "OLYMPIC_BLD_16",
        "name": "Structure #16",
        "height": 13,
        "min_height": 0,
        "render_height": 13,
        "render_min_height": 0,
        "division": "Olympic Division",
        "bureau": "West Bureau",
        "extrusionColor": "#1e293b"
      },
      "geometry": {
        "type": "Polygon",
        "coordinates": [
          [
            [
              -118.2817798616441,
              34.03600146446847
            ],
            [
              -118.28052863750408,
              34.03600146446847
            ],
            [
              -118.28052863750408,
              34.03669031687028
            ],
            [
              -118.2817798616441,
              34.03669031687028
            ],
            [
              -118.2817798616441,
              34.03600146446847
            ]
          ]
        ]
      }
    },
    {
      "type": "Feature",
      "properties": {
        "layerType": "BUILDING_3D",
        "id": "OLYMPIC_BLD_17",
        "name": "Structure #17",
        "height": 20,
        "min_height": 0,
        "render_height": 20,
        "render_min_height": 0,
        "division": "Olympic Division",
        "bureau": "West Bureau",
        "extrusionColor": "#1e293b"
      },
      "geometry": {
        "type": "Polygon",
        "coordinates": [
          [
            [
              -118.27871240282626,
              34.03545464698013
            ],
            [
              -118.2778267354525,
              34.03545464698013
            ],
            [
              -118.2778267354525,
              34.036335765282985
            ],
            [
              -118.27871240282626,
              34.036335765282985
            ],
            [
              -118.27871240282626,
              34.03545464698013
            ]
          ]
        ]
      }
    },
    {
      "type": "Feature",
      "properties": {
        "layerType": "BUILDING_3D",
        "id": "OLYMPIC_BLD_18",
        "name": "Structure #18",
        "height": 31,
        "min_height": 0,
        "render_height": 31,
        "render_min_height": 0,
        "division": "Olympic Division",
        "bureau": "West Bureau",
        "extrusionColor": "#1e293b"
      },
      "geometry": {
        "type": "Polygon",
        "coordinates": [
          [
            [
              -118.2769154538827,
              34.03502924441445
            ],
            [
              -118.27578258749331,
              34.03502924441445
            ],
            [
              -118.27578258749331,
              34.03630625276177
            ],
            [
              -118.2769154538827,
              34.03630625276177
            ],
            [
              -118.2769154538827,
              34.03502924441445
            ]
          ]
        ]
      }
    },
    {
      "type": "Feature",
      "properties": {
        "layerType": "BUILDING_3D",
        "id": "OLYMPIC_BLD_19",
        "name": "Structure #19",
        "height": 8,
        "min_height": 0,
        "render_height": 8,
        "render_min_height": 0,
        "division": "Olympic Division",
        "bureau": "West Bureau",
        "extrusionColor": "#1e293b"
      },
      "geometry": {
        "type": "Polygon",
        "coordinates": [
          [
            [
              -118.31996240003855,
              34.03706634170484
            ],
            [
              -118.31832053216343,
              34.03706634170484
            ],
            [
              -118.31832053216343,
              34.03846566980194
            ],
            [
              -118.31996240003855,
              34.03846566980194
            ],
            [
              -118.31996240003855,
              34.03706634170484
            ]
          ]
        ]
      }
    },
    {
      "type": "Feature",
      "properties": {
        "layerType": "BUILDING_3D",
        "id": "OLYMPIC_BLD_21",
        "name": "Structure #21",
        "height": 22,
        "min_height": 0,
        "render_height": 22,
        "render_min_height": 0,
        "division": "Olympic Division",
        "bureau": "West Bureau",
        "extrusionColor": "#1e293b"
      },
      "geometry": {
        "type": "Polygon",
        "coordinates": [
          [
            [
              -118.31392811904631,
              34.03774906254042
            ],
            [
              -118.31314489235349,
              34.03774906254042
            ],
            [
              -118.31314489235349,
              34.038612084637144
            ],
            [
              -118.31392811904631,
              34.038612084637144
            ],
            [
              -118.31392811904631,
              34.03774906254042
            ]
          ]
        ]
      }
    },
    {
      "type": "Feature",
      "properties": {
        "layerType": "BUILDING_3D",
        "id": "OLYMPIC_BLD_22",
        "name": "Structure #22",
        "height": 23,
        "min_height": 0,
        "render_height": 23,
        "render_min_height": 0,
        "division": "Olympic Division",
        "bureau": "West Bureau",
        "extrusionColor": "#1e293b"
      },
      "geometry": {
        "type": "Polygon",
        "coordinates": [
          [
            [
              -118.31146549101945,
              34.03686480191862
            ],
            [
              -118.31035589118082,
              34.03686480191862
            ],
            [
              -118.31035589118082,
              34.0382321024102
            ],
            [
              -118.31146549101945,
              34.0382321024102
            ],
            [
              -118.31146549101945,
              34.03686480191862
            ]
          ]
        ]
      }
    },
    {
      "type": "Feature",
      "properties": {
        "layerType": "BUILDING_3D",
        "id": "OLYMPIC_BLD_23",
        "name": "Structure #23",
        "height": 24,
        "min_height": 0,
        "render_height": 24,
        "render_min_height": 0,
        "division": "Olympic Division",
        "bureau": "West Bureau",
        "extrusionColor": "#1e293b"
      },
      "geometry": {
        "type": "Polygon",
        "coordinates": [
          [
            [
              -118.3101023975332,
              34.037038649925755
            ],
            [
              -118.30834443975832,
              34.037038649925755
            ],
            [
              -118.30834443975832,
              34.03846440765121
            ],
            [
              -118.3101023975332,
              34.03846440765121
            ],
            [
              -118.3101023975332,
              34.037038649925755
            ]
          ]
        ]
      }
    },
    {
      "type": "Feature",
      "properties": {
        "layerType": "BUILDING_3D",
        "id": "OLYMPIC_BLD_25",
        "name": "Structure #25",
        "height": 13,
        "min_height": 0,
        "render_height": 13,
        "render_min_height": 0,
        "division": "Olympic Division",
        "bureau": "West Bureau",
        "extrusionColor": "#1e293b"
      },
      "geometry": {
        "type": "Polygon",
        "coordinates": [
          [
            [
              -118.30439739776271,
              34.0377067595208
            ],
            [
              -118.30248986979747,
              34.0377067595208
            ],
            [
              -118.30248986979747,
              34.03869667506214
            ],
            [
              -118.30439739776271,
              34.03869667506214
            ],
            [
              -118.30439739776271,
              34.0377067595208
            ]
          ]
        ]
      }
    },
    {
      "type": "Feature",
      "properties": {
        "layerType": "BUILDING_3D",
        "id": "OLYMPIC_BLD_26",
        "name": "Structure #26",
        "height": 21,
        "min_height": 0,
        "render_height": 21,
        "render_min_height": 0,
        "division": "Olympic Division",
        "bureau": "West Bureau",
        "extrusionColor": "#1e293b"
      },
      "geometry": {
        "type": "Polygon",
        "coordinates": [
          [
            [
              -118.3015198806161,
              34.037803925075735
            ],
            [
              -118.30024713206296,
              34.037803925075735
            ],
            [
              -118.30024713206296,
              34.038692109725446
            ],
            [
              -118.3015198806161,
              34.038692109725446
            ],
            [
              -118.3015198806161,
              34.037803925075735
            ]
          ]
        ]
      }
    },
    {
      "type": "Feature",
      "properties": {
        "layerType": "BUILDING_3D",
        "id": "OLYMPIC_BLD_27",
        "name": "Olympic Division High-Rise Tower #27",
        "height": 57,
        "min_height": 0,
        "render_height": 57,
        "render_min_height": 0,
        "division": "Olympic Division",
        "bureau": "West Bureau",
        "extrusionColor": "#0ea5e9"
      },
      "geometry": {
        "type": "Polygon",
        "coordinates": [
          [
            [
              -118.29889495347405,
              34.03719107848375
            ],
            [
              -118.29775300178156,
              34.03719107848375
            ],
            [
              -118.29775300178156,
              34.0385150086046
            ],
            [
              -118.29889495347405,
              34.0385150086046
            ],
            [
              -118.29889495347405,
              34.03719107848375
            ]
          ]
        ]
      }
    },
    {
      "type": "Feature",
      "properties": {
        "layerType": "BUILDING_3D",
        "id": "OLYMPIC_BLD_28",
        "name": "Structure #28",
        "height": 50,
        "min_height": 0,
        "render_height": 50,
        "render_min_height": 0,
        "division": "Olympic Division",
        "bureau": "West Bureau",
        "extrusionColor": "#0ea5e9"
      },
      "geometry": {
        "type": "Polygon",
        "coordinates": [
          [
            [
              -118.2971828990923,
              34.0371867082616
            ],
            [
              -118.29548070322265,
              34.0371867082616
            ],
            [
              -118.29548070322265,
              34.038356609400154
            ],
            [
              -118.2971828990923,
              34.038356609400154
            ],
            [
              -118.2971828990923,
              34.0371867082616
            ]
          ]
        ]
      }
    },
    {
      "type": "Feature",
      "properties": {
        "layerType": "BUILDING_3D",
        "id": "OLYMPIC_BLD_29",
        "name": "Structure #29",
        "height": 15,
        "min_height": 0,
        "render_height": 15,
        "render_min_height": 0,
        "division": "Olympic Division",
        "bureau": "West Bureau",
        "extrusionColor": "#1e293b"
      },
      "geometry": {
        "type": "Polygon",
        "coordinates": [
          [
            [
              -118.29468851794937,
              34.03755833364285
            ],
            [
              -118.29318435934266,
              34.03755833364285
            ],
            [
              -118.29318435934266,
              34.03868217677271
            ],
            [
              -118.29468851794937,
              34.03868217677271
            ],
            [
              -118.29468851794937,
              34.03755833364285
            ]
          ]
        ]
      }
    },
    {
      "type": "Feature",
      "properties": {
        "layerType": "BUILDING_3D",
        "id": "OLYMPIC_BLD_30",
        "name": "Structure #30",
        "height": 11,
        "min_height": 0,
        "render_height": 11,
        "render_min_height": 0,
        "division": "Olympic Division",
        "bureau": "West Bureau",
        "extrusionColor": "#1e293b"
      },
      "geometry": {
        "type": "Polygon",
        "coordinates": [
          [
            [
              -118.29171071388777,
              34.03750688021562
            ],
            [
              -118.2902657727208,
              34.03750688021562
            ],
            [
              -118.2902657727208,
              34.03848718382829
            ],
            [
              -118.29171071388777,
              34.03848718382829
            ],
            [
              -118.29171071388777,
              34.03750688021562
            ]
          ]
        ]
      }
    },
    {
      "type": "Feature",
      "properties": {
        "layerType": "BUILDING_3D",
        "id": "OLYMPIC_BLD_31",
        "name": "Structure #31",
        "height": 15,
        "min_height": 0,
        "render_height": 15,
        "render_min_height": 0,
        "division": "Olympic Division",
        "bureau": "West Bureau",
        "extrusionColor": "#1e293b"
      },
      "geometry": {
        "type": "Polygon",
        "coordinates": [
          [
            [
              -118.2892768682942,
              34.03756410235901
            ],
            [
              -118.28801647793506,
              34.03756410235901
            ],
            [
              -118.28801647793506,
              34.038356268870984
            ],
            [
              -118.2892768682942,
              34.038356268870984
            ],
            [
              -118.2892768682942,
              34.03756410235901
            ]
          ]
        ]
      }
    },
    {
      "type": "Feature",
      "properties": {
        "layerType": "BUILDING_3D",
        "id": "OLYMPIC_BLD_32",
        "name": "Structure #32",
        "height": 17,
        "min_height": 0,
        "render_height": 17,
        "render_min_height": 0,
        "division": "Olympic Division",
        "bureau": "West Bureau",
        "extrusionColor": "#1e293b"
      },
      "geometry": {
        "type": "Polygon",
        "coordinates": [
          [
            [
              -118.28670329696698,
              34.037348295209775
            ],
            [
              -118.28568479716589,
              34.037348295209775
            ],
            [
              -118.28568479716589,
              34.03834241279271
            ],
            [
              -118.28670329696698,
              34.03834241279271
            ],
            [
              -118.28670329696698,
              34.037348295209775
            ]
          ]
        ]
      }
    },
    {
      "type": "Feature",
      "properties": {
        "layerType": "BUILDING_3D",
        "id": "OLYMPIC_BLD_33",
        "name": "Structure #33",
        "height": 25,
        "min_height": 0,
        "render_height": 25,
        "render_min_height": 0,
        "division": "Olympic Division",
        "bureau": "West Bureau",
        "extrusionColor": "#1e293b"
      },
      "geometry": {
        "type": "Polygon",
        "coordinates": [
          [
            [
              -118.28448076330172,
              34.03713890233931
            ],
            [
              -118.28320261212367,
              34.03713890233931
            ],
            [
              -118.28320261212367,
              34.03825078630206
            ],
            [
              -118.28448076330172,
              34.03825078630206
            ],
            [
              -118.28448076330172,
              34.03713890233931
            ]
          ]
        ]
      }
    },
    {
      "type": "Feature",
      "properties": {
        "layerType": "BUILDING_3D",
        "id": "OLYMPIC_BLD_34",
        "name": "Structure #34",
        "height": 14,
        "min_height": 0,
        "render_height": 14,
        "render_min_height": 0,
        "division": "Olympic Division",
        "bureau": "West Bureau",
        "extrusionColor": "#1e293b"
      },
      "geometry": {
        "type": "Polygon",
        "coordinates": [
          [
            [
              -118.28224998270662,
              34.03708765705141
            ],
            [
              -118.28082041761164,
              34.03708765705141
            ],
            [
              -118.28082041761164,
              34.03862515330349
            ],
            [
              -118.28224998270662,
              34.03862515330349
            ],
            [
              -118.28224998270662,
              34.03708765705141
            ]
          ]
        ]
      }
    },
    {
      "type": "Feature",
      "properties": {
        "layerType": "BUILDING_3D",
        "id": "OLYMPIC_BLD_35",
        "name": "Structure #35",
        "height": 9,
        "min_height": 0,
        "render_height": 9,
        "render_min_height": 0,
        "division": "Olympic Division",
        "bureau": "West Bureau",
        "extrusionColor": "#1e293b"
      },
      "geometry": {
        "type": "Polygon",
        "coordinates": [
          [
            [
              -118.27981586950534,
              34.03747833336059
            ],
            [
              -118.2778390886098,
              34.03747833336059
            ],
            [
              -118.2778390886098,
              34.038422903202026
            ],
            [
              -118.27981586950534,
              34.038422903202026
            ],
            [
              -118.27981586950534,
              34.03747833336059
            ]
          ]
        ]
      }
    },
    {
      "type": "Feature",
      "properties": {
        "layerType": "BUILDING_3D",
        "id": "OLYMPIC_BLD_36",
        "name": "Structure #36",
        "height": 25,
        "min_height": 0,
        "render_height": 25,
        "render_min_height": 0,
        "division": "Olympic Division",
        "bureau": "West Bureau",
        "extrusionColor": "#1e293b"
      },
      "geometry": {
        "type": "Polygon",
        "coordinates": [
          [
            [
              -118.27681357139352,
              34.03794928181177
            ],
            [
              -118.27559912445454,
              34.03794928181177
            ],
            [
              -118.27559912445454,
              34.03863293441379
            ],
            [
              -118.27681357139352,
              34.03863293441379
            ],
            [
              -118.27681357139352,
              34.03794928181177
            ]
          ]
        ]
      }
    },
    {
      "type": "Feature",
      "properties": {
        "layerType": "BUILDING_3D",
        "id": "OLYMPIC_BLD_37",
        "name": "Structure #37",
        "height": 15,
        "min_height": 0,
        "render_height": 15,
        "render_min_height": 0,
        "division": "Olympic Division",
        "bureau": "West Bureau",
        "extrusionColor": "#1e293b"
      },
      "geometry": {
        "type": "Polygon",
        "coordinates": [
          [
            [
              -118.318708066242,
              34.039007116213206
            ],
            [
              -118.31782908432511,
              34.039007116213206
            ],
            [
              -118.31782908432511,
              34.04051530664419
            ],
            [
              -118.318708066242,
              34.04051530664419
            ],
            [
              -118.318708066242,
              34.039007116213206
            ]
          ]
        ]
      }
    },
    {
      "type": "Feature",
      "properties": {
        "layerType": "BUILDING_3D",
        "id": "OLYMPIC_BLD_38",
        "name": "Olympic Division High-Rise Tower #38",
        "height": 71,
        "min_height": 0,
        "render_height": 71,
        "render_min_height": 0,
        "division": "Olympic Division",
        "bureau": "West Bureau",
        "extrusionColor": "#0ea5e9"
      },
      "geometry": {
        "type": "Polygon",
        "coordinates": [
          [
            [
              -118.31734799344015,
              34.03905897617895
            ],
            [
              -118.31540889145747,
              34.03905897617895
            ],
            [
              -118.31540889145747,
              34.04004597909538
            ],
            [
              -118.31734799344015,
              34.04004597909538
            ],
            [
              -118.31734799344015,
              34.03905897617895
            ]
          ]
        ]
      }
    },
    {
      "type": "Feature",
      "properties": {
        "layerType": "BUILDING_3D",
        "id": "OLYMPIC_BLD_39",
        "name": "Structure #39",
        "height": 22,
        "min_height": 0,
        "render_height": 22,
        "render_min_height": 0,
        "division": "Olympic Division",
        "bureau": "West Bureau",
        "extrusionColor": "#1e293b"
      },
      "geometry": {
        "type": "Polygon",
        "coordinates": [
          [
            [
              -118.31478131634132,
              34.03955893245461
            ],
            [
              -118.31351231259164,
              34.03955893245461
            ],
            [
              -118.31351231259164,
              34.040865283346065
            ],
            [
              -118.31478131634132,
              34.040865283346065
            ],
            [
              -118.31478131634132,
              34.03955893245461
            ]
          ]
        ]
      }
    },
    {
      "type": "Feature",
      "properties": {
        "layerType": "BUILDING_3D",
        "id": "OLYMPIC_BLD_41",
        "name": "Olympic Division High-Rise Tower #41",
        "height": 77,
        "min_height": 0,
        "render_height": 77,
        "render_min_height": 0,
        "division": "Olympic Division",
        "bureau": "West Bureau",
        "extrusionColor": "#0ea5e9"
      },
      "geometry": {
        "type": "Polygon",
        "coordinates": [
          [
            [
              -118.30972815075832,
              34.039585285830015
            ],
            [
              -118.30794144324217,
              34.039585285830015
            ],
            [
              -118.30794144324217,
              34.04051598670742
            ],
            [
              -118.30972815075832,
              34.04051598670742
            ],
            [
              -118.30972815075832,
              34.039585285830015
            ]
          ]
        ]
      }
    },
    {
      "type": "Feature",
      "properties": {
        "layerType": "BUILDING_3D",
        "id": "OLYMPIC_BLD_42",
        "name": "Structure #42",
        "height": 25,
        "min_height": 0,
        "render_height": 25,
        "render_min_height": 0,
        "division": "Olympic Division",
        "bureau": "West Bureau",
        "extrusionColor": "#1e293b"
      },
      "geometry": {
        "type": "Polygon",
        "coordinates": [
          [
            [
              -118.30660463250426,
              34.03956692361303
            ],
            [
              -118.30540801709044,
              34.03956692361303
            ],
            [
              -118.30540801709044,
              34.04066764574039
            ],
            [
              -118.30660463250426,
              34.04066764574039
            ],
            [
              -118.30660463250426,
              34.03956692361303
            ]
          ]
        ]
      }
    },
    {
      "type": "Feature",
      "properties": {
        "layerType": "BUILDING_3D",
        "id": "OLYMPIC_BLD_43",
        "name": "Structure #43",
        "height": 12,
        "min_height": 0,
        "render_height": 12,
        "render_min_height": 0,
        "division": "Olympic Division",
        "bureau": "West Bureau",
        "extrusionColor": "#1e293b"
      },
      "geometry": {
        "type": "Polygon",
        "coordinates": [
          [
            [
              -118.30412824106895,
              34.03899873471061
            ],
            [
              -118.3027130269052,
              34.03899873471061
            ],
            [
              -118.3027130269052,
              34.04050149780435
            ],
            [
              -118.30412824106895,
              34.04050149780435
            ],
            [
              -118.30412824106895,
              34.03899873471061
            ]
          ]
        ]
      }
    },
    {
      "type": "Feature",
      "properties": {
        "layerType": "BUILDING_3D",
        "id": "OLYMPIC_BLD_44",
        "name": "Structure #44",
        "height": 11,
        "min_height": 0,
        "render_height": 11,
        "render_min_height": 0,
        "division": "Olympic Division",
        "bureau": "West Bureau",
        "extrusionColor": "#1e293b"
      },
      "geometry": {
        "type": "Polygon",
        "coordinates": [
          [
            [
              -118.30235876965779,
              34.0394681437898
            ],
            [
              -118.30042664568012,
              34.0394681437898
            ],
            [
              -118.30042664568012,
              34.04030412272508
            ],
            [
              -118.30235876965779,
              34.04030412272508
            ],
            [
              -118.30235876965779,
              34.0394681437898
            ]
          ]
        ]
      }
    },
    {
      "type": "Feature",
      "properties": {
        "layerType": "BUILDING_3D",
        "id": "OLYMPIC_BLD_45",
        "name": "Structure #45",
        "height": 11,
        "min_height": 0,
        "render_height": 11,
        "render_min_height": 0,
        "division": "Olympic Division",
        "bureau": "West Bureau",
        "extrusionColor": "#1e293b"
      },
      "geometry": {
        "type": "Polygon",
        "coordinates": [
          [
            [
              -118.29925524369882,
              34.03982087968193
            ],
            [
              -118.29818041363917,
              34.03982087968193
            ],
            [
              -118.29818041363917,
              34.04059465237916
            ],
            [
              -118.29925524369882,
              34.04059465237916
            ],
            [
              -118.29925524369882,
              34.03982087968193
            ]
          ]
        ]
      }
    },
    {
      "type": "Feature",
      "properties": {
        "layerType": "BUILDING_3D",
        "id": "OLYMPIC_BLD_46",
        "name": "Structure #46",
        "height": 8,
        "min_height": 0,
        "render_height": 8,
        "render_min_height": 0,
        "division": "Olympic Division",
        "bureau": "West Bureau",
        "extrusionColor": "#1e293b"
      },
      "geometry": {
        "type": "Polygon",
        "coordinates": [
          [
            [
              -118.29630172612322,
              34.03930083280777
            ],
            [
              -118.29530687551251,
              34.03930083280777
            ],
            [
              -118.29530687551251,
              34.04004784459978
            ],
            [
              -118.29630172612322,
              34.04004784459978
            ],
            [
              -118.29630172612322,
              34.03930083280777
            ]
          ]
        ]
      }
    },
    {
      "type": "Feature",
      "properties": {
        "layerType": "BUILDING_3D",
        "id": "OLYMPIC_BLD_47",
        "name": "Olympic Division High-Rise Tower #47",
        "height": 75,
        "min_height": 0,
        "render_height": 75,
        "render_min_height": 0,
        "division": "Olympic Division",
        "bureau": "West Bureau",
        "extrusionColor": "#0ea5e9"
      },
      "geometry": {
        "type": "Polygon",
        "coordinates": [
          [
            [
              -118.29447035781858,
              34.03930633365516
            ],
            [
              -118.29350991408599,
              34.03930633365516
            ],
            [
              -118.29350991408599,
              34.0399428137715
            ],
            [
              -118.29447035781858,
              34.0399428137715
            ],
            [
              -118.29447035781858,
              34.03930633365516
            ]
          ]
        ]
      }
    },
    {
      "type": "Feature",
      "properties": {
        "layerType": "BUILDING_3D",
        "id": "OLYMPIC_BLD_48",
        "name": "Structure #48",
        "height": 24,
        "min_height": 0,
        "render_height": 24,
        "render_min_height": 0,
        "division": "Olympic Division",
        "bureau": "West Bureau",
        "extrusionColor": "#1e293b"
      },
      "geometry": {
        "type": "Polygon",
        "coordinates": [
          [
            [
              -118.29196328530051,
              34.03893937701971
            ],
            [
              -118.29114495372235,
              34.03893937701971
            ],
            [
              -118.29114495372235,
              34.040266952958625
            ],
            [
              -118.29196328530051,
              34.040266952958625
            ],
            [
              -118.29196328530051,
              34.03893937701971
            ]
          ]
        ]
      }
    },
    {
      "type": "Feature",
      "properties": {
        "layerType": "BUILDING_3D",
        "id": "OLYMPIC_BLD_52",
        "name": "Structure #52",
        "height": 22,
        "min_height": 0,
        "render_height": 22,
        "render_min_height": 0,
        "division": "Olympic Division",
        "bureau": "West Bureau",
        "extrusionColor": "#1e293b"
      },
      "geometry": {
        "type": "Polygon",
        "coordinates": [
          [
            [
              -118.28152106913531,
              34.039400858441056
            ],
            [
              -118.28014128312047,
              34.039400858441056
            ],
            [
              -118.28014128312047,
              34.040809409720296
            ],
            [
              -118.28152106913531,
              34.040809409720296
            ],
            [
              -118.28152106913531,
              34.039400858441056
            ]
          ]
        ]
      }
    },
    {
      "type": "Feature",
      "properties": {
        "layerType": "BUILDING_3D",
        "id": "OLYMPIC_BLD_53",
        "name": "Olympic Division High-Rise Tower #53",
        "height": 65,
        "min_height": 0,
        "render_height": 65,
        "render_min_height": 0,
        "division": "Olympic Division",
        "bureau": "West Bureau",
        "extrusionColor": "#0ea5e9"
      },
      "geometry": {
        "type": "Polygon",
        "coordinates": [
          [
            [
              -118.27934175343293,
              34.039180236506226
            ],
            [
              -118.27753075893105,
              34.039180236506226
            ],
            [
              -118.27753075893105,
              34.040547941645585
            ],
            [
              -118.27934175343293,
              34.040547941645585
            ],
            [
              -118.27934175343293,
              34.039180236506226
            ]
          ]
        ]
      }
    },
    {
      "type": "Feature",
      "properties": {
        "layerType": "BUILDING_3D",
        "id": "OLYMPIC_BLD_54",
        "name": "Structure #54",
        "height": 20,
        "min_height": 0,
        "render_height": 20,
        "render_min_height": 0,
        "division": "Olympic Division",
        "bureau": "West Bureau",
        "extrusionColor": "#1e293b"
      },
      "geometry": {
        "type": "Polygon",
        "coordinates": [
          [
            [
              -118.27712541020628,
              34.03983038808204
            ],
            [
              -118.27536693216996,
              34.03983038808204
            ],
            [
              -118.27536693216996,
              34.04043440507586
            ],
            [
              -118.27712541020628,
              34.04043440507586
            ],
            [
              -118.27712541020628,
              34.03983038808204
            ]
          ]
        ]
      }
    },
    {
      "type": "Feature",
      "properties": {
        "layerType": "BUILDING_3D",
        "id": "OLYMPIC_BLD_55",
        "name": "Structure #55",
        "height": 16,
        "min_height": 0,
        "render_height": 16,
        "render_min_height": 0,
        "division": "Olympic Division",
        "bureau": "West Bureau",
        "extrusionColor": "#1e293b"
      },
      "geometry": {
        "type": "Polygon",
        "coordinates": [
          [
            [
              -118.31878950103737,
              34.04140843865387
            ],
            [
              -118.3180129077596,
              34.04140843865387
            ],
            [
              -118.3180129077596,
              34.042679889569094
            ],
            [
              -118.31878950103737,
              34.042679889569094
            ],
            [
              -118.31878950103737,
              34.04140843865387
            ]
          ]
        ]
      }
    },
    {
      "type": "Feature",
      "properties": {
        "layerType": "BUILDING_3D",
        "id": "OLYMPIC_BLD_56",
        "name": "Structure #56",
        "height": 10,
        "min_height": 0,
        "render_height": 10,
        "render_min_height": 0,
        "division": "Olympic Division",
        "bureau": "West Bureau",
        "extrusionColor": "#1e293b"
      },
      "geometry": {
        "type": "Polygon",
        "coordinates": [
          [
            [
              -118.3167605788736,
              34.040908839714724
            ],
            [
              -118.3151258562683,
              34.040908839714724
            ],
            [
              -118.3151258562683,
              34.04195758747539
            ],
            [
              -118.3167605788736,
              34.04195758747539
            ],
            [
              -118.3167605788736,
              34.040908839714724
            ]
          ]
        ]
      }
    },
    {
      "type": "Feature",
      "properties": {
        "layerType": "BUILDING_3D",
        "id": "OLYMPIC_BLD_57",
        "name": "Structure #57",
        "height": 18,
        "min_height": 0,
        "render_height": 18,
        "render_min_height": 0,
        "division": "Olympic Division",
        "bureau": "West Bureau",
        "extrusionColor": "#1e293b"
      },
      "geometry": {
        "type": "Polygon",
        "coordinates": [
          [
            [
              -118.31490292036678,
              34.041603162374386
            ],
            [
              -118.31355453038877,
              34.041603162374386
            ],
            [
              -118.31355453038877,
              34.04233115908998
            ],
            [
              -118.31490292036678,
              34.04233115908998
            ],
            [
              -118.31490292036678,
              34.041603162374386
            ]
          ]
        ]
      }
    },
    {
      "type": "Feature",
      "properties": {
        "layerType": "BUILDING_3D",
        "id": "OLYMPIC_BLD_59",
        "name": "Structure #59",
        "height": 16,
        "min_height": 0,
        "render_height": 16,
        "render_min_height": 0,
        "division": "Olympic Division",
        "bureau": "West Bureau",
        "extrusionColor": "#1e293b"
      },
      "geometry": {
        "type": "Polygon",
        "coordinates": [
          [
            [
              -118.3094967212029,
              34.040785761173204
            ],
            [
              -118.30804585483229,
              34.040785761173204
            ],
            [
              -118.30804585483229,
              34.04227903357175
            ],
            [
              -118.3094967212029,
              34.04227903357175
            ],
            [
              -118.3094967212029,
              34.040785761173204
            ]
          ]
        ]
      }
    },
    {
      "type": "Feature",
      "properties": {
        "layerType": "BUILDING_3D",
        "id": "OLYMPIC_BLD_60",
        "name": "Structure #60",
        "height": 14,
        "min_height": 0,
        "render_height": 14,
        "render_min_height": 0,
        "division": "Olympic Division",
        "bureau": "West Bureau",
        "extrusionColor": "#1e293b"
      },
      "geometry": {
        "type": "Polygon",
        "coordinates": [
          [
            [
              -118.30756116420586,
              34.041322052675184
            ],
            [
              -118.3056412425506,
              34.041322052675184
            ],
            [
              -118.3056412425506,
              34.04238346991936
            ],
            [
              -118.30756116420586,
              34.04238346991936
            ],
            [
              -118.30756116420586,
              34.041322052675184
            ]
          ]
        ]
      }
    },
    {
      "type": "Feature",
      "properties": {
        "layerType": "BUILDING_3D",
        "id": "OLYMPIC_BLD_62",
        "name": "Structure #62",
        "height": 9,
        "min_height": 0,
        "render_height": 9,
        "render_min_height": 0,
        "division": "Olympic Division",
        "bureau": "West Bureau",
        "extrusionColor": "#1e293b"
      },
      "geometry": {
        "type": "Polygon",
        "coordinates": [
          [
            [
              -118.30140885672377,
              34.041335326776434
            ],
            [
              -118.3002192686278,
              34.041335326776434
            ],
            [
              -118.3002192686278,
              34.042262940814226
            ],
            [
              -118.30140885672377,
              34.042262940814226
            ],
            [
              -118.30140885672377,
              34.041335326776434
            ]
          ]
        ]
      }
    },
    {
      "type": "Feature",
      "properties": {
        "layerType": "BUILDING_3D",
        "id": "OLYMPIC_BLD_63",
        "name": "Structure #63",
        "height": 37,
        "min_height": 0,
        "render_height": 37,
        "render_min_height": 0,
        "division": "Olympic Division",
        "bureau": "West Bureau",
        "extrusionColor": "#1e293b"
      },
      "geometry": {
        "type": "Polygon",
        "coordinates": [
          [
            [
              -118.29935457985886,
              34.041356870163575
            ],
            [
              -118.29816193323884,
              34.041356870163575
            ],
            [
              -118.29816193323884,
              34.042023506133624
            ],
            [
              -118.29935457985886,
              34.042023506133624
            ],
            [
              -118.29935457985886,
              34.041356870163575
            ]
          ]
        ]
      }
    },
    {
      "type": "Feature",
      "properties": {
        "layerType": "BUILDING_3D",
        "id": "OLYMPIC_BLD_64",
        "name": "Structure #64",
        "height": 10,
        "min_height": 0,
        "render_height": 10,
        "render_min_height": 0,
        "division": "Olympic Division",
        "bureau": "West Bureau",
        "extrusionColor": "#1e293b"
      },
      "geometry": {
        "type": "Polygon",
        "coordinates": [
          [
            [
              -118.29682688121827,
              34.040975630811374
            ],
            [
              -118.29596977782819,
              34.040975630811374
            ],
            [
              -118.29596977782819,
              34.04240855164909
            ],
            [
              -118.29682688121827,
              34.04240855164909
            ],
            [
              -118.29682688121827,
              34.040975630811374
            ]
          ]
        ]
      }
    },
    {
      "type": "Feature",
      "properties": {
        "layerType": "BUILDING_3D",
        "id": "OLYMPIC_BLD_65",
        "name": "Structure #65",
        "height": 25,
        "min_height": 0,
        "render_height": 25,
        "render_min_height": 0,
        "division": "Olympic Division",
        "bureau": "West Bureau",
        "extrusionColor": "#1e293b"
      },
      "geometry": {
        "type": "Polygon",
        "coordinates": [
          [
            [
              -118.29481704609965,
              34.04112198604031
            ],
            [
              -118.2929747193083,
              34.04112198604031
            ],
            [
              -118.2929747193083,
              34.041844631511765
            ],
            [
              -118.29481704609965,
              34.041844631511765
            ],
            [
              -118.29481704609965,
              34.04112198604031
            ]
          ]
        ]
      }
    },
    {
      "type": "Feature",
      "properties": {
        "layerType": "BUILDING_3D",
        "id": "OLYMPIC_BLD_66",
        "name": "Structure #66",
        "height": 19,
        "min_height": 0,
        "render_height": 19,
        "render_min_height": 0,
        "division": "Olympic Division",
        "bureau": "West Bureau",
        "extrusionColor": "#1e293b"
      },
      "geometry": {
        "type": "Polygon",
        "coordinates": [
          [
            [
              -118.29212887509104,
              34.04132980219982
            ],
            [
              -118.29119975948487,
              34.04132980219982
            ],
            [
              -118.29119975948487,
              34.04286287114052
            ],
            [
              -118.29212887509104,
              34.04286287114052
            ],
            [
              -118.29212887509104,
              34.04132980219982
            ]
          ]
        ]
      }
    },
    {
      "type": "Feature",
      "properties": {
        "layerType": "BUILDING_3D",
        "id": "OLYMPIC_BLD_68",
        "name": "Structure #68",
        "height": 47,
        "min_height": 0,
        "render_height": 47,
        "render_min_height": 0,
        "division": "Olympic Division",
        "bureau": "West Bureau",
        "extrusionColor": "#0ea5e9"
      },
      "geometry": {
        "type": "Polygon",
        "coordinates": [
          [
            [
              -118.28739805479678,
              34.04171337606424
            ],
            [
              -118.28581536023337,
              34.04171337606424
            ],
            [
              -118.28581536023337,
              34.04263953424089
            ],
            [
              -118.28739805479678,
              34.04263953424089
            ],
            [
              -118.28739805479678,
              34.04171337606424
            ]
          ]
        ]
      }
    },
    {
      "type": "Feature",
      "properties": {
        "layerType": "BUILDING_3D",
        "id": "OLYMPIC_BLD_70",
        "name": "Olympic Division High-Rise Tower #70",
        "height": 79,
        "min_height": 0,
        "render_height": 79,
        "render_min_height": 0,
        "division": "Olympic Division",
        "bureau": "West Bureau",
        "extrusionColor": "#0ea5e9"
      },
      "geometry": {
        "type": "Polygon",
        "coordinates": [
          [
            [
              -118.28159197731871,
              34.04123383318578
            ],
            [
              -118.28057571137985,
              34.04123383318578
            ],
            [
              -118.28057571137985,
              34.04214801989685
            ],
            [
              -118.28159197731871,
              34.04214801989685
            ],
            [
              -118.28159197731871,
              34.04123383318578
            ]
          ]
        ]
      }
    },
    {
      "type": "Feature",
      "properties": {
        "layerType": "BUILDING_3D",
        "id": "OLYMPIC_BLD_71",
        "name": "Structure #71",
        "height": 25,
        "min_height": 0,
        "render_height": 25,
        "render_min_height": 0,
        "division": "Olympic Division",
        "bureau": "West Bureau",
        "extrusionColor": "#1e293b"
      },
      "geometry": {
        "type": "Polygon",
        "coordinates": [
          [
            [
              -118.27948507161828,
              34.04087270038543
            ],
            [
              -118.27830968870406,
              34.04087270038543
            ],
            [
              -118.27830968870406,
              34.04229198611626
            ],
            [
              -118.27948507161828,
              34.04229198611626
            ],
            [
              -118.27948507161828,
              34.04087270038543
            ]
          ]
        ]
      }
    },
    {
      "type": "Feature",
      "properties": {
        "layerType": "BUILDING_3D",
        "id": "OLYMPIC_BLD_72",
        "name": "Structure #72",
        "height": 10,
        "min_height": 0,
        "render_height": 10,
        "render_min_height": 0,
        "division": "Olympic Division",
        "bureau": "West Bureau",
        "extrusionColor": "#1e293b"
      },
      "geometry": {
        "type": "Polygon",
        "coordinates": [
          [
            [
              -118.27744938521873,
              34.04090359202181
            ],
            [
              -118.2756245892791,
              34.04090359202181
            ],
            [
              -118.2756245892791,
              34.04245910671589
            ],
            [
              -118.27744938521873,
              34.04245910671589
            ],
            [
              -118.27744938521873,
              34.04090359202181
            ]
          ]
        ]
      }
    },
    {
      "type": "Feature",
      "properties": {
        "layerType": "BUILDING_3D",
        "id": "OLYMPIC_BLD_73",
        "name": "Structure #73",
        "height": 14,
        "min_height": 0,
        "render_height": 14,
        "render_min_height": 0,
        "division": "Olympic Division",
        "bureau": "West Bureau",
        "extrusionColor": "#1e293b"
      },
      "geometry": {
        "type": "Polygon",
        "coordinates": [
          [
            [
              -118.31990966740052,
              34.04366727426437
            ],
            [
              -118.31790971993671,
              34.04366727426437
            ],
            [
              -118.31790971993671,
              34.044392471793834
            ],
            [
              -118.31990966740052,
              34.044392471793834
            ],
            [
              -118.31990966740052,
              34.04366727426437
            ]
          ]
        ]
      }
    },
    {
      "type": "Feature",
      "properties": {
        "layerType": "BUILDING_3D",
        "id": "OLYMPIC_BLD_74",
        "name": "Structure #74",
        "height": 25,
        "min_height": 0,
        "render_height": 25,
        "render_min_height": 0,
        "division": "Olympic Division",
        "bureau": "West Bureau",
        "extrusionColor": "#1e293b"
      },
      "geometry": {
        "type": "Polygon",
        "coordinates": [
          [
            [
              -118.31635636166008,
              34.043677323521656
            ],
            [
              -118.31542396483648,
              34.043677323521656
            ],
            [
              -118.31542396483648,
              34.04460038887773
            ],
            [
              -118.31635636166008,
              34.04460038887773
            ],
            [
              -118.31635636166008,
              34.043677323521656
            ]
          ]
        ]
      }
    },
    {
      "type": "Feature",
      "properties": {
        "layerType": "BUILDING_3D",
        "id": "OLYMPIC_BLD_75",
        "name": "Olympic Division High-Rise Tower #75",
        "height": 63,
        "min_height": 0,
        "render_height": 63,
        "render_min_height": 0,
        "division": "Olympic Division",
        "bureau": "West Bureau",
        "extrusionColor": "#0ea5e9"
      },
      "geometry": {
        "type": "Polygon",
        "coordinates": [
          [
            [
              -118.31384344118644,
              34.042719111862056
            ],
            [
              -118.31265664287147,
              34.042719111862056
            ],
            [
              -118.31265664287147,
              34.04423009307398
            ],
            [
              -118.31384344118644,
              34.04423009307398
            ],
            [
              -118.31384344118644,
              34.042719111862056
            ]
          ]
        ]
      }
    },
    {
      "type": "Feature",
      "properties": {
        "layerType": "BUILDING_3D",
        "id": "OLYMPIC_BLD_76",
        "name": "Structure #76",
        "height": 44,
        "min_height": 0,
        "render_height": 44,
        "render_min_height": 0,
        "division": "Olympic Division",
        "bureau": "West Bureau",
        "extrusionColor": "#0ea5e9"
      },
      "geometry": {
        "type": "Polygon",
        "coordinates": [
          [
            [
              -118.31257542760592,
              34.04289149030181
            ],
            [
              -118.3106327374763,
              34.04289149030181
            ],
            [
              -118.3106327374763,
              34.0443743031568
            ],
            [
              -118.31257542760592,
              34.0443743031568
            ],
            [
              -118.31257542760592,
              34.04289149030181
            ]
          ]
        ]
      }
    },
    {
      "type": "Feature",
      "properties": {
        "layerType": "BUILDING_3D",
        "id": "OLYMPIC_BLD_78",
        "name": "Structure #78",
        "height": 23,
        "min_height": 0,
        "render_height": 23,
        "render_min_height": 0,
        "division": "Olympic Division",
        "bureau": "West Bureau",
        "extrusionColor": "#1e293b"
      },
      "geometry": {
        "type": "Polygon",
        "coordinates": [
          [
            [
              -118.30659583536843,
              34.04365242729088
            ],
            [
              -118.30499586042419,
              34.04365242729088
            ],
            [
              -118.30499586042419,
              34.04450896216599
            ],
            [
              -118.30659583536843,
              34.04450896216599
            ],
            [
              -118.30659583536843,
              34.04365242729088
            ]
          ]
        ]
      }
    },
    {
      "type": "Feature",
      "properties": {
        "layerType": "BUILDING_3D",
        "id": "OLYMPIC_BLD_79",
        "name": "Olympic Division High-Rise Tower #79",
        "height": 76,
        "min_height": 0,
        "render_height": 76,
        "render_min_height": 0,
        "division": "Olympic Division",
        "bureau": "West Bureau",
        "extrusionColor": "#0ea5e9"
      },
      "geometry": {
        "type": "Polygon",
        "coordinates": [
          [
            [
              -118.30387545062601,
              34.04318578743283
            ],
            [
              -118.30277419150087,
              34.04318578743283
            ],
            [
              -118.30277419150087,
              34.04459418138666
            ],
            [
              -118.30387545062601,
              34.04459418138666
            ],
            [
              -118.30387545062601,
              34.04318578743283
            ]
          ]
        ]
      }
    },
    {
      "type": "Feature",
      "properties": {
        "layerType": "BUILDING_3D",
        "id": "OLYMPIC_BLD_80",
        "name": "Structure #80",
        "height": 38,
        "min_height": 0,
        "render_height": 38,
        "render_min_height": 0,
        "division": "Olympic Division",
        "bureau": "West Bureau",
        "extrusionColor": "#1e293b"
      },
      "geometry": {
        "type": "Polygon",
        "coordinates": [
          [
            [
              -118.30197541615777,
              34.04327124063854
            ],
            [
              -118.30016462393144,
              34.04327124063854
            ],
            [
              -118.30016462393144,
              34.04388810405053
            ],
            [
              -118.30197541615777,
              34.04388810405053
            ],
            [
              -118.30197541615777,
              34.04327124063854
            ]
          ]
        ]
      }
    },
    {
      "type": "Feature",
      "properties": {
        "layerType": "BUILDING_3D",
        "id": "OLYMPIC_BLD_81",
        "name": "Structure #81",
        "height": 10,
        "min_height": 0,
        "render_height": 10,
        "render_min_height": 0,
        "division": "Olympic Division",
        "bureau": "West Bureau",
        "extrusionColor": "#1e293b"
      },
      "geometry": {
        "type": "Polygon",
        "coordinates": [
          [
            [
              -118.29936554775045,
              34.04327303440711
            ],
            [
              -118.29857243764931,
              34.04327303440711
            ],
            [
              -118.29857243764931,
              34.044769284807884
            ],
            [
              -118.29936554775045,
              34.044769284807884
            ],
            [
              -118.29936554775045,
              34.04327303440711
            ]
          ]
        ]
      }
    },
    {
      "type": "Feature",
      "properties": {
        "layerType": "BUILDING_3D",
        "id": "OLYMPIC_BLD_82",
        "name": "Structure #82",
        "height": 15,
        "min_height": 0,
        "render_height": 15,
        "render_min_height": 0,
        "division": "Olympic Division",
        "bureau": "West Bureau",
        "extrusionColor": "#1e293b"
      },
      "geometry": {
        "type": "Polygon",
        "coordinates": [
          [
            [
              -118.29686324147657,
              34.04301565170558
            ],
            [
              -118.29493949096128,
              34.04301565170558
            ],
            [
              -118.29493949096128,
              34.0437602186425
            ],
            [
              -118.29686324147657,
              34.0437602186425
            ],
            [
              -118.29686324147657,
              34.04301565170558
            ]
          ]
        ]
      }
    },
    {
      "type": "Feature",
      "properties": {
        "layerType": "BUILDING_3D",
        "id": "OLYMPIC_BLD_83",
        "name": "Structure #83",
        "height": 21,
        "min_height": 0,
        "render_height": 21,
        "render_min_height": 0,
        "division": "Olympic Division",
        "bureau": "West Bureau",
        "extrusionColor": "#1e293b"
      },
      "geometry": {
        "type": "Polygon",
        "coordinates": [
          [
            [
              -118.29469416209282,
              34.04360491505736
            ],
            [
              -118.29373686174536,
              34.04360491505736
            ],
            [
              -118.29373686174536,
              34.04457797447276
            ],
            [
              -118.29469416209282,
              34.04457797447276
            ],
            [
              -118.29469416209282,
              34.04360491505736
            ]
          ]
        ]
      }
    },
    {
      "type": "Feature",
      "properties": {
        "layerType": "BUILDING_3D",
        "id": "OLYMPIC_BLD_85",
        "name": "Olympic Division High-Rise Tower #85",
        "height": 52,
        "min_height": 0,
        "render_height": 52,
        "render_min_height": 0,
        "division": "Olympic Division",
        "bureau": "West Bureau",
        "extrusionColor": "#0ea5e9"
      },
      "geometry": {
        "type": "Polygon",
        "coordinates": [
          [
            [
              -118.28991758765363,
              34.04297493540099
            ],
            [
              -118.28825073179044,
              34.04297493540099
            ],
            [
              -118.28825073179044,
              34.04437084855253
            ],
            [
              -118.28991758765363,
              34.04437084855253
            ],
            [
              -118.28991758765363,
              34.04297493540099
            ]
          ]
        ]
      }
    },
    {
      "type": "Feature",
      "properties": {
        "layerType": "BUILDING_3D",
        "id": "OLYMPIC_BLD_87",
        "name": "Structure #87",
        "height": 16,
        "min_height": 0,
        "render_height": 16,
        "render_min_height": 0,
        "division": "Olympic Division",
        "bureau": "West Bureau",
        "extrusionColor": "#1e293b"
      },
      "geometry": {
        "type": "Polygon",
        "coordinates": [
          [
            [
              -118.28436791950921,
              34.04350134193499
            ],
            [
              -118.28266511110968,
              34.04350134193499
            ],
            [
              -118.28266511110968,
              34.04452100799636
            ],
            [
              -118.28436791950921,
              34.04452100799636
            ],
            [
              -118.28436791950921,
              34.04350134193499
            ]
          ]
        ]
      }
    },
    {
      "type": "Feature",
      "properties": {
        "layerType": "BUILDING_3D",
        "id": "OLYMPIC_BLD_88",
        "name": "Structure #88",
        "height": 17,
        "min_height": 0,
        "render_height": 17,
        "render_min_height": 0,
        "division": "Olympic Division",
        "bureau": "West Bureau",
        "extrusionColor": "#1e293b"
      },
      "geometry": {
        "type": "Polygon",
        "coordinates": [
          [
            [
              -118.28156970322645,
              34.043428855328976
            ],
            [
              -118.28025870400468,
              34.043428855328976
            ],
            [
              -118.28025870400468,
              34.04447908401264
            ],
            [
              -118.28156970322645,
              34.04447908401264
            ],
            [
              -118.28156970322645,
              34.043428855328976
            ]
          ]
        ]
      }
    },
    {
      "type": "Feature",
      "properties": {
        "layerType": "BUILDING_3D",
        "id": "OLYMPIC_BLD_89",
        "name": "Structure #89",
        "height": 17,
        "min_height": 0,
        "render_height": 17,
        "render_min_height": 0,
        "division": "Olympic Division",
        "bureau": "West Bureau",
        "extrusionColor": "#1e293b"
      },
      "geometry": {
        "type": "Polygon",
        "coordinates": [
          [
            [
              -118.27916290029131,
              34.04315577118894
            ],
            [
              -118.27781260626946,
              34.04315577118894
            ],
            [
              -118.27781260626946,
              34.044264583398125
            ],
            [
              -118.27916290029131,
              34.044264583398125
            ],
            [
              -118.27916290029131,
              34.04315577118894
            ]
          ]
        ]
      }
    },
    {
      "type": "Feature",
      "properties": {
        "layerType": "BUILDING_3D",
        "id": "OLYMPIC_BLD_90",
        "name": "Structure #90",
        "height": 22,
        "min_height": 0,
        "render_height": 22,
        "render_min_height": 0,
        "division": "Olympic Division",
        "bureau": "West Bureau",
        "extrusionColor": "#1e293b"
      },
      "geometry": {
        "type": "Polygon",
        "coordinates": [
          [
            [
              -118.27701400847135,
              34.0431966069668
            ],
            [
              -118.27558839277384,
              34.0431966069668
            ],
            [
              -118.27558839277384,
              34.044272647815944
            ],
            [
              -118.27701400847135,
              34.044272647815944
            ],
            [
              -118.27701400847135,
              34.0431966069668
            ]
          ]
        ]
      }
    },
    {
      "type": "Feature",
      "properties": {
        "layerType": "BUILDING_3D",
        "id": "OLYMPIC_BLD_91",
        "name": "Structure #91",
        "height": 14,
        "min_height": 0,
        "render_height": 14,
        "render_min_height": 0,
        "division": "Olympic Division",
        "bureau": "West Bureau",
        "extrusionColor": "#1e293b"
      },
      "geometry": {
        "type": "Polygon",
        "coordinates": [
          [
            [
              -118.31946150532839,
              34.045054589968515
            ],
            [
              -118.31807802423664,
              34.045054589968515
            ],
            [
              -118.31807802423664,
              34.04639728734395
            ],
            [
              -118.31946150532839,
              34.04639728734395
            ],
            [
              -118.31946150532839,
              34.045054589968515
            ]
          ]
        ]
      }
    },
    {
      "type": "Feature",
      "properties": {
        "layerType": "BUILDING_3D",
        "id": "OLYMPIC_BLD_92",
        "name": "Structure #92",
        "height": 24,
        "min_height": 0,
        "render_height": 24,
        "render_min_height": 0,
        "division": "Olympic Division",
        "bureau": "West Bureau",
        "extrusionColor": "#1e293b"
      },
      "geometry": {
        "type": "Polygon",
        "coordinates": [
          [
            [
              -118.31707267004047,
              34.04522540071164
            ],
            [
              -118.31534634484349,
              34.04522540071164
            ],
            [
              -118.31534634484349,
              34.04617404242476
            ],
            [
              -118.31707267004047,
              34.04617404242476
            ],
            [
              -118.31707267004047,
              34.04522540071164
            ]
          ]
        ]
      }
    },
    {
      "type": "Feature",
      "properties": {
        "layerType": "BUILDING_3D",
        "id": "OLYMPIC_BLD_93",
        "name": "Structure #93",
        "height": 25,
        "min_height": 0,
        "render_height": 25,
        "render_min_height": 0,
        "division": "Olympic Division",
        "bureau": "West Bureau",
        "extrusionColor": "#1e293b"
      },
      "geometry": {
        "type": "Polygon",
        "coordinates": [
          [
            [
              -118.31435305622789,
              34.04518035177597
            ],
            [
              -118.3131333740253,
              34.04518035177597
            ],
            [
              -118.3131333740253,
              34.04664574180249
            ],
            [
              -118.31435305622789,
              34.04664574180249
            ],
            [
              -118.31435305622789,
              34.04518035177597
            ]
          ]
        ]
      }
    },
    {
      "type": "Feature",
      "properties": {
        "layerType": "BUILDING_3D",
        "id": "OLYMPIC_BLD_94",
        "name": "Structure #94",
        "height": 16,
        "min_height": 0,
        "render_height": 16,
        "render_min_height": 0,
        "division": "Olympic Division",
        "bureau": "West Bureau",
        "extrusionColor": "#1e293b"
      },
      "geometry": {
        "type": "Polygon",
        "coordinates": [
          [
            [
              -118.31191097628803,
              34.04484227804115
            ],
            [
              -118.31002690339679,
              34.04484227804115
            ],
            [
              -118.31002690339679,
              34.04635332647762
            ],
            [
              -118.31191097628803,
              34.04635332647762
            ],
            [
              -118.31191097628803,
              34.04484227804115
            ]
          ]
        ]
      }
    },
    {
      "type": "Feature",
      "properties": {
        "layerType": "BUILDING_3D",
        "id": "OLYMPIC_BLD_95",
        "name": "Structure #95",
        "height": 25,
        "min_height": 0,
        "render_height": 25,
        "render_min_height": 0,
        "division": "Olympic Division",
        "bureau": "West Bureau",
        "extrusionColor": "#1e293b"
      },
      "geometry": {
        "type": "Polygon",
        "coordinates": [
          [
            [
              -118.30984564251851,
              34.04548213879966
            ],
            [
              -118.30790286595733,
              34.04548213879966
            ],
            [
              -118.30790286595733,
              34.04654026302054
            ],
            [
              -118.30984564251851,
              34.04654026302054
            ],
            [
              -118.30984564251851,
              34.04548213879966
            ]
          ]
        ]
      }
    },
    {
      "type": "Feature",
      "properties": {
        "layerType": "BUILDING_3D",
        "id": "OLYMPIC_BLD_96",
        "name": "Structure #96",
        "height": 17,
        "min_height": 0,
        "render_height": 17,
        "render_min_height": 0,
        "division": "Olympic Division",
        "bureau": "West Bureau",
        "extrusionColor": "#1e293b"
      },
      "geometry": {
        "type": "Polygon",
        "coordinates": [
          [
            [
              -118.30652296440041,
              34.04527415011103
            ],
            [
              -118.30516251897359,
              34.04527415011103
            ],
            [
              -118.30516251897359,
              34.046821305165096
            ],
            [
              -118.30652296440041,
              34.046821305165096
            ],
            [
              -118.30652296440041,
              34.04527415011103
            ]
          ]
        ]
      }
    },
    {
      "type": "Feature",
      "properties": {
        "layerType": "BUILDING_3D",
        "id": "OLYMPIC_BLD_97",
        "name": "Structure #97",
        "height": 44,
        "min_height": 0,
        "render_height": 44,
        "render_min_height": 0,
        "division": "Olympic Division",
        "bureau": "West Bureau",
        "extrusionColor": "#0ea5e9"
      },
      "geometry": {
        "type": "Polygon",
        "coordinates": [
          [
            [
              -118.30429037842868,
              34.04514931972614
            ],
            [
              -118.30230117907345,
              34.04514931972614
            ],
            [
              -118.30230117907345,
              34.04622145680502
            ],
            [
              -118.30429037842868,
              34.04622145680502
            ],
            [
              -118.30429037842868,
              34.04514931972614
            ]
          ]
        ]
      }
    },
    {
      "type": "Feature",
      "properties": {
        "layerType": "BUILDING_3D",
        "id": "OLYMPIC_BLD_98",
        "name": "Olympic Division High-Rise Tower #98",
        "height": 67,
        "min_height": 0,
        "render_height": 67,
        "render_min_height": 0,
        "division": "Olympic Division",
        "bureau": "West Bureau",
        "extrusionColor": "#0ea5e9"
      },
      "geometry": {
        "type": "Polygon",
        "coordinates": [
          [
            [
              -118.30195087463781,
              34.04542320817876
            ],
            [
              -118.30057241267926,
              34.04542320817876
            ],
            [
              -118.30057241267926,
              34.04673001768552
            ],
            [
              -118.30195087463781,
              34.04673001768552
            ],
            [
              -118.30195087463781,
              34.04542320817876
            ]
          ]
        ]
      }
    },
    {
      "type": "Feature",
      "properties": {
        "layerType": "BUILDING_3D",
        "id": "OLYMPIC_BLD_99",
        "name": "Structure #99",
        "height": 21,
        "min_height": 0,
        "render_height": 21,
        "render_min_height": 0,
        "division": "Olympic Division",
        "bureau": "West Bureau",
        "extrusionColor": "#1e293b"
      },
      "geometry": {
        "type": "Polygon",
        "coordinates": [
          [
            [
              -118.29909873234159,
              34.04525948001925
            ],
            [
              -118.29741854869003,
              34.04525948001925
            ],
            [
              -118.29741854869003,
              34.04613371708472
            ],
            [
              -118.29909873234159,
              34.04613371708472
            ],
            [
              -118.29909873234159,
              34.04525948001925
            ]
          ]
        ]
      }
    },
    {
      "type": "Feature",
      "properties": {
        "layerType": "BUILDING_3D",
        "id": "OLYMPIC_BLD_100",
        "name": "Structure #100",
        "height": 35,
        "min_height": 0,
        "render_height": 35,
        "render_min_height": 0,
        "division": "Olympic Division",
        "bureau": "West Bureau",
        "extrusionColor": "#1e293b"
      },
      "geometry": {
        "type": "Polygon",
        "coordinates": [
          [
            [
              -118.29680923997525,
              34.045232935263826
            ],
            [
              -118.29568522089106,
              34.045232935263826
            ],
            [
              -118.29568522089106,
              34.04653573772477
            ],
            [
              -118.29680923997525,
              34.04653573772477
            ],
            [
              -118.29680923997525,
              34.045232935263826
            ]
          ]
        ]
      }
    },
    {
      "type": "Feature",
      "properties": {
        "layerType": "BUILDING_3D",
        "id": "OLYMPIC_BLD_101",
        "name": "Structure #101",
        "height": 9,
        "min_height": 0,
        "render_height": 9,
        "render_min_height": 0,
        "division": "Olympic Division",
        "bureau": "West Bureau",
        "extrusionColor": "#1e293b"
      },
      "geometry": {
        "type": "Polygon",
        "coordinates": [
          [
            [
              -118.2943433689465,
              34.04494003776768
            ],
            [
              -118.29266833721101,
              34.04494003776768
            ],
            [
              -118.29266833721101,
              34.04613651931485
            ],
            [
              -118.2943433689465,
              34.04613651931485
            ],
            [
              -118.2943433689465,
              34.04494003776768
            ]
          ]
        ]
      }
    },
    {
      "type": "Feature",
      "properties": {
        "layerType": "BUILDING_3D",
        "id": "OLYMPIC_BLD_102",
        "name": "Structure #102",
        "height": 15,
        "min_height": 0,
        "render_height": 15,
        "render_min_height": 0,
        "division": "Olympic Division",
        "bureau": "West Bureau",
        "extrusionColor": "#1e293b"
      },
      "geometry": {
        "type": "Polygon",
        "coordinates": [
          [
            [
              -118.29221995144155,
              34.0455385506635
            ],
            [
              -118.29068161802377,
              34.0455385506635
            ],
            [
              -118.29068161802377,
              34.04622371105177
            ],
            [
              -118.29221995144155,
              34.04622371105177
            ],
            [
              -118.29221995144155,
              34.0455385506635
            ]
          ]
        ]
      }
    },
    {
      "type": "Feature",
      "properties": {
        "layerType": "BUILDING_3D",
        "id": "OLYMPIC_BLD_103",
        "name": "Structure #103",
        "height": 19,
        "min_height": 0,
        "render_height": 19,
        "render_min_height": 0,
        "division": "Olympic Division",
        "bureau": "West Bureau",
        "extrusionColor": "#1e293b"
      },
      "geometry": {
        "type": "Polygon",
        "coordinates": [
          [
            [
              -118.28895043486122,
              34.04529910890202
            ],
            [
              -118.28806951436201,
              34.04529910890202
            ],
            [
              -118.28806951436201,
              34.046293039351234
            ],
            [
              -118.28895043486122,
              34.046293039351234
            ],
            [
              -118.28895043486122,
              34.04529910890202
            ]
          ]
        ]
      }
    },
    {
      "type": "Feature",
      "properties": {
        "layerType": "BUILDING_3D",
        "id": "OLYMPIC_BLD_104",
        "name": "Structure #104",
        "height": 8,
        "min_height": 0,
        "render_height": 8,
        "render_min_height": 0,
        "division": "Olympic Division",
        "bureau": "West Bureau",
        "extrusionColor": "#1e293b"
      },
      "geometry": {
        "type": "Polygon",
        "coordinates": [
          [
            [
              -118.28675828855455,
              34.044795480005874
            ],
            [
              -118.285480377977,
              34.044795480005874
            ],
            [
              -118.285480377977,
              34.045978554393145
            ],
            [
              -118.28675828855455,
              34.045978554393145
            ],
            [
              -118.28675828855455,
              34.044795480005874
            ]
          ]
        ]
      }
    },
    {
      "type": "Feature",
      "properties": {
        "layerType": "BUILDING_3D",
        "id": "OLYMPIC_BLD_105",
        "name": "Structure #105",
        "height": 24,
        "min_height": 0,
        "render_height": 24,
        "render_min_height": 0,
        "division": "Olympic Division",
        "bureau": "West Bureau",
        "extrusionColor": "#1e293b"
      },
      "geometry": {
        "type": "Polygon",
        "coordinates": [
          [
            [
              -118.28490581142103,
              34.04533967991986
            ],
            [
              -118.28338471578024,
              34.04533967991986
            ],
            [
              -118.28338471578024,
              34.045928386576634
            ],
            [
              -118.28490581142103,
              34.045928386576634
            ],
            [
              -118.28490581142103,
              34.04533967991986
            ]
          ]
        ]
      }
    },
    {
      "type": "Feature",
      "properties": {
        "layerType": "BUILDING_3D",
        "id": "OLYMPIC_BLD_107",
        "name": "Structure #107",
        "height": 17,
        "min_height": 0,
        "render_height": 17,
        "render_min_height": 0,
        "division": "Olympic Division",
        "bureau": "West Bureau",
        "extrusionColor": "#1e293b"
      },
      "geometry": {
        "type": "Polygon",
        "coordinates": [
          [
            [
              -118.2795770872383,
              34.044593233991506
            ],
            [
              -118.27768915973647,
              34.044593233991506
            ],
            [
              -118.27768915973647,
              34.0460264744371
            ],
            [
              -118.2795770872383,
              34.0460264744371
            ],
            [
              -118.2795770872383,
              34.044593233991506
            ]
          ]
        ]
      }
    },
    {
      "type": "Feature",
      "properties": {
        "layerType": "BUILDING_3D",
        "id": "OLYMPIC_BLD_108",
        "name": "Structure #108",
        "height": 12,
        "min_height": 0,
        "render_height": 12,
        "render_min_height": 0,
        "division": "Olympic Division",
        "bureau": "West Bureau",
        "extrusionColor": "#1e293b"
      },
      "geometry": {
        "type": "Polygon",
        "coordinates": [
          [
            [
              -118.27766584201093,
              34.04545331683271
            ],
            [
              -118.27582310429516,
              34.04545331683271
            ],
            [
              -118.27582310429516,
              34.04657388183623
            ],
            [
              -118.27766584201093,
              34.04657388183623
            ],
            [
              -118.27766584201093,
              34.04545331683271
            ]
          ]
        ]
      }
    },
    {
      "type": "Feature",
      "properties": {
        "layerType": "BUILDING_3D",
        "id": "OLYMPIC_BLD_110",
        "name": "Structure #110",
        "height": 42,
        "min_height": 0,
        "render_height": 42,
        "render_min_height": 0,
        "division": "Olympic Division",
        "bureau": "West Bureau",
        "extrusionColor": "#0ea5e9"
      },
      "geometry": {
        "type": "Polygon",
        "coordinates": [
          [
            [
              -118.31642245004133,
              34.04720725343893
            ],
            [
              -118.31532916961342,
              34.04720725343893
            ],
            [
              -118.31532916961342,
              34.04815231723336
            ],
            [
              -118.31642245004133,
              34.04815231723336
            ],
            [
              -118.31642245004133,
              34.04720725343893
            ]
          ]
        ]
      }
    },
    {
      "type": "Feature",
      "properties": {
        "layerType": "BUILDING_3D",
        "id": "OLYMPIC_BLD_111",
        "name": "Olympic Division High-Rise Tower #111",
        "height": 78,
        "min_height": 0,
        "render_height": 78,
        "render_min_height": 0,
        "division": "Olympic Division",
        "bureau": "West Bureau",
        "extrusionColor": "#0ea5e9"
      },
      "geometry": {
        "type": "Polygon",
        "coordinates": [
          [
            [
              -118.31430495986423,
              34.04707904119608
            ],
            [
              -118.31308987784281,
              34.04707904119608
            ],
            [
              -118.31308987784281,
              34.047848152225306
            ],
            [
              -118.31430495986423,
              34.047848152225306
            ],
            [
              -118.31430495986423,
              34.04707904119608
            ]
          ]
        ]
      }
    },
    {
      "type": "Feature",
      "properties": {
        "layerType": "BUILDING_3D",
        "id": "OLYMPIC_BLD_112",
        "name": "Structure #112",
        "height": 25,
        "min_height": 0,
        "render_height": 25,
        "render_min_height": 0,
        "division": "Olympic Division",
        "bureau": "West Bureau",
        "extrusionColor": "#1e293b"
      },
      "geometry": {
        "type": "Polygon",
        "coordinates": [
          [
            [
              -118.31196980417647,
              34.047122470877255
            ],
            [
              -118.31098094713889,
              34.047122470877255
            ],
            [
              -118.31098094713889,
              34.04795629786051
            ],
            [
              -118.31196980417647,
              34.04795629786051
            ],
            [
              -118.31196980417647,
              34.047122470877255
            ]
          ]
        ]
      }
    },
    {
      "type": "Feature",
      "properties": {
        "layerType": "BUILDING_3D",
        "id": "OLYMPIC_BLD_113",
        "name": "Structure #113",
        "height": 9,
        "min_height": 0,
        "render_height": 9,
        "render_min_height": 0,
        "division": "Olympic Division",
        "bureau": "West Bureau",
        "extrusionColor": "#1e293b"
      },
      "geometry": {
        "type": "Polygon",
        "coordinates": [
          [
            [
              -118.30941396601496,
              34.04663991688482
            ],
            [
              -118.30834190275077,
              34.04663991688482
            ],
            [
              -118.30834190275077,
              34.048157327428605
            ],
            [
              -118.30941396601496,
              34.048157327428605
            ],
            [
              -118.30941396601496,
              34.04663991688482
            ]
          ]
        ]
      }
    },
    {
      "type": "Feature",
      "properties": {
        "layerType": "BUILDING_3D",
        "id": "OLYMPIC_BLD_114",
        "name": "Structure #114",
        "height": 21,
        "min_height": 0,
        "render_height": 21,
        "render_min_height": 0,
        "division": "Olympic Division",
        "bureau": "West Bureau",
        "extrusionColor": "#1e293b"
      },
      "geometry": {
        "type": "Polygon",
        "coordinates": [
          [
            [
              -118.30753439257666,
              34.04712004502197
            ],
            [
              -118.3055834361632,
              34.04712004502197
            ],
            [
              -118.3055834361632,
              34.0477807448179
            ],
            [
              -118.30753439257666,
              34.0477807448179
            ],
            [
              -118.30753439257666,
              34.04712004502197
            ]
          ]
        ]
      }
    },
    {
      "type": "Feature",
      "properties": {
        "layerType": "BUILDING_3D",
        "id": "OLYMPIC_BLD_116",
        "name": "Structure #116",
        "height": 18,
        "min_height": 0,
        "render_height": 18,
        "render_min_height": 0,
        "division": "Olympic Division",
        "bureau": "West Bureau",
        "extrusionColor": "#1e293b"
      },
      "geometry": {
        "type": "Polygon",
        "coordinates": [
          [
            [
              -118.30164857037678,
              34.04686217953998
            ],
            [
              -118.2999298993617,
              34.04686217953998
            ],
            [
              -118.2999298993617,
              34.04776160680017
            ],
            [
              -118.30164857037678,
              34.04776160680017
            ],
            [
              -118.30164857037678,
              34.04686217953998
            ]
          ]
        ]
      }
    },
    {
      "type": "Feature",
      "properties": {
        "layerType": "BUILDING_3D",
        "id": "OLYMPIC_BLD_117",
        "name": "Olympic Division High-Rise Tower #117",
        "height": 71,
        "min_height": 0,
        "render_height": 71,
        "render_min_height": 0,
        "division": "Olympic Division",
        "bureau": "West Bureau",
        "extrusionColor": "#0ea5e9"
      },
      "geometry": {
        "type": "Polygon",
        "coordinates": [
          [
            [
              -118.29974862630574,
              34.04726948087719
            ],
            [
              -118.29859221982834,
              34.04726948087719
            ],
            [
              -118.29859221982834,
              34.04843597638602
            ],
            [
              -118.29974862630574,
              34.04843597638602
            ],
            [
              -118.29974862630574,
              34.04726948087719
            ]
          ]
        ]
      }
    },
    {
      "type": "Feature",
      "properties": {
        "layerType": "BUILDING_3D",
        "id": "OLYMPIC_BLD_119",
        "name": "Structure #119",
        "height": 25,
        "min_height": 0,
        "render_height": 25,
        "render_min_height": 0,
        "division": "Olympic Division",
        "bureau": "West Bureau",
        "extrusionColor": "#1e293b"
      },
      "geometry": {
        "type": "Polygon",
        "coordinates": [
          [
            [
              -118.29438387440717,
              34.0470252708569
            ],
            [
              -118.29346587522897,
              34.0470252708569
            ],
            [
              -118.29346587522897,
              34.0484077886239
            ],
            [
              -118.29438387440717,
              34.0484077886239
            ],
            [
              -118.29438387440717,
              34.0470252708569
            ]
          ]
        ]
      }
    },
    {
      "type": "Feature",
      "properties": {
        "layerType": "BUILDING_3D",
        "id": "OLYMPIC_BLD_120",
        "name": "Structure #120",
        "height": 14,
        "min_height": 0,
        "render_height": 14,
        "render_min_height": 0,
        "division": "Olympic Division",
        "bureau": "West Bureau",
        "extrusionColor": "#1e293b"
      },
      "geometry": {
        "type": "Polygon",
        "coordinates": [
          [
            [
              -118.29203893746971,
              34.046593920035036
            ],
            [
              -118.29026141462641,
              34.046593920035036
            ],
            [
              -118.29026141462641,
              34.04811514560896
            ],
            [
              -118.29203893746971,
              34.04811514560896
            ],
            [
              -118.29203893746971,
              34.046593920035036
            ]
          ]
        ]
      }
    },
    {
      "type": "Feature",
      "properties": {
        "layerType": "BUILDING_3D",
        "id": "OLYMPIC_BLD_121",
        "name": "Structure #121",
        "height": 16,
        "min_height": 0,
        "render_height": 16,
        "render_min_height": 0,
        "division": "Olympic Division",
        "bureau": "West Bureau",
        "extrusionColor": "#1e293b"
      },
      "geometry": {
        "type": "Polygon",
        "coordinates": [
          [
            [
              -118.29009353138353,
              34.047428259717364
            ],
            [
              -118.28813766993134,
              34.047428259717364
            ],
            [
              -118.28813766993134,
              34.048350435376506
            ],
            [
              -118.29009353138353,
              34.048350435376506
            ],
            [
              -118.29009353138353,
              34.047428259717364
            ]
          ]
        ]
      }
    },
    {
      "type": "Feature",
      "properties": {
        "layerType": "BUILDING_3D",
        "id": "OLYMPIC_BLD_123",
        "name": "Structure #123",
        "height": 8,
        "min_height": 0,
        "render_height": 8,
        "render_min_height": 0,
        "division": "Olympic Division",
        "bureau": "West Bureau",
        "extrusionColor": "#1e293b"
      },
      "geometry": {
        "type": "Polygon",
        "coordinates": [
          [
            [
              -118.28394633781916,
              34.047025812345204
            ],
            [
              -118.28262428385734,
              34.047025812345204
            ],
            [
              -118.28262428385734,
              34.0480163353761
            ],
            [
              -118.28394633781916,
              34.0480163353761
            ],
            [
              -118.28394633781916,
              34.047025812345204
            ]
          ]
        ]
      }
    },
    {
      "type": "Feature",
      "properties": {
        "layerType": "BUILDING_3D",
        "id": "OLYMPIC_BLD_124",
        "name": "Structure #124",
        "height": 37,
        "min_height": 0,
        "render_height": 37,
        "render_min_height": 0,
        "division": "Olympic Division",
        "bureau": "West Bureau",
        "extrusionColor": "#1e293b"
      },
      "geometry": {
        "type": "Polygon",
        "coordinates": [
          [
            [
              -118.28203824127046,
              34.04730059535937
            ],
            [
              -118.2807647116593,
              34.04730059535937
            ],
            [
              -118.2807647116593,
              34.04791129401534
            ],
            [
              -118.28203824127046,
              34.04791129401534
            ],
            [
              -118.28203824127046,
              34.04730059535937
            ]
          ]
        ]
      }
    },
    {
      "type": "Feature",
      "properties": {
        "layerType": "BUILDING_3D",
        "id": "OLYMPIC_BLD_125",
        "name": "Structure #125",
        "height": 10,
        "min_height": 0,
        "render_height": 10,
        "render_min_height": 0,
        "division": "Olympic Division",
        "bureau": "West Bureau",
        "extrusionColor": "#1e293b"
      },
      "geometry": {
        "type": "Polygon",
        "coordinates": [
          [
            [
              -118.27918494882367,
              34.04680692184736
            ],
            [
              -118.27839976483743,
              34.04680692184736
            ],
            [
              -118.27839976483743,
              34.04834458166873
            ],
            [
              -118.27918494882367,
              34.04834458166873
            ],
            [
              -118.27918494882367,
              34.04680692184736
            ]
          ]
        ]
      }
    },
    {
      "type": "Feature",
      "properties": {
        "layerType": "BUILDING_3D",
        "id": "OLYMPIC_BLD_126",
        "name": "Structure #126",
        "height": 15,
        "min_height": 0,
        "render_height": 15,
        "render_min_height": 0,
        "division": "Olympic Division",
        "bureau": "West Bureau",
        "extrusionColor": "#1e293b"
      },
      "geometry": {
        "type": "Polygon",
        "coordinates": [
          [
            [
              -118.27731967191053,
              34.04690476577301
            ],
            [
              -118.27534268071165,
              34.04690476577301
            ],
            [
              -118.27534268071165,
              34.04763901874321
            ],
            [
              -118.27731967191053,
              34.04763901874321
            ],
            [
              -118.27731967191053,
              34.04690476577301
            ]
          ]
        ]
      }
    },
    {
      "type": "Feature",
      "properties": {
        "layerType": "BUILDING_3D",
        "id": "OLYMPIC_BLD_127",
        "name": "Structure #127",
        "height": 20,
        "min_height": 0,
        "render_height": 20,
        "render_min_height": 0,
        "division": "Olympic Division",
        "bureau": "West Bureau",
        "extrusionColor": "#1e293b"
      },
      "geometry": {
        "type": "Polygon",
        "coordinates": [
          [
            [
              -118.31969387257756,
              34.04946091473709
            ],
            [
              -118.31874983304444,
              34.04946091473709
            ],
            [
              -118.31874983304444,
              34.050454896532635
            ],
            [
              -118.31969387257756,
              34.050454896532635
            ],
            [
              -118.31969387257756,
              34.04946091473709
            ]
          ]
        ]
      }
    },
    {
      "type": "Feature",
      "properties": {
        "layerType": "BUILDING_3D",
        "id": "OLYMPIC_BLD_129",
        "name": "Olympic Division High-Rise Tower #129",
        "height": 64,
        "min_height": 0,
        "render_height": 64,
        "render_min_height": 0,
        "division": "Olympic Division",
        "bureau": "West Bureau",
        "extrusionColor": "#0ea5e9"
      },
      "geometry": {
        "type": "Polygon",
        "coordinates": [
          [
            [
              -118.31491473459798,
              34.04884800411141
            ],
            [
              -118.31327480214901,
              34.04884800411141
            ],
            [
              -118.31327480214901,
              34.05019792231702
            ],
            [
              -118.31491473459798,
              34.05019792231702
            ],
            [
              -118.31491473459798,
              34.04884800411141
            ]
          ]
        ]
      }
    },
    {
      "type": "Feature",
      "properties": {
        "layerType": "BUILDING_3D",
        "id": "OLYMPIC_BLD_131",
        "name": "Structure #131",
        "height": 16,
        "min_height": 0,
        "render_height": 16,
        "render_min_height": 0,
        "division": "Olympic Division",
        "bureau": "West Bureau",
        "extrusionColor": "#1e293b"
      },
      "geometry": {
        "type": "Polygon",
        "coordinates": [
          [
            [
              -118.309030912909,
              34.04918073419513
            ],
            [
              -118.30804519517262,
              34.04918073419513
            ],
            [
              -118.30804519517262,
              34.050434690489396
            ],
            [
              -118.309030912909,
              34.050434690489396
            ],
            [
              -118.309030912909,
              34.04918073419513
            ]
          ]
        ]
      }
    },
    {
      "type": "Feature",
      "properties": {
        "layerType": "BUILDING_3D",
        "id": "OLYMPIC_BLD_132",
        "name": "Structure #132",
        "height": 10,
        "min_height": 0,
        "render_height": 10,
        "render_min_height": 0,
        "division": "Olympic Division",
        "bureau": "West Bureau",
        "extrusionColor": "#1e293b"
      },
      "geometry": {
        "type": "Polygon",
        "coordinates": [
          [
            [
              -118.30676762746339,
              34.04882441388198
            ],
            [
              -118.3051553979422,
              34.04882441388198
            ],
            [
              -118.3051553979422,
              34.04985781263438
            ],
            [
              -118.30676762746339,
              34.04985781263438
            ],
            [
              -118.30676762746339,
              34.04882441388198
            ]
          ]
        ]
      }
    },
    {
      "type": "Feature",
      "properties": {
        "layerType": "BUILDING_3D",
        "id": "OLYMPIC_BLD_133",
        "name": "Structure #133",
        "height": 14,
        "min_height": 0,
        "render_height": 14,
        "render_min_height": 0,
        "division": "Olympic Division",
        "bureau": "West Bureau",
        "extrusionColor": "#1e293b"
      },
      "geometry": {
        "type": "Polygon",
        "coordinates": [
          [
            [
              -118.3047257535803,
              34.04937501507689
            ],
            [
              -118.3033970980415,
              34.04937501507689
            ],
            [
              -118.3033970980415,
              34.05008687054949
            ],
            [
              -118.3047257535803,
              34.05008687054949
            ],
            [
              -118.3047257535803,
              34.04937501507689
            ]
          ]
        ]
      }
    },
    {
      "type": "Feature",
      "properties": {
        "layerType": "BUILDING_3D",
        "id": "OLYMPIC_BLD_135",
        "name": "Structure #135",
        "height": 13,
        "min_height": 0,
        "render_height": 13,
        "render_min_height": 0,
        "division": "Olympic Division",
        "bureau": "West Bureau",
        "extrusionColor": "#1e293b"
      },
      "geometry": {
        "type": "Polygon",
        "coordinates": [
          [
            [
              -118.29938076484956,
              34.04873146775023
            ],
            [
              -118.29819338628837,
              34.04873146775023
            ],
            [
              -118.29819338628837,
              34.04986305656148
            ],
            [
              -118.29938076484956,
              34.04986305656148
            ],
            [
              -118.29938076484956,
              34.04873146775023
            ]
          ]
        ]
      }
    },
    {
      "type": "Feature",
      "properties": {
        "layerType": "BUILDING_3D",
        "id": "OLYMPIC_BLD_136",
        "name": "Structure #136",
        "height": 9,
        "min_height": 0,
        "render_height": 9,
        "render_min_height": 0,
        "division": "Olympic Division",
        "bureau": "West Bureau",
        "extrusionColor": "#1e293b"
      },
      "geometry": {
        "type": "Polygon",
        "coordinates": [
          [
            [
              -118.2973452557497,
              34.04902884847846
            ],
            [
              -118.29589035584952,
              34.04902884847846
            ],
            [
              -118.29589035584952,
              34.04990433373101
            ],
            [
              -118.2973452557497,
              34.04990433373101
            ],
            [
              -118.2973452557497,
              34.04902884847846
            ]
          ]
        ]
      }
    },
    {
      "type": "Feature",
      "properties": {
        "layerType": "BUILDING_3D",
        "id": "OLYMPIC_BLD_138",
        "name": "Structure #138",
        "height": 18,
        "min_height": 0,
        "render_height": 18,
        "render_min_height": 0,
        "division": "Olympic Division",
        "bureau": "West Bureau",
        "extrusionColor": "#1e293b"
      },
      "geometry": {
        "type": "Polygon",
        "coordinates": [
          [
            [
              -118.29162263561003,
              34.049058460967466
            ],
            [
              -118.29074952454968,
              34.049058460967466
            ],
            [
              -118.29074952454968,
              34.04979787099216
            ],
            [
              -118.29162263561003,
              34.04979787099216
            ],
            [
              -118.29162263561003,
              34.049058460967466
            ]
          ]
        ]
      }
    },
    {
      "type": "Feature",
      "properties": {
        "layerType": "BUILDING_3D",
        "id": "OLYMPIC_BLD_139",
        "name": "Structure #139",
        "height": 12,
        "min_height": 0,
        "render_height": 12,
        "render_min_height": 0,
        "division": "Olympic Division",
        "bureau": "West Bureau",
        "extrusionColor": "#1e293b"
      },
      "geometry": {
        "type": "Polygon",
        "coordinates": [
          [
            [
              -118.28942483589897,
              34.04869595519743
            ],
            [
              -118.28847416586721,
              34.04869595519743
            ],
            [
              -118.28847416586721,
              34.04984613856654
            ],
            [
              -118.28942483589897,
              34.04984613856654
            ],
            [
              -118.28942483589897,
              34.04869595519743
            ]
          ]
        ]
      }
    },
    {
      "type": "Feature",
      "properties": {
        "layerType": "BUILDING_3D",
        "id": "OLYMPIC_BLD_140",
        "name": "Structure #140",
        "height": 9,
        "min_height": 0,
        "render_height": 9,
        "render_min_height": 0,
        "division": "Olympic Division",
        "bureau": "West Bureau",
        "extrusionColor": "#1e293b"
      },
      "geometry": {
        "type": "Polygon",
        "coordinates": [
          [
            [
              -118.28739091474615,
              34.048897491597494
            ],
            [
              -118.28591210755731,
              34.048897491597494
            ],
            [
              -118.28591210755731,
              34.04974111999757
            ],
            [
              -118.28739091474615,
              34.04974111999757
            ],
            [
              -118.28739091474615,
              34.048897491597494
            ]
          ]
        ]
      }
    },
    {
      "type": "Feature",
      "properties": {
        "layerType": "BUILDING_3D",
        "id": "OLYMPIC_BLD_143",
        "name": "Structure #143",
        "height": 10,
        "min_height": 0,
        "render_height": 10,
        "render_min_height": 0,
        "division": "Olympic Division",
        "bureau": "West Bureau",
        "extrusionColor": "#1e293b"
      },
      "geometry": {
        "type": "Polygon",
        "coordinates": [
          [
            [
              -118.27995376860949,
              34.04877263646171
            ],
            [
              -118.27801076725322,
              34.04877263646171
            ],
            [
              -118.27801076725322,
              34.049728221162646
            ],
            [
              -118.27995376860949,
              34.049728221162646
            ],
            [
              -118.27995376860949,
              34.04877263646171
            ]
          ]
        ]
      }
    },
    {
      "type": "Feature",
      "properties": {
        "layerType": "BUILDING_3D",
        "id": "OLYMPIC_BLD_144",
        "name": "Structure #144",
        "height": 25,
        "min_height": 0,
        "render_height": 25,
        "render_min_height": 0,
        "division": "Olympic Division",
        "bureau": "West Bureau",
        "extrusionColor": "#1e293b"
      },
      "geometry": {
        "type": "Polygon",
        "coordinates": [
          [
            [
              -118.27729232454922,
              34.049583609998436
            ],
            [
              -118.27606371564804,
              34.049583609998436
            ],
            [
              -118.27606371564804,
              34.05028990280047
            ],
            [
              -118.27729232454922,
              34.05028990280047
            ],
            [
              -118.27729232454922,
              34.049583609998436
            ]
          ]
        ]
      }
    },
    {
      "type": "Feature",
      "properties": {
        "layerType": "BUILDING_3D",
        "id": "OLYMPIC_BLD_146",
        "name": "Olympic Division High-Rise Tower #146",
        "height": 56,
        "min_height": 0,
        "render_height": 56,
        "render_min_height": 0,
        "division": "Olympic Division",
        "bureau": "West Bureau",
        "extrusionColor": "#0ea5e9"
      },
      "geometry": {
        "type": "Polygon",
        "coordinates": [
          [
            [
              -118.31736544798837,
              34.050673188323174
            ],
            [
              -118.3153687777697,
              34.050673188323174
            ],
            [
              -118.3153687777697,
              34.051801324604526
            ],
            [
              -118.31736544798837,
              34.051801324604526
            ],
            [
              -118.31736544798837,
              34.050673188323174
            ]
          ]
        ]
      }
    },
    {
      "type": "Feature",
      "properties": {
        "layerType": "BUILDING_3D",
        "id": "OLYMPIC_BLD_147",
        "name": "Structure #147",
        "height": 17,
        "min_height": 0,
        "render_height": 17,
        "render_min_height": 0,
        "division": "Olympic Division",
        "bureau": "West Bureau",
        "extrusionColor": "#1e293b"
      },
      "geometry": {
        "type": "Polygon",
        "coordinates": [
          [
            [
              -118.3148487578702,
              34.05121081364897
            ],
            [
              -118.31339829693702,
              34.05121081364897
            ],
            [
              -118.31339829693702,
              34.05261837595648
            ],
            [
              -118.3148487578702,
              34.05261837595648
            ],
            [
              -118.3148487578702,
              34.05121081364897
            ]
          ]
        ]
      }
    },
    {
      "type": "Feature",
      "properties": {
        "layerType": "BUILDING_3D",
        "id": "OLYMPIC_BLD_149",
        "name": "Structure #149",
        "height": 38,
        "min_height": 0,
        "render_height": 38,
        "render_min_height": 0,
        "division": "Olympic Division",
        "bureau": "West Bureau",
        "extrusionColor": "#1e293b"
      },
      "geometry": {
        "type": "Polygon",
        "coordinates": [
          [
            [
              -118.30939135208112,
              34.0513499872531
            ],
            [
              -118.3079879104258,
              34.0513499872531
            ],
            [
              -118.3079879104258,
              34.05224655688334
            ],
            [
              -118.30939135208112,
              34.05224655688334
            ],
            [
              -118.30939135208112,
              34.0513499872531
            ]
          ]
        ]
      }
    },
    {
      "type": "Feature",
      "properties": {
        "layerType": "BUILDING_3D",
        "id": "OLYMPIC_BLD_150",
        "name": "Structure #150",
        "height": 11,
        "min_height": 0,
        "render_height": 11,
        "render_min_height": 0,
        "division": "Olympic Division",
        "bureau": "West Bureau",
        "extrusionColor": "#1e293b"
      },
      "geometry": {
        "type": "Polygon",
        "coordinates": [
          [
            [
              -118.30647858781744,
              34.05105836687801
            ],
            [
              -118.3053258554357,
              34.05105836687801
            ],
            [
              -118.3053258554357,
              34.05203258273751
            ],
            [
              -118.30647858781744,
              34.05203258273751
            ],
            [
              -118.30647858781744,
              34.05105836687801
            ]
          ]
        ]
      }
    },
    {
      "type": "Feature",
      "properties": {
        "layerType": "BUILDING_3D",
        "id": "OLYMPIC_BLD_151",
        "name": "Structure #151",
        "height": 8,
        "min_height": 0,
        "render_height": 8,
        "render_min_height": 0,
        "division": "Olympic Division",
        "bureau": "West Bureau",
        "extrusionColor": "#1e293b"
      },
      "geometry": {
        "type": "Polygon",
        "coordinates": [
          [
            [
              -118.3043535282997,
              34.05101420385491
            ],
            [
              -118.30310096505177,
              34.05101420385491
            ],
            [
              -118.30310096505177,
              34.05176475199793
            ],
            [
              -118.3043535282997,
              34.05176475199793
            ],
            [
              -118.3043535282997,
              34.05101420385491
            ]
          ]
        ]
      }
    },
    {
      "type": "Feature",
      "properties": {
        "layerType": "BUILDING_3D",
        "id": "OLYMPIC_BLD_152",
        "name": "Structure #152",
        "height": 19,
        "min_height": 0,
        "render_height": 19,
        "render_min_height": 0,
        "division": "Olympic Division",
        "bureau": "West Bureau",
        "extrusionColor": "#1e293b"
      },
      "geometry": {
        "type": "Polygon",
        "coordinates": [
          [
            [
              -118.30191030932939,
              34.051156344418445
            ],
            [
              -118.3009453188598,
              34.051156344418445
            ],
            [
              -118.3009453188598,
              34.05174684540118
            ],
            [
              -118.30191030932939,
              34.05174684540118
            ],
            [
              -118.30191030932939,
              34.051156344418445
            ]
          ]
        ]
      }
    },
    {
      "type": "Feature",
      "properties": {
        "layerType": "BUILDING_3D",
        "id": "OLYMPIC_BLD_153",
        "name": "Structure #153",
        "height": 8,
        "min_height": 0,
        "render_height": 8,
        "render_min_height": 0,
        "division": "Olympic Division",
        "bureau": "West Bureau",
        "extrusionColor": "#1e293b"
      },
      "geometry": {
        "type": "Polygon",
        "coordinates": [
          [
            [
              -118.29922755717628,
              34.05066274520792
            ],
            [
              -118.29846834162704,
              34.05066274520792
            ],
            [
              -118.29846834162704,
              34.05188257626535
            ],
            [
              -118.29922755717628,
              34.05188257626535
            ],
            [
              -118.29922755717628,
              34.05066274520792
            ]
          ]
        ]
      }
    },
    {
      "type": "Feature",
      "properties": {
        "layerType": "BUILDING_3D",
        "id": "OLYMPIC_BLD_154",
        "name": "Structure #154",
        "height": 16,
        "min_height": 0,
        "render_height": 16,
        "render_min_height": 0,
        "division": "Olympic Division",
        "bureau": "West Bureau",
        "extrusionColor": "#1e293b"
      },
      "geometry": {
        "type": "Polygon",
        "coordinates": [
          [
            [
              -118.29736218473268,
              34.05084413311397
            ],
            [
              -118.29579383051599,
              34.05084413311397
            ],
            [
              -118.29579383051599,
              34.051445112902854
            ],
            [
              -118.29736218473268,
              34.051445112902854
            ],
            [
              -118.29736218473268,
              34.05084413311397
            ]
          ]
        ]
      }
    },
    {
      "type": "Feature",
      "properties": {
        "layerType": "BUILDING_3D",
        "id": "OLYMPIC_BLD_157",
        "name": "Structure #157",
        "height": 16,
        "min_height": 0,
        "render_height": 16,
        "render_min_height": 0,
        "division": "Olympic Division",
        "bureau": "West Bureau",
        "extrusionColor": "#1e293b"
      },
      "geometry": {
        "type": "Polygon",
        "coordinates": [
          [
            [
              -118.29002852211052,
              34.05092117034211
            ],
            [
              -118.2884351766095,
              34.05092117034211
            ],
            [
              -118.2884351766095,
              34.052129077398504
            ],
            [
              -118.29002852211052,
              34.052129077398504
            ],
            [
              -118.29002852211052,
              34.05092117034211
            ]
          ]
        ]
      }
    },
    {
      "type": "Feature",
      "properties": {
        "layerType": "BUILDING_3D",
        "id": "OLYMPIC_BLD_159",
        "name": "Structure #159",
        "height": 18,
        "min_height": 0,
        "render_height": 18,
        "render_min_height": 0,
        "division": "Olympic Division",
        "bureau": "West Bureau",
        "extrusionColor": "#1e293b"
      },
      "geometry": {
        "type": "Polygon",
        "coordinates": [
          [
            [
              -118.284248598386,
              34.051119576976
            ],
            [
              -118.28290204881236,
              34.051119576976
            ],
            [
              -118.28290204881236,
              34.05215751875868
            ],
            [
              -118.284248598386,
              34.05215751875868
            ],
            [
              -118.284248598386,
              34.051119576976
            ]
          ]
        ]
      }
    },
    {
      "type": "Feature",
      "properties": {
        "layerType": "BUILDING_3D",
        "id": "OLYMPIC_BLD_160",
        "name": "Structure #160",
        "height": 25,
        "min_height": 0,
        "render_height": 25,
        "render_min_height": 0,
        "division": "Olympic Division",
        "bureau": "West Bureau",
        "extrusionColor": "#1e293b"
      },
      "geometry": {
        "type": "Polygon",
        "coordinates": [
          [
            [
              -118.28177482960228,
              34.050931446648995
            ],
            [
              -118.28044033302456,
              34.050931446648995
            ],
            [
              -118.28044033302456,
              34.05208870393151
            ],
            [
              -118.28177482960228,
              34.05208870393151
            ],
            [
              -118.28177482960228,
              34.050931446648995
            ]
          ]
        ]
      }
    },
    {
      "type": "Feature",
      "properties": {
        "layerType": "BUILDING_3D",
        "id": "OLYMPIC_BLD_161",
        "name": "Structure #161",
        "height": 22,
        "min_height": 0,
        "render_height": 22,
        "render_min_height": 0,
        "division": "Olympic Division",
        "bureau": "West Bureau",
        "extrusionColor": "#1e293b"
      },
      "geometry": {
        "type": "Polygon",
        "coordinates": [
          [
            [
              -118.2795167114513,
              34.05073959912983
            ],
            [
              -118.2780288092309,
              34.05073959912983
            ],
            [
              -118.2780288092309,
              34.0522655521669
            ],
            [
              -118.2795167114513,
              34.0522655521669
            ],
            [
              -118.2795167114513,
              34.05073959912983
            ]
          ]
        ]
      }
    },
    {
      "type": "Feature",
      "properties": {
        "layerType": "BUILDING_3D",
        "id": "OLYMPIC_BLD_162",
        "name": "Structure #162",
        "height": 22,
        "min_height": 0,
        "render_height": 22,
        "render_min_height": 0,
        "division": "Olympic Division",
        "bureau": "West Bureau",
        "extrusionColor": "#1e293b"
      },
      "geometry": {
        "type": "Polygon",
        "coordinates": [
          [
            [
              -118.27726337254737,
              34.050913699253144
            ],
            [
              -118.27530143292827,
              34.050913699253144
            ],
            [
              -118.27530143292827,
              34.052282356843335
            ],
            [
              -118.27726337254737,
              34.052282356843335
            ],
            [
              -118.27726337254737,
              34.050913699253144
            ]
          ]
        ]
      }
    },
    {
      "type": "Feature",
      "properties": {
        "layerType": "BUILDING_3D",
        "id": "OLYMPIC_BLD_163",
        "name": "Structure #163",
        "height": 16,
        "min_height": 0,
        "render_height": 16,
        "render_min_height": 0,
        "division": "Olympic Division",
        "bureau": "West Bureau",
        "extrusionColor": "#1e293b"
      },
      "geometry": {
        "type": "Polygon",
        "coordinates": [
          [
            [
              -118.31953952953165,
              34.05314973783327
            ],
            [
              -118.31777982691571,
              34.05314973783327
            ],
            [
              -118.31777982691571,
              34.05452512035938
            ],
            [
              -118.31953952953165,
              34.05452512035938
            ],
            [
              -118.31953952953165,
              34.05314973783327
            ]
          ]
        ]
      }
    },
    {
      "type": "Feature",
      "properties": {
        "layerType": "BUILDING_3D",
        "id": "OLYMPIC_BLD_164",
        "name": "Structure #164",
        "height": 17,
        "min_height": 0,
        "render_height": 17,
        "render_min_height": 0,
        "division": "Olympic Division",
        "bureau": "West Bureau",
        "extrusionColor": "#1e293b"
      },
      "geometry": {
        "type": "Polygon",
        "coordinates": [
          [
            [
              -118.31666462278578,
              34.05318053340417
            ],
            [
              -118.31489627382363,
              34.05318053340417
            ],
            [
              -118.31489627382363,
              34.054242652073455
            ],
            [
              -118.31666462278578,
              34.054242652073455
            ],
            [
              -118.31666462278578,
              34.05318053340417
            ]
          ]
        ]
      }
    },
    {
      "type": "Feature",
      "properties": {
        "layerType": "BUILDING_3D",
        "id": "OLYMPIC_BLD_165",
        "name": "Structure #165",
        "height": 36,
        "min_height": 0,
        "render_height": 36,
        "render_min_height": 0,
        "division": "Olympic Division",
        "bureau": "West Bureau",
        "extrusionColor": "#1e293b"
      },
      "geometry": {
        "type": "Polygon",
        "coordinates": [
          [
            [
              -118.31412502848035,
              34.05318200790271
            ],
            [
              -118.31275944733413,
              34.05318200790271
            ],
            [
              -118.31275944733413,
              34.054251937472394
            ],
            [
              -118.31412502848035,
              34.054251937472394
            ],
            [
              -118.31412502848035,
              34.05318200790271
            ]
          ]
        ]
      }
    },
    {
      "type": "Feature",
      "properties": {
        "layerType": "BUILDING_3D",
        "id": "OLYMPIC_BLD_166",
        "name": "Structure #166",
        "height": 10,
        "min_height": 0,
        "render_height": 10,
        "render_min_height": 0,
        "division": "Olympic Division",
        "bureau": "West Bureau",
        "extrusionColor": "#1e293b"
      },
      "geometry": {
        "type": "Polygon",
        "coordinates": [
          [
            [
              -118.31162313269651,
              34.05292813792413
            ],
            [
              -118.31024750896405,
              34.05292813792413
            ],
            [
              -118.31024750896405,
              34.054004585280055
            ],
            [
              -118.31162313269651,
              34.054004585280055
            ],
            [
              -118.31162313269651,
              34.05292813792413
            ]
          ]
        ]
      }
    },
    {
      "type": "Feature",
      "properties": {
        "layerType": "BUILDING_3D",
        "id": "OLYMPIC_BLD_167",
        "name": "Structure #167",
        "height": 10,
        "min_height": 0,
        "render_height": 10,
        "render_min_height": 0,
        "division": "Olympic Division",
        "bureau": "West Bureau",
        "extrusionColor": "#1e293b"
      },
      "geometry": {
        "type": "Polygon",
        "coordinates": [
          [
            [
              -118.30944953695469,
              34.05311947542534
            ],
            [
              -118.30806553321135,
              34.05311947542534
            ],
            [
              -118.30806553321135,
              34.05382574521949
            ],
            [
              -118.30944953695469,
              34.05382574521949
            ],
            [
              -118.30944953695469,
              34.05311947542534
            ]
          ]
        ]
      }
    },
    {
      "type": "Feature",
      "properties": {
        "layerType": "BUILDING_3D",
        "id": "OLYMPIC_BLD_168",
        "name": "Structure #168",
        "height": 9,
        "min_height": 0,
        "render_height": 9,
        "render_min_height": 0,
        "division": "Olympic Division",
        "bureau": "West Bureau",
        "extrusionColor": "#1e293b"
      },
      "geometry": {
        "type": "Polygon",
        "coordinates": [
          [
            [
              -118.30670353159599,
              34.05311995617522
            ],
            [
              -118.30579547043209,
              34.05311995617522
            ],
            [
              -118.30579547043209,
              34.05383569292759
            ],
            [
              -118.30670353159599,
              34.05383569292759
            ],
            [
              -118.30670353159599,
              34.05311995617522
            ]
          ]
        ]
      }
    },
    {
      "type": "Feature",
      "properties": {
        "layerType": "BUILDING_3D",
        "id": "OLYMPIC_BLD_169",
        "name": "Structure #169",
        "height": 14,
        "min_height": 0,
        "render_height": 14,
        "render_min_height": 0,
        "division": "Olympic Division",
        "bureau": "West Bureau",
        "extrusionColor": "#1e293b"
      },
      "geometry": {
        "type": "Polygon",
        "coordinates": [
          [
            [
              -118.304202913489,
              34.052845801880245
            ],
            [
              -118.30328268052166,
              34.052845801880245
            ],
            [
              -118.30328268052166,
              34.05351756312371
            ],
            [
              -118.304202913489,
              34.05351756312371
            ],
            [
              -118.304202913489,
              34.052845801880245
            ]
          ]
        ]
      }
    },
    {
      "type": "Feature",
      "properties": {
        "layerType": "BUILDING_3D",
        "id": "OLYMPIC_BLD_170",
        "name": "Structure #170",
        "height": 21,
        "min_height": 0,
        "render_height": 21,
        "render_min_height": 0,
        "division": "Olympic Division",
        "bureau": "West Bureau",
        "extrusionColor": "#1e293b"
      },
      "geometry": {
        "type": "Polygon",
        "coordinates": [
          [
            [
              -118.30205539758252,
              34.052730266296145
            ],
            [
              -118.30119170455522,
              34.052730266296145
            ],
            [
              -118.30119170455522,
              34.05364824584098
            ],
            [
              -118.30205539758252,
              34.05364824584098
            ],
            [
              -118.30205539758252,
              34.052730266296145
            ]
          ]
        ]
      }
    },
    {
      "type": "Feature",
      "properties": {
        "layerType": "BUILDING_3D",
        "id": "OLYMPIC_BLD_174",
        "name": "Structure #174",
        "height": 20,
        "min_height": 0,
        "render_height": 20,
        "render_min_height": 0,
        "division": "Olympic Division",
        "bureau": "West Bureau",
        "extrusionColor": "#1e293b"
      },
      "geometry": {
        "type": "Polygon",
        "coordinates": [
          [
            [
              -118.29152636030064,
              34.0529501554512
            ],
            [
              -118.29046561222334,
              34.0529501554512
            ],
            [
              -118.29046561222334,
              34.054375908523625
            ],
            [
              -118.29152636030064,
              34.054375908523625
            ],
            [
              -118.29152636030064,
              34.0529501554512
            ]
          ]
        ]
      }
    },
    {
      "type": "Feature",
      "properties": {
        "layerType": "BUILDING_3D",
        "id": "OLYMPIC_BLD_175",
        "name": "Structure #175",
        "height": 11,
        "min_height": 0,
        "render_height": 11,
        "render_min_height": 0,
        "division": "Olympic Division",
        "bureau": "West Bureau",
        "extrusionColor": "#1e293b"
      },
      "geometry": {
        "type": "Polygon",
        "coordinates": [
          [
            [
              -118.28942122870559,
              34.052647069819436
            ],
            [
              -118.28758811761249,
              34.052647069819436
            ],
            [
              -118.28758811761249,
              34.053906305565654
            ],
            [
              -118.28942122870559,
              34.053906305565654
            ],
            [
              -118.28942122870559,
              34.052647069819436
            ]
          ]
        ]
      }
    },
    {
      "type": "Feature",
      "properties": {
        "layerType": "BUILDING_3D",
        "id": "OLYMPIC_BLD_176",
        "name": "Structure #176",
        "height": 24,
        "min_height": 0,
        "render_height": 24,
        "render_min_height": 0,
        "division": "Olympic Division",
        "bureau": "West Bureau",
        "extrusionColor": "#1e293b"
      },
      "geometry": {
        "type": "Polygon",
        "coordinates": [
          [
            [
              -118.28731091023215,
              34.05337747071601
            ],
            [
              -118.28569189284417,
              34.05337747071601
            ],
            [
              -118.28569189284417,
              34.0541370675332
            ],
            [
              -118.28731091023215,
              34.0541370675332
            ],
            [
              -118.28731091023215,
              34.05337747071601
            ]
          ]
        ]
      }
    },
    {
      "type": "Feature",
      "properties": {
        "layerType": "BUILDING_3D",
        "id": "OLYMPIC_BLD_177",
        "name": "Structure #177",
        "height": 19,
        "min_height": 0,
        "render_height": 19,
        "render_min_height": 0,
        "division": "Olympic Division",
        "bureau": "West Bureau",
        "extrusionColor": "#1e293b"
      },
      "geometry": {
        "type": "Polygon",
        "coordinates": [
          [
            [
              -118.28387182336513,
              34.052887283568204
            ],
            [
              -118.28289519888588,
              34.052887283568204
            ],
            [
              -118.28289519888588,
              34.05436082695906
            ],
            [
              -118.28387182336513,
              34.05436082695906
            ],
            [
              -118.28387182336513,
              34.052887283568204
            ]
          ]
        ]
      }
    },
    {
      "type": "Feature",
      "properties": {
        "layerType": "BUILDING_3D",
        "id": "OLYMPIC_BLD_178",
        "name": "Olympic Division High-Rise Tower #178",
        "height": 59,
        "min_height": 0,
        "render_height": 59,
        "render_min_height": 0,
        "division": "Olympic Division",
        "bureau": "West Bureau",
        "extrusionColor": "#0ea5e9"
      },
      "geometry": {
        "type": "Polygon",
        "coordinates": [
          [
            [
              -118.28200206398374,
              34.0526096374141
            ],
            [
              -118.28010750819548,
              34.0526096374141
            ],
            [
              -118.28010750819548,
              34.05383905082673
            ],
            [
              -118.28200206398374,
              34.05383905082673
            ],
            [
              -118.28200206398374,
              34.0526096374141
            ]
          ]
        ]
      }
    },
    {
      "type": "Feature",
      "properties": {
        "layerType": "BUILDING_3D",
        "id": "OLYMPIC_BLD_179",
        "name": "Structure #179",
        "height": 18,
        "min_height": 0,
        "render_height": 18,
        "render_min_height": 0,
        "division": "Olympic Division",
        "bureau": "West Bureau",
        "extrusionColor": "#1e293b"
      },
      "geometry": {
        "type": "Polygon",
        "coordinates": [
          [
            [
              -118.27985903761045,
              34.05329833497095
            ],
            [
              -118.27827836322278,
              34.05329833497095
            ],
            [
              -118.27827836322278,
              34.05429266778776
            ],
            [
              -118.27985903761045,
              34.05429266778776
            ],
            [
              -118.27985903761045,
              34.05329833497095
            ]
          ]
        ]
      }
    },
    {
      "type": "Feature",
      "properties": {
        "layerType": "BUILDING_3D",
        "id": "OLYMPIC_BLD_181",
        "name": "Olympic Division High-Rise Tower #181",
        "height": 66,
        "min_height": 0,
        "render_height": 66,
        "render_min_height": 0,
        "division": "Olympic Division",
        "bureau": "West Bureau",
        "extrusionColor": "#0ea5e9"
      },
      "geometry": {
        "type": "Polygon",
        "coordinates": [
          [
            [
              -118.31933171394824,
              34.05480648023166
            ],
            [
              -118.3178392070315,
              34.05480648023166
            ],
            [
              -118.3178392070315,
              34.055906674497464
            ],
            [
              -118.31933171394824,
              34.055906674497464
            ],
            [
              -118.31933171394824,
              34.05480648023166
            ]
          ]
        ]
      }
    },
    {
      "type": "Feature",
      "properties": {
        "layerType": "BUILDING_3D",
        "id": "OLYMPIC_BLD_182",
        "name": "Structure #182",
        "height": 21,
        "min_height": 0,
        "render_height": 21,
        "render_min_height": 0,
        "division": "Olympic Division",
        "bureau": "West Bureau",
        "extrusionColor": "#1e293b"
      },
      "geometry": {
        "type": "Polygon",
        "coordinates": [
          [
            [
              -118.31703452541643,
              34.05499360120348
            ],
            [
              -118.31561998993183,
              34.05499360120348
            ],
            [
              -118.31561998993183,
              34.055985962959596
            ],
            [
              -118.31703452541643,
              34.055985962959596
            ],
            [
              -118.31703452541643,
              34.05499360120348
            ]
          ]
        ]
      }
    },
    {
      "type": "Feature",
      "properties": {
        "layerType": "BUILDING_3D",
        "id": "OLYMPIC_BLD_183",
        "name": "Structure #183",
        "height": 19,
        "min_height": 0,
        "render_height": 19,
        "render_min_height": 0,
        "division": "Olympic Division",
        "bureau": "West Bureau",
        "extrusionColor": "#1e293b"
      },
      "geometry": {
        "type": "Polygon",
        "coordinates": [
          [
            [
              -118.3142939413098,
              34.05479189701929
            ],
            [
              -118.31301804762337,
              34.05479189701929
            ],
            [
              -118.31301804762337,
              34.05609063602821
            ],
            [
              -118.3142939413098,
              34.05609063602821
            ],
            [
              -118.3142939413098,
              34.05479189701929
            ]
          ]
        ]
      }
    },
    {
      "type": "Feature",
      "properties": {
        "layerType": "BUILDING_3D",
        "id": "OLYMPIC_BLD_184",
        "name": "Structure #184",
        "height": 17,
        "min_height": 0,
        "render_height": 17,
        "render_min_height": 0,
        "division": "Olympic Division",
        "bureau": "West Bureau",
        "extrusionColor": "#1e293b"
      },
      "geometry": {
        "type": "Polygon",
        "coordinates": [
          [
            [
              -118.3120532752609,
              34.05475531451029
            ],
            [
              -118.31038346796373,
              34.05475531451029
            ],
            [
              -118.31038346796373,
              34.055954686521716
            ],
            [
              -118.3120532752609,
              34.055954686521716
            ],
            [
              -118.3120532752609,
              34.05475531451029
            ]
          ]
        ]
      }
    },
    {
      "type": "Feature",
      "properties": {
        "layerType": "BUILDING_3D",
        "id": "OLYMPIC_BLD_185",
        "name": "Structure #185",
        "height": 20,
        "min_height": 0,
        "render_height": 20,
        "render_min_height": 0,
        "division": "Olympic Division",
        "bureau": "West Bureau",
        "extrusionColor": "#1e293b"
      },
      "geometry": {
        "type": "Polygon",
        "coordinates": [
          [
            [
              -118.30960030991534,
              34.055056327535674
            ],
            [
              -118.30805826018636,
              34.055056327535674
            ],
            [
              -118.30805826018636,
              34.0561438771008
            ],
            [
              -118.30960030991534,
              34.0561438771008
            ],
            [
              -118.30960030991534,
              34.055056327535674
            ]
          ]
        ]
      }
    },
    {
      "type": "Feature",
      "properties": {
        "layerType": "BUILDING_3D",
        "id": "OLYMPIC_BLD_186",
        "name": "Structure #186",
        "height": 8,
        "min_height": 0,
        "render_height": 8,
        "render_min_height": 0,
        "division": "Olympic Division",
        "bureau": "West Bureau",
        "extrusionColor": "#1e293b"
      },
      "geometry": {
        "type": "Polygon",
        "coordinates": [
          [
            [
              -118.30671329316841,
              34.054888246742614
            ],
            [
              -118.3053150151561,
              34.054888246742614
            ],
            [
              -118.3053150151561,
              34.05615297069789
            ],
            [
              -118.30671329316841,
              34.05615297069789
            ],
            [
              -118.30671329316841,
              34.054888246742614
            ]
          ]
        ]
      }
    },
    {
      "type": "Feature",
      "properties": {
        "layerType": "BUILDING_3D",
        "id": "OLYMPIC_BLD_187",
        "name": "Structure #187",
        "height": 19,
        "min_height": 0,
        "render_height": 19,
        "render_min_height": 0,
        "division": "Olympic Division",
        "bureau": "West Bureau",
        "extrusionColor": "#1e293b"
      },
      "geometry": {
        "type": "Polygon",
        "coordinates": [
          [
            [
              -118.30442939704521,
              34.05513591519371
            ],
            [
              -118.30280332338843,
              34.05513591519371
            ],
            [
              -118.30280332338843,
              34.055726386332715
            ],
            [
              -118.30442939704521,
              34.055726386332715
            ],
            [
              -118.30442939704521,
              34.05513591519371
            ]
          ]
        ]
      }
    },
    {
      "type": "Feature",
      "properties": {
        "layerType": "BUILDING_3D",
        "id": "OLYMPIC_BLD_188",
        "name": "Structure #188",
        "height": 11,
        "min_height": 0,
        "render_height": 11,
        "render_min_height": 0,
        "division": "Olympic Division",
        "bureau": "West Bureau",
        "extrusionColor": "#1e293b"
      },
      "geometry": {
        "type": "Polygon",
        "coordinates": [
          [
            [
              -118.30161096617951,
              34.05496928946626
            ],
            [
              -118.3008517890008,
              34.05496928946626
            ],
            [
              -118.3008517890008,
              34.0561764910844
            ],
            [
              -118.30161096617951,
              34.0561764910844
            ],
            [
              -118.30161096617951,
              34.05496928946626
            ]
          ]
        ]
      }
    },
    {
      "type": "Feature",
      "properties": {
        "layerType": "BUILDING_3D",
        "id": "OLYMPIC_BLD_189",
        "name": "Structure #189",
        "height": 23,
        "min_height": 0,
        "render_height": 23,
        "render_min_height": 0,
        "division": "Olympic Division",
        "bureau": "West Bureau",
        "extrusionColor": "#1e293b"
      },
      "geometry": {
        "type": "Polygon",
        "coordinates": [
          [
            [
              -118.29932519925767,
              34.05464256247761
            ],
            [
              -118.29777308289148,
              34.05464256247761
            ],
            [
              -118.29777308289148,
              34.05542441356701
            ],
            [
              -118.29932519925767,
              34.05542441356701
            ],
            [
              -118.29932519925767,
              34.05464256247761
            ]
          ]
        ]
      }
    },
    {
      "type": "Feature",
      "properties": {
        "layerType": "BUILDING_3D",
        "id": "OLYMPIC_BLD_190",
        "name": "Structure #190",
        "height": 11,
        "min_height": 0,
        "render_height": 11,
        "render_min_height": 0,
        "division": "Olympic Division",
        "bureau": "West Bureau",
        "extrusionColor": "#1e293b"
      },
      "geometry": {
        "type": "Polygon",
        "coordinates": [
          [
            [
              -118.29724527681451,
              34.05480949918125
            ],
            [
              -118.29624003969955,
              34.05480949918125
            ],
            [
              -118.29624003969955,
              34.056244245630005
            ],
            [
              -118.29724527681451,
              34.056244245630005
            ],
            [
              -118.29724527681451,
              34.05480949918125
            ]
          ]
        ]
      }
    },
    {
      "type": "Feature",
      "properties": {
        "layerType": "BUILDING_3D",
        "id": "OLYMPIC_BLD_192",
        "name": "Structure #192",
        "height": 14,
        "min_height": 0,
        "render_height": 14,
        "render_min_height": 0,
        "division": "Olympic Division",
        "bureau": "West Bureau",
        "extrusionColor": "#1e293b"
      },
      "geometry": {
        "type": "Polygon",
        "coordinates": [
          [
            [
              -118.29204635527829,
              34.05529625360177
            ],
            [
              -118.29104526533781,
              34.05529625360177
            ],
            [
              -118.29104526533781,
              34.05612156293846
            ],
            [
              -118.29204635527829,
              34.05612156293846
            ],
            [
              -118.29204635527829,
              34.05529625360177
            ]
          ]
        ]
      }
    },
    {
      "type": "Feature",
      "properties": {
        "layerType": "BUILDING_3D",
        "id": "OLYMPIC_BLD_193",
        "name": "Structure #193",
        "height": 23,
        "min_height": 0,
        "render_height": 23,
        "render_min_height": 0,
        "division": "Olympic Division",
        "bureau": "West Bureau",
        "extrusionColor": "#1e293b"
      },
      "geometry": {
        "type": "Polygon",
        "coordinates": [
          [
            [
              -118.28890481679773,
              34.05471940420104
            ],
            [
              -118.2878437047934,
              34.05471940420104
            ],
            [
              -118.2878437047934,
              34.055648618835974
            ],
            [
              -118.28890481679773,
              34.055648618835974
            ],
            [
              -118.28890481679773,
              34.05471940420104
            ]
          ]
        ]
      }
    },
    {
      "type": "Feature",
      "properties": {
        "layerType": "BUILDING_3D",
        "id": "OLYMPIC_BLD_194",
        "name": "Structure #194",
        "height": 39,
        "min_height": 0,
        "render_height": 39,
        "render_min_height": 0,
        "division": "Olympic Division",
        "bureau": "West Bureau",
        "extrusionColor": "#1e293b"
      },
      "geometry": {
        "type": "Polygon",
        "coordinates": [
          [
            [
              -118.28714648031296,
              34.054517369874176
            ],
            [
              -118.28595177578232,
              34.054517369874176
            ],
            [
              -118.28595177578232,
              34.055925347286745
            ],
            [
              -118.28714648031296,
              34.055925347286745
            ],
            [
              -118.28714648031296,
              34.054517369874176
            ]
          ]
        ]
      }
    },
    {
      "type": "Feature",
      "properties": {
        "layerType": "BUILDING_3D",
        "id": "OLYMPIC_BLD_195",
        "name": "Structure #195",
        "height": 11,
        "min_height": 0,
        "render_height": 11,
        "render_min_height": 0,
        "division": "Olympic Division",
        "bureau": "West Bureau",
        "extrusionColor": "#1e293b"
      },
      "geometry": {
        "type": "Polygon",
        "coordinates": [
          [
            [
              -118.28490623873321,
              34.054553215574586
            ],
            [
              -118.2830959820599,
              34.054553215574586
            ],
            [
              -118.2830959820599,
              34.056055750063535
            ],
            [
              -118.28490623873321,
              34.056055750063535
            ],
            [
              -118.28490623873321,
              34.054553215574586
            ]
          ]
        ]
      }
    },
    {
      "type": "Feature",
      "properties": {
        "layerType": "BUILDING_3D",
        "id": "OLYMPIC_BLD_196",
        "name": "Structure #196",
        "height": 12,
        "min_height": 0,
        "render_height": 12,
        "render_min_height": 0,
        "division": "Olympic Division",
        "bureau": "West Bureau",
        "extrusionColor": "#1e293b"
      },
      "geometry": {
        "type": "Polygon",
        "coordinates": [
          [
            [
              -118.28236015140409,
              34.05530689845611
            ],
            [
              -118.28042832134689,
              34.05530689845611
            ],
            [
              -118.28042832134689,
              34.056068087626215
            ],
            [
              -118.28236015140409,
              34.056068087626215
            ],
            [
              -118.28236015140409,
              34.05530689845611
            ]
          ]
        ]
      }
    },
    {
      "type": "Feature",
      "properties": {
        "layerType": "BUILDING_3D",
        "id": "OLYMPIC_BLD_197",
        "name": "Structure #197",
        "height": 24,
        "min_height": 0,
        "render_height": 24,
        "render_min_height": 0,
        "division": "Olympic Division",
        "bureau": "West Bureau",
        "extrusionColor": "#1e293b"
      },
      "geometry": {
        "type": "Polygon",
        "coordinates": [
          [
            [
              -118.27889113055643,
              34.05534637634342
            ],
            [
              -118.2779124587663,
              34.05534637634342
            ],
            [
              -118.2779124587663,
              34.056179901061114
            ],
            [
              -118.27889113055643,
              34.056179901061114
            ],
            [
              -118.27889113055643,
              34.05534637634342
            ]
          ]
        ]
      }
    },
    {
      "type": "Feature",
      "properties": {
        "layerType": "BUILDING_3D",
        "id": "OLYMPIC_BLD_198",
        "name": "Structure #198",
        "height": 19,
        "min_height": 0,
        "render_height": 19,
        "render_min_height": 0,
        "division": "Olympic Division",
        "bureau": "West Bureau",
        "extrusionColor": "#1e293b"
      },
      "geometry": {
        "type": "Polygon",
        "coordinates": [
          [
            [
              -118.27634037327276,
              34.054420387821
            ],
            [
              -118.27526869863571,
              34.054420387821
            ],
            [
              -118.27526869863571,
              34.05591973707338
            ],
            [
              -118.27634037327276,
              34.05591973707338
            ],
            [
              -118.27634037327276,
              34.054420387821
            ]
          ]
        ]
      }
    },
    {
      "type": "Feature",
      "properties": {
        "layerType": "BUILDING_3D",
        "id": "OLYMPIC_BLD_199",
        "name": "Structure #199",
        "height": 41,
        "min_height": 0,
        "render_height": 41,
        "render_min_height": 0,
        "division": "Olympic Division",
        "bureau": "West Bureau",
        "extrusionColor": "#0ea5e9"
      },
      "geometry": {
        "type": "Polygon",
        "coordinates": [
          [
            [
              -118.32003092994441,
              34.05657055263393
            ],
            [
              -118.31810319519136,
              34.05657055263393
            ],
            [
              -118.31810319519136,
              34.057774198025484
            ],
            [
              -118.32003092994441,
              34.057774198025484
            ],
            [
              -118.32003092994441,
              34.05657055263393
            ]
          ]
        ]
      }
    },
    {
      "type": "Feature",
      "properties": {
        "layerType": "BUILDING_3D",
        "id": "OLYMPIC_BLD_201",
        "name": "Structure #201",
        "height": 16,
        "min_height": 0,
        "render_height": 16,
        "render_min_height": 0,
        "division": "Olympic Division",
        "bureau": "West Bureau",
        "extrusionColor": "#1e293b"
      },
      "geometry": {
        "type": "Polygon",
        "coordinates": [
          [
            [
              -118.31408060701166,
              34.05706110264462
            ],
            [
              -118.31253501738344,
              34.05706110264462
            ],
            [
              -118.31253501738344,
              34.05787584109297
            ],
            [
              -118.31408060701166,
              34.05787584109297
            ],
            [
              -118.31408060701166,
              34.05706110264462
            ]
          ]
        ]
      }
    },
    {
      "type": "Feature",
      "properties": {
        "layerType": "BUILDING_3D",
        "id": "OLYMPIC_BLD_202",
        "name": "Olympic Division High-Rise Tower #202",
        "height": 70,
        "min_height": 0,
        "render_height": 70,
        "render_min_height": 0,
        "division": "Olympic Division",
        "bureau": "West Bureau",
        "extrusionColor": "#0ea5e9"
      },
      "geometry": {
        "type": "Polygon",
        "coordinates": [
          [
            [
              -118.31163572517121,
              34.05694276391
            ],
            [
              -118.31058820430903,
              34.05694276391
            ],
            [
              -118.31058820430903,
              34.05799174762734
            ],
            [
              -118.31163572517121,
              34.05799174762734
            ],
            [
              -118.31163572517121,
              34.05694276391
            ]
          ]
        ]
      }
    },
    {
      "type": "Feature",
      "properties": {
        "layerType": "BUILDING_3D",
        "id": "OLYMPIC_BLD_203",
        "name": "Structure #203",
        "height": 22,
        "min_height": 0,
        "render_height": 22,
        "render_min_height": 0,
        "division": "Olympic Division",
        "bureau": "West Bureau",
        "extrusionColor": "#1e293b"
      },
      "geometry": {
        "type": "Polygon",
        "coordinates": [
          [
            [
              -118.30928787497285,
              34.05642863904124
            ],
            [
              -118.30793918162198,
              34.05642863904124
            ],
            [
              -118.30793918162198,
              34.05788605358724
            ],
            [
              -118.30928787497285,
              34.05788605358724
            ],
            [
              -118.30928787497285,
              34.05642863904124
            ]
          ]
        ]
      }
    },
    {
      "type": "Feature",
      "properties": {
        "layerType": "BUILDING_3D",
        "id": "OLYMPIC_BLD_204",
        "name": "Structure #204",
        "height": 13,
        "min_height": 0,
        "render_height": 13,
        "render_min_height": 0,
        "division": "Olympic Division",
        "bureau": "West Bureau",
        "extrusionColor": "#1e293b"
      },
      "geometry": {
        "type": "Polygon",
        "coordinates": [
          [
            [
              -118.30744889266126,
              34.056660298107175
            ],
            [
              -118.30557507395926,
              34.056660298107175
            ],
            [
              -118.30557507395926,
              34.058029186951686
            ],
            [
              -118.30744889266126,
              34.058029186951686
            ],
            [
              -118.30744889266126,
              34.056660298107175
            ]
          ]
        ]
      }
    },
    {
      "type": "Feature",
      "properties": {
        "layerType": "BUILDING_3D",
        "id": "OLYMPIC_BLD_205",
        "name": "Structure #205",
        "height": 15,
        "min_height": 0,
        "render_height": 15,
        "render_min_height": 0,
        "division": "Olympic Division",
        "bureau": "West Bureau",
        "extrusionColor": "#1e293b"
      },
      "geometry": {
        "type": "Polygon",
        "coordinates": [
          [
            [
              -118.30465104529078,
              34.057230428988184
            ],
            [
              -118.30289104534783,
              34.057230428988184
            ],
            [
              -118.30289104534783,
              34.05811254539652
            ],
            [
              -118.30465104529078,
              34.05811254539652
            ],
            [
              -118.30465104529078,
              34.057230428988184
            ]
          ]
        ]
      }
    },
    {
      "type": "Feature",
      "properties": {
        "layerType": "BUILDING_3D",
        "id": "OLYMPIC_BLD_206",
        "name": "Structure #206",
        "height": 24,
        "min_height": 0,
        "render_height": 24,
        "render_min_height": 0,
        "division": "Olympic Division",
        "bureau": "West Bureau",
        "extrusionColor": "#1e293b"
      },
      "geometry": {
        "type": "Polygon",
        "coordinates": [
          [
            [
              -118.30141801987233,
              34.05710799163772
            ],
            [
              -118.30028387020448,
              34.05710799163772
            ],
            [
              -118.30028387020448,
              34.05809334162461
            ],
            [
              -118.30141801987233,
              34.05809334162461
            ],
            [
              -118.30141801987233,
              34.05710799163772
            ]
          ]
        ]
      }
    },
    {
      "type": "Feature",
      "properties": {
        "layerType": "BUILDING_3D",
        "id": "OLYMPIC_BLD_207",
        "name": "Structure #207",
        "height": 34,
        "min_height": 0,
        "render_height": 34,
        "render_min_height": 0,
        "division": "Olympic Division",
        "bureau": "West Bureau",
        "extrusionColor": "#1e293b"
      },
      "geometry": {
        "type": "Polygon",
        "coordinates": [
          [
            [
              -118.29907543932293,
              34.0564687449018
            ],
            [
              -118.29780856076835,
              34.0564687449018
            ],
            [
              -118.29780856076835,
              34.057953752462645
            ],
            [
              -118.29907543932293,
              34.057953752462645
            ],
            [
              -118.29907543932293,
              34.0564687449018
            ]
          ]
        ]
      }
    },
    {
      "type": "Feature",
      "properties": {
        "layerType": "BUILDING_3D",
        "id": "OLYMPIC_BLD_208",
        "name": "Structure #208",
        "height": 9,
        "min_height": 0,
        "render_height": 9,
        "render_min_height": 0,
        "division": "Olympic Division",
        "bureau": "West Bureau",
        "extrusionColor": "#1e293b"
      },
      "geometry": {
        "type": "Polygon",
        "coordinates": [
          [
            [
              -118.2973973279834,
              34.05677882361926
            ],
            [
              -118.29548803254802,
              34.05677882361926
            ],
            [
              -118.29548803254802,
              34.057808847470874
            ],
            [
              -118.2973973279834,
              34.057808847470874
            ],
            [
              -118.2973973279834,
              34.05677882361926
            ]
          ]
        ]
      }
    },
    {
      "type": "Feature",
      "properties": {
        "layerType": "BUILDING_3D",
        "id": "OLYMPIC_BLD_209",
        "name": "Structure #209",
        "height": 15,
        "min_height": 0,
        "render_height": 15,
        "render_min_height": 0,
        "division": "Olympic Division",
        "bureau": "West Bureau",
        "extrusionColor": "#1e293b"
      },
      "geometry": {
        "type": "Polygon",
        "coordinates": [
          [
            [
              -118.29449865534666,
              34.05735931270045
            ],
            [
              -118.29317433896601,
              34.05735931270045
            ],
            [
              -118.29317433896601,
              34.058027810508015
            ],
            [
              -118.29449865534666,
              34.058027810508015
            ],
            [
              -118.29449865534666,
              34.05735931270045
            ]
          ]
        ]
      }
    },
    {
      "type": "Feature",
      "properties": {
        "layerType": "BUILDING_3D",
        "id": "OLYMPIC_BLD_210",
        "name": "Structure #210",
        "height": 8,
        "min_height": 0,
        "render_height": 8,
        "render_min_height": 0,
        "division": "Olympic Division",
        "bureau": "West Bureau",
        "extrusionColor": "#1e293b"
      },
      "geometry": {
        "type": "Polygon",
        "coordinates": [
          [
            [
              -118.29125231224228,
              34.05683056339223
            ],
            [
              -118.29039281506113,
              34.05683056339223
            ],
            [
              -118.29039281506113,
              34.057828585881474
            ],
            [
              -118.29125231224228,
              34.057828585881474
            ],
            [
              -118.29125231224228,
              34.05683056339223
            ]
          ]
        ]
      }
    },
    {
      "type": "Feature",
      "properties": {
        "layerType": "BUILDING_3D",
        "id": "OLYMPIC_BLD_211",
        "name": "Structure #211",
        "height": 43,
        "min_height": 0,
        "render_height": 43,
        "render_min_height": 0,
        "division": "Olympic Division",
        "bureau": "West Bureau",
        "extrusionColor": "#0ea5e9"
      },
      "geometry": {
        "type": "Polygon",
        "coordinates": [
          [
            [
              -118.28943213278143,
              34.05674070768928
            ],
            [
              -118.28814896100954,
              34.05674070768928
            ],
            [
              -118.28814896100954,
              34.05733999991393
            ],
            [
              -118.28943213278143,
              34.05733999991393
            ],
            [
              -118.28943213278143,
              34.05674070768928
            ]
          ]
        ]
      }
    },
    {
      "type": "Feature",
      "properties": {
        "layerType": "BUILDING_3D",
        "id": "OLYMPIC_BLD_212",
        "name": "Structure #212",
        "height": 13,
        "min_height": 0,
        "render_height": 13,
        "render_min_height": 0,
        "division": "Olympic Division",
        "bureau": "West Bureau",
        "extrusionColor": "#1e293b"
      },
      "geometry": {
        "type": "Polygon",
        "coordinates": [
          [
            [
              -118.28704766154235,
              34.05681286525048
            ],
            [
              -118.2862771429678,
              34.05681286525048
            ],
            [
              -118.2862771429678,
              34.05779508184342
            ],
            [
              -118.28704766154235,
              34.05779508184342
            ],
            [
              -118.28704766154235,
              34.05681286525048
            ]
          ]
        ]
      }
    },
    {
      "type": "Feature",
      "properties": {
        "layerType": "BUILDING_3D",
        "id": "OLYMPIC_BLD_214",
        "name": "Structure #214",
        "height": 14,
        "min_height": 0,
        "render_height": 14,
        "render_min_height": 0,
        "division": "Olympic Division",
        "bureau": "West Bureau",
        "extrusionColor": "#1e293b"
      },
      "geometry": {
        "type": "Polygon",
        "coordinates": [
          [
            [
              -118.28228234696729,
              34.05666283131734
            ],
            [
              -118.28118482331345,
              34.05666283131734
            ],
            [
              -118.28118482331345,
              34.05791982634247
            ],
            [
              -118.28228234696729,
              34.05791982634247
            ],
            [
              -118.28228234696729,
              34.05666283131734
            ]
          ]
        ]
      }
    },
    {
      "type": "Feature",
      "properties": {
        "layerType": "BUILDING_3D",
        "id": "OLYMPIC_BLD_216",
        "name": "Structure #216",
        "height": 12,
        "min_height": 0,
        "render_height": 12,
        "render_min_height": 0,
        "division": "Olympic Division",
        "bureau": "West Bureau",
        "extrusionColor": "#1e293b"
      },
      "geometry": {
        "type": "Polygon",
        "coordinates": [
          [
            [
              -118.27706057654422,
              34.056823242473754
            ],
            [
              -118.27588338560963,
              34.056823242473754
            ],
            [
              -118.27588338560963,
              34.05819906067755
            ],
            [
              -118.27706057654422,
              34.05819906067755
            ],
            [
              -118.27706057654422,
              34.056823242473754
            ]
          ]
        ]
      }
    },
    {
      "type": "Feature",
      "properties": {
        "layerType": "BUILDING_3D",
        "id": "OLYMPIC_BLD_217",
        "name": "Structure #217",
        "height": 23,
        "min_height": 0,
        "render_height": 23,
        "render_min_height": 0,
        "division": "Olympic Division",
        "bureau": "West Bureau",
        "extrusionColor": "#1e293b"
      },
      "geometry": {
        "type": "Polygon",
        "coordinates": [
          [
            [
              -118.31944154539087,
              34.058769209719294
            ],
            [
              -118.31767263627171,
              34.058769209719294
            ],
            [
              -118.31767263627171,
              34.05959573899931
            ],
            [
              -118.31944154539087,
              34.05959573899931
            ],
            [
              -118.31944154539087,
              34.058769209719294
            ]
          ]
        ]
      }
    },
    {
      "type": "Feature",
      "properties": {
        "layerType": "BUILDING_3D",
        "id": "OLYMPIC_BLD_218",
        "name": "Structure #218",
        "height": 16,
        "min_height": 0,
        "render_height": 16,
        "render_min_height": 0,
        "division": "Olympic Division",
        "bureau": "West Bureau",
        "extrusionColor": "#1e293b"
      },
      "geometry": {
        "type": "Polygon",
        "coordinates": [
          [
            [
              -118.31693958750377,
              34.058845187238425
            ],
            [
              -118.31587690700088,
              34.058845187238425
            ],
            [
              -118.31587690700088,
              34.060256121887655
            ],
            [
              -118.31693958750377,
              34.060256121887655
            ],
            [
              -118.31693958750377,
              34.058845187238425
            ]
          ]
        ]
      }
    },
    {
      "type": "Feature",
      "properties": {
        "layerType": "BUILDING_3D",
        "id": "OLYMPIC_BLD_219",
        "name": "Structure #219",
        "height": 18,
        "min_height": 0,
        "render_height": 18,
        "render_min_height": 0,
        "division": "Olympic Division",
        "bureau": "West Bureau",
        "extrusionColor": "#1e293b"
      },
      "geometry": {
        "type": "Polygon",
        "coordinates": [
          [
            [
              -118.31434190212202,
              34.05858098025985
            ],
            [
              -118.3125278432873,
              34.05858098025985
            ],
            [
              -118.3125278432873,
              34.05964146658819
            ],
            [
              -118.31434190212202,
              34.05964146658819
            ],
            [
              -118.31434190212202,
              34.05858098025985
            ]
          ]
        ]
      }
    },
    {
      "type": "Feature",
      "properties": {
        "layerType": "BUILDING_3D",
        "id": "OLYMPIC_BLD_220",
        "name": "Structure #220",
        "height": 23,
        "min_height": 0,
        "render_height": 23,
        "render_min_height": 0,
        "division": "Olympic Division",
        "bureau": "West Bureau",
        "extrusionColor": "#1e293b"
      },
      "geometry": {
        "type": "Polygon",
        "coordinates": [
          [
            [
              -118.31218159680877,
              34.05899158808256
            ],
            [
              -118.3108181143866,
              34.05899158808256
            ],
            [
              -118.3108181143866,
              34.06016590735621
            ],
            [
              -118.31218159680877,
              34.06016590735621
            ],
            [
              -118.31218159680877,
              34.05899158808256
            ]
          ]
        ]
      }
    },
    {
      "type": "Feature",
      "properties": {
        "layerType": "BUILDING_3D",
        "id": "OLYMPIC_BLD_221",
        "name": "Structure #221",
        "height": 15,
        "min_height": 0,
        "render_height": 15,
        "render_min_height": 0,
        "division": "Olympic Division",
        "bureau": "West Bureau",
        "extrusionColor": "#1e293b"
      },
      "geometry": {
        "type": "Polygon",
        "coordinates": [
          [
            [
              -118.30915367246529,
              34.05860060428421
            ],
            [
              -118.30764383339915,
              34.05860060428421
            ],
            [
              -118.30764383339915,
              34.05999617384113
            ],
            [
              -118.30915367246529,
              34.05999617384113
            ],
            [
              -118.30915367246529,
              34.05860060428421
            ]
          ]
        ]
      }
    },
    {
      "type": "Feature",
      "properties": {
        "layerType": "BUILDING_3D",
        "id": "OLYMPIC_BLD_222",
        "name": "Structure #222",
        "height": 45,
        "min_height": 0,
        "render_height": 45,
        "render_min_height": 0,
        "division": "Olympic Division",
        "bureau": "West Bureau",
        "extrusionColor": "#0ea5e9"
      },
      "geometry": {
        "type": "Polygon",
        "coordinates": [
          [
            [
              -118.3071563659203,
              34.05889443980386
            ],
            [
              -118.30536206220425,
              34.05889443980386
            ],
            [
              -118.30536206220425,
              34.059884471033975
            ],
            [
              -118.3071563659203,
              34.059884471033975
            ],
            [
              -118.3071563659203,
              34.05889443980386
            ]
          ]
        ]
      }
    },
    {
      "type": "Feature",
      "properties": {
        "layerType": "BUILDING_3D",
        "id": "OLYMPIC_BLD_223",
        "name": "Structure #223",
        "height": 13,
        "min_height": 0,
        "render_height": 13,
        "render_min_height": 0,
        "division": "Olympic Division",
        "bureau": "West Bureau",
        "extrusionColor": "#1e293b"
      },
      "geometry": {
        "type": "Polygon",
        "coordinates": [
          [
            [
              -118.30427857739504,
              34.059091067419686
            ],
            [
              -118.30300568009916,
              34.059091067419686
            ],
            [
              -118.30300568009916,
              34.06004184387139
            ],
            [
              -118.30427857739504,
              34.06004184387139
            ],
            [
              -118.30427857739504,
              34.059091067419686
            ]
          ]
        ]
      }
    },
    {
      "type": "Feature",
      "properties": {
        "layerType": "BUILDING_3D",
        "id": "OLYMPIC_BLD_224",
        "name": "Structure #224",
        "height": 12,
        "min_height": 0,
        "render_height": 12,
        "render_min_height": 0,
        "division": "Olympic Division",
        "bureau": "West Bureau",
        "extrusionColor": "#1e293b"
      },
      "geometry": {
        "type": "Polygon",
        "coordinates": [
          [
            [
              -118.30152577046039,
              34.05879932280657
            ],
            [
              -118.30030334359392,
              34.05879932280657
            ],
            [
              -118.30030334359392,
              34.05968472716163
            ],
            [
              -118.30152577046039,
              34.05968472716163
            ],
            [
              -118.30152577046039,
              34.05879932280657
            ]
          ]
        ]
      }
    },
    {
      "type": "Feature",
      "properties": {
        "layerType": "BUILDING_3D",
        "id": "OLYMPIC_BLD_225",
        "name": "Structure #225",
        "height": 20,
        "min_height": 0,
        "render_height": 20,
        "render_min_height": 0,
        "division": "Olympic Division",
        "bureau": "West Bureau",
        "extrusionColor": "#1e293b"
      },
      "geometry": {
        "type": "Polygon",
        "coordinates": [
          [
            [
              -118.29940087067726,
              34.05879981485176
            ],
            [
              -118.29826249364933,
              34.05879981485176
            ],
            [
              -118.29826249364933,
              34.05962142747095
            ],
            [
              -118.29940087067726,
              34.05962142747095
            ],
            [
              -118.29940087067726,
              34.05879981485176
            ]
          ]
        ]
      }
    },
    {
      "type": "Feature",
      "properties": {
        "layerType": "BUILDING_3D",
        "id": "OLYMPIC_BLD_226",
        "name": "Structure #226",
        "height": 24,
        "min_height": 0,
        "render_height": 24,
        "render_min_height": 0,
        "division": "Olympic Division",
        "bureau": "West Bureau",
        "extrusionColor": "#1e293b"
      },
      "geometry": {
        "type": "Polygon",
        "coordinates": [
          [
            [
              -118.29690023804773,
              34.05851576830655
            ],
            [
              -118.29584387896591,
              34.05851576830655
            ],
            [
              -118.29584387896591,
              34.05980087866155
            ],
            [
              -118.29690023804773,
              34.05980087866155
            ],
            [
              -118.29690023804773,
              34.05851576830655
            ]
          ]
        ]
      }
    },
    {
      "type": "Feature",
      "properties": {
        "layerType": "BUILDING_3D",
        "id": "OLYMPIC_BLD_227",
        "name": "Structure #227",
        "height": 8,
        "min_height": 0,
        "render_height": 8,
        "render_min_height": 0,
        "division": "Olympic Division",
        "bureau": "West Bureau",
        "extrusionColor": "#1e293b"
      },
      "geometry": {
        "type": "Polygon",
        "coordinates": [
          [
            [
              -118.29476544074872,
              34.05838085838466
            ],
            [
              -118.29311315600658,
              34.05838085838466
            ],
            [
              -118.29311315600658,
              34.05983372180605
            ],
            [
              -118.29476544074872,
              34.05983372180605
            ],
            [
              -118.29476544074872,
              34.05838085838466
            ]
          ]
        ]
      }
    },
    {
      "type": "Feature",
      "properties": {
        "layerType": "BUILDING_3D",
        "id": "OLYMPIC_BLD_228",
        "name": "Structure #228",
        "height": 23,
        "min_height": 0,
        "render_height": 23,
        "render_min_height": 0,
        "division": "Olympic Division",
        "bureau": "West Bureau",
        "extrusionColor": "#1e293b"
      },
      "geometry": {
        "type": "Polygon",
        "coordinates": [
          [
            [
              -118.29243889636257,
              34.05916434839938
            ],
            [
              -118.29057092910651,
              34.05916434839938
            ],
            [
              -118.29057092910651,
              34.05979182816863
            ],
            [
              -118.29243889636257,
              34.05979182816863
            ],
            [
              -118.29243889636257,
              34.05916434839938
            ]
          ]
        ]
      }
    },
    {
      "type": "Feature",
      "properties": {
        "layerType": "BUILDING_3D",
        "id": "OLYMPIC_BLD_229",
        "name": "Structure #229",
        "height": 8,
        "min_height": 0,
        "render_height": 8,
        "render_min_height": 0,
        "division": "Olympic Division",
        "bureau": "West Bureau",
        "extrusionColor": "#1e293b"
      },
      "geometry": {
        "type": "Polygon",
        "coordinates": [
          [
            [
              -118.28893155205795,
              34.058908457931736
            ],
            [
              -118.28812479235462,
              34.058908457931736
            ],
            [
              -118.28812479235462,
              34.06031612354248
            ],
            [
              -118.28893155205795,
              34.06031612354248
            ],
            [
              -118.28893155205795,
              34.058908457931736
            ]
          ]
        ]
      }
    },
    {
      "type": "Feature",
      "properties": {
        "layerType": "BUILDING_3D",
        "id": "OLYMPIC_BLD_230",
        "name": "Structure #230",
        "height": 11,
        "min_height": 0,
        "render_height": 11,
        "render_min_height": 0,
        "division": "Olympic Division",
        "bureau": "West Bureau",
        "extrusionColor": "#1e293b"
      },
      "geometry": {
        "type": "Polygon",
        "coordinates": [
          [
            [
              -118.28676055408776,
              34.05864437222653
            ],
            [
              -118.28495069830252,
              34.05864437222653
            ],
            [
              -118.28495069830252,
              34.05925959540428
            ],
            [
              -118.28676055408776,
              34.05925959540428
            ],
            [
              -118.28676055408776,
              34.05864437222653
            ]
          ]
        ]
      }
    },
    {
      "type": "Feature",
      "properties": {
        "layerType": "BUILDING_3D",
        "id": "OLYMPIC_BLD_231",
        "name": "Structure #231",
        "height": 40,
        "min_height": 0,
        "render_height": 40,
        "render_min_height": 0,
        "division": "Olympic Division",
        "bureau": "West Bureau",
        "extrusionColor": "#1e293b"
      },
      "geometry": {
        "type": "Polygon",
        "coordinates": [
          [
            [
              -118.28460009285162,
              34.05917720813885
            ],
            [
              -118.28380909162307,
              34.05917720813885
            ],
            [
              -118.28380909162307,
              34.05997505683834
            ],
            [
              -118.28460009285162,
              34.05997505683834
            ],
            [
              -118.28460009285162,
              34.05917720813885
            ]
          ]
        ]
      }
    },
    {
      "type": "Feature",
      "properties": {
        "layerType": "BUILDING_3D",
        "id": "OLYMPIC_BLD_233",
        "name": "Structure #233",
        "height": 25,
        "min_height": 0,
        "render_height": 25,
        "render_min_height": 0,
        "division": "Olympic Division",
        "bureau": "West Bureau",
        "extrusionColor": "#1e293b"
      },
      "geometry": {
        "type": "Polygon",
        "coordinates": [
          [
            [
              -118.27977241518045,
              34.05869645621928
            ],
            [
              -118.27866198285389,
              34.05869645621928
            ],
            [
              -118.27866198285389,
              34.059480101699904
            ],
            [
              -118.27977241518045,
              34.059480101699904
            ],
            [
              -118.27977241518045,
              34.05869645621928
            ]
          ]
        ]
      }
    },
    {
      "type": "Feature",
      "properties": {
        "layerType": "BUILDING_3D",
        "id": "OLYMPIC_BLD_235",
        "name": "Structure #235",
        "height": 23,
        "min_height": 0,
        "render_height": 23,
        "render_min_height": 0,
        "division": "Olympic Division",
        "bureau": "West Bureau",
        "extrusionColor": "#1e293b"
      },
      "geometry": {
        "type": "Polygon",
        "coordinates": [
          [
            [
              -118.3199612504999,
              34.060500659550236
            ],
            [
              -118.31796205777759,
              34.060500659550236
            ],
            [
              -118.31796205777759,
              34.06154206210764
            ],
            [
              -118.3199612504999,
              34.06154206210764
            ],
            [
              -118.3199612504999,
              34.060500659550236
            ]
          ]
        ]
      }
    },
    {
      "type": "Feature",
      "properties": {
        "layerType": "BUILDING_3D",
        "id": "OLYMPIC_BLD_236",
        "name": "Structure #236",
        "height": 10,
        "min_height": 0,
        "render_height": 10,
        "render_min_height": 0,
        "division": "Olympic Division",
        "bureau": "West Bureau",
        "extrusionColor": "#1e293b"
      },
      "geometry": {
        "type": "Polygon",
        "coordinates": [
          [
            [
              -118.31721343772112,
              34.060940581782525
            ],
            [
              -118.31587449157588,
              34.060940581782525
            ],
            [
              -118.31587449157588,
              34.06233619138302
            ],
            [
              -118.31721343772112,
              34.06233619138302
            ],
            [
              -118.31721343772112,
              34.060940581782525
            ]
          ]
        ]
      }
    },
    {
      "type": "Feature",
      "properties": {
        "layerType": "BUILDING_3D",
        "id": "OLYMPIC_BLD_237",
        "name": "Structure #237",
        "height": 12,
        "min_height": 0,
        "render_height": 12,
        "render_min_height": 0,
        "division": "Olympic Division",
        "bureau": "West Bureau",
        "extrusionColor": "#1e293b"
      },
      "geometry": {
        "type": "Polygon",
        "coordinates": [
          [
            [
              -118.31414782342247,
              34.060858048494005
            ],
            [
              -118.31235346822183,
              34.060858048494005
            ],
            [
              -118.31235346822183,
              34.06159708448674
            ],
            [
              -118.31414782342247,
              34.06159708448674
            ],
            [
              -118.31414782342247,
              34.060858048494005
            ]
          ]
        ]
      }
    },
    {
      "type": "Feature",
      "properties": {
        "layerType": "BUILDING_3D",
        "id": "OLYMPIC_BLD_238",
        "name": "Structure #238",
        "height": 31,
        "min_height": 0,
        "render_height": 31,
        "render_min_height": 0,
        "division": "Olympic Division",
        "bureau": "West Bureau",
        "extrusionColor": "#1e293b"
      },
      "geometry": {
        "type": "Polygon",
        "coordinates": [
          [
            [
              -118.31175393765055,
              34.061089550304395
            ],
            [
              -118.31080374851705,
              34.061089550304395
            ],
            [
              -118.31080374851705,
              34.061932313945285
            ],
            [
              -118.31175393765055,
              34.061932313945285
            ],
            [
              -118.31175393765055,
              34.061089550304395
            ]
          ]
        ]
      }
    },
    {
      "type": "Feature",
      "properties": {
        "layerType": "BUILDING_3D",
        "id": "OLYMPIC_BLD_239",
        "name": "Structure #239",
        "height": 8,
        "min_height": 0,
        "render_height": 8,
        "render_min_height": 0,
        "division": "Olympic Division",
        "bureau": "West Bureau",
        "extrusionColor": "#1e293b"
      },
      "geometry": {
        "type": "Polygon",
        "coordinates": [
          [
            [
              -118.30895629246577,
              34.060616129590834
            ],
            [
              -118.30787273921321,
              34.060616129590834
            ],
            [
              -118.30787273921321,
              34.06135521688643
            ],
            [
              -118.30895629246577,
              34.06135521688643
            ],
            [
              -118.30895629246577,
              34.060616129590834
            ]
          ]
        ]
      }
    },
    {
      "type": "Feature",
      "properties": {
        "layerType": "BUILDING_3D",
        "id": "OLYMPIC_BLD_240",
        "name": "Structure #240",
        "height": 9,
        "min_height": 0,
        "render_height": 9,
        "render_min_height": 0,
        "division": "Olympic Division",
        "bureau": "West Bureau",
        "extrusionColor": "#1e293b"
      },
      "geometry": {
        "type": "Polygon",
        "coordinates": [
          [
            [
              -118.30706497624034,
              34.06076529006223
            ],
            [
              -118.30611472114602,
              34.06076529006223
            ],
            [
              -118.30611472114602,
              34.06137202065208
            ],
            [
              -118.30706497624034,
              34.06137202065208
            ],
            [
              -118.30706497624034,
              34.06076529006223
            ]
          ]
        ]
      }
    },
    {
      "type": "Feature",
      "properties": {
        "layerType": "BUILDING_3D",
        "id": "OLYMPIC_BLD_242",
        "name": "Structure #242",
        "height": 20,
        "min_height": 0,
        "render_height": 20,
        "render_min_height": 0,
        "division": "Olympic Division",
        "bureau": "West Bureau",
        "extrusionColor": "#1e293b"
      },
      "geometry": {
        "type": "Polygon",
        "coordinates": [
          [
            [
              -118.30200062959496,
              34.0605045064306
            ],
            [
              -118.3011789622541,
              34.0605045064306
            ],
            [
              -118.3011789622541,
              34.06125515140206
            ],
            [
              -118.30200062959496,
              34.06125515140206
            ],
            [
              -118.30200062959496,
              34.0605045064306
            ]
          ]
        ]
      }
    },
    {
      "type": "Feature",
      "properties": {
        "layerType": "BUILDING_3D",
        "id": "OLYMPIC_BLD_247",
        "name": "Structure #247",
        "height": 25,
        "min_height": 0,
        "render_height": 25,
        "render_min_height": 0,
        "division": "Olympic Division",
        "bureau": "West Bureau",
        "extrusionColor": "#1e293b"
      },
      "geometry": {
        "type": "Polygon",
        "coordinates": [
          [
            [
              -118.28946885701873,
              34.06111945358698
            ],
            [
              -118.2886811159309,
              34.06111945358698
            ],
            [
              -118.2886811159309,
              34.06173317410665
            ],
            [
              -118.28946885701873,
              34.06173317410665
            ],
            [
              -118.28946885701873,
              34.06111945358698
            ]
          ]
        ]
      }
    },
    {
      "type": "Feature",
      "properties": {
        "layerType": "BUILDING_3D",
        "id": "OLYMPIC_BLD_249",
        "name": "Structure #249",
        "height": 25,
        "min_height": 0,
        "render_height": 25,
        "render_min_height": 0,
        "division": "Olympic Division",
        "bureau": "West Bureau",
        "extrusionColor": "#1e293b"
      },
      "geometry": {
        "type": "Polygon",
        "coordinates": [
          [
            [
              -118.2852145364771,
              34.06027016436096
            ],
            [
              -118.28322507778236,
              34.06027016436096
            ],
            [
              -118.28322507778236,
              34.06150067735939
            ],
            [
              -118.2852145364771,
              34.06150067735939
            ],
            [
              -118.2852145364771,
              34.06027016436096
            ]
          ]
        ]
      }
    },
    {
      "type": "Feature",
      "properties": {
        "layerType": "BUILDING_3D",
        "id": "OLYMPIC_BLD_252",
        "name": "Structure #252",
        "height": 40,
        "min_height": 0,
        "render_height": 40,
        "render_min_height": 0,
        "division": "Olympic Division",
        "bureau": "West Bureau",
        "extrusionColor": "#1e293b"
      },
      "geometry": {
        "type": "Polygon",
        "coordinates": [
          [
            [
              -118.27655596297832,
              34.06094658769192
            ],
            [
              -118.27561269599634,
              34.06094658769192
            ],
            [
              -118.27561269599634,
              34.06232339980536
            ],
            [
              -118.27655596297832,
              34.06232339980536
            ],
            [
              -118.27655596297832,
              34.06094658769192
            ]
          ]
        ]
      }
    },
    {
      "type": "Feature",
      "properties": {
        "layerType": "BUILDING_3D",
        "id": "OLYMPIC_BLD_253",
        "name": "Structure #253",
        "height": 11,
        "min_height": 0,
        "render_height": 11,
        "render_min_height": 0,
        "division": "Olympic Division",
        "bureau": "West Bureau",
        "extrusionColor": "#1e293b"
      },
      "geometry": {
        "type": "Polygon",
        "coordinates": [
          [
            [
              -118.31914010153895,
              34.06260400420683
            ],
            [
              -118.31736991453596,
              34.06260400420683
            ],
            [
              -118.31736991453596,
              34.06324761692629
            ],
            [
              -118.31914010153895,
              34.06324761692629
            ],
            [
              -118.31914010153895,
              34.06260400420683
            ]
          ]
        ]
      }
    },
    {
      "type": "Feature",
      "properties": {
        "layerType": "BUILDING_3D",
        "id": "OLYMPIC_BLD_254",
        "name": "Olympic Division High-Rise Tower #254",
        "height": 75,
        "min_height": 0,
        "render_height": 75,
        "render_min_height": 0,
        "division": "Olympic Division",
        "bureau": "West Bureau",
        "extrusionColor": "#0ea5e9"
      },
      "geometry": {
        "type": "Polygon",
        "coordinates": [
          [
            [
              -118.31700913744835,
              34.0630448978666
            ],
            [
              -118.31618163538049,
              34.0630448978666
            ],
            [
              -118.31618163538049,
              34.06383577929268
            ],
            [
              -118.31700913744835,
              34.06383577929268
            ],
            [
              -118.31700913744835,
              34.0630448978666
            ]
          ]
        ]
      }
    },
    {
      "type": "Feature",
      "properties": {
        "layerType": "BUILDING_3D",
        "id": "OLYMPIC_BLD_256",
        "name": "Structure #256",
        "height": 17,
        "min_height": 0,
        "render_height": 17,
        "render_min_height": 0,
        "division": "Olympic Division",
        "bureau": "West Bureau",
        "extrusionColor": "#1e293b"
      },
      "geometry": {
        "type": "Polygon",
        "coordinates": [
          [
            [
              -118.31214687112656,
              34.06224158313039
            ],
            [
              -118.31122912556482,
              34.06224158313039
            ],
            [
              -118.31122912556482,
              34.06370160492912
            ],
            [
              -118.31214687112656,
              34.06370160492912
            ],
            [
              -118.31214687112656,
              34.06224158313039
            ]
          ]
        ]
      }
    },
    {
      "type": "Feature",
      "properties": {
        "layerType": "BUILDING_3D",
        "id": "OLYMPIC_BLD_258",
        "name": "Structure #258",
        "height": 10,
        "min_height": 0,
        "render_height": 10,
        "render_min_height": 0,
        "division": "Olympic Division",
        "bureau": "West Bureau",
        "extrusionColor": "#1e293b"
      },
      "geometry": {
        "type": "Polygon",
        "coordinates": [
          [
            [
              -118.30733627610472,
              34.06313707256135
            ],
            [
              -118.30589533099648,
              34.06313707256135
            ],
            [
              -118.30589533099648,
              34.063876740094415
            ],
            [
              -118.30733627610472,
              34.063876740094415
            ],
            [
              -118.30733627610472,
              34.06313707256135
            ]
          ]
        ]
      }
    },
    {
      "type": "Feature",
      "properties": {
        "layerType": "BUILDING_3D",
        "id": "OLYMPIC_BLD_260",
        "name": "Structure #260",
        "height": 39,
        "min_height": 0,
        "render_height": 39,
        "render_min_height": 0,
        "division": "Olympic Division",
        "bureau": "West Bureau",
        "extrusionColor": "#1e293b"
      },
      "geometry": {
        "type": "Polygon",
        "coordinates": [
          [
            [
              -118.30165463496009,
              34.06219962068505
            ],
            [
              -118.30073985286673,
              34.06219962068505
            ],
            [
              -118.30073985286673,
              34.06366162514563
            ],
            [
              -118.30165463496009,
              34.06366162514563
            ],
            [
              -118.30165463496009,
              34.06219962068505
            ]
          ]
        ]
      }
    },
    {
      "type": "Feature",
      "properties": {
        "layerType": "BUILDING_3D",
        "id": "OLYMPIC_BLD_261",
        "name": "Structure #261",
        "height": 11,
        "min_height": 0,
        "render_height": 11,
        "render_min_height": 0,
        "division": "Olympic Division",
        "bureau": "West Bureau",
        "extrusionColor": "#1e293b"
      },
      "geometry": {
        "type": "Polygon",
        "coordinates": [
          [
            [
              -118.30002905911923,
              34.062213963663616
            ],
            [
              -118.29814933909847,
              34.062213963663616
            ],
            [
              -118.29814933909847,
              34.06360220960811
            ],
            [
              -118.30002905911923,
              34.06360220960811
            ],
            [
              -118.30002905911923,
              34.062213963663616
            ]
          ]
        ]
      }
    },
    {
      "type": "Feature",
      "properties": {
        "layerType": "BUILDING_3D",
        "id": "OLYMPIC_BLD_264",
        "name": "Olympic Division High-Rise Tower #264",
        "height": 58,
        "min_height": 0,
        "render_height": 58,
        "render_min_height": 0,
        "division": "Olympic Division",
        "bureau": "West Bureau",
        "extrusionColor": "#0ea5e9"
      },
      "geometry": {
        "type": "Polygon",
        "coordinates": [
          [
            [
              -118.29136041550868,
              34.06232066600592
            ],
            [
              -118.29048376426266,
              34.06232066600592
            ],
            [
              -118.29048376426266,
              34.06359845895199
            ],
            [
              -118.29136041550868,
              34.06359845895199
            ],
            [
              -118.29136041550868,
              34.06232066600592
            ]
          ]
        ]
      }
    },
    {
      "type": "Feature",
      "properties": {
        "layerType": "BUILDING_3D",
        "id": "OLYMPIC_BLD_265",
        "name": "Structure #265",
        "height": 18,
        "min_height": 0,
        "render_height": 18,
        "render_min_height": 0,
        "division": "Olympic Division",
        "bureau": "West Bureau",
        "extrusionColor": "#1e293b"
      },
      "geometry": {
        "type": "Polygon",
        "coordinates": [
          [
            [
              -118.28987342942096,
              34.062186234431174
            ],
            [
              -118.28823055277601,
              34.062186234431174
            ],
            [
              -118.28823055277601,
              34.06358248711941
            ],
            [
              -118.28987342942096,
              34.06358248711941
            ],
            [
              -118.28987342942096,
              34.062186234431174
            ]
          ]
        ]
      }
    },
    {
      "type": "Feature",
      "properties": {
        "layerType": "BUILDING_3D",
        "id": "OLYMPIC_BLD_268",
        "name": "Structure #268",
        "height": 12,
        "min_height": 0,
        "render_height": 12,
        "render_min_height": 0,
        "division": "Olympic Division",
        "bureau": "West Bureau",
        "extrusionColor": "#1e293b"
      },
      "geometry": {
        "type": "Polygon",
        "coordinates": [
          [
            [
              -118.28157063030643,
              34.062719152505366
            ],
            [
              -118.2802570784492,
              34.062719152505366
            ],
            [
              -118.2802570784492,
              34.06379365713012
            ],
            [
              -118.28157063030643,
              34.06379365713012
            ],
            [
              -118.28157063030643,
              34.062719152505366
            ]
          ]
        ]
      }
    },
    {
      "type": "Feature",
      "properties": {
        "layerType": "BUILDING_3D",
        "id": "OLYMPIC_BLD_269",
        "name": "Structure #269",
        "height": 8,
        "min_height": 0,
        "render_height": 8,
        "render_min_height": 0,
        "division": "Olympic Division",
        "bureau": "West Bureau",
        "extrusionColor": "#1e293b"
      },
      "geometry": {
        "type": "Polygon",
        "coordinates": [
          [
            [
              -118.27936108963597,
              34.062730103904066
            ],
            [
              -118.27797958368986,
              34.062730103904066
            ],
            [
              -118.27797958368986,
              34.06358231618493
            ],
            [
              -118.27936108963597,
              34.06358231618493
            ],
            [
              -118.27936108963597,
              34.062730103904066
            ]
          ]
        ]
      }
    },
    {
      "type": "Feature",
      "properties": {
        "layerType": "BUILDING_3D",
        "id": "OLYMPIC_BLD_270",
        "name": "Structure #270",
        "height": 8,
        "min_height": 0,
        "render_height": 8,
        "render_min_height": 0,
        "division": "Olympic Division",
        "bureau": "West Bureau",
        "extrusionColor": "#1e293b"
      },
      "geometry": {
        "type": "Polygon",
        "coordinates": [
          [
            [
              -118.2768470092662,
              34.062882524568145
            ],
            [
              -118.27575130776223,
              34.062882524568145
            ],
            [
              -118.27575130776223,
              34.063514460609234
            ],
            [
              -118.2768470092662,
              34.063514460609234
            ],
            [
              -118.2768470092662,
              34.062882524568145
            ]
          ]
        ]
      }
    },
    {
      "type": "Feature",
      "properties": {
        "layerType": "BUILDING_3D",
        "id": "OLYMPIC_BLD_271",
        "name": "Structure #271",
        "height": 16,
        "min_height": 0,
        "render_height": 16,
        "render_min_height": 0,
        "division": "Olympic Division",
        "bureau": "West Bureau",
        "extrusionColor": "#1e293b"
      },
      "geometry": {
        "type": "Polygon",
        "coordinates": [
          [
            [
              -118.31915103984095,
              34.064670553036706
            ],
            [
              -118.31833855064527,
              34.064670553036706
            ],
            [
              -118.31833855064527,
              34.06525965327934
            ],
            [
              -118.31915103984095,
              34.06525965327934
            ],
            [
              -118.31915103984095,
              34.064670553036706
            ]
          ]
        ]
      }
    },
    {
      "type": "Feature",
      "properties": {
        "layerType": "BUILDING_3D",
        "id": "OLYMPIC_BLD_272",
        "name": "Structure #272",
        "height": 9,
        "min_height": 0,
        "render_height": 9,
        "render_min_height": 0,
        "division": "Olympic Division",
        "bureau": "West Bureau",
        "extrusionColor": "#1e293b"
      },
      "geometry": {
        "type": "Polygon",
        "coordinates": [
          [
            [
              -118.31685214609566,
              34.064273617253065
            ],
            [
              -118.31609473149798,
              34.064273617253065
            ],
            [
              -118.31609473149798,
              34.065304147079345
            ],
            [
              -118.31685214609566,
              34.065304147079345
            ],
            [
              -118.31685214609566,
              34.064273617253065
            ]
          ]
        ]
      }
    },
    {
      "type": "Feature",
      "properties": {
        "layerType": "BUILDING_3D",
        "id": "OLYMPIC_BLD_273",
        "name": "Structure #273",
        "height": 25,
        "min_height": 0,
        "render_height": 25,
        "render_min_height": 0,
        "division": "Olympic Division",
        "bureau": "West Bureau",
        "extrusionColor": "#1e293b"
      },
      "geometry": {
        "type": "Polygon",
        "coordinates": [
          [
            [
              -118.31486249210319,
              34.06443089705675
            ],
            [
              -118.31353752518369,
              34.06443089705675
            ],
            [
              -118.31353752518369,
              34.06507832999813
            ],
            [
              -118.31486249210319,
              34.06507832999813
            ],
            [
              -118.31486249210319,
              34.06443089705675
            ]
          ]
        ]
      }
    },
    {
      "type": "Feature",
      "properties": {
        "layerType": "BUILDING_3D",
        "id": "OLYMPIC_BLD_276",
        "name": "Structure #276",
        "height": 25,
        "min_height": 0,
        "render_height": 25,
        "render_min_height": 0,
        "division": "Olympic Division",
        "bureau": "West Bureau",
        "extrusionColor": "#1e293b"
      },
      "geometry": {
        "type": "Polygon",
        "coordinates": [
          [
            [
              -118.30710304544186,
              34.06520296474227
            ],
            [
              -118.30626509250729,
              34.06520296474227
            ],
            [
              -118.30626509250729,
              34.0658525147192
            ],
            [
              -118.30710304544186,
              34.0658525147192
            ],
            [
              -118.30710304544186,
              34.06520296474227
            ]
          ]
        ]
      }
    },
    {
      "type": "Feature",
      "properties": {
        "layerType": "BUILDING_3D",
        "id": "OLYMPIC_BLD_278",
        "name": "Structure #278",
        "height": 46,
        "min_height": 0,
        "render_height": 46,
        "render_min_height": 0,
        "division": "Olympic Division",
        "bureau": "West Bureau",
        "extrusionColor": "#0ea5e9"
      },
      "geometry": {
        "type": "Polygon",
        "coordinates": [
          [
            [
              -118.30265283684004,
              34.064083483396125
            ],
            [
              -118.30070643846467,
              34.064083483396125
            ],
            [
              -118.30070643846467,
              34.06552246323363
            ],
            [
              -118.30265283684004,
              34.06552246323363
            ],
            [
              -118.30265283684004,
              34.064083483396125
            ]
          ]
        ]
      }
    },
    {
      "type": "Feature",
      "properties": {
        "layerType": "BUILDING_3D",
        "id": "OLYMPIC_BLD_281",
        "name": "Olympic Division High-Rise Tower #281",
        "height": 69,
        "min_height": 0,
        "render_height": 69,
        "render_min_height": 0,
        "division": "Olympic Division",
        "bureau": "West Bureau",
        "extrusionColor": "#0ea5e9"
      },
      "geometry": {
        "type": "Polygon",
        "coordinates": [
          [
            [
              -118.29394703539108,
              34.06457968447461
            ],
            [
              -118.29279277751462,
              34.06457968447461
            ],
            [
              -118.29279277751462,
              34.06593009987381
            ],
            [
              -118.29394703539108,
              34.06593009987381
            ],
            [
              -118.29394703539108,
              34.06457968447461
            ]
          ]
        ]
      }
    },
    {
      "type": "Feature",
      "properties": {
        "layerType": "BUILDING_3D",
        "id": "OLYMPIC_BLD_282",
        "name": "Olympic Division High-Rise Tower #282",
        "height": 53,
        "min_height": 0,
        "render_height": 53,
        "render_min_height": 0,
        "division": "Olympic Division",
        "bureau": "West Bureau",
        "extrusionColor": "#0ea5e9"
      },
      "geometry": {
        "type": "Polygon",
        "coordinates": [
          [
            [
              -118.29196897710408,
              34.064381713879676
            ],
            [
              -118.29023272873367,
              34.064381713879676
            ],
            [
              -118.29023272873367,
              34.06562136258881
            ],
            [
              -118.29196897710408,
              34.06562136258881
            ],
            [
              -118.29196897710408,
              34.064381713879676
            ]
          ]
        ]
      }
    },
    {
      "type": "Feature",
      "properties": {
        "layerType": "BUILDING_3D",
        "id": "OLYMPIC_BLD_283",
        "name": "Structure #283",
        "height": 16,
        "min_height": 0,
        "render_height": 16,
        "render_min_height": 0,
        "division": "Olympic Division",
        "bureau": "West Bureau",
        "extrusionColor": "#1e293b"
      },
      "geometry": {
        "type": "Polygon",
        "coordinates": [
          [
            [
              -118.28972351072613,
              34.06469232369837
            ],
            [
              -118.28812967667153,
              34.06469232369837
            ],
            [
              -118.28812967667153,
              34.06603500760701
            ],
            [
              -118.28972351072613,
              34.06603500760701
            ],
            [
              -118.28972351072613,
              34.06469232369837
            ]
          ]
        ]
      }
    },
    {
      "type": "Feature",
      "properties": {
        "layerType": "BUILDING_3D",
        "id": "OLYMPIC_BLD_284",
        "name": "Structure #284",
        "height": 8,
        "min_height": 0,
        "render_height": 8,
        "render_min_height": 0,
        "division": "Olympic Division",
        "bureau": "West Bureau",
        "extrusionColor": "#1e293b"
      },
      "geometry": {
        "type": "Polygon",
        "coordinates": [
          [
            [
              -118.28682415524496,
              34.0647521659976
            ],
            [
              -118.28509784736242,
              34.0647521659976
            ],
            [
              -118.28509784736242,
              34.06579793860367
            ],
            [
              -118.28682415524496,
              34.06579793860367
            ],
            [
              -118.28682415524496,
              34.0647521659976
            ]
          ]
        ]
      }
    },
    {
      "type": "Feature",
      "properties": {
        "layerType": "BUILDING_3D",
        "id": "OLYMPIC_BLD_285",
        "name": "Structure #285",
        "height": 21,
        "min_height": 0,
        "render_height": 21,
        "render_min_height": 0,
        "division": "Olympic Division",
        "bureau": "West Bureau",
        "extrusionColor": "#1e293b"
      },
      "geometry": {
        "type": "Polygon",
        "coordinates": [
          [
            [
              -118.28424721514595,
              34.065051092069304
            ],
            [
              -118.28290265036672,
              34.065051092069304
            ],
            [
              -118.28290265036672,
              34.065663868851196
            ],
            [
              -118.28424721514595,
              34.065663868851196
            ],
            [
              -118.28424721514595,
              34.065051092069304
            ]
          ]
        ]
      }
    },
    {
      "type": "Feature",
      "properties": {
        "layerType": "BUILDING_3D",
        "id": "OLYMPIC_BLD_286",
        "name": "Structure #286",
        "height": 19,
        "min_height": 0,
        "render_height": 19,
        "render_min_height": 0,
        "division": "Olympic Division",
        "bureau": "West Bureau",
        "extrusionColor": "#1e293b"
      },
      "geometry": {
        "type": "Polygon",
        "coordinates": [
          [
            [
              -118.28136288162518,
              34.06447020446417
            ],
            [
              -118.28057502576276,
              34.06447020446417
            ],
            [
              -118.28057502576276,
              34.06576969837222
            ],
            [
              -118.28136288162518,
              34.06576969837222
            ],
            [
              -118.28136288162518,
              34.06447020446417
            ]
          ]
        ]
      }
    },
    {
      "type": "Feature",
      "properties": {
        "layerType": "BUILDING_3D",
        "id": "OLYMPIC_BLD_287",
        "name": "Structure #287",
        "height": 13,
        "min_height": 0,
        "render_height": 13,
        "render_min_height": 0,
        "division": "Olympic Division",
        "bureau": "West Bureau",
        "extrusionColor": "#1e293b"
      },
      "geometry": {
        "type": "Polygon",
        "coordinates": [
          [
            [
              -118.27960973711751,
              34.064165674043046
            ],
            [
              -118.27793895923571,
              34.064165674043046
            ],
            [
              -118.27793895923571,
              34.065381435474656
            ],
            [
              -118.27960973711751,
              34.065381435474656
            ],
            [
              -118.27960973711751,
              34.064165674043046
            ]
          ]
        ]
      }
    },
    {
      "type": "Feature",
      "properties": {
        "layerType": "BUILDING_3D",
        "id": "OLYMPIC_BLD_288",
        "name": "Structure #288",
        "height": 9,
        "min_height": 0,
        "render_height": 9,
        "render_min_height": 0,
        "division": "Olympic Division",
        "bureau": "West Bureau",
        "extrusionColor": "#1e293b"
      },
      "geometry": {
        "type": "Polygon",
        "coordinates": [
          [
            [
              -118.27750127623037,
              34.06487499098854
            ],
            [
              -118.27593815438973,
              34.06487499098854
            ],
            [
              -118.27593815438973,
              34.065770865931015
            ],
            [
              -118.27750127623037,
              34.065770865931015
            ],
            [
              -118.27750127623037,
              34.06487499098854
            ]
          ]
        ]
      }
    },
    {
      "type": "Feature",
      "properties": {
        "layerType": "BUILDING_3D",
        "id": "OLYMPIC_BLD_290",
        "name": "Structure #290",
        "height": 22,
        "min_height": 0,
        "render_height": 22,
        "render_min_height": 0,
        "division": "Olympic Division",
        "bureau": "West Bureau",
        "extrusionColor": "#1e293b"
      },
      "geometry": {
        "type": "Polygon",
        "coordinates": [
          [
            [
              -118.31652866488002,
              34.06661574368873
            ],
            [
              -118.31567034017493,
              34.06661574368873
            ],
            [
              -118.31567034017493,
              34.06727321177479
            ],
            [
              -118.31652866488002,
              34.06727321177479
            ],
            [
              -118.31652866488002,
              34.06661574368873
            ]
          ]
        ]
      }
    },
    {
      "type": "Feature",
      "properties": {
        "layerType": "BUILDING_3D",
        "id": "OLYMPIC_BLD_291",
        "name": "Structure #291",
        "height": 10,
        "min_height": 0,
        "render_height": 10,
        "render_min_height": 0,
        "division": "Olympic Division",
        "bureau": "West Bureau",
        "extrusionColor": "#1e293b"
      },
      "geometry": {
        "type": "Polygon",
        "coordinates": [
          [
            [
              -118.31435118668591,
              34.0660682317562
            ],
            [
              -118.31350587057526,
              34.0660682317562
            ],
            [
              -118.31350587057526,
              34.06745546121012
            ],
            [
              -118.31435118668591,
              34.06745546121012
            ],
            [
              -118.31435118668591,
              34.0660682317562
            ]
          ]
        ]
      }
    },
    {
      "type": "Feature",
      "properties": {
        "layerType": "BUILDING_3D",
        "id": "OLYMPIC_BLD_292",
        "name": "Structure #292",
        "height": 9,
        "min_height": 0,
        "render_height": 9,
        "render_min_height": 0,
        "division": "Olympic Division",
        "bureau": "West Bureau",
        "extrusionColor": "#1e293b"
      },
      "geometry": {
        "type": "Polygon",
        "coordinates": [
          [
            [
              -118.31255513059916,
              34.06638655321829
            ],
            [
              -118.31077154987268,
              34.06638655321829
            ],
            [
              -118.31077154987268,
              34.067120951274966
            ],
            [
              -118.31255513059916,
              34.067120951274966
            ],
            [
              -118.31255513059916,
              34.06638655321829
            ]
          ]
        ]
      }
    },
    {
      "type": "Feature",
      "properties": {
        "layerType": "BUILDING_3D",
        "id": "OLYMPIC_BLD_295",
        "name": "Structure #295",
        "height": 17,
        "min_height": 0,
        "render_height": 17,
        "render_min_height": 0,
        "division": "Olympic Division",
        "bureau": "West Bureau",
        "extrusionColor": "#1e293b"
      },
      "geometry": {
        "type": "Polygon",
        "coordinates": [
          [
            [
              -118.30484148204874,
              34.06624059497184
            ],
            [
              -118.30334775623464,
              34.06624059497184
            ],
            [
              -118.30334775623464,
              34.06729988810506
            ],
            [
              -118.30484148204874,
              34.06729988810506
            ],
            [
              -118.30484148204874,
              34.06624059497184
            ]
          ]
        ]
      }
    },
    {
      "type": "Feature",
      "properties": {
        "layerType": "BUILDING_3D",
        "id": "OLYMPIC_BLD_298",
        "name": "Structure #298",
        "height": 17,
        "min_height": 0,
        "render_height": 17,
        "render_min_height": 0,
        "division": "Olympic Division",
        "bureau": "West Bureau",
        "extrusionColor": "#1e293b"
      },
      "geometry": {
        "type": "Polygon",
        "coordinates": [
          [
            [
              -118.2968706900656,
              34.066380098531084
            ],
            [
              -118.29565019263175,
              34.066380098531084
            ],
            [
              -118.29565019263175,
              34.06780619112364
            ],
            [
              -118.2968706900656,
              34.06780619112364
            ],
            [
              -118.2968706900656,
              34.066380098531084
            ]
          ]
        ]
      }
    },
    {
      "type": "Feature",
      "properties": {
        "layerType": "BUILDING_3D",
        "id": "OLYMPIC_BLD_299",
        "name": "Structure #299",
        "height": 19,
        "min_height": 0,
        "render_height": 19,
        "render_min_height": 0,
        "division": "Olympic Division",
        "bureau": "West Bureau",
        "extrusionColor": "#1e293b"
      },
      "geometry": {
        "type": "Polygon",
        "coordinates": [
          [
            [
              -118.29465415903147,
              34.06643992282474
            ],
            [
              -118.29282061141248,
              34.06643992282474
            ],
            [
              -118.29282061141248,
              34.06753447398182
            ],
            [
              -118.29465415903147,
              34.06753447398182
            ],
            [
              -118.29465415903147,
              34.06643992282474
            ]
          ]
        ]
      }
    },
    {
      "type": "Feature",
      "properties": {
        "layerType": "BUILDING_3D",
        "id": "OLYMPIC_BLD_300",
        "name": "Structure #300",
        "height": 24,
        "min_height": 0,
        "render_height": 24,
        "render_min_height": 0,
        "division": "Olympic Division",
        "bureau": "West Bureau",
        "extrusionColor": "#1e293b"
      },
      "geometry": {
        "type": "Polygon",
        "coordinates": [
          [
            [
              -118.29207724208248,
              34.06675543041919
            ],
            [
              -118.29066996202337,
              34.06675543041919
            ],
            [
              -118.29066996202337,
              34.06798187328445
            ],
            [
              -118.29207724208248,
              34.06798187328445
            ],
            [
              -118.29207724208248,
              34.06675543041919
            ]
          ]
        ]
      }
    },
    {
      "type": "Feature",
      "properties": {
        "layerType": "BUILDING_3D",
        "id": "OLYMPIC_BLD_301",
        "name": "Structure #301",
        "height": 20,
        "min_height": 0,
        "render_height": 20,
        "render_min_height": 0,
        "division": "Olympic Division",
        "bureau": "West Bureau",
        "extrusionColor": "#1e293b"
      },
      "geometry": {
        "type": "Polygon",
        "coordinates": [
          [
            [
              -118.28917158946103,
              34.06636250374577
            ],
            [
              -118.28759473434857,
              34.06636250374577
            ],
            [
              -118.28759473434857,
              34.06784433366112
            ],
            [
              -118.28917158946103,
              34.06784433366112
            ],
            [
              -118.28917158946103,
              34.06636250374577
            ]
          ]
        ]
      }
    },
    {
      "type": "Feature",
      "properties": {
        "layerType": "BUILDING_3D",
        "id": "OLYMPIC_BLD_302",
        "name": "Olympic Division High-Rise Tower #302",
        "height": 79,
        "min_height": 0,
        "render_height": 79,
        "render_min_height": 0,
        "division": "Olympic Division",
        "bureau": "West Bureau",
        "extrusionColor": "#0ea5e9"
      },
      "geometry": {
        "type": "Polygon",
        "coordinates": [
          [
            [
              -118.28717678089829,
              34.06657373897624
            ],
            [
              -118.28527157100713,
              34.06657373897624
            ],
            [
              -118.28527157100713,
              34.067844125163724
            ],
            [
              -118.28717678089829,
              34.067844125163724
            ],
            [
              -118.28717678089829,
              34.06657373897624
            ]
          ]
        ]
      }
    },
    {
      "type": "Feature",
      "properties": {
        "layerType": "BUILDING_3D",
        "id": "OLYMPIC_BLD_303",
        "name": "Structure #303",
        "height": 25,
        "min_height": 0,
        "render_height": 25,
        "render_min_height": 0,
        "division": "Olympic Division",
        "bureau": "West Bureau",
        "extrusionColor": "#1e293b"
      },
      "geometry": {
        "type": "Polygon",
        "coordinates": [
          [
            [
              -118.28440519274484,
              34.0670872021928
            ],
            [
              -118.28277183907521,
              34.0670872021928
            ],
            [
              -118.28277183907521,
              34.067739281227325
            ],
            [
              -118.28440519274484,
              34.067739281227325
            ],
            [
              -118.28440519274484,
              34.0670872021928
            ]
          ]
        ]
      }
    },
    {
      "type": "Feature",
      "properties": {
        "layerType": "BUILDING_3D",
        "id": "OLYMPIC_BLD_304",
        "name": "Structure #304",
        "height": 8,
        "min_height": 0,
        "render_height": 8,
        "render_min_height": 0,
        "division": "Olympic Division",
        "bureau": "West Bureau",
        "extrusionColor": "#1e293b"
      },
      "geometry": {
        "type": "Polygon",
        "coordinates": [
          [
            [
              -118.28124502575211,
              34.066468916478954
            ],
            [
              -118.28040663842201,
              34.066468916478954
            ],
            [
              -118.28040663842201,
              34.068019256976584
            ],
            [
              -118.28124502575211,
              34.068019256976584
            ],
            [
              -118.28124502575211,
              34.066468916478954
            ]
          ]
        ]
      }
    },
    {
      "type": "Feature",
      "properties": {
        "layerType": "BUILDING_3D",
        "id": "OLYMPIC_BLD_305",
        "name": "Olympic Division High-Rise Tower #305",
        "height": 57,
        "min_height": 0,
        "render_height": 57,
        "render_min_height": 0,
        "division": "Olympic Division",
        "bureau": "West Bureau",
        "extrusionColor": "#0ea5e9"
      },
      "geometry": {
        "type": "Polygon",
        "coordinates": [
          [
            [
              -118.27953996452706,
              34.066449296481
            ],
            [
              -118.27754666960155,
              34.066449296481
            ],
            [
              -118.27754666960155,
              34.06704958552979
            ],
            [
              -118.27953996452706,
              34.06704958552979
            ],
            [
              -118.27953996452706,
              34.066449296481
            ]
          ]
        ]
      }
    },
    {
      "type": "Feature",
      "properties": {
        "layerType": "BUILDING_3D",
        "id": "OLYMPIC_BLD_306",
        "name": "Structure #306",
        "height": 17,
        "min_height": 0,
        "render_height": 17,
        "render_min_height": 0,
        "division": "Olympic Division",
        "bureau": "West Bureau",
        "extrusionColor": "#1e293b"
      },
      "geometry": {
        "type": "Polygon",
        "coordinates": [
          [
            [
              -118.27706519023872,
              34.06670883160382
            ],
            [
              -118.27629339003315,
              34.06670883160382
            ],
            [
              -118.27629339003315,
              34.06822726874793
            ],
            [
              -118.27706519023872,
              34.06822726874793
            ],
            [
              -118.27706519023872,
              34.06670883160382
            ]
          ]
        ]
      }
    },
    {
      "type": "Feature",
      "properties": {
        "layerType": "BUILDING_3D",
        "id": "OLYMPIC_BLD_308",
        "name": "Structure #308",
        "height": 35,
        "min_height": 0,
        "render_height": 35,
        "render_min_height": 0,
        "division": "Olympic Division",
        "bureau": "West Bureau",
        "extrusionColor": "#1e293b"
      },
      "geometry": {
        "type": "Polygon",
        "coordinates": [
          [
            [
              -118.31745178372601,
              34.068866146743495
            ],
            [
              -118.31601333594504,
              34.068866146743495
            ],
            [
              -118.31601333594504,
              34.06990779713153
            ],
            [
              -118.31745178372601,
              34.06990779713153
            ],
            [
              -118.31745178372601,
              34.068866146743495
            ]
          ]
        ]
      }
    },
    {
      "type": "Feature",
      "properties": {
        "layerType": "BUILDING_3D",
        "id": "OLYMPIC_BLD_310",
        "name": "Structure #310",
        "height": 41,
        "min_height": 0,
        "render_height": 41,
        "render_min_height": 0,
        "division": "Olympic Division",
        "bureau": "West Bureau",
        "extrusionColor": "#0ea5e9"
      },
      "geometry": {
        "type": "Polygon",
        "coordinates": [
          [
            [
              -118.31211316903756,
              34.06865660519907
            ],
            [
              -118.31028531451287,
              34.06865660519907
            ],
            [
              -118.31028531451287,
              34.069354479866234
            ],
            [
              -118.31211316903756,
              34.069354479866234
            ],
            [
              -118.31211316903756,
              34.06865660519907
            ]
          ]
        ]
      }
    },
    {
      "type": "Feature",
      "properties": {
        "layerType": "BUILDING_3D",
        "id": "OLYMPIC_BLD_311",
        "name": "Structure #311",
        "height": 12,
        "min_height": 0,
        "render_height": 12,
        "render_min_height": 0,
        "division": "Olympic Division",
        "bureau": "West Bureau",
        "extrusionColor": "#1e293b"
      },
      "geometry": {
        "type": "Polygon",
        "coordinates": [
          [
            [
              -118.30922722188691,
              34.06869527007849
            ],
            [
              -118.30832995445769,
              34.06869527007849
            ],
            [
              -118.30832995445769,
              34.06992383777445
            ],
            [
              -118.30922722188691,
              34.06992383777445
            ],
            [
              -118.30922722188691,
              34.06869527007849
            ]
          ]
        ]
      }
    },
    {
      "type": "Feature",
      "properties": {
        "layerType": "BUILDING_3D",
        "id": "OLYMPIC_BLD_312",
        "name": "Structure #312",
        "height": 19,
        "min_height": 0,
        "render_height": 19,
        "render_min_height": 0,
        "division": "Olympic Division",
        "bureau": "West Bureau",
        "extrusionColor": "#1e293b"
      },
      "geometry": {
        "type": "Polygon",
        "coordinates": [
          [
            [
              -118.30667750989907,
              34.06832593364382
            ],
            [
              -118.3050979228614,
              34.06832593364382
            ],
            [
              -118.3050979228614,
              34.06913511026811
            ],
            [
              -118.30667750989907,
              34.06913511026811
            ],
            [
              -118.30667750989907,
              34.06832593364382
            ]
          ]
        ]
      }
    },
    {
      "type": "Feature",
      "properties": {
        "layerType": "BUILDING_3D",
        "id": "OLYMPIC_BLD_313",
        "name": "Structure #313",
        "height": 30,
        "min_height": 0,
        "render_height": 30,
        "render_min_height": 0,
        "division": "Olympic Division",
        "bureau": "West Bureau",
        "extrusionColor": "#1e293b"
      },
      "geometry": {
        "type": "Polygon",
        "coordinates": [
          [
            [
              -118.30465237102938,
              34.06854110856814
            ],
            [
              -118.30361200108386,
              34.06854110856814
            ],
            [
              -118.30361200108386,
              34.06976904418984
            ],
            [
              -118.30465237102938,
              34.06976904418984
            ],
            [
              -118.30465237102938,
              34.06854110856814
            ]
          ]
        ]
      }
    },
    {
      "type": "Feature",
      "properties": {
        "layerType": "BUILDING_3D",
        "id": "OLYMPIC_BLD_315",
        "name": "Structure #315",
        "height": 23,
        "min_height": 0,
        "render_height": 23,
        "render_min_height": 0,
        "division": "Olympic Division",
        "bureau": "West Bureau",
        "extrusionColor": "#1e293b"
      },
      "geometry": {
        "type": "Polygon",
        "coordinates": [
          [
            [
              -118.29963668767468,
              34.06885438601531
            ],
            [
              -118.29839872041251,
              34.06885438601531
            ],
            [
              -118.29839872041251,
              34.06945475542384
            ],
            [
              -118.29963668767468,
              34.06945475542384
            ],
            [
              -118.29963668767468,
              34.06885438601531
            ]
          ]
        ]
      }
    },
    {
      "type": "Feature",
      "properties": {
        "layerType": "BUILDING_3D",
        "id": "OLYMPIC_BLD_316",
        "name": "Structure #316",
        "height": 11,
        "min_height": 0,
        "render_height": 11,
        "render_min_height": 0,
        "division": "Olympic Division",
        "bureau": "West Bureau",
        "extrusionColor": "#1e293b"
      },
      "geometry": {
        "type": "Polygon",
        "coordinates": [
          [
            [
              -118.29647293226603,
              34.06824499187743
            ],
            [
              -118.29570102874078,
              34.06824499187743
            ],
            [
              -118.29570102874078,
              34.069640034048824
            ],
            [
              -118.29647293226603,
              34.069640034048824
            ],
            [
              -118.29647293226603,
              34.06824499187743
            ]
          ]
        ]
      }
    },
    {
      "type": "Feature",
      "properties": {
        "layerType": "BUILDING_3D",
        "id": "OLYMPIC_BLD_317",
        "name": "Structure #317",
        "height": 19,
        "min_height": 0,
        "render_height": 19,
        "render_min_height": 0,
        "division": "Olympic Division",
        "bureau": "West Bureau",
        "extrusionColor": "#1e293b"
      },
      "geometry": {
        "type": "Polygon",
        "coordinates": [
          [
            [
              -118.29475643901473,
              34.06827339917249
            ],
            [
              -118.2929628133658,
              34.06827339917249
            ],
            [
              -118.2929628133658,
              34.0690316363256
            ],
            [
              -118.29475643901473,
              34.0690316363256
            ],
            [
              -118.29475643901473,
              34.06827339917249
            ]
          ]
        ]
      }
    },
    {
      "type": "Feature",
      "properties": {
        "layerType": "BUILDING_3D",
        "id": "OLYMPIC_BLD_318",
        "name": "Structure #318",
        "height": 18,
        "min_height": 0,
        "render_height": 18,
        "render_min_height": 0,
        "division": "Olympic Division",
        "bureau": "West Bureau",
        "extrusionColor": "#1e293b"
      },
      "geometry": {
        "type": "Polygon",
        "coordinates": [
          [
            [
              -118.29221991534966,
              34.068679420871874
            ],
            [
              -118.29124503900995,
              34.068679420871874
            ],
            [
              -118.29124503900995,
              34.06989709104681
            ],
            [
              -118.29221991534966,
              34.06989709104681
            ],
            [
              -118.29221991534966,
              34.068679420871874
            ]
          ]
        ]
      }
    },
    {
      "type": "Feature",
      "properties": {
        "layerType": "BUILDING_3D",
        "id": "OLYMPIC_BLD_320",
        "name": "Structure #320",
        "height": 15,
        "min_height": 0,
        "render_height": 15,
        "render_min_height": 0,
        "division": "Olympic Division",
        "bureau": "West Bureau",
        "extrusionColor": "#1e293b"
      },
      "geometry": {
        "type": "Polygon",
        "coordinates": [
          [
            [
              -118.28732231777668,
              34.068377487629256
            ],
            [
              -118.28581788007976,
              34.068377487629256
            ],
            [
              -118.28581788007976,
              34.069915229095095
            ],
            [
              -118.28732231777668,
              34.069915229095095
            ],
            [
              -118.28732231777668,
              34.068377487629256
            ]
          ]
        ]
      }
    },
    {
      "type": "Feature",
      "properties": {
        "layerType": "BUILDING_3D",
        "id": "OLYMPIC_BLD_322",
        "name": "Structure #322",
        "height": 21,
        "min_height": 0,
        "render_height": 21,
        "render_min_height": 0,
        "division": "Olympic Division",
        "bureau": "West Bureau",
        "extrusionColor": "#1e293b"
      },
      "geometry": {
        "type": "Polygon",
        "coordinates": [
          [
            [
              -118.28177841053262,
              34.06888362464359
            ],
            [
              -118.28051448915231,
              34.06888362464359
            ],
            [
              -118.28051448915231,
              34.06992120614619
            ],
            [
              -118.28177841053262,
              34.06992120614619
            ],
            [
              -118.28177841053262,
              34.06888362464359
            ]
          ]
        ]
      }
    },
    {
      "type": "Feature",
      "properties": {
        "layerType": "BUILDING_3D",
        "id": "OLYMPIC_BLD_323",
        "name": "Structure #323",
        "height": 21,
        "min_height": 0,
        "render_height": 21,
        "render_min_height": 0,
        "division": "Olympic Division",
        "bureau": "West Bureau",
        "extrusionColor": "#1e293b"
      },
      "geometry": {
        "type": "Polygon",
        "coordinates": [
          [
            [
              -118.27893533974395,
              34.068313920709855
            ],
            [
              -118.27760130638347,
              34.068313920709855
            ],
            [
              -118.27760130638347,
              34.06960340367455
            ],
            [
              -118.27893533974395,
              34.06960340367455
            ],
            [
              -118.27893533974395,
              34.068313920709855
            ]
          ]
        ]
      }
    },
    {
      "type": "Feature",
      "properties": {
        "layerType": "BUILDING_3D",
        "id": "OLYMPIC_BLD_324",
        "name": "Structure #324",
        "height": 34,
        "min_height": 0,
        "render_height": 34,
        "render_min_height": 0,
        "division": "Olympic Division",
        "bureau": "West Bureau",
        "extrusionColor": "#1e293b"
      },
      "geometry": {
        "type": "Polygon",
        "coordinates": [
          [
            [
              -118.2771678162302,
              34.068344004012395
            ],
            [
              -118.27550990956131,
              34.068344004012395
            ],
            [
              -118.27550990956131,
              34.0696605708362
            ],
            [
              -118.2771678162302,
              34.0696605708362
            ],
            [
              -118.2771678162302,
              34.068344004012395
            ]
          ]
        ]
      }
    }
  ]
}