{
  "type": "FeatureCollection",
  "name": "Central Division (LAPD DIV-01) - Full 3D Building & Boundary GeoJSON",
  "crs": {
    "type": "name",
    "properties": {
      "name": "urn:ogc:def:crs:OGC:1.3:CRS84"
    }
  },
  "metadata": {
    "divisionId": "DIV-01",
    "divisionName": "Central Division",
    "bureau": "Central Bureau",
    "code": "CENTRAL",
    "station": {
      "name": "Central Community Police Station",
      "address": "251 E 6th St, Los Angeles, CA 90014",
      "phone": "(213) 486-6606",
      "lat": 34.0441,
      "lng": -118.2474
    },
    "center": [
      -118.25,
      34.045
    ],
    "totalBuildings": 366,
    "fususOneCompatible": true,
    "optimization": "100% Comprehensive 3D Building Extrusions + Division Perimeter"
  },
  "features": [
    {
      "type": "Feature",
      "properties": {
        "layerType": "BOUNDARY",
        "id": "CENTRAL_BOUNDARY",
        "name": "Central Division Official Perimeter",
        "bureau": "Central Bureau",
        "division": "Central Division",
        "strokeColor": "#00f3ff",
        "strokeWidth": 3,
        "fillColor": "#00f3ff",
        "fillOpacity": 0.08
      },
      "geometry": {
        "type": "Polygon",
        "coordinates": [
          [
            [
              -118.265,
              34.03
            ],
            [
              -118.235,
              34.03
            ],
            [
              -118.235,
              34.06
            ],
            [
              -118.265,
              34.06
            ],
            [
              -118.265,
              34.03
            ]
          ]
        ]
      }
    },
    {
      "type": "Feature",
      "properties": {
        "layerType": "STATION",
        "id": "CENTRAL_STATION",
        "name": "Central Community Police Station",
        "address": "251 E 6th St, Los Angeles, CA 90014",
        "phone": "(213) 486-6606",
        "division": "Central Division",
        "bureau": "Central Bureau",
        "icon": "police-station",
        "markerColor": "#3b82f6"
      },
      "geometry": {
        "type": "Point",
        "coordinates": [
          -118.2474,
          34.0441
        ]
      }
    },
    {
      "type": "Feature",
      "properties": {
        "layerType": "BUILDING_3D",
        "id": "CENTRAL_LM_1",
        "name": "Los Angeles City Hall",
        "height": 138,
        "min_height": 0,
        "render_height": 138,
        "render_min_height": 0,
        "division": "Central Division",
        "bureau": "Central Bureau",
        "extrusionColor": "#00f3ff"
      },
      "geometry": {
        "type": "Polygon",
        "coordinates": [
          [
            [
              -118.2445,
              34.051899999999996
            ],
            [
              -118.2409,
              34.051899999999996
            ],
            [
              -118.2409,
              34.0555
            ],
            [
              -118.2445,
              34.0555
            ],
            [
              -118.2445,
              34.051899999999996
            ]
          ]
        ]
      }
    },
    {
      "type": "Feature",
      "properties": {
        "layerType": "BUILDING_3D",
        "id": "CENTRAL_LM_2",
        "name": "US Bank Tower",
        "height": 310,
        "min_height": 0,
        "render_height": 310,
        "render_min_height": 0,
        "division": "Central Division",
        "bureau": "Central Bureau",
        "extrusionColor": "#00f3ff"
      },
      "geometry": {
        "type": "Polygon",
        "coordinates": [
          [
            [
              -118.2562,
              34.0492
            ],
            [
              -118.2526,
              34.0492
            ],
            [
              -118.2526,
              34.052800000000005
            ],
            [
              -118.2562,
              34.052800000000005
            ],
            [
              -118.2562,
              34.0492
            ]
          ]
        ]
      }
    },
    {
      "type": "Feature",
      "properties": {
        "layerType": "BUILDING_3D",
        "id": "CENTRAL_LM_3",
        "name": "Crypto.com Arena (STAPLES Center)",
        "height": 45,
        "min_height": 0,
        "render_height": 45,
        "render_min_height": 0,
        "division": "Central Division",
        "bureau": "Central Bureau",
        "extrusionColor": "#00f3ff"
      },
      "geometry": {
        "type": "Polygon",
        "coordinates": [
          [
            [
              -118.26910000000001,
              34.041199999999996
            ],
            [
              -118.2655,
              34.041199999999996
            ],
            [
              -118.2655,
              34.0448
            ],
            [
              -118.26910000000001,
              34.0448
            ],
            [
              -118.26910000000001,
              34.041199999999996
            ]
          ]
        ]
      }
    },
    {
      "type": "Feature",
      "properties": {
        "layerType": "BUILDING_3D",
        "id": "CENTRAL_LM_4",
        "name": "Wilshire Grand Center",
        "height": 335,
        "min_height": 0,
        "render_height": 335,
        "render_min_height": 0,
        "division": "Central Division",
        "bureau": "Central Bureau",
        "extrusionColor": "#00f3ff"
      },
      "geometry": {
        "type": "Polygon",
        "coordinates": [
          [
            [
              -118.2615,
              34.048199999999994
            ],
            [
              -118.25789999999999,
              34.048199999999994
            ],
            [
              -118.25789999999999,
              34.0518
            ],
            [
              -118.2615,
              34.0518
            ],
            [
              -118.2615,
              34.048199999999994
            ]
          ]
        ]
      }
    },
    {
      "type": "Feature",
      "properties": {
        "layerType": "BUILDING_3D",
        "id": "CENTRAL_LM_5",
        "name": "Walt Disney Concert Hall",
        "height": 42,
        "min_height": 0,
        "render_height": 42,
        "render_min_height": 0,
        "division": "Central Division",
        "bureau": "Central Bureau",
        "extrusionColor": "#00f3ff"
      },
      "geometry": {
        "type": "Polygon",
        "coordinates": [
          [
            [
              -118.2516,
              34.0535
            ],
            [
              -118.24799999999999,
              34.0535
            ],
            [
              -118.24799999999999,
              34.057100000000005
            ],
            [
              -118.2516,
              34.057100000000005
            ],
            [
              -118.2516,
              34.0535
            ]
          ]
        ]
      }
    },
    {
      "type": "Feature",
      "properties": {
        "layerType": "BUILDING_3D",
        "id": "CENTRAL_LM_6",
        "name": "The Broad Museum",
        "height": 28,
        "min_height": 0,
        "render_height": 28,
        "render_min_height": 0,
        "division": "Central Division",
        "bureau": "Central Bureau",
        "extrusionColor": "#00f3ff"
      },
      "geometry": {
        "type": "Polygon",
        "coordinates": [
          [
            [
              -118.25240000000001,
              34.0526
            ],
            [
              -118.2488,
              34.0526
            ],
            [
              -118.2488,
              34.056200000000004
            ],
            [
              -118.25240000000001,
              34.056200000000004
            ],
            [
              -118.25240000000001,
              34.0526
            ]
          ]
        ]
      }
    },
    {
      "type": "Feature",
      "properties": {
        "layerType": "BUILDING_3D",
        "id": "CENTRAL_LM_7",
        "name": "Caltrans District 7 HQ",
        "height": 62,
        "min_height": 0,
        "render_height": 62,
        "render_min_height": 0,
        "division": "Central Division",
        "bureau": "Central Bureau",
        "extrusionColor": "#00f3ff"
      },
      "geometry": {
        "type": "Polygon",
        "coordinates": [
          [
            [
              -118.2463,
              34.049699999999994
            ],
            [
              -118.2427,
              34.049699999999994
            ],
            [
              -118.2427,
              34.0533
            ],
            [
              -118.2463,
              34.0533
            ],
            [
              -118.2463,
              34.049699999999994
            ]
          ]
        ]
      }
    },
    {
      "type": "Feature",
      "properties": {
        "layerType": "BUILDING_3D",
        "id": "CENTRAL_LM_8",
        "name": "Aon Center Tower",
        "height": 262,
        "min_height": 0,
        "render_height": 262,
        "render_min_height": 0,
        "division": "Central Division",
        "bureau": "Central Bureau",
        "extrusionColor": "#00f3ff"
      },
      "geometry": {
        "type": "Polygon",
        "coordinates": [
          [
            [
              -118.2583,
              34.046699999999994
            ],
            [
              -118.2547,
              34.046699999999994
            ],
            [
              -118.2547,
              34.0503
            ],
            [
              -118.2583,
              34.0503
            ],
            [
              -118.2583,
              34.046699999999994
            ]
          ]
        ]
      }
    },
    {
      "type": "Feature",
      "properties": {
        "layerType": "BUILDING_3D",
        "id": "CENTRAL_BLD_1",
        "name": "Structure #1",
        "height": 12,
        "min_height": 0,
        "render_height": 12,
        "render_min_height": 0,
        "division": "Central Division",
        "bureau": "Central Bureau",
        "extrusionColor": "#1e293b"
      },
      "geometry": {
        "type": "Polygon",
        "coordinates": [
          [
            [
              -118.26471393414656,
              34.02992620336704
            ],
            [
              -118.26377658351228,
              34.02992620336704
            ],
            [
              -118.26377658351228,
              34.030983318719564
            ],
            [
              -118.26471393414656,
              34.030983318719564
            ],
            [
              -118.26471393414656,
              34.02992620336704
            ]
          ]
        ]
      }
    },
    {
      "type": "Feature",
      "properties": {
        "layerType": "BUILDING_3D",
        "id": "CENTRAL_BLD_2",
        "name": "Structure #2",
        "height": 22,
        "min_height": 0,
        "render_height": 22,
        "render_min_height": 0,
        "division": "Central Division",
        "bureau": "Central Bureau",
        "extrusionColor": "#1e293b"
      },
      "geometry": {
        "type": "Polygon",
        "coordinates": [
          [
            [
              -118.26364522520439,
              34.03053947707976
            ],
            [
              -118.26258810985186,
              34.03053947707976
            ],
            [
              -118.26258810985186,
              34.0311317125065
            ],
            [
              -118.26364522520439,
              34.0311317125065
            ],
            [
              -118.26364522520439,
              34.03053947707976
            ]
          ]
        ]
      }
    },
    {
      "type": "Feature",
      "properties": {
        "layerType": "BUILDING_3D",
        "id": "CENTRAL_BLD_4",
        "name": "Structure #4",
        "height": 13,
        "min_height": 0,
        "render_height": 13,
        "render_min_height": 0,
        "division": "Central Division",
        "bureau": "Central Bureau",
        "extrusionColor": "#1e293b"
      },
      "geometry": {
        "type": "Polygon",
        "coordinates": [
          [
            [
              -118.26029065582978,
              34.030122427494405
            ],
            [
              -118.25927510246333,
              34.030122427494405
            ],
            [
              -118.25927510246333,
              34.03099657775981
            ],
            [
              -118.26029065582978,
              34.03099657775981
            ],
            [
              -118.26029065582978,
              34.030122427494405
            ]
          ]
        ]
      }
    },
    {
      "type": "Feature",
      "properties": {
        "layerType": "BUILDING_3D",
        "id": "CENTRAL_BLD_5",
        "name": "Central Division High-Rise Tower #5",
        "height": 85,
        "min_height": 0,
        "render_height": 85,
        "render_min_height": 0,
        "division": "Central Division",
        "bureau": "Central Bureau",
        "extrusionColor": "#00f3ff"
      },
      "geometry": {
        "type": "Polygon",
        "coordinates": [
          [
            [
              -118.25916328679132,
              34.03056857858867
            ],
            [
              -118.2582891365259,
              34.03056857858867
            ],
            [
              -118.2582891365259,
              34.03122773536907
            ],
            [
              -118.25916328679132,
              34.03122773536907
            ],
            [
              -118.25916328679132,
              34.03056857858867
            ]
          ]
        ]
      }
    },
    {
      "type": "Feature",
      "properties": {
        "layerType": "BUILDING_3D",
        "id": "CENTRAL_BLD_6",
        "name": "Structure #6",
        "height": 11,
        "min_height": 0,
        "render_height": 11,
        "render_min_height": 0,
        "division": "Central Division",
        "bureau": "Central Bureau",
        "extrusionColor": "#1e293b"
      },
      "geometry": {
        "type": "Polygon",
        "coordinates": [
          [
            [
              -118.25728856426846,
              34.0302787972798
            ],
            [
              -118.25662940748808,
              34.0302787972798
            ],
            [
              -118.25662940748808,
              34.03129127171628
            ],
            [
              -118.25728856426846,
              34.03129127171628
            ],
            [
              -118.25728856426846,
              34.0302787972798
            ]
          ]
        ]
      }
    },
    {
      "type": "Feature",
      "properties": {
        "layerType": "BUILDING_3D",
        "id": "CENTRAL_BLD_7",
        "name": "Structure #7",
        "height": 12,
        "min_height": 0,
        "render_height": 12,
        "render_min_height": 0,
        "division": "Central Division",
        "bureau": "Central Bureau",
        "extrusionColor": "#1e293b"
      },
      "geometry": {
        "type": "Polygon",
        "coordinates": [
          [
            [
              -118.25614977414877,
              34.03033360867637
            ],
            [
              -118.2551372997123,
              34.03033360867637
            ],
            [
              -118.2551372997123,
              34.030892470743694
            ],
            [
              -118.25614977414877,
              34.030892470743694
            ],
            [
              -118.25614977414877,
              34.03033360867637
            ]
          ]
        ]
      }
    },
    {
      "type": "Feature",
      "properties": {
        "layerType": "BUILDING_3D",
        "id": "CENTRAL_BLD_8",
        "name": "Structure #8",
        "height": 16,
        "min_height": 0,
        "render_height": 16,
        "render_min_height": 0,
        "division": "Central Division",
        "bureau": "Central Bureau",
        "extrusionColor": "#1e293b"
      },
      "geometry": {
        "type": "Polygon",
        "coordinates": [
          [
            [
              -118.25466639132362,
              34.030594239988844
            ],
            [
              -118.2541075292563,
              34.030594239988844
            ],
            [
              -118.2541075292563,
              34.031197147680956
            ],
            [
              -118.25466639132362,
              34.031197147680956
            ],
            [
              -118.25466639132362,
              34.030594239988844
            ]
          ]
        ]
      }
    },
    {
      "type": "Feature",
      "properties": {
        "layerType": "BUILDING_3D",
        "id": "CENTRAL_BLD_9",
        "name": "Structure #9",
        "height": 20,
        "min_height": 0,
        "render_height": 20,
        "render_min_height": 0,
        "division": "Central Division",
        "bureau": "Central Bureau",
        "extrusionColor": "#1e293b"
      },
      "geometry": {
        "type": "Polygon",
        "coordinates": [
          [
            [
              -118.25297718858258,
              34.030146154806296
            ],
            [
              -118.25237428089048,
              34.030146154806296
            ],
            [
              -118.25237428089048,
              34.03091945307285
            ],
            [
              -118.25297718858258,
              34.03091945307285
            ],
            [
              -118.25297718858258,
              34.030146154806296
            ]
          ]
        ]
      }
    },
    {
      "type": "Feature",
      "properties": {
        "layerType": "BUILDING_3D",
        "id": "CENTRAL_BLD_10",
        "name": "Structure #10",
        "height": 11,
        "min_height": 0,
        "render_height": 11,
        "render_min_height": 0,
        "division": "Central Division",
        "bureau": "Central Bureau",
        "extrusionColor": "#1e293b"
      },
      "geometry": {
        "type": "Polygon",
        "coordinates": [
          [
            [
              -118.25199670233656,
              34.03010339198439
            ],
            [
              -118.25122340407,
              34.03010339198439
            ],
            [
              -118.25122340407,
              34.03103268889442
            ],
            [
              -118.25199670233656,
              34.03103268889442
            ],
            [
              -118.25199670233656,
              34.03010339198439
            ]
          ]
        ]
      }
    },
    {
      "type": "Feature",
      "properties": {
        "layerType": "BUILDING_3D",
        "id": "CENTRAL_BLD_12",
        "name": "Structure #12",
        "height": 8,
        "min_height": 0,
        "render_height": 8,
        "render_min_height": 0,
        "division": "Central Division",
        "bureau": "Central Bureau",
        "extrusionColor": "#1e293b"
      },
      "geometry": {
        "type": "Polygon",
        "coordinates": [
          [
            [
              -118.24886131566687,
              34.03038522335385
            ],
            [
              -118.24830140710664,
              34.03038522335385
            ],
            [
              -118.24830140710664,
              34.03127308027363
            ],
            [
              -118.24886131566687,
              34.03127308027363
            ],
            [
              -118.24886131566687,
              34.03038522335385
            ]
          ]
        ]
      }
    },
    {
      "type": "Feature",
      "properties": {
        "layerType": "BUILDING_3D",
        "id": "CENTRAL_BLD_13",
        "name": "Structure #13",
        "height": 13,
        "min_height": 0,
        "render_height": 13,
        "render_min_height": 0,
        "division": "Central Division",
        "bureau": "Central Bureau",
        "extrusionColor": "#1e293b"
      },
      "geometry": {
        "type": "Polygon",
        "coordinates": [
          [
            [
              -118.24747191950328,
              34.030311567248354
            ],
            [
              -118.24658406258351,
              34.030311567248354
            ],
            [
              -118.24658406258351,
              34.03075571501946
            ],
            [
              -118.24747191950328,
              34.03075571501946
            ],
            [
              -118.24747191950328,
              34.030311567248354
            ]
          ]
        ]
      }
    },
    {
      "type": "Feature",
      "properties": {
        "layerType": "BUILDING_3D",
        "id": "CENTRAL_BLD_14",
        "name": "Structure #14",
        "height": 16,
        "min_height": 0,
        "render_height": 16,
        "render_min_height": 0,
        "division": "Central Division",
        "bureau": "Central Bureau",
        "extrusionColor": "#1e293b"
      },
      "geometry": {
        "type": "Polygon",
        "coordinates": [
          [
            [
              -118.24611700418022,
              34.03048079345586
            ],
            [
              -118.24567285640912,
              34.03048079345586
            ],
            [
              -118.24567285640912,
              34.0311112061872
            ],
            [
              -118.24611700418022,
              34.0311112061872
            ],
            [
              -118.24611700418022,
              34.03048079345586
            ]
          ]
        ]
      }
    },
    {
      "type": "Feature",
      "properties": {
        "layerType": "BUILDING_3D",
        "id": "CENTRAL_BLD_16",
        "name": "Structure #16",
        "height": 16,
        "min_height": 0,
        "render_height": 16,
        "render_min_height": 0,
        "division": "Central Division",
        "bureau": "Central Bureau",
        "extrusionColor": "#1e293b"
      },
      "geometry": {
        "type": "Polygon",
        "coordinates": [
          [
            [
              -118.2435127890363,
              34.03018146987421
            ],
            [
              -118.24274800310134,
              34.03018146987421
            ],
            [
              -118.24274800310134,
              34.03099861906736
            ],
            [
              -118.2435127890363,
              34.03099861906736
            ],
            [
              -118.2435127890363,
              34.03018146987421
            ]
          ]
        ]
      }
    },
    {
      "type": "Feature",
      "properties": {
        "layerType": "BUILDING_3D",
        "id": "CENTRAL_BLD_18",
        "name": "Structure #18",
        "height": 25,
        "min_height": 0,
        "render_height": 25,
        "render_min_height": 0,
        "division": "Central Division",
        "bureau": "Central Bureau",
        "extrusionColor": "#1e293b"
      },
      "geometry": {
        "type": "Polygon",
        "coordinates": [
          [
            [
              -118.24040326201758,
              34.0305200835613
            ],
            [
              -118.23963022334361,
              34.0305200835613
            ],
            [
              -118.23963022334361,
              34.030958783719186
            ],
            [
              -118.24040326201758,
              34.030958783719186
            ],
            [
              -118.24040326201758,
              34.0305200835613
            ]
          ]
        ]
      }
    },
    {
      "type": "Feature",
      "properties": {
        "layerType": "BUILDING_3D",
        "id": "CENTRAL_BLD_19",
        "name": "Structure #19",
        "height": 13,
        "min_height": 0,
        "render_height": 13,
        "render_min_height": 0,
        "division": "Central Division",
        "bureau": "Central Bureau",
        "extrusionColor": "#1e293b"
      },
      "geometry": {
        "type": "Polygon",
        "coordinates": [
          [
            [
              -118.23876563072442,
              34.03013507694515
            ],
            [
              -118.23832693056654,
              34.03013507694515
            ],
            [
              -118.23832693056654,
              34.03127321350464
            ],
            [
              -118.23876563072442,
              34.03127321350464
            ],
            [
              -118.23876563072442,
              34.03013507694515
            ]
          ]
        ]
      }
    },
    {
      "type": "Feature",
      "properties": {
        "layerType": "BUILDING_3D",
        "id": "CENTRAL_BLD_20",
        "name": "Structure #20",
        "height": 25,
        "min_height": 0,
        "render_height": 25,
        "render_min_height": 0,
        "division": "Central Division",
        "bureau": "Central Bureau",
        "extrusionColor": "#1e293b"
      },
      "geometry": {
        "type": "Polygon",
        "coordinates": [
          [
            [
              -118.237722065912,
              34.03012113934001
            ],
            [
              -118.2365839293525,
              34.03012113934001
            ],
            [
              -118.2365839293525,
              34.030752209484035
            ],
            [
              -118.237722065912,
              34.030752209484035
            ],
            [
              -118.237722065912,
              34.03012113934001
            ]
          ]
        ]
      }
    },
    {
      "type": "Feature",
      "properties": {
        "layerType": "BUILDING_3D",
        "id": "CENTRAL_BLD_21",
        "name": "Structure #21",
        "height": 12,
        "min_height": 0,
        "render_height": 12,
        "render_min_height": 0,
        "division": "Central Division",
        "bureau": "Central Bureau",
        "extrusionColor": "#1e293b"
      },
      "geometry": {
        "type": "Polygon",
        "coordinates": [
          [
            [
              -118.23630743208857,
              34.03043243156278
            ],
            [
              -118.23567636194453,
              34.03043243156278
            ],
            [
              -118.23567636194453,
              34.031560015503835
            ],
            [
              -118.23630743208857,
              34.031560015503835
            ],
            [
              -118.23630743208857,
              34.03043243156278
            ]
          ]
        ]
      }
    },
    {
      "type": "Feature",
      "properties": {
        "layerType": "BUILDING_3D",
        "id": "CENTRAL_BLD_23",
        "name": "Central Division High-Rise Tower #23",
        "height": 52,
        "min_height": 0,
        "render_height": 52,
        "render_min_height": 0,
        "division": "Central Division",
        "bureau": "Central Bureau",
        "extrusionColor": "#0ea5e9"
      },
      "geometry": {
        "type": "Polygon",
        "coordinates": [
          [
            [
              -118.26327930440817,
              34.03186416449703
            ],
            [
              -118.26268241193281,
              34.03186416449703
            ],
            [
              -118.26268241193281,
              34.032968541237246
            ],
            [
              -118.26327930440817,
              34.032968541237246
            ],
            [
              -118.26327930440817,
              34.03186416449703
            ]
          ]
        ]
      }
    },
    {
      "type": "Feature",
      "properties": {
        "layerType": "BUILDING_3D",
        "id": "CENTRAL_BLD_24",
        "name": "Structure #24",
        "height": 9,
        "min_height": 0,
        "render_height": 9,
        "render_min_height": 0,
        "division": "Central Division",
        "bureau": "Central Bureau",
        "extrusionColor": "#1e293b"
      },
      "geometry": {
        "type": "Polygon",
        "coordinates": [
          [
            [
              -118.2617072640744,
              34.03170546137346
            ],
            [
              -118.26060288733419,
              34.03170546137346
            ],
            [
              -118.26060288733419,
              34.0322781380157
            ],
            [
              -118.2617072640744,
              34.0322781380157
            ],
            [
              -118.2617072640744,
              34.03170546137346
            ]
          ]
        ]
      }
    },
    {
      "type": "Feature",
      "properties": {
        "layerType": "BUILDING_3D",
        "id": "CENTRAL_BLD_25",
        "name": "Central Division High-Rise Tower #25",
        "height": 139,
        "min_height": 0,
        "render_height": 139,
        "render_min_height": 0,
        "division": "Central Division",
        "bureau": "Central Bureau",
        "extrusionColor": "#00f3ff"
      },
      "geometry": {
        "type": "Polygon",
        "coordinates": [
          [
            [
              -118.2604373957694,
              34.03215683244672
            ],
            [
              -118.25986471912717,
              34.03215683244672
            ],
            [
              -118.25986471912717,
              34.032638741766206
            ],
            [
              -118.2604373957694,
              34.032638741766206
            ],
            [
              -118.2604373957694,
              34.03215683244672
            ]
          ]
        ]
      }
    },
    {
      "type": "Feature",
      "properties": {
        "layerType": "BUILDING_3D",
        "id": "CENTRAL_BLD_26",
        "name": "Structure #26",
        "height": 14,
        "min_height": 0,
        "render_height": 14,
        "render_min_height": 0,
        "division": "Central Division",
        "bureau": "Central Bureau",
        "extrusionColor": "#1e293b"
      },
      "geometry": {
        "type": "Polygon",
        "coordinates": [
          [
            [
              -118.25855745326757,
              34.031484780487574
            ],
            [
              -118.25807554394808,
              34.031484780487574
            ],
            [
              -118.25807554394808,
              34.032460073568586
            ],
            [
              -118.25855745326757,
              34.032460073568586
            ],
            [
              -118.25855745326757,
              34.031484780487574
            ]
          ]
        ]
      }
    },
    {
      "type": "Feature",
      "properties": {
        "layerType": "BUILDING_3D",
        "id": "CENTRAL_BLD_27",
        "name": "Central Division High-Rise Tower #27",
        "height": 183,
        "min_height": 0,
        "render_height": 183,
        "render_min_height": 0,
        "division": "Central Division",
        "bureau": "Central Bureau",
        "extrusionColor": "#00f3ff"
      },
      "geometry": {
        "type": "Polygon",
        "coordinates": [
          [
            [
              -118.25780093379815,
              34.03155694832508
            ],
            [
              -118.25682564071714,
              34.03155694832508
            ],
            [
              -118.25682564071714,
              34.032242678014676
            ],
            [
              -118.25780093379815,
              34.032242678014676
            ],
            [
              -118.25780093379815,
              34.03155694832508
            ]
          ]
        ]
      }
    },
    {
      "type": "Feature",
      "properties": {
        "layerType": "BUILDING_3D",
        "id": "CENTRAL_BLD_28",
        "name": "Structure #28",
        "height": 17,
        "min_height": 0,
        "render_height": 17,
        "render_min_height": 0,
        "division": "Central Division",
        "bureau": "Central Bureau",
        "extrusionColor": "#1e293b"
      },
      "geometry": {
        "type": "Polygon",
        "coordinates": [
          [
            [
              -118.25630019453206,
              34.03202276378596
            ],
            [
              -118.25561446484247,
              34.03202276378596
            ],
            [
              -118.25561446484247,
              34.03256627657224
            ],
            [
              -118.25630019453206,
              34.03256627657224
            ],
            [
              -118.25630019453206,
              34.03202276378596
            ]
          ]
        ]
      }
    },
    {
      "type": "Feature",
      "properties": {
        "layerType": "BUILDING_3D",
        "id": "CENTRAL_BLD_30",
        "name": "Structure #30",
        "height": 8,
        "min_height": 0,
        "render_height": 8,
        "render_min_height": 0,
        "division": "Central Division",
        "bureau": "Central Bureau",
        "extrusionColor": "#1e293b"
      },
      "geometry": {
        "type": "Polygon",
        "coordinates": [
          [
            [
              -118.25333063535395,
              34.0315088165964
            ],
            [
              -118.25254362571413,
              34.0315088165964
            ],
            [
              -118.25254362571413,
              34.03238937529021
            ],
            [
              -118.25333063535395,
              34.03238937529021
            ],
            [
              -118.25333063535395,
              34.0315088165964
            ]
          ]
        ]
      }
    },
    {
      "type": "Feature",
      "properties": {
        "layerType": "BUILDING_3D",
        "id": "CENTRAL_BLD_31",
        "name": "Structure #31",
        "height": 9,
        "min_height": 0,
        "render_height": 9,
        "render_min_height": 0,
        "division": "Central Division",
        "bureau": "Central Bureau",
        "extrusionColor": "#1e293b"
      },
      "geometry": {
        "type": "Polygon",
        "coordinates": [
          [
            [
              -118.25206261197502,
              34.03192156942503
            ],
            [
              -118.25118205328121,
              34.03192156942503
            ],
            [
              -118.25118205328121,
              34.03236621742726
            ],
            [
              -118.25206261197502,
              34.03236621742726
            ],
            [
              -118.25206261197502,
              34.03192156942503
            ]
          ]
        ]
      }
    },
    {
      "type": "Feature",
      "properties": {
        "layerType": "BUILDING_3D",
        "id": "CENTRAL_BLD_33",
        "name": "Structure #33",
        "height": 24,
        "min_height": 0,
        "render_height": 24,
        "render_min_height": 0,
        "division": "Central Division",
        "bureau": "Central Bureau",
        "extrusionColor": "#1e293b"
      },
      "geometry": {
        "type": "Polygon",
        "coordinates": [
          [
            [
              -118.2487433823451,
              34.0314924411464
            ],
            [
              -118.24824772374483,
              34.0314924411464
            ],
            [
              -118.24824772374483,
              34.03224756708573
            ],
            [
              -118.2487433823451,
              34.03224756708573
            ],
            [
              -118.2487433823451,
              34.0314924411464
            ]
          ]
        ]
      }
    },
    {
      "type": "Feature",
      "properties": {
        "layerType": "BUILDING_3D",
        "id": "CENTRAL_BLD_34",
        "name": "Structure #34",
        "height": 13,
        "min_height": 0,
        "render_height": 13,
        "render_min_height": 0,
        "division": "Central Division",
        "bureau": "Central Bureau",
        "extrusionColor": "#1e293b"
      },
      "geometry": {
        "type": "Polygon",
        "coordinates": [
          [
            [
              -118.24779327313932,
              34.031375234294345
            ],
            [
              -118.24703814719997,
              34.031375234294345
            ],
            [
              -118.24703814719997,
              34.03244639089468
            ],
            [
              -118.24779327313932,
              34.03244639089468
            ],
            [
              -118.24779327313932,
              34.031375234294345
            ]
          ]
        ]
      }
    },
    {
      "type": "Feature",
      "properties": {
        "layerType": "BUILDING_3D",
        "id": "CENTRAL_BLD_37",
        "name": "Structure #37",
        "height": 14,
        "min_height": 0,
        "render_height": 14,
        "render_min_height": 0,
        "division": "Central Division",
        "bureau": "Central Bureau",
        "extrusionColor": "#1e293b"
      },
      "geometry": {
        "type": "Polygon",
        "coordinates": [
          [
            [
              -118.24310429731885,
              34.03160754947177
            ],
            [
              -118.24215328069205,
              34.03160754947177
            ],
            [
              -118.24215328069205,
              34.03242808311755
            ],
            [
              -118.24310429731885,
              34.03242808311755
            ],
            [
              -118.24310429731885,
              34.03160754947177
            ]
          ]
        ]
      }
    },
    {
      "type": "Feature",
      "properties": {
        "layerType": "BUILDING_3D",
        "id": "CENTRAL_BLD_38",
        "name": "Central Division High-Rise Tower #38",
        "height": 220,
        "min_height": 0,
        "render_height": 220,
        "render_min_height": 0,
        "division": "Central Division",
        "bureau": "Central Bureau",
        "extrusionColor": "#00f3ff"
      },
      "geometry": {
        "type": "Polygon",
        "coordinates": [
          [
            [
              -118.24196387909964,
              34.03192513961989
            ],
            [
              -118.24114334545388,
              34.03192513961989
            ],
            [
              -118.24114334545388,
              34.032625058411554
            ],
            [
              -118.24196387909964,
              34.032625058411554
            ],
            [
              -118.24196387909964,
              34.03192513961989
            ]
          ]
        ]
      }
    },
    {
      "type": "Feature",
      "properties": {
        "layerType": "BUILDING_3D",
        "id": "CENTRAL_BLD_39",
        "name": "Structure #39",
        "height": 19,
        "min_height": 0,
        "render_height": 19,
        "render_min_height": 0,
        "division": "Central Division",
        "bureau": "Central Bureau",
        "extrusionColor": "#1e293b"
      },
      "geometry": {
        "type": "Polygon",
        "coordinates": [
          [
            [
              -118.24021771752297,
              34.03180333390103
            ],
            [
              -118.2395177987313,
              34.03180333390103
            ],
            [
              -118.2395177987313,
              34.032538091360784
            ],
            [
              -118.24021771752297,
              34.032538091360784
            ],
            [
              -118.24021771752297,
              34.03180333390103
            ]
          ]
        ]
      }
    },
    {
      "type": "Feature",
      "properties": {
        "layerType": "BUILDING_3D",
        "id": "CENTRAL_BLD_40",
        "name": "Structure #40",
        "height": 18,
        "min_height": 0,
        "render_height": 18,
        "render_min_height": 0,
        "division": "Central Division",
        "bureau": "Central Bureau",
        "extrusionColor": "#1e293b"
      },
      "geometry": {
        "type": "Polygon",
        "coordinates": [
          [
            [
              -118.23891095181325,
              34.03163650264776
            ],
            [
              -118.2381761943535,
              34.03163650264776
            ],
            [
              -118.2381761943535,
              34.03251193884748
            ],
            [
              -118.23891095181325,
              34.03251193884748
            ],
            [
              -118.23891095181325,
              34.03163650264776
            ]
          ]
        ]
      }
    },
    {
      "type": "Feature",
      "properties": {
        "layerType": "BUILDING_3D",
        "id": "CENTRAL_BLD_41",
        "name": "Structure #41",
        "height": 17,
        "min_height": 0,
        "render_height": 17,
        "render_min_height": 0,
        "division": "Central Division",
        "bureau": "Central Bureau",
        "extrusionColor": "#1e293b"
      },
      "geometry": {
        "type": "Polygon",
        "coordinates": [
          [
            [
              -118.23764921163796,
              34.031675086176016
            ],
            [
              -118.23677377543824,
              34.031675086176016
            ],
            [
              -118.23677377543824,
              34.03252909718815
            ],
            [
              -118.23764921163796,
              34.03252909718815
            ],
            [
              -118.23764921163796,
              34.031675086176016
            ]
          ]
        ]
      }
    },
    {
      "type": "Feature",
      "properties": {
        "layerType": "BUILDING_3D",
        "id": "CENTRAL_BLD_42",
        "name": "Structure #42",
        "height": 20,
        "min_height": 0,
        "render_height": 20,
        "render_min_height": 0,
        "division": "Central Division",
        "bureau": "Central Bureau",
        "extrusionColor": "#1e293b"
      },
      "geometry": {
        "type": "Polygon",
        "coordinates": [
          [
            [
              -118.23618205668113,
              34.03180771192341
            ],
            [
              -118.235328045669,
              34.03180771192341
            ],
            [
              -118.235328045669,
              34.03262155742471
            ],
            [
              -118.23618205668113,
              34.03262155742471
            ],
            [
              -118.23618205668113,
              34.03180771192341
            ]
          ]
        ]
      }
    },
    {
      "type": "Feature",
      "properties": {
        "layerType": "BUILDING_3D",
        "id": "CENTRAL_BLD_43",
        "name": "Structure #43",
        "height": 24,
        "min_height": 0,
        "render_height": 24,
        "render_min_height": 0,
        "division": "Central Division",
        "bureau": "Central Bureau",
        "extrusionColor": "#1e293b"
      },
      "geometry": {
        "type": "Polygon",
        "coordinates": [
          [
            [
              -118.26462085950516,
              34.03316378797619
            ],
            [
              -118.26380701400387,
              34.03316378797619
            ],
            [
              -118.26380701400387,
              34.03408834392896
            ],
            [
              -118.26462085950516,
              34.03408834392896
            ],
            [
              -118.26462085950516,
              34.03316378797619
            ]
          ]
        ]
      }
    },
    {
      "type": "Feature",
      "properties": {
        "layerType": "BUILDING_3D",
        "id": "CENTRAL_BLD_44",
        "name": "Structure #44",
        "height": 19,
        "min_height": 0,
        "render_height": 19,
        "render_min_height": 0,
        "division": "Central Division",
        "bureau": "Central Bureau",
        "extrusionColor": "#1e293b"
      },
      "geometry": {
        "type": "Polygon",
        "coordinates": [
          [
            [
              -118.26326478345239,
              34.03306075657205
            ],
            [
              -118.26234022749962,
              34.03306075657205
            ],
            [
              -118.26234022749962,
              34.03412711051573
            ],
            [
              -118.26326478345239,
              34.03412711051573
            ],
            [
              -118.26326478345239,
              34.03306075657205
            ]
          ]
        ]
      }
    },
    {
      "type": "Feature",
      "properties": {
        "layerType": "BUILDING_3D",
        "id": "CENTRAL_BLD_45",
        "name": "Structure #45",
        "height": 19,
        "min_height": 0,
        "render_height": 19,
        "render_min_height": 0,
        "division": "Central Division",
        "bureau": "Central Bureau",
        "extrusionColor": "#1e293b"
      },
      "geometry": {
        "type": "Polygon",
        "coordinates": [
          [
            [
              -118.26193924342795,
              34.03324929160131
            ],
            [
              -118.26087288948426,
              34.03324929160131
            ],
            [
              -118.26087288948426,
              34.03411571220883
            ],
            [
              -118.26193924342795,
              34.03411571220883
            ],
            [
              -118.26193924342795,
              34.03324929160131
            ]
          ]
        ]
      }
    },
    {
      "type": "Feature",
      "properties": {
        "layerType": "BUILDING_3D",
        "id": "CENTRAL_BLD_46",
        "name": "Structure #46",
        "height": 23,
        "min_height": 0,
        "render_height": 23,
        "render_min_height": 0,
        "division": "Central Division",
        "bureau": "Central Bureau",
        "extrusionColor": "#1e293b"
      },
      "geometry": {
        "type": "Polygon",
        "coordinates": [
          [
            [
              -118.26032213697013,
              34.03335789015994
            ],
            [
              -118.2594557163626,
              34.03335789015994
            ],
            [
              -118.2594557163626,
              34.03423399043567
            ],
            [
              -118.26032213697013,
              34.03423399043567
            ],
            [
              -118.26032213697013,
              34.03335789015994
            ]
          ]
        ]
      }
    },
    {
      "type": "Feature",
      "properties": {
        "layerType": "BUILDING_3D",
        "id": "CENTRAL_BLD_47",
        "name": "Structure #47",
        "height": 14,
        "min_height": 0,
        "render_height": 14,
        "render_min_height": 0,
        "division": "Central Division",
        "bureau": "Central Bureau",
        "extrusionColor": "#1e293b"
      },
      "geometry": {
        "type": "Polygon",
        "coordinates": [
          [
            [
              -118.25878496698292,
              34.03312059226952
            ],
            [
              -118.2579088667072,
              34.03312059226952
            ],
            [
              -118.2579088667072,
              34.034151394988235
            ],
            [
              -118.25878496698292,
              34.034151394988235
            ],
            [
              -118.25878496698292,
              34.03312059226952
            ]
          ]
        ]
      }
    },
    {
      "type": "Feature",
      "properties": {
        "layerType": "BUILDING_3D",
        "id": "CENTRAL_BLD_48",
        "name": "Central Division High-Rise Tower #48",
        "height": 76,
        "min_height": 0,
        "render_height": 76,
        "render_min_height": 0,
        "division": "Central Division",
        "bureau": "Central Bureau",
        "extrusionColor": "#0ea5e9"
      },
      "geometry": {
        "type": "Polygon",
        "coordinates": [
          [
            [
              -118.25759369344478,
              34.03329178154455
            ],
            [
              -118.25656289072604,
              34.03329178154455
            ],
            [
              -118.25656289072604,
              34.033995693182334
            ],
            [
              -118.25759369344478,
              34.033995693182334
            ],
            [
              -118.25759369344478,
              34.03329178154455
            ]
          ]
        ]
      }
    },
    {
      "type": "Feature",
      "properties": {
        "layerType": "BUILDING_3D",
        "id": "CENTRAL_BLD_49",
        "name": "Structure #49",
        "height": 10,
        "min_height": 0,
        "render_height": 10,
        "render_min_height": 0,
        "division": "Central Division",
        "bureau": "Central Bureau",
        "extrusionColor": "#1e293b"
      },
      "geometry": {
        "type": "Polygon",
        "coordinates": [
          [
            [
              -118.25599393274116,
              34.03329373674905
            ],
            [
              -118.25529002110339,
              34.03329373674905
            ],
            [
              -118.25529002110339,
              34.03424126188661
            ],
            [
              -118.25599393274116,
              34.03424126188661
            ],
            [
              -118.25599393274116,
              34.03329373674905
            ]
          ]
        ]
      }
    },
    {
      "type": "Feature",
      "properties": {
        "layerType": "BUILDING_3D",
        "id": "CENTRAL_BLD_50",
        "name": "Structure #50",
        "height": 14,
        "min_height": 0,
        "render_height": 14,
        "render_min_height": 0,
        "division": "Central Division",
        "bureau": "Central Bureau",
        "extrusionColor": "#1e293b"
      },
      "geometry": {
        "type": "Polygon",
        "coordinates": [
          [
            [
              -118.25456340610809,
              34.033237412337265
            ],
            [
              -118.25361588097054,
              34.033237412337265
            ],
            [
              -118.25361588097054,
              34.03377456056891
            ],
            [
              -118.25456340610809,
              34.03377456056891
            ],
            [
              -118.25456340610809,
              34.033237412337265
            ]
          ]
        ]
      }
    },
    {
      "type": "Feature",
      "properties": {
        "layerType": "BUILDING_3D",
        "id": "CENTRAL_BLD_51",
        "name": "Structure #51",
        "height": 20,
        "min_height": 0,
        "render_height": 20,
        "render_min_height": 0,
        "division": "Central Division",
        "bureau": "Central Bureau",
        "extrusionColor": "#1e293b"
      },
      "geometry": {
        "type": "Polygon",
        "coordinates": [
          [
            [
              -118.25319115909132,
              34.03335824990787
            ],
            [
              -118.25265401085967,
              34.03335824990787
            ],
            [
              -118.25265401085967,
              34.03404350459794
            ],
            [
              -118.25319115909132,
              34.03404350459794
            ],
            [
              -118.25319115909132,
              34.03335824990787
            ]
          ]
        ]
      }
    },
    {
      "type": "Feature",
      "properties": {
        "layerType": "BUILDING_3D",
        "id": "CENTRAL_BLD_52",
        "name": "Structure #52",
        "height": 9,
        "min_height": 0,
        "render_height": 9,
        "render_min_height": 0,
        "division": "Central Division",
        "bureau": "Central Bureau",
        "extrusionColor": "#1e293b"
      },
      "geometry": {
        "type": "Polygon",
        "coordinates": [
          [
            [
              -118.25164175009213,
              34.03290550280776
            ],
            [
              -118.25095649540206,
              34.03290550280776
            ],
            [
              -118.25095649540206,
              34.0338396486486
            ],
            [
              -118.25164175009213,
              34.0338396486486
            ],
            [
              -118.25164175009213,
              34.03290550280776
            ]
          ]
        ]
      }
    },
    {
      "type": "Feature",
      "properties": {
        "layerType": "BUILDING_3D",
        "id": "CENTRAL_BLD_53",
        "name": "Structure #53",
        "height": 16,
        "min_height": 0,
        "render_height": 16,
        "render_min_height": 0,
        "division": "Central Division",
        "bureau": "Central Bureau",
        "extrusionColor": "#1e293b"
      },
      "geometry": {
        "type": "Polygon",
        "coordinates": [
          [
            [
              -118.25066592576367,
              34.033247725589476
            ],
            [
              -118.24973177992284,
              34.033247725589476
            ],
            [
              -118.24973177992284,
              34.03373439620036
            ],
            [
              -118.25066592576367,
              34.03373439620036
            ],
            [
              -118.25066592576367,
              34.033247725589476
            ]
          ]
        ]
      }
    },
    {
      "type": "Feature",
      "properties": {
        "layerType": "BUILDING_3D",
        "id": "CENTRAL_BLD_55",
        "name": "Structure #55",
        "height": 8,
        "min_height": 0,
        "render_height": 8,
        "render_min_height": 0,
        "division": "Central Division",
        "bureau": "Central Bureau",
        "extrusionColor": "#1e293b"
      },
      "geometry": {
        "type": "Polygon",
        "coordinates": [
          [
            [
              -118.24740666655482,
              34.032874395048005
            ],
            [
              -118.24664155724268,
              34.032874395048005
            ],
            [
              -118.24664155724268,
              34.03378999221514
            ],
            [
              -118.24740666655482,
              34.03378999221514
            ],
            [
              -118.24740666655482,
              34.032874395048005
            ]
          ]
        ]
      }
    },
    {
      "type": "Feature",
      "properties": {
        "layerType": "BUILDING_3D",
        "id": "CENTRAL_BLD_56",
        "name": "Structure #56",
        "height": 10,
        "min_height": 0,
        "render_height": 10,
        "render_min_height": 0,
        "division": "Central Division",
        "bureau": "Central Bureau",
        "extrusionColor": "#1e293b"
      },
      "geometry": {
        "type": "Polygon",
        "coordinates": [
          [
            [
              -118.24641131923771,
              34.03332612810193
            ],
            [
              -118.24549572207057,
              34.03332612810193
            ],
            [
              -118.24549572207057,
              34.0337837610832
            ],
            [
              -118.24641131923771,
              34.0337837610832
            ],
            [
              -118.24641131923771,
              34.03332612810193
            ]
          ]
        ]
      }
    },
    {
      "type": "Feature",
      "properties": {
        "layerType": "BUILDING_3D",
        "id": "CENTRAL_BLD_58",
        "name": "Structure #58",
        "height": 23,
        "min_height": 0,
        "render_height": 23,
        "render_min_height": 0,
        "division": "Central Division",
        "bureau": "Central Bureau",
        "extrusionColor": "#1e293b"
      },
      "geometry": {
        "type": "Polygon",
        "coordinates": [
          [
            [
              -118.24302381716348,
              34.03291873925838
            ],
            [
              -118.24248265594053,
              34.03291873925838
            ],
            [
              -118.24248265594053,
              34.03369918779735
            ],
            [
              -118.24302381716348,
              34.03369918779735
            ],
            [
              -118.24302381716348,
              34.03291873925838
            ]
          ]
        ]
      }
    },
    {
      "type": "Feature",
      "properties": {
        "layerType": "BUILDING_3D",
        "id": "CENTRAL_BLD_59",
        "name": "Structure #59",
        "height": 23,
        "min_height": 0,
        "render_height": 23,
        "render_min_height": 0,
        "division": "Central Division",
        "bureau": "Central Bureau",
        "extrusionColor": "#1e293b"
      },
      "geometry": {
        "type": "Polygon",
        "coordinates": [
          [
            [
              -118.24208126074163,
              34.03285198194353
            ],
            [
              -118.24130081220264,
              34.03285198194353
            ],
            [
              -118.24130081220264,
              34.033899590298894
            ],
            [
              -118.24208126074163,
              34.033899590298894
            ],
            [
              -118.24208126074163,
              34.03285198194353
            ]
          ]
        ]
      }
    },
    {
      "type": "Feature",
      "properties": {
        "layerType": "BUILDING_3D",
        "id": "CENTRAL_BLD_62",
        "name": "Structure #62",
        "height": 21,
        "min_height": 0,
        "render_height": 21,
        "render_min_height": 0,
        "division": "Central Division",
        "bureau": "Central Bureau",
        "extrusionColor": "#1e293b"
      },
      "geometry": {
        "type": "Polygon",
        "coordinates": [
          [
            [
              -118.23728655948216,
              34.033423308334626
            ],
            [
              -118.23658012429212,
              34.033423308334626
            ],
            [
              -118.23658012429212,
              34.034116644114114
            ],
            [
              -118.23728655948216,
              34.034116644114114
            ],
            [
              -118.23728655948216,
              34.033423308334626
            ]
          ]
        ]
      }
    },
    {
      "type": "Feature",
      "properties": {
        "layerType": "BUILDING_3D",
        "id": "CENTRAL_BLD_63",
        "name": "Central Division High-Rise Tower #63",
        "height": 316,
        "min_height": 0,
        "render_height": 316,
        "render_min_height": 0,
        "division": "Central Division",
        "bureau": "Central Bureau",
        "extrusionColor": "#00f3ff"
      },
      "geometry": {
        "type": "Polygon",
        "coordinates": [
          [
            [
              -118.23586240595108,
              34.0330172425565
            ],
            [
              -118.2351690701716,
              34.0330172425565
            ],
            [
              -118.2351690701716,
              34.03399876803326
            ],
            [
              -118.23586240595108,
              34.03399876803326
            ],
            [
              -118.23586240595108,
              34.0330172425565
            ]
          ]
        ]
      }
    },
    {
      "type": "Feature",
      "properties": {
        "layerType": "BUILDING_3D",
        "id": "CENTRAL_BLD_64",
        "name": "Structure #64",
        "height": 24,
        "min_height": 0,
        "render_height": 24,
        "render_min_height": 0,
        "division": "Central Division",
        "bureau": "Central Bureau",
        "extrusionColor": "#1e293b"
      },
      "geometry": {
        "type": "Polygon",
        "coordinates": [
          [
            [
              -118.26483990030064,
              34.0343699914496
            ],
            [
              -118.26385837482388,
              34.0343699914496
            ],
            [
              -118.26385837482388,
              34.035482202940436
            ],
            [
              -118.26483990030064,
              34.035482202940436
            ],
            [
              -118.26483990030064,
              34.0343699914496
            ]
          ]
        ]
      }
    },
    {
      "type": "Feature",
      "properties": {
        "layerType": "BUILDING_3D",
        "id": "CENTRAL_BLD_65",
        "name": "Structure #65",
        "height": 24,
        "min_height": 0,
        "render_height": 24,
        "render_min_height": 0,
        "division": "Central Division",
        "bureau": "Central Bureau",
        "extrusionColor": "#1e293b"
      },
      "geometry": {
        "type": "Polygon",
        "coordinates": [
          [
            [
              -118.26348715140755,
              34.03460723208287
            ],
            [
              -118.26237493991671,
              34.03460723208287
            ],
            [
              -118.26237493991671,
              34.035706065822815
            ],
            [
              -118.26348715140755,
              34.035706065822815
            ],
            [
              -118.26348715140755,
              34.03460723208287
            ]
          ]
        ]
      }
    },
    {
      "type": "Feature",
      "properties": {
        "layerType": "BUILDING_3D",
        "id": "CENTRAL_BLD_66",
        "name": "Structure #66",
        "height": 16,
        "min_height": 0,
        "render_height": 16,
        "render_min_height": 0,
        "division": "Central Division",
        "bureau": "Central Bureau",
        "extrusionColor": "#1e293b"
      },
      "geometry": {
        "type": "Polygon",
        "coordinates": [
          [
            [
              -118.2618213393457,
              34.03472227677206
            ],
            [
              -118.26072250560576,
              34.03472227677206
            ],
            [
              -118.26072250560576,
              34.03580011875614
            ],
            [
              -118.2618213393457,
              34.03580011875614
            ],
            [
              -118.2618213393457,
              34.03472227677206
            ]
          ]
        ]
      }
    },
    {
      "type": "Feature",
      "properties": {
        "layerType": "BUILDING_3D",
        "id": "CENTRAL_BLD_67",
        "name": "Structure #67",
        "height": 13,
        "min_height": 0,
        "render_height": 13,
        "render_min_height": 0,
        "division": "Central Division",
        "bureau": "Central Bureau",
        "extrusionColor": "#1e293b"
      },
      "geometry": {
        "type": "Polygon",
        "coordinates": [
          [
            [
              -118.26027772322794,
              34.03487657977748
            ],
            [
              -118.25919988124386,
              34.03487657977748
            ],
            [
              -118.25919988124386,
              34.035624411349296
            ],
            [
              -118.26027772322794,
              34.035624411349296
            ],
            [
              -118.26027772322794,
              34.03487657977748
            ]
          ]
        ]
      }
    },
    {
      "type": "Feature",
      "properties": {
        "layerType": "BUILDING_3D",
        "id": "CENTRAL_BLD_68",
        "name": "Central Division High-Rise Tower #68",
        "height": 310,
        "min_height": 0,
        "render_height": 310,
        "render_min_height": 0,
        "division": "Central Division",
        "bureau": "Central Bureau",
        "extrusionColor": "#00f3ff"
      },
      "geometry": {
        "type": "Polygon",
        "coordinates": [
          [
            [
              -118.25869484879395,
              34.034918087221264
            ],
            [
              -118.25794701722215,
              34.034918087221264
            ],
            [
              -118.25794701722215,
              34.035549317096134
            ],
            [
              -118.25869484879395,
              34.035549317096134
            ],
            [
              -118.25869484879395,
              34.034918087221264
            ]
          ]
        ]
      }
    },
    {
      "type": "Feature",
      "properties": {
        "layerType": "BUILDING_3D",
        "id": "CENTRAL_BLD_69",
        "name": "Central Division High-Rise Tower #69",
        "height": 157,
        "min_height": 0,
        "render_height": 157,
        "render_min_height": 0,
        "division": "Central Division",
        "bureau": "Central Bureau",
        "extrusionColor": "#00f3ff"
      },
      "geometry": {
        "type": "Polygon",
        "coordinates": [
          [
            [
              -118.25722476992159,
              34.03460609010531
            ],
            [
              -118.25659354004672,
              34.03460609010531
            ],
            [
              -118.25659354004672,
              34.03533329755245
            ],
            [
              -118.25722476992159,
              34.03533329755245
            ],
            [
              -118.25722476992159,
              34.03460609010531
            ]
          ]
        ]
      }
    },
    {
      "type": "Feature",
      "properties": {
        "layerType": "BUILDING_3D",
        "id": "CENTRAL_BLD_70",
        "name": "Central Division High-Rise Tower #70",
        "height": 106,
        "min_height": 0,
        "render_height": 106,
        "render_min_height": 0,
        "division": "Central Division",
        "bureau": "Central Bureau",
        "extrusionColor": "#00f3ff"
      },
      "geometry": {
        "type": "Polygon",
        "coordinates": [
          [
            [
              -118.25610819560897,
              34.034334081253625
            ],
            [
              -118.25538098816183,
              34.034334081253625
            ],
            [
              -118.25538098816183,
              34.03541874368903
            ],
            [
              -118.25610819560897,
              34.03541874368903
            ],
            [
              -118.25610819560897,
              34.034334081253625
            ]
          ]
        ]
      }
    },
    {
      "type": "Feature",
      "properties": {
        "layerType": "BUILDING_3D",
        "id": "CENTRAL_BLD_71",
        "name": "Structure #71",
        "height": 12,
        "min_height": 0,
        "render_height": 12,
        "render_min_height": 0,
        "division": "Central Division",
        "bureau": "Central Bureau",
        "extrusionColor": "#1e293b"
      },
      "geometry": {
        "type": "Polygon",
        "coordinates": [
          [
            [
              -118.25495163303209,
              34.03458931991577
            ],
            [
              -118.25386697059669,
              34.03458931991577
            ],
            [
              -118.25386697059669,
              34.03531706914252
            ],
            [
              -118.25495163303209,
              34.03531706914252
            ],
            [
              -118.25495163303209,
              34.03458931991577
            ]
          ]
        ]
      }
    },
    {
      "type": "Feature",
      "properties": {
        "layerType": "BUILDING_3D",
        "id": "CENTRAL_BLD_72",
        "name": "Structure #72",
        "height": 12,
        "min_height": 0,
        "render_height": 12,
        "render_min_height": 0,
        "division": "Central Division",
        "bureau": "Central Bureau",
        "extrusionColor": "#1e293b"
      },
      "geometry": {
        "type": "Polygon",
        "coordinates": [
          [
            [
              -118.25326782294137,
              34.034935512626255
            ],
            [
              -118.25254007371463,
              34.034935512626255
            ],
            [
              -118.25254007371463,
              34.03554280441323
            ],
            [
              -118.25326782294137,
              34.03554280441323
            ],
            [
              -118.25326782294137,
              34.034935512626255
            ]
          ]
        ]
      }
    },
    {
      "type": "Feature",
      "properties": {
        "layerType": "BUILDING_3D",
        "id": "CENTRAL_BLD_73",
        "name": "Structure #73",
        "height": 21,
        "min_height": 0,
        "render_height": 21,
        "render_min_height": 0,
        "division": "Central Division",
        "bureau": "Central Bureau",
        "extrusionColor": "#1e293b"
      },
      "geometry": {
        "type": "Polygon",
        "coordinates": [
          [
            [
              -118.25149305880231,
              34.03465373043767
            ],
            [
              -118.25088576701535,
              34.03465373043767
            ],
            [
              -118.25088576701535,
              34.03525352546799
            ],
            [
              -118.25149305880231,
              34.03525352546799
            ],
            [
              -118.25149305880231,
              34.03465373043767
            ]
          ]
        ]
      }
    },
    {
      "type": "Feature",
      "properties": {
        "layerType": "BUILDING_3D",
        "id": "CENTRAL_BLD_74",
        "name": "Central Division High-Rise Tower #74",
        "height": 212,
        "min_height": 0,
        "render_height": 212,
        "render_min_height": 0,
        "division": "Central Division",
        "bureau": "Central Bureau",
        "extrusionColor": "#00f3ff"
      },
      "geometry": {
        "type": "Polygon",
        "coordinates": [
          [
            [
              -118.25034626956233,
              34.03438090302476
            ],
            [
              -118.249746474532,
              34.03438090302476
            ],
            [
              -118.249746474532,
              34.03533362097725
            ],
            [
              -118.25034626956233,
              34.03533362097725
            ],
            [
              -118.25034626956233,
              34.03438090302476
            ]
          ]
        ]
      }
    },
    {
      "type": "Feature",
      "properties": {
        "layerType": "BUILDING_3D",
        "id": "CENTRAL_BLD_75",
        "name": "Structure #75",
        "height": 18,
        "min_height": 0,
        "render_height": 18,
        "render_min_height": 0,
        "division": "Central Division",
        "bureau": "Central Bureau",
        "extrusionColor": "#1e293b"
      },
      "geometry": {
        "type": "Polygon",
        "coordinates": [
          [
            [
              -118.24919052554667,
              34.03456561471977
            ],
            [
              -118.24823780759418,
              34.03456561471977
            ],
            [
              -118.24823780759418,
              34.03513691447161
            ],
            [
              -118.24919052554667,
              34.03513691447161
            ],
            [
              -118.24919052554667,
              34.03456561471977
            ]
          ]
        ]
      }
    },
    {
      "type": "Feature",
      "properties": {
        "layerType": "BUILDING_3D",
        "id": "CENTRAL_BLD_76",
        "name": "Structure #76",
        "height": 15,
        "min_height": 0,
        "render_height": 15,
        "render_min_height": 0,
        "division": "Central Division",
        "bureau": "Central Bureau",
        "extrusionColor": "#1e293b"
      },
      "geometry": {
        "type": "Polygon",
        "coordinates": [
          [
            [
              -118.24757724242309,
              34.03470588367048
            ],
            [
              -118.24700594267125,
              34.03470588367048
            ],
            [
              -118.24700594267125,
              34.03556132219636
            ],
            [
              -118.24757724242309,
              34.03556132219636
            ],
            [
              -118.24757724242309,
              34.03470588367048
            ]
          ]
        ]
      }
    },
    {
      "type": "Feature",
      "properties": {
        "layerType": "BUILDING_3D",
        "id": "CENTRAL_BLD_77",
        "name": "Structure #77",
        "height": 17,
        "min_height": 0,
        "render_height": 17,
        "render_min_height": 0,
        "division": "Central Division",
        "bureau": "Central Bureau",
        "extrusionColor": "#1e293b"
      },
      "geometry": {
        "type": "Polygon",
        "coordinates": [
          [
            [
              -118.24600840204381,
              34.03447187012932
            ],
            [
              -118.24515296351792,
              34.03447187012932
            ],
            [
              -118.24515296351792,
              34.03518506661648
            ],
            [
              -118.24600840204381,
              34.03518506661648
            ],
            [
              -118.24600840204381,
              34.03447187012932
            ]
          ]
        ]
      }
    },
    {
      "type": "Feature",
      "properties": {
        "layerType": "BUILDING_3D",
        "id": "CENTRAL_BLD_78",
        "name": "Structure #78",
        "height": 20,
        "min_height": 0,
        "render_height": 20,
        "render_min_height": 0,
        "division": "Central Division",
        "bureau": "Central Bureau",
        "extrusionColor": "#1e293b"
      },
      "geometry": {
        "type": "Polygon",
        "coordinates": [
          [
            [
              -118.24481384415638,
              34.0346480780716
            ],
            [
              -118.24410064766924,
              34.0346480780716
            ],
            [
              -118.24410064766924,
              34.035463480712664
            ],
            [
              -118.24481384415638,
              34.035463480712664
            ],
            [
              -118.24481384415638,
              34.0346480780716
            ]
          ]
        ]
      }
    },
    {
      "type": "Feature",
      "properties": {
        "layerType": "BUILDING_3D",
        "id": "CENTRAL_BLD_80",
        "name": "Structure #80",
        "height": 13,
        "min_height": 0,
        "render_height": 13,
        "render_min_height": 0,
        "division": "Central Division",
        "bureau": "Central Bureau",
        "extrusionColor": "#1e293b"
      },
      "geometry": {
        "type": "Polygon",
        "coordinates": [
          [
            [
              -118.24193955625122,
              34.034792731763616
            ],
            [
              -118.24103361508361,
              34.034792731763616
            ],
            [
              -118.24103361508361,
              34.03525476960496
            ],
            [
              -118.24193955625122,
              34.03525476960496
            ],
            [
              -118.24193955625122,
              34.034792731763616
            ]
          ]
        ]
      }
    },
    {
      "type": "Feature",
      "properties": {
        "layerType": "BUILDING_3D",
        "id": "CENTRAL_BLD_81",
        "name": "Structure #81",
        "height": 21,
        "min_height": 0,
        "render_height": 21,
        "render_min_height": 0,
        "division": "Central Division",
        "bureau": "Central Bureau",
        "extrusionColor": "#1e293b"
      },
      "geometry": {
        "type": "Polygon",
        "coordinates": [
          [
            [
              -118.24020726823639,
              34.03478251068247
            ],
            [
              -118.23974523039504,
              34.03478251068247
            ],
            [
              -118.23974523039504,
              34.03540985232858
            ],
            [
              -118.24020726823639,
              34.03540985232858
            ],
            [
              -118.24020726823639,
              34.03478251068247
            ]
          ]
        ]
      }
    },
    {
      "type": "Feature",
      "properties": {
        "layerType": "BUILDING_3D",
        "id": "CENTRAL_BLD_82",
        "name": "Structure #82",
        "height": 9,
        "min_height": 0,
        "render_height": 9,
        "render_min_height": 0,
        "division": "Central Division",
        "bureau": "Central Bureau",
        "extrusionColor": "#1e293b"
      },
      "geometry": {
        "type": "Polygon",
        "coordinates": [
          [
            [
              -118.23878891788895,
              34.03425278790482
            ],
            [
              -118.23816157624286,
              34.03425278790482
            ],
            [
              -118.23816157624286,
              34.0352293297842
            ],
            [
              -118.23878891788895,
              34.0352293297842
            ],
            [
              -118.23878891788895,
              34.03425278790482
            ]
          ]
        ]
      }
    },
    {
      "type": "Feature",
      "properties": {
        "layerType": "BUILDING_3D",
        "id": "CENTRAL_BLD_83",
        "name": "Structure #83",
        "height": 8,
        "min_height": 0,
        "render_height": 8,
        "render_min_height": 0,
        "division": "Central Division",
        "bureau": "Central Bureau",
        "extrusionColor": "#1e293b"
      },
      "geometry": {
        "type": "Polygon",
        "coordinates": [
          [
            [
              -118.23789006923803,
              34.03463679641275
            ],
            [
              -118.23691352735867,
              34.03463679641275
            ],
            [
              -118.23691352735867,
              34.035109807363874
            ],
            [
              -118.23789006923803,
              34.035109807363874
            ],
            [
              -118.23789006923803,
              34.03463679641275
            ]
          ]
        ]
      }
    },
    {
      "type": "Feature",
      "properties": {
        "layerType": "BUILDING_3D",
        "id": "CENTRAL_BLD_85",
        "name": "Structure #85",
        "height": 12,
        "min_height": 0,
        "render_height": 12,
        "render_min_height": 0,
        "division": "Central Division",
        "bureau": "Central Bureau",
        "extrusionColor": "#1e293b"
      },
      "geometry": {
        "type": "Polygon",
        "coordinates": [
          [
            [
              -118.26434771336432,
              34.035641166229894
            ],
            [
              -118.26391839105725,
              34.035641166229894
            ],
            [
              -118.26391839105725,
              34.036715651291914
            ],
            [
              -118.26434771336432,
              34.036715651291914
            ],
            [
              -118.26434771336432,
              34.035641166229894
            ]
          ]
        ]
      }
    },
    {
      "type": "Feature",
      "properties": {
        "layerType": "BUILDING_3D",
        "id": "CENTRAL_BLD_86",
        "name": "Structure #86",
        "height": 10,
        "min_height": 0,
        "render_height": 10,
        "render_min_height": 0,
        "division": "Central Division",
        "bureau": "Central Bureau",
        "extrusionColor": "#1e293b"
      },
      "geometry": {
        "type": "Polygon",
        "coordinates": [
          [
            [
              -118.26364454805582,
              34.03584686132447
            ],
            [
              -118.2625700629938,
              34.03584686132447
            ],
            [
              -118.2625700629938,
              34.03644005436682
            ],
            [
              -118.26364454805582,
              34.03644005436682
            ],
            [
              -118.26364454805582,
              34.03584686132447
            ]
          ]
        ]
      }
    },
    {
      "type": "Feature",
      "properties": {
        "layerType": "BUILDING_3D",
        "id": "CENTRAL_BLD_89",
        "name": "Central Division High-Rise Tower #89",
        "height": 75,
        "min_height": 0,
        "render_height": 75,
        "render_min_height": 0,
        "division": "Central Division",
        "bureau": "Central Bureau",
        "extrusionColor": "#0ea5e9"
      },
      "geometry": {
        "type": "Polygon",
        "coordinates": [
          [
            [
              -118.25906538040923,
              34.03568645009441
            ],
            [
              -118.258385510723,
              34.03568645009441
            ],
            [
              -118.258385510723,
              34.03673629820745
            ],
            [
              -118.25906538040923,
              34.03673629820745
            ],
            [
              -118.25906538040923,
              34.03568645009441
            ]
          ]
        ]
      }
    },
    {
      "type": "Feature",
      "properties": {
        "layerType": "BUILDING_3D",
        "id": "CENTRAL_BLD_90",
        "name": "Structure #90",
        "height": 10,
        "min_height": 0,
        "render_height": 10,
        "render_min_height": 0,
        "division": "Central Division",
        "bureau": "Central Bureau",
        "extrusionColor": "#1e293b"
      },
      "geometry": {
        "type": "Polygon",
        "coordinates": [
          [
            [
              -118.25788497847702,
              34.03610467808686
            ],
            [
              -118.25683513036398,
              34.03610467808686
            ],
            [
              -118.25683513036398,
              34.03658311341111
            ],
            [
              -118.25788497847702,
              34.03658311341111
            ],
            [
              -118.25788497847702,
              34.03610467808686
            ]
          ]
        ]
      }
    },
    {
      "type": "Feature",
      "properties": {
        "layerType": "BUILDING_3D",
        "id": "CENTRAL_BLD_92",
        "name": "Structure #92",
        "height": 11,
        "min_height": 0,
        "render_height": 11,
        "render_min_height": 0,
        "division": "Central Division",
        "bureau": "Central Bureau",
        "extrusionColor": "#1e293b"
      },
      "geometry": {
        "type": "Polygon",
        "coordinates": [
          [
            [
              -118.25434170814586,
              34.03585148459107
            ],
            [
              -118.25380710630185,
              34.03585148459107
            ],
            [
              -118.25380710630185,
              34.03651401192774
            ],
            [
              -118.25434170814586,
              34.03651401192774
            ],
            [
              -118.25434170814586,
              34.03585148459107
            ]
          ]
        ]
      }
    },
    {
      "type": "Feature",
      "properties": {
        "layerType": "BUILDING_3D",
        "id": "CENTRAL_BLD_93",
        "name": "Central Division High-Rise Tower #93",
        "height": 242,
        "min_height": 0,
        "render_height": 242,
        "render_min_height": 0,
        "division": "Central Division",
        "bureau": "Central Bureau",
        "extrusionColor": "#00f3ff"
      },
      "geometry": {
        "type": "Polygon",
        "coordinates": [
          [
            [
              -118.25343422969465,
              34.03594110031625
            ],
            [
              -118.25277170235796,
              34.03594110031625
            ],
            [
              -118.25277170235796,
              34.036514262634185
            ],
            [
              -118.25343422969465,
              34.036514262634185
            ],
            [
              -118.25343422969465,
              34.03594110031625
            ]
          ]
        ]
      }
    },
    {
      "type": "Feature",
      "properties": {
        "layerType": "BUILDING_3D",
        "id": "CENTRAL_BLD_96",
        "name": "Structure #96",
        "height": 10,
        "min_height": 0,
        "render_height": 10,
        "render_min_height": 0,
        "division": "Central Division",
        "bureau": "Central Bureau",
        "extrusionColor": "#1e293b"
      },
      "geometry": {
        "type": "Polygon",
        "coordinates": [
          [
            [
              -118.24920410715097,
              34.03627097289729
            ],
            [
              -118.24827883314035,
              34.03627097289729
            ],
            [
              -118.24827883314035,
              34.03673012734844
            ],
            [
              -118.24920410715097,
              34.03673012734844
            ],
            [
              -118.24920410715097,
              34.03627097289729
            ]
          ]
        ]
      }
    },
    {
      "type": "Feature",
      "properties": {
        "layerType": "BUILDING_3D",
        "id": "CENTRAL_BLD_97",
        "name": "Structure #97",
        "height": 20,
        "min_height": 0,
        "render_height": 20,
        "render_min_height": 0,
        "division": "Central Division",
        "bureau": "Central Bureau",
        "extrusionColor": "#1e293b"
      },
      "geometry": {
        "type": "Polygon",
        "coordinates": [
          [
            [
              -118.24730045567415,
              34.03627590776685
            ],
            [
              -118.24684130122299,
              34.03627590776685
            ],
            [
              -118.24684130122299,
              34.03680453065016
            ],
            [
              -118.24730045567415,
              34.03680453065016
            ],
            [
              -118.24730045567415,
              34.03627590776685
            ]
          ]
        ]
      }
    },
    {
      "type": "Feature",
      "properties": {
        "layerType": "BUILDING_3D",
        "id": "CENTRAL_BLD_98",
        "name": "Structure #98",
        "height": 13,
        "min_height": 0,
        "render_height": 13,
        "render_min_height": 0,
        "division": "Central Division",
        "bureau": "Central Bureau",
        "extrusionColor": "#1e293b"
      },
      "geometry": {
        "type": "Polygon",
        "coordinates": [
          [
            [
              -118.24586694937601,
              34.0357009330216
            ],
            [
              -118.2453383264927,
              34.0357009330216
            ],
            [
              -118.2453383264927,
              34.03663371410025
            ],
            [
              -118.24586694937601,
              34.03663371410025
            ],
            [
              -118.24586694937601,
              34.0357009330216
            ]
          ]
        ]
      }
    },
    {
      "type": "Feature",
      "properties": {
        "layerType": "BUILDING_3D",
        "id": "CENTRAL_BLD_99",
        "name": "Structure #99",
        "height": 14,
        "min_height": 0,
        "render_height": 14,
        "render_min_height": 0,
        "division": "Central Division",
        "bureau": "Central Bureau",
        "extrusionColor": "#1e293b"
      },
      "geometry": {
        "type": "Polygon",
        "coordinates": [
          [
            [
              -118.24501335269268,
              34.035900596499665
            ],
            [
              -118.24408057161405,
              34.035900596499665
            ],
            [
              -118.24408057161405,
              34.03654520011363
            ],
            [
              -118.24501335269268,
              34.03654520011363
            ],
            [
              -118.24501335269268,
              34.035900596499665
            ]
          ]
        ]
      }
    },
    {
      "type": "Feature",
      "properties": {
        "layerType": "BUILDING_3D",
        "id": "CENTRAL_BLD_102",
        "name": "Structure #102",
        "height": 8,
        "min_height": 0,
        "render_height": 8,
        "render_min_height": 0,
        "division": "Central Division",
        "bureau": "Central Bureau",
        "extrusionColor": "#1e293b"
      },
      "geometry": {
        "type": "Polygon",
        "coordinates": [
          [
            [
              -118.24041091531905,
              34.03589584761807
            ],
            [
              -118.23981486175575,
              34.03589584761807
            ],
            [
              -118.23981486175575,
              34.036787711366436
            ],
            [
              -118.24041091531905,
              34.036787711366436
            ],
            [
              -118.24041091531905,
              34.03589584761807
            ]
          ]
        ]
      }
    },
    {
      "type": "Feature",
      "properties": {
        "layerType": "BUILDING_3D",
        "id": "CENTRAL_BLD_103",
        "name": "Structure #103",
        "height": 22,
        "min_height": 0,
        "render_height": 22,
        "render_min_height": 0,
        "division": "Central Division",
        "bureau": "Central Bureau",
        "extrusionColor": "#1e293b"
      },
      "geometry": {
        "type": "Polygon",
        "coordinates": [
          [
            [
              -118.23910415238193,
              34.036054938646465
            ],
            [
              -118.23821228863356,
              34.036054938646465
            ],
            [
              -118.23821228863356,
              34.036498747054814
            ],
            [
              -118.23910415238193,
              34.036498747054814
            ],
            [
              -118.23910415238193,
              34.036054938646465
            ]
          ]
        ]
      }
    },
    {
      "type": "Feature",
      "properties": {
        "layerType": "BUILDING_3D",
        "id": "CENTRAL_BLD_104",
        "name": "Structure #104",
        "height": 11,
        "min_height": 0,
        "render_height": 11,
        "render_min_height": 0,
        "division": "Central Division",
        "bureau": "Central Bureau",
        "extrusionColor": "#1e293b"
      },
      "geometry": {
        "type": "Polygon",
        "coordinates": [
          [
            [
              -118.23751648992496,
              34.036019545057975
            ],
            [
              -118.23707268151662,
              34.036019545057975
            ],
            [
              -118.23707268151662,
              34.0370074369394
            ],
            [
              -118.23751648992496,
              34.0370074369394
            ],
            [
              -118.23751648992496,
              34.036019545057975
            ]
          ]
        ]
      }
    },
    {
      "type": "Feature",
      "properties": {
        "layerType": "BUILDING_3D",
        "id": "CENTRAL_BLD_105",
        "name": "Structure #105",
        "height": 12,
        "min_height": 0,
        "render_height": 12,
        "render_min_height": 0,
        "division": "Central Division",
        "bureau": "Central Bureau",
        "extrusionColor": "#1e293b"
      },
      "geometry": {
        "type": "Polygon",
        "coordinates": [
          [
            [
              -118.23612331208489,
              34.03586214319838
            ],
            [
              -118.23513542020345,
              34.03586214319838
            ],
            [
              -118.23513542020345,
              34.036447950254974
            ],
            [
              -118.23612331208489,
              34.036447950254974
            ],
            [
              -118.23612331208489,
              34.03586214319838
            ]
          ]
        ]
      }
    },
    {
      "type": "Feature",
      "properties": {
        "layerType": "BUILDING_3D",
        "id": "CENTRAL_BLD_106",
        "name": "Structure #106",
        "height": 14,
        "min_height": 0,
        "render_height": 14,
        "render_min_height": 0,
        "division": "Central Division",
        "bureau": "Central Bureau",
        "extrusionColor": "#1e293b"
      },
      "geometry": {
        "type": "Polygon",
        "coordinates": [
          [
            [
              -118.2648521425159,
              34.0377134913344
            ],
            [
              -118.26426633545933,
              34.0377134913344
            ],
            [
              -118.26426633545933,
              34.038324278533025
            ],
            [
              -118.2648521425159,
              34.038324278533025
            ],
            [
              -118.2648521425159,
              34.0377134913344
            ]
          ]
        ]
      }
    },
    {
      "type": "Feature",
      "properties": {
        "layerType": "BUILDING_3D",
        "id": "CENTRAL_BLD_108",
        "name": "Structure #108",
        "height": 10,
        "min_height": 0,
        "render_height": 10,
        "render_min_height": 0,
        "division": "Central Division",
        "bureau": "Central Bureau",
        "extrusionColor": "#1e293b"
      },
      "geometry": {
        "type": "Polygon",
        "coordinates": [
          [
            [
              -118.26193214741555,
              34.037183428678894
            ],
            [
              -118.2612448470082,
              34.037183428678894
            ],
            [
              -118.2612448470082,
              34.03825097369606
            ],
            [
              -118.26193214741555,
              34.03825097369606
            ],
            [
              -118.26193214741555,
              34.037183428678894
            ]
          ]
        ]
      }
    },
    {
      "type": "Feature",
      "properties": {
        "layerType": "BUILDING_3D",
        "id": "CENTRAL_BLD_109",
        "name": "Structure #109",
        "height": 13,
        "min_height": 0,
        "render_height": 13,
        "render_min_height": 0,
        "division": "Central Division",
        "bureau": "Central Bureau",
        "extrusionColor": "#1e293b"
      },
      "geometry": {
        "type": "Polygon",
        "coordinates": [
          [
            [
              -118.26067371417827,
              34.03751623289221
            ],
            [
              -118.25960616916109,
              34.03751623289221
            ],
            [
              -118.25960616916109,
              34.038040590616696
            ],
            [
              -118.26067371417827,
              34.038040590616696
            ],
            [
              -118.26067371417827,
              34.03751623289221
            ]
          ]
        ]
      }
    },
    {
      "type": "Feature",
      "properties": {
        "layerType": "BUILDING_3D",
        "id": "CENTRAL_BLD_110",
        "name": "Structure #110",
        "height": 15,
        "min_height": 0,
        "render_height": 15,
        "render_min_height": 0,
        "division": "Central Division",
        "bureau": "Central Bureau",
        "extrusionColor": "#1e293b"
      },
      "geometry": {
        "type": "Polygon",
        "coordinates": [
          [
            [
              -118.25891233853636,
              34.03774988228133
            ],
            [
              -118.25838798081188,
              34.03774988228133
            ],
            [
              -118.25838798081188,
              34.03841533260328
            ],
            [
              -118.25891233853636,
              34.03841533260328
            ],
            [
              -118.25891233853636,
              34.03774988228133
            ]
          ]
        ]
      }
    },
    {
      "type": "Feature",
      "properties": {
        "layerType": "BUILDING_3D",
        "id": "CENTRAL_BLD_111",
        "name": "Structure #111",
        "height": 13,
        "min_height": 0,
        "render_height": 13,
        "render_min_height": 0,
        "division": "Central Division",
        "bureau": "Central Bureau",
        "extrusionColor": "#1e293b"
      },
      "geometry": {
        "type": "Polygon",
        "coordinates": [
          [
            [
              -118.25725011771867,
              34.03727629557535
            ],
            [
              -118.25658466739672,
              34.03727629557535
            ],
            [
              -118.25658466739672,
              34.038019819640965
            ],
            [
              -118.25725011771867,
              34.038019819640965
            ],
            [
              -118.25725011771867,
              34.03727629557535
            ]
          ]
        ]
      }
    },
    {
      "type": "Feature",
      "properties": {
        "layerType": "BUILDING_3D",
        "id": "CENTRAL_BLD_112",
        "name": "Central Division High-Rise Tower #112",
        "height": 295,
        "min_height": 0,
        "render_height": 295,
        "render_min_height": 0,
        "division": "Central Division",
        "bureau": "Central Bureau",
        "extrusionColor": "#00f3ff"
      },
      "geometry": {
        "type": "Polygon",
        "coordinates": [
          [
            [
              -118.25629513299609,
              34.03743576571745
            ],
            [
              -118.25555160893046,
              34.03743576571745
            ],
            [
              -118.25555160893046,
              34.0380860976548
            ],
            [
              -118.25629513299609,
              34.0380860976548
            ],
            [
              -118.25629513299609,
              34.03743576571745
            ]
          ]
        ]
      }
    },
    {
      "type": "Feature",
      "properties": {
        "layerType": "BUILDING_3D",
        "id": "CENTRAL_BLD_114",
        "name": "Structure #114",
        "height": 15,
        "min_height": 0,
        "render_height": 15,
        "render_min_height": 0,
        "division": "Central Division",
        "bureau": "Central Bureau",
        "extrusionColor": "#1e293b"
      },
      "geometry": {
        "type": "Polygon",
        "coordinates": [
          [
            [
              -118.25326607551531,
              34.0372233333825
            ],
            [
              -118.25251571455112,
              34.0372233333825
            ],
            [
              -118.25251571455112,
              34.038274340574404
            ],
            [
              -118.25326607551531,
              34.038274340574404
            ],
            [
              -118.25326607551531,
              34.0372233333825
            ]
          ]
        ]
      }
    },
    {
      "type": "Feature",
      "properties": {
        "layerType": "BUILDING_3D",
        "id": "CENTRAL_BLD_115",
        "name": "Structure #115",
        "height": 12,
        "min_height": 0,
        "render_height": 12,
        "render_min_height": 0,
        "division": "Central Division",
        "bureau": "Central Bureau",
        "extrusionColor": "#1e293b"
      },
      "geometry": {
        "type": "Polygon",
        "coordinates": [
          [
            [
              -118.25206238090321,
              34.037467754755355
            ],
            [
              -118.25101137371131,
              34.037467754755355
            ],
            [
              -118.25101137371131,
              34.03818996564449
            ],
            [
              -118.25206238090321,
              34.03818996564449
            ],
            [
              -118.25206238090321,
              34.037467754755355
            ]
          ]
        ]
      }
    },
    {
      "type": "Feature",
      "properties": {
        "layerType": "BUILDING_3D",
        "id": "CENTRAL_BLD_116",
        "name": "Structure #116",
        "height": 23,
        "min_height": 0,
        "render_height": 23,
        "render_min_height": 0,
        "division": "Central Division",
        "bureau": "Central Bureau",
        "extrusionColor": "#1e293b"
      },
      "geometry": {
        "type": "Polygon",
        "coordinates": [
          [
            [
              -118.2503893881018,
              34.03777438720274
            ],
            [
              -118.24966717721266,
              34.03777438720274
            ],
            [
              -118.24966717721266,
              34.03836436716147
            ],
            [
              -118.2503893881018,
              34.03836436716147
            ],
            [
              -118.2503893881018,
              34.03777438720274
            ]
          ]
        ]
      }
    },
    {
      "type": "Feature",
      "properties": {
        "layerType": "BUILDING_3D",
        "id": "CENTRAL_BLD_117",
        "name": "Structure #117",
        "height": 25,
        "min_height": 0,
        "render_height": 25,
        "render_min_height": 0,
        "division": "Central Division",
        "bureau": "Central Bureau",
        "extrusionColor": "#1e293b"
      },
      "geometry": {
        "type": "Polygon",
        "coordinates": [
          [
            [
              -118.24865418422584,
              34.03729172905814
            ],
            [
              -118.24806420426711,
              34.03729172905814
            ],
            [
              -118.24806420426711,
              34.03832095122162
            ],
            [
              -118.24865418422584,
              34.03832095122162
            ],
            [
              -118.24865418422584,
              34.03729172905814
            ]
          ]
        ]
      }
    },
    {
      "type": "Feature",
      "properties": {
        "layerType": "BUILDING_3D",
        "id": "CENTRAL_BLD_118",
        "name": "Central Division High-Rise Tower #118",
        "height": 216,
        "min_height": 0,
        "render_height": 216,
        "render_min_height": 0,
        "division": "Central Division",
        "bureau": "Central Bureau",
        "extrusionColor": "#00f3ff"
      },
      "geometry": {
        "type": "Polygon",
        "coordinates": [
          [
            [
              -118.24770827094187,
              34.037142753915845
            ],
            [
              -118.24667904877839,
              34.037142753915845
            ],
            [
              -118.24667904877839,
              34.03825835687526
            ],
            [
              -118.24770827094187,
              34.03825835687526
            ],
            [
              -118.24770827094187,
              34.037142753915845
            ]
          ]
        ]
      }
    },
    {
      "type": "Feature",
      "properties": {
        "layerType": "BUILDING_3D",
        "id": "CENTRAL_BLD_119",
        "name": "Structure #119",
        "height": 19,
        "min_height": 0,
        "render_height": 19,
        "render_min_height": 0,
        "division": "Central Division",
        "bureau": "Central Bureau",
        "extrusionColor": "#1e293b"
      },
      "geometry": {
        "type": "Polygon",
        "coordinates": [
          [
            [
              -118.24642867465558,
              34.03751877000784
            ],
            [
              -118.24531307169617,
              34.03751877000784
            ],
            [
              -118.24531307169617,
              34.03858512831088
            ],
            [
              -118.24642867465558,
              34.03858512831088
            ],
            [
              -118.24642867465558,
              34.03751877000784
            ]
          ]
        ]
      }
    },
    {
      "type": "Feature",
      "properties": {
        "layerType": "BUILDING_3D",
        "id": "CENTRAL_BLD_120",
        "name": "Structure #120",
        "height": 11,
        "min_height": 0,
        "render_height": 11,
        "render_min_height": 0,
        "division": "Central Division",
        "bureau": "Central Bureau",
        "extrusionColor": "#1e293b"
      },
      "geometry": {
        "type": "Polygon",
        "coordinates": [
          [
            [
              -118.24462408713501,
              34.0376881118959
            ],
            [
              -118.24355772883197,
              34.0376881118959
            ],
            [
              -118.24355772883197,
              34.038553995696304
            ],
            [
              -118.24462408713501,
              34.038553995696304
            ],
            [
              -118.24462408713501,
              34.0376881118959
            ]
          ]
        ]
      }
    },
    {
      "type": "Feature",
      "properties": {
        "layerType": "BUILDING_3D",
        "id": "CENTRAL_BLD_121",
        "name": "Structure #121",
        "height": 13,
        "min_height": 0,
        "render_height": 13,
        "render_min_height": 0,
        "division": "Central Division",
        "bureau": "Central Bureau",
        "extrusionColor": "#1e293b"
      },
      "geometry": {
        "type": "Polygon",
        "coordinates": [
          [
            [
              -118.24302617381838,
              34.037790618776
            ],
            [
              -118.24216029001798,
              34.037790618776
            ],
            [
              -118.24216029001798,
              34.038372697366
            ],
            [
              -118.24302617381838,
              34.038372697366
            ],
            [
              -118.24302617381838,
              34.037790618776
            ]
          ]
        ]
      }
    },
    {
      "type": "Feature",
      "properties": {
        "layerType": "BUILDING_3D",
        "id": "CENTRAL_BLD_122",
        "name": "Central Division High-Rise Tower #122",
        "height": 158,
        "min_height": 0,
        "render_height": 158,
        "render_min_height": 0,
        "division": "Central Division",
        "bureau": "Central Bureau",
        "extrusionColor": "#00f3ff"
      },
      "geometry": {
        "type": "Polygon",
        "coordinates": [
          [
            [
              -118.24149509550972,
              34.03760133760892
            ],
            [
              -118.2409130169197,
              34.03760133760892
            ],
            [
              -118.2409130169197,
              34.03824121932887
            ],
            [
              -118.24149509550972,
              34.03824121932887
            ],
            [
              -118.24149509550972,
              34.03760133760892
            ]
          ]
        ]
      }
    },
    {
      "type": "Feature",
      "properties": {
        "layerType": "BUILDING_3D",
        "id": "CENTRAL_BLD_123",
        "name": "Central Division High-Rise Tower #123",
        "height": 100,
        "min_height": 0,
        "render_height": 100,
        "render_min_height": 0,
        "division": "Central Division",
        "bureau": "Central Bureau",
        "extrusionColor": "#00f3ff"
      },
      "geometry": {
        "type": "Polygon",
        "coordinates": [
          [
            [
              -118.24025580524824,
              34.03742977300751
            ],
            [
              -118.23961592352828,
              34.03742977300751
            ],
            [
              -118.23961592352828,
              34.03795869559364
            ],
            [
              -118.24025580524824,
              34.03795869559364
            ],
            [
              -118.24025580524824,
              34.03742977300751
            ]
          ]
        ]
      }
    },
    {
      "type": "Feature",
      "properties": {
        "layerType": "BUILDING_3D",
        "id": "CENTRAL_BLD_124",
        "name": "Structure #124",
        "height": 12,
        "min_height": 0,
        "render_height": 12,
        "render_min_height": 0,
        "division": "Central Division",
        "bureau": "Central Bureau",
        "extrusionColor": "#1e293b"
      },
      "geometry": {
        "type": "Polygon",
        "coordinates": [
          [
            [
              -118.23899879842105,
              34.037375316052405
            ],
            [
              -118.23846987583494,
              34.037375316052405
            ],
            [
              -118.23846987583494,
              34.038105637556654
            ],
            [
              -118.23899879842105,
              34.038105637556654
            ],
            [
              -118.23899879842105,
              34.037375316052405
            ]
          ]
        ]
      }
    },
    {
      "type": "Feature",
      "properties": {
        "layerType": "BUILDING_3D",
        "id": "CENTRAL_BLD_125",
        "name": "Structure #125",
        "height": 16,
        "min_height": 0,
        "render_height": 16,
        "render_min_height": 0,
        "division": "Central Division",
        "bureau": "Central Bureau",
        "extrusionColor": "#1e293b"
      },
      "geometry": {
        "type": "Polygon",
        "coordinates": [
          [
            [
              -118.23762468394759,
              34.03735542175707
            ],
            [
              -118.23689436244334,
              34.03735542175707
            ],
            [
              -118.23689436244334,
              34.03794799723788
            ],
            [
              -118.23762468394759,
              34.03794799723788
            ],
            [
              -118.23762468394759,
              34.03735542175707
            ]
          ]
        ]
      }
    },
    {
      "type": "Feature",
      "properties": {
        "layerType": "BUILDING_3D",
        "id": "CENTRAL_BLD_126",
        "name": "Structure #126",
        "height": 21,
        "min_height": 0,
        "render_height": 21,
        "render_min_height": 0,
        "division": "Central Division",
        "bureau": "Central Bureau",
        "extrusionColor": "#1e293b"
      },
      "geometry": {
        "type": "Polygon",
        "coordinates": [
          [
            [
              -118.23621600681437,
              34.03742170480631
            ],
            [
              -118.23562343133355,
              34.03742170480631
            ],
            [
              -118.23562343133355,
              34.03820395245764
            ],
            [
              -118.23621600681437,
              34.03820395245764
            ],
            [
              -118.23621600681437,
              34.03742170480631
            ]
          ]
        ]
      }
    },
    {
      "type": "Feature",
      "properties": {
        "layerType": "BUILDING_3D",
        "id": "CENTRAL_BLD_128",
        "name": "Structure #128",
        "height": 15,
        "min_height": 0,
        "render_height": 15,
        "render_min_height": 0,
        "division": "Central Division",
        "bureau": "Central Bureau",
        "extrusionColor": "#1e293b"
      },
      "geometry": {
        "type": "Polygon",
        "coordinates": [
          [
            [
              -118.26349792120783,
              34.03875971152967
            ],
            [
              -118.26252538659429,
              34.03875971152967
            ],
            [
              -118.26252538659429,
              34.03980617042675
            ],
            [
              -118.26349792120783,
              34.03980617042675
            ],
            [
              -118.26349792120783,
              34.03875971152967
            ]
          ]
        ]
      }
    },
    {
      "type": "Feature",
      "properties": {
        "layerType": "BUILDING_3D",
        "id": "CENTRAL_BLD_129",
        "name": "Structure #129",
        "height": 20,
        "min_height": 0,
        "render_height": 20,
        "render_min_height": 0,
        "division": "Central Division",
        "bureau": "Central Bureau",
        "extrusionColor": "#1e293b"
      },
      "geometry": {
        "type": "Polygon",
        "coordinates": [
          [
            [
              -118.26195457418463,
              34.03906614169253
            ],
            [
              -118.26090811528753,
              34.03906614169253
            ],
            [
              -118.26090811528753,
              34.039804199403434
            ],
            [
              -118.26195457418463,
              34.039804199403434
            ],
            [
              -118.26195457418463,
              34.03906614169253
            ]
          ]
        ]
      }
    },
    {
      "type": "Feature",
      "properties": {
        "layerType": "BUILDING_3D",
        "id": "CENTRAL_BLD_130",
        "name": "Structure #130",
        "height": 13,
        "min_height": 0,
        "render_height": 13,
        "render_min_height": 0,
        "division": "Central Division",
        "bureau": "Central Bureau",
        "extrusionColor": "#1e293b"
      },
      "geometry": {
        "type": "Polygon",
        "coordinates": [
          [
            [
              -118.2602195725932,
              34.039040344102766
            ],
            [
              -118.25948151488228,
              34.039040344102766
            ],
            [
              -118.25948151488228,
              34.03994827584685
            ],
            [
              -118.2602195725932,
              34.03994827584685
            ],
            [
              -118.2602195725932,
              34.039040344102766
            ]
          ]
        ]
      }
    },
    {
      "type": "Feature",
      "properties": {
        "layerType": "BUILDING_3D",
        "id": "CENTRAL_BLD_131",
        "name": "Structure #131",
        "height": 8,
        "min_height": 0,
        "render_height": 8,
        "render_min_height": 0,
        "division": "Central Division",
        "bureau": "Central Bureau",
        "extrusionColor": "#1e293b"
      },
      "geometry": {
        "type": "Polygon",
        "coordinates": [
          [
            [
              -118.25881679875438,
              34.03892749366893
            ],
            [
              -118.2579088670103,
              34.03892749366893
            ],
            [
              -118.2579088670103,
              34.03956768438281
            ],
            [
              -118.25881679875438,
              34.03956768438281
            ],
            [
              -118.25881679875438,
              34.03892749366893
            ]
          ]
        ]
      }
    },
    {
      "type": "Feature",
      "properties": {
        "layerType": "BUILDING_3D",
        "id": "CENTRAL_BLD_132",
        "name": "Central Division High-Rise Tower #132",
        "height": 206,
        "min_height": 0,
        "render_height": 206,
        "render_min_height": 0,
        "division": "Central Division",
        "bureau": "Central Bureau",
        "extrusionColor": "#00f3ff"
      },
      "geometry": {
        "type": "Polygon",
        "coordinates": [
          [
            [
              -118.25750107775964,
              34.03915714616939
            ],
            [
              -118.25686088704576,
              34.03915714616939
            ],
            [
              -118.25686088704576,
              34.03960983033542
            ],
            [
              -118.25750107775964,
              34.03960983033542
            ],
            [
              -118.25750107775964,
              34.03915714616939
            ]
          ]
        ]
      }
    },
    {
      "type": "Feature",
      "properties": {
        "layerType": "BUILDING_3D",
        "id": "CENTRAL_BLD_133",
        "name": "Structure #133",
        "height": 18,
        "min_height": 0,
        "render_height": 18,
        "render_min_height": 0,
        "division": "Central Division",
        "bureau": "Central Bureau",
        "extrusionColor": "#1e293b"
      },
      "geometry": {
        "type": "Polygon",
        "coordinates": [
          [
            [
              -118.25584285383061,
              34.038734743788574
            ],
            [
              -118.2553901696646,
              34.038734743788574
            ],
            [
              -118.2553901696646,
              34.039603847067916
            ],
            [
              -118.25584285383061,
              34.039603847067916
            ],
            [
              -118.25584285383061,
              34.038734743788574
            ]
          ]
        ]
      }
    },
    {
      "type": "Feature",
      "properties": {
        "layerType": "BUILDING_3D",
        "id": "CENTRAL_BLD_134",
        "name": "Structure #134",
        "height": 22,
        "min_height": 0,
        "render_height": 22,
        "render_min_height": 0,
        "division": "Central Division",
        "bureau": "Central Bureau",
        "extrusionColor": "#1e293b"
      },
      "geometry": {
        "type": "Polygon",
        "coordinates": [
          [
            [
              -118.25483668478286,
              34.03859860653519
            ],
            [
              -118.25396758150352,
              34.03859860653519
            ],
            [
              -118.25396758150352,
              34.03943997384475
            ],
            [
              -118.25483668478286,
              34.03943997384475
            ],
            [
              -118.25483668478286,
              34.03859860653519
            ]
          ]
        ]
      }
    },
    {
      "type": "Feature",
      "properties": {
        "layerType": "BUILDING_3D",
        "id": "CENTRAL_BLD_135",
        "name": "Structure #135",
        "height": 16,
        "min_height": 0,
        "render_height": 16,
        "render_min_height": 0,
        "division": "Central Division",
        "bureau": "Central Bureau",
        "extrusionColor": "#1e293b"
      },
      "geometry": {
        "type": "Polygon",
        "coordinates": [
          [
            [
              -118.25354425060767,
              34.03885533599292
            ],
            [
              -118.25270288329811,
              34.03885533599292
            ],
            [
              -118.25270288329811,
              34.039849514968324
            ],
            [
              -118.25354425060767,
              34.039849514968324
            ],
            [
              -118.25354425060767,
              34.03885533599292
            ]
          ]
        ]
      }
    },
    {
      "type": "Feature",
      "properties": {
        "layerType": "BUILDING_3D",
        "id": "CENTRAL_BLD_137",
        "name": "Structure #137",
        "height": 11,
        "min_height": 0,
        "render_height": 11,
        "render_min_height": 0,
        "division": "Central Division",
        "bureau": "Central Bureau",
        "extrusionColor": "#1e293b"
      },
      "geometry": {
        "type": "Polygon",
        "coordinates": [
          [
            [
              -118.25034458496825,
              34.0389742486316
            ],
            [
              -118.2495663701936,
              34.0389742486316
            ],
            [
              -118.2495663701936,
              34.03993072344334
            ],
            [
              -118.25034458496825,
              34.03993072344334
            ],
            [
              -118.25034458496825,
              34.0389742486316
            ]
          ]
        ]
      }
    },
    {
      "type": "Feature",
      "properties": {
        "layerType": "BUILDING_3D",
        "id": "CENTRAL_BLD_138",
        "name": "Structure #138",
        "height": 10,
        "min_height": 0,
        "render_height": 10,
        "render_min_height": 0,
        "division": "Central Division",
        "bureau": "Central Bureau",
        "extrusionColor": "#1e293b"
      },
      "geometry": {
        "type": "Polygon",
        "coordinates": [
          [
            [
              -118.24888289422555,
              34.0389984742813
            ],
            [
              -118.2479264194138,
              34.0389984742813
            ],
            [
              -118.2479264194138,
              34.0395609550724
            ],
            [
              -118.24888289422555,
              34.0395609550724
            ],
            [
              -118.24888289422555,
              34.0389984742813
            ]
          ]
        ]
      }
    },
    {
      "type": "Feature",
      "properties": {
        "layerType": "BUILDING_3D",
        "id": "CENTRAL_BLD_139",
        "name": "Structure #139",
        "height": 12,
        "min_height": 0,
        "render_height": 12,
        "render_min_height": 0,
        "division": "Central Division",
        "bureau": "Central Bureau",
        "extrusionColor": "#1e293b"
      },
      "geometry": {
        "type": "Polygon",
        "coordinates": [
          [
            [
              -118.24743009714727,
              34.039155936138144
            ],
            [
              -118.24686761635617,
              34.039155936138144
            ],
            [
              -118.24686761635617,
              34.03968870927493
            ],
            [
              -118.24743009714727,
              34.03968870927493
            ],
            [
              -118.24743009714727,
              34.039155936138144
            ]
          ]
        ]
      }
    },
    {
      "type": "Feature",
      "properties": {
        "layerType": "BUILDING_3D",
        "id": "CENTRAL_BLD_140",
        "name": "Structure #140",
        "height": 20,
        "min_height": 0,
        "render_height": 20,
        "render_min_height": 0,
        "division": "Central Division",
        "bureau": "Central Bureau",
        "extrusionColor": "#1e293b"
      },
      "geometry": {
        "type": "Polygon",
        "coordinates": [
          [
            [
              -118.24584406386185,
              34.03880256944084
            ],
            [
              -118.24531129072508,
              34.03880256944084
            ],
            [
              -118.24531129072508,
              34.03941168553923
            ],
            [
              -118.24584406386185,
              34.03941168553923
            ],
            [
              -118.24584406386185,
              34.03880256944084
            ]
          ]
        ]
      }
    },
    {
      "type": "Feature",
      "properties": {
        "layerType": "BUILDING_3D",
        "id": "CENTRAL_BLD_141",
        "name": "Structure #141",
        "height": 16,
        "min_height": 0,
        "render_height": 16,
        "render_min_height": 0,
        "division": "Central Division",
        "bureau": "Central Bureau",
        "extrusionColor": "#1e293b"
      },
      "geometry": {
        "type": "Polygon",
        "coordinates": [
          [
            [
              -118.24476885913059,
              34.03861644242708
            ],
            [
              -118.2441597430322,
              34.03861644242708
            ],
            [
              -118.2441597430322,
              34.03955028030607
            ],
            [
              -118.24476885913059,
              34.03955028030607
            ],
            [
              -118.24476885913059,
              34.03861644242708
            ]
          ]
        ]
      }
    },
    {
      "type": "Feature",
      "properties": {
        "layerType": "BUILDING_3D",
        "id": "CENTRAL_BLD_144",
        "name": "Structure #144",
        "height": 11,
        "min_height": 0,
        "render_height": 11,
        "render_min_height": 0,
        "division": "Central Division",
        "bureau": "Central Bureau",
        "extrusionColor": "#1e293b"
      },
      "geometry": {
        "type": "Polygon",
        "coordinates": [
          [
            [
              -118.24011360538636,
              34.03885910063355
            ],
            [
              -118.23964939686441,
              34.03885910063355
            ],
            [
              -118.23964939686441,
              34.039659815059814
            ],
            [
              -118.24011360538636,
              34.039659815059814
            ],
            [
              -118.24011360538636,
              34.03885910063355
            ]
          ]
        ]
      }
    },
    {
      "type": "Feature",
      "properties": {
        "layerType": "BUILDING_3D",
        "id": "CENTRAL_BLD_145",
        "name": "Structure #145",
        "height": 21,
        "min_height": 0,
        "render_height": 21,
        "render_min_height": 0,
        "division": "Central Division",
        "bureau": "Central Bureau",
        "extrusionColor": "#1e293b"
      },
      "geometry": {
        "type": "Polygon",
        "coordinates": [
          [
            [
              -118.2389980422236,
              34.03874268499726
            ],
            [
              -118.23819732779732,
              34.03874268499726
            ],
            [
              -118.23819732779732,
              34.03931433435214
            ],
            [
              -118.2389980422236,
              34.03931433435214
            ],
            [
              -118.2389980422236,
              34.03874268499726
            ]
          ]
        ]
      }
    },
    {
      "type": "Feature",
      "properties": {
        "layerType": "BUILDING_3D",
        "id": "CENTRAL_BLD_146",
        "name": "Structure #146",
        "height": 25,
        "min_height": 0,
        "render_height": 25,
        "render_min_height": 0,
        "division": "Central Division",
        "bureau": "Central Bureau",
        "extrusionColor": "#1e293b"
      },
      "geometry": {
        "type": "Polygon",
        "coordinates": [
          [
            [
              -118.23768588643132,
              34.03881965572722
            ],
            [
              -118.23711423707643,
              34.03881965572722
            ],
            [
              -118.23711423707643,
              34.0397757730691
            ],
            [
              -118.23768588643132,
              34.0397757730691
            ],
            [
              -118.23768588643132,
              34.03881965572722
            ]
          ]
        ]
      }
    },
    {
      "type": "Feature",
      "properties": {
        "layerType": "BUILDING_3D",
        "id": "CENTRAL_BLD_148",
        "name": "Structure #148",
        "height": 25,
        "min_height": 0,
        "render_height": 25,
        "render_min_height": 0,
        "division": "Central Division",
        "bureau": "Central Bureau",
        "extrusionColor": "#1e293b"
      },
      "geometry": {
        "type": "Polygon",
        "coordinates": [
          [
            [
              -118.26501906083593,
              34.040491674235206
            ],
            [
              -118.26389487162484,
              34.040491674235206
            ],
            [
              -118.26389487162484,
              34.041209542083244
            ],
            [
              -118.26501906083593,
              34.041209542083244
            ],
            [
              -118.26501906083593,
              34.040491674235206
            ]
          ]
        ]
      }
    },
    {
      "type": "Feature",
      "properties": {
        "layerType": "BUILDING_3D",
        "id": "CENTRAL_BLD_149",
        "name": "Structure #149",
        "height": 19,
        "min_height": 0,
        "render_height": 19,
        "render_min_height": 0,
        "division": "Central Division",
        "bureau": "Central Bureau",
        "extrusionColor": "#1e293b"
      },
      "geometry": {
        "type": "Polygon",
        "coordinates": [
          [
            [
              -118.26307975433622,
              34.04041538757076
            ],
            [
              -118.26236188648818,
              34.04041538757076
            ],
            [
              -118.26236188648818,
              34.0415547437384
            ],
            [
              -118.26307975433622,
              34.0415547437384
            ],
            [
              -118.26307975433622,
              34.04041538757076
            ]
          ]
        ]
      }
    },
    {
      "type": "Feature",
      "properties": {
        "layerType": "BUILDING_3D",
        "id": "CENTRAL_BLD_150",
        "name": "Structure #150",
        "height": 20,
        "min_height": 0,
        "render_height": 20,
        "render_min_height": 0,
        "division": "Central Division",
        "bureau": "Central Bureau",
        "extrusionColor": "#1e293b"
      },
      "geometry": {
        "type": "Polygon",
        "coordinates": [
          [
            [
              -118.2617274695721,
              34.040219189338515
            ],
            [
              -118.26058811340445,
              34.040219189338515
            ],
            [
              -118.26058811340445,
              34.041100827789776
            ],
            [
              -118.2617274695721,
              34.041100827789776
            ],
            [
              -118.2617274695721,
              34.040219189338515
            ]
          ]
        ]
      }
    },
    {
      "type": "Feature",
      "properties": {
        "layerType": "BUILDING_3D",
        "id": "CENTRAL_BLD_151",
        "name": "Central Division High-Rise Tower #151",
        "height": 210,
        "min_height": 0,
        "render_height": 210,
        "render_min_height": 0,
        "division": "Central Division",
        "bureau": "Central Bureau",
        "extrusionColor": "#00f3ff"
      },
      "geometry": {
        "type": "Polygon",
        "coordinates": [
          [
            [
              -118.26049509637578,
              34.04053208984837
            ],
            [
              -118.25961345792452,
              34.04053208984837
            ],
            [
              -118.25961345792452,
              34.04146230859129
            ],
            [
              -118.26049509637578,
              34.04146230859129
            ],
            [
              -118.26049509637578,
              34.04053208984837
            ]
          ]
        ]
      }
    },
    {
      "type": "Feature",
      "properties": {
        "layerType": "BUILDING_3D",
        "id": "CENTRAL_BLD_152",
        "name": "Structure #152",
        "height": 18,
        "min_height": 0,
        "render_height": 18,
        "render_min_height": 0,
        "division": "Central Division",
        "bureau": "Central Bureau",
        "extrusionColor": "#1e293b"
      },
      "geometry": {
        "type": "Polygon",
        "coordinates": [
          [
            [
              -118.25875362443735,
              34.040551996089896
            ],
            [
              -118.25782340569442,
              34.040551996089896
            ],
            [
              -118.25782340569442,
              34.04103005400355
            ],
            [
              -118.25875362443735,
              34.04103005400355
            ],
            [
              -118.25875362443735,
              34.040551996089896
            ]
          ]
        ]
      }
    },
    {
      "type": "Feature",
      "properties": {
        "layerType": "BUILDING_3D",
        "id": "CENTRAL_BLD_153",
        "name": "Central Division High-Rise Tower #153",
        "height": 323,
        "min_height": 0,
        "render_height": 323,
        "render_min_height": 0,
        "division": "Central Division",
        "bureau": "Central Bureau",
        "extrusionColor": "#00f3ff"
      },
      "geometry": {
        "type": "Polygon",
        "coordinates": [
          [
            [
              -118.25730514676725,
              34.04040403412186
            ],
            [
              -118.2568270888536,
              34.04040403412186
            ],
            [
              -118.2568270888536,
              34.04125574443823
            ],
            [
              -118.25730514676725,
              34.04125574443823
            ],
            [
              -118.25730514676725,
              34.04040403412186
            ]
          ]
        ]
      }
    },
    {
      "type": "Feature",
      "properties": {
        "layerType": "BUILDING_3D",
        "id": "CENTRAL_BLD_154",
        "name": "Structure #154",
        "height": 25,
        "min_height": 0,
        "render_height": 25,
        "render_min_height": 0,
        "division": "Central Division",
        "bureau": "Central Bureau",
        "extrusionColor": "#1e293b"
      },
      "geometry": {
        "type": "Polygon",
        "coordinates": [
          [
            [
              -118.2560245373067,
              34.04005425319825
            ],
            [
              -118.25517282699033,
              34.04005425319825
            ],
            [
              -118.25517282699033,
              34.04088206803503
            ],
            [
              -118.2560245373067,
              34.04088206803503
            ],
            [
              -118.2560245373067,
              34.04005425319825
            ]
          ]
        ]
      }
    },
    {
      "type": "Feature",
      "properties": {
        "layerType": "BUILDING_3D",
        "id": "CENTRAL_BLD_155",
        "name": "Structure #155",
        "height": 12,
        "min_height": 0,
        "render_height": 12,
        "render_min_height": 0,
        "division": "Central Division",
        "bureau": "Central Bureau",
        "extrusionColor": "#1e293b"
      },
      "geometry": {
        "type": "Polygon",
        "coordinates": [
          [
            [
              -118.25494574680175,
              34.04020949097924
            ],
            [
              -118.25411793196497,
              34.04020949097924
            ],
            [
              -118.25411793196497,
              34.04132467409839
            ],
            [
              -118.25494574680175,
              34.04132467409839
            ],
            [
              -118.25494574680175,
              34.04020949097924
            ]
          ]
        ]
      }
    },
    {
      "type": "Feature",
      "properties": {
        "layerType": "BUILDING_3D",
        "id": "CENTRAL_BLD_157",
        "name": "Structure #157",
        "height": 18,
        "min_height": 0,
        "render_height": 18,
        "render_min_height": 0,
        "division": "Central Division",
        "bureau": "Central Bureau",
        "extrusionColor": "#1e293b"
      },
      "geometry": {
        "type": "Polygon",
        "coordinates": [
          [
            [
              -118.25170294022098,
              34.04072154204793
            ],
            [
              -118.25108684175447,
              34.04072154204793
            ],
            [
              -118.25108684175447,
              34.041234179514134
            ],
            [
              -118.25170294022098,
              34.041234179514134
            ],
            [
              -118.25170294022098,
              34.04072154204793
            ]
          ]
        ]
      }
    },
    {
      "type": "Feature",
      "properties": {
        "layerType": "BUILDING_3D",
        "id": "CENTRAL_BLD_158",
        "name": "Structure #158",
        "height": 14,
        "min_height": 0,
        "render_height": 14,
        "render_min_height": 0,
        "division": "Central Division",
        "bureau": "Central Bureau",
        "extrusionColor": "#1e293b"
      },
      "geometry": {
        "type": "Polygon",
        "coordinates": [
          [
            [
              -118.24999274366635,
              34.04015541440946
            ],
            [
              -118.24948010620014,
              34.04015541440946
            ],
            [
              -118.24948010620014,
              34.04100177170836
            ],
            [
              -118.24999274366635,
              34.04100177170836
            ],
            [
              -118.24999274366635,
              34.04015541440946
            ]
          ]
        ]
      }
    },
    {
      "type": "Feature",
      "properties": {
        "layerType": "BUILDING_3D",
        "id": "CENTRAL_BLD_159",
        "name": "Central Division High-Rise Tower #159",
        "height": 136,
        "min_height": 0,
        "render_height": 136,
        "render_min_height": 0,
        "division": "Central Division",
        "bureau": "Central Bureau",
        "extrusionColor": "#00f3ff"
      },
      "geometry": {
        "type": "Polygon",
        "coordinates": [
          [
            [
              -118.24913029987624,
              34.04015701300151
            ],
            [
              -118.24828394257736,
              34.04015701300151
            ],
            [
              -118.24828394257736,
              34.04083463551584
            ],
            [
              -118.24913029987624,
              34.04083463551584
            ],
            [
              -118.24913029987624,
              34.04015701300151
            ]
          ]
        ]
      }
    },
    {
      "type": "Feature",
      "properties": {
        "layerType": "BUILDING_3D",
        "id": "CENTRAL_BLD_160",
        "name": "Structure #160",
        "height": 14,
        "min_height": 0,
        "render_height": 14,
        "render_min_height": 0,
        "division": "Central Division",
        "bureau": "Central Bureau",
        "extrusionColor": "#1e293b"
      },
      "geometry": {
        "type": "Polygon",
        "coordinates": [
          [
            [
              -118.24770012985563,
              34.04049842964396
            ],
            [
              -118.2470225073413,
              34.04049842964396
            ],
            [
              -118.2470225073413,
              34.0410271706057
            ],
            [
              -118.24770012985563,
              34.0410271706057
            ],
            [
              -118.24770012985563,
              34.04049842964396
            ]
          ]
        ]
      }
    },
    {
      "type": "Feature",
      "properties": {
        "layerType": "BUILDING_3D",
        "id": "CENTRAL_BLD_162",
        "name": "Structure #162",
        "height": 8,
        "min_height": 0,
        "render_height": 8,
        "render_min_height": 0,
        "division": "Central Division",
        "bureau": "Central Bureau",
        "extrusionColor": "#1e293b"
      },
      "geometry": {
        "type": "Polygon",
        "coordinates": [
          [
            [
              -118.2447113732007,
              34.040182723568755
            ],
            [
              -118.24403300220494,
              34.040182723568755
            ],
            [
              -118.24403300220494,
              34.04083469054145
            ],
            [
              -118.2447113732007,
              34.04083469054145
            ],
            [
              -118.2447113732007,
              34.040182723568755
            ]
          ]
        ]
      }
    },
    {
      "type": "Feature",
      "properties": {
        "layerType": "BUILDING_3D",
        "id": "CENTRAL_BLD_163",
        "name": "Structure #163",
        "height": 9,
        "min_height": 0,
        "render_height": 9,
        "render_min_height": 0,
        "division": "Central Division",
        "bureau": "Central Bureau",
        "extrusionColor": "#1e293b"
      },
      "geometry": {
        "type": "Polygon",
        "coordinates": [
          [
            [
              -118.24338870500267,
              34.040395210511235
            ],
            [
              -118.24273673802998,
              34.040395210511235
            ],
            [
              -118.24273673802998,
              34.0408616116534
            ],
            [
              -118.24338870500267,
              34.0408616116534
            ],
            [
              -118.24338870500267,
              34.040395210511235
            ]
          ]
        ]
      }
    },
    {
      "type": "Feature",
      "properties": {
        "layerType": "BUILDING_3D",
        "id": "CENTRAL_BLD_165",
        "name": "Structure #165",
        "height": 11,
        "min_height": 0,
        "render_height": 11,
        "render_min_height": 0,
        "division": "Central Division",
        "bureau": "Central Bureau",
        "extrusionColor": "#1e293b"
      },
      "geometry": {
        "type": "Polygon",
        "coordinates": [
          [
            [
              -118.24035314545449,
              34.03992212874205
            ],
            [
              -118.23986085024632,
              34.03992212874205
            ],
            [
              -118.23986085024632,
              34.04099554165684
            ],
            [
              -118.24035314545449,
              34.04099554165684
            ],
            [
              -118.24035314545449,
              34.03992212874205
            ]
          ]
        ]
      }
    },
    {
      "type": "Feature",
      "properties": {
        "layerType": "BUILDING_3D",
        "id": "CENTRAL_BLD_166",
        "name": "Structure #166",
        "height": 21,
        "min_height": 0,
        "render_height": 21,
        "render_min_height": 0,
        "division": "Central Division",
        "bureau": "Central Bureau",
        "extrusionColor": "#1e293b"
      },
      "geometry": {
        "type": "Polygon",
        "coordinates": [
          [
            [
              -118.23936358554367,
              34.04019133305114
            ],
            [
              -118.23829017262888,
              34.04019133305114
            ],
            [
              -118.23829017262888,
              34.04076776785337
            ],
            [
              -118.23936358554367,
              34.04076776785337
            ],
            [
              -118.23936358554367,
              34.04019133305114
            ]
          ]
        ]
      }
    },
    {
      "type": "Feature",
      "properties": {
        "layerType": "BUILDING_3D",
        "id": "CENTRAL_BLD_169",
        "name": "Central Division High-Rise Tower #169",
        "height": 184,
        "min_height": 0,
        "render_height": 184,
        "render_min_height": 0,
        "division": "Central Division",
        "bureau": "Central Bureau",
        "extrusionColor": "#00f3ff"
      },
      "geometry": {
        "type": "Polygon",
        "coordinates": [
          [
            [
              -118.26497802791398,
              34.04194145007418
            ],
            [
              -118.26392824783103,
              34.04194145007418
            ],
            [
              -118.26392824783103,
              34.04262949167577
            ],
            [
              -118.26497802791398,
              34.04262949167577
            ],
            [
              -118.26497802791398,
              34.04194145007418
            ]
          ]
        ]
      }
    },
    {
      "type": "Feature",
      "properties": {
        "layerType": "BUILDING_3D",
        "id": "CENTRAL_BLD_170",
        "name": "Structure #170",
        "height": 17,
        "min_height": 0,
        "render_height": 17,
        "render_min_height": 0,
        "division": "Central Division",
        "bureau": "Central Bureau",
        "extrusionColor": "#1e293b"
      },
      "geometry": {
        "type": "Polygon",
        "coordinates": [
          [
            [
              -118.26305854992583,
              34.04195778099976
            ],
            [
              -118.26237050832424,
              34.04195778099976
            ],
            [
              -118.26237050832424,
              34.042750438561534
            ],
            [
              -118.26305854992583,
              34.042750438561534
            ],
            [
              -118.26305854992583,
              34.04195778099976
            ]
          ]
        ]
      }
    },
    {
      "type": "Feature",
      "properties": {
        "layerType": "BUILDING_3D",
        "id": "CENTRAL_BLD_171",
        "name": "Structure #171",
        "height": 12,
        "min_height": 0,
        "render_height": 12,
        "render_min_height": 0,
        "division": "Central Division",
        "bureau": "Central Bureau",
        "extrusionColor": "#1e293b"
      },
      "geometry": {
        "type": "Polygon",
        "coordinates": [
          [
            [
              -118.26161364757166,
              34.04166913410105
            ],
            [
              -118.2608209900099,
              34.04166913410105
            ],
            [
              -118.2608209900099,
              34.042460303890074
            ],
            [
              -118.26161364757166,
              34.042460303890074
            ],
            [
              -118.26161364757166,
              34.04166913410105
            ]
          ]
        ]
      }
    },
    {
      "type": "Feature",
      "properties": {
        "layerType": "BUILDING_3D",
        "id": "CENTRAL_BLD_172",
        "name": "Central Division High-Rise Tower #172",
        "height": 300,
        "min_height": 0,
        "render_height": 300,
        "render_min_height": 0,
        "division": "Central Division",
        "bureau": "Central Bureau",
        "extrusionColor": "#00f3ff"
      },
      "geometry": {
        "type": "Polygon",
        "coordinates": [
          [
            [
              -118.2604737230418,
              34.0418444264316
            ],
            [
              -118.25968255325279,
              34.0418444264316
            ],
            [
              -118.25968255325279,
              34.04245239709581
            ],
            [
              -118.2604737230418,
              34.04245239709581
            ],
            [
              -118.2604737230418,
              34.0418444264316
            ]
          ]
        ]
      }
    },
    {
      "type": "Feature",
      "properties": {
        "layerType": "BUILDING_3D",
        "id": "CENTRAL_BLD_173",
        "name": "Structure #173",
        "height": 23,
        "min_height": 0,
        "render_height": 23,
        "render_min_height": 0,
        "division": "Central Division",
        "bureau": "Central Bureau",
        "extrusionColor": "#1e293b"
      },
      "geometry": {
        "type": "Polygon",
        "coordinates": [
          [
            [
              -118.2588698592827,
              34.041847963152264
            ],
            [
              -118.25826188861848,
              34.041847963152264
            ],
            [
              -118.25826188861848,
              34.04244647993875
            ],
            [
              -118.2588698592827,
              34.04244647993875
            ],
            [
              -118.2588698592827,
              34.041847963152264
            ]
          ]
        ]
      }
    },
    {
      "type": "Feature",
      "properties": {
        "layerType": "BUILDING_3D",
        "id": "CENTRAL_BLD_174",
        "name": "Structure #174",
        "height": 11,
        "min_height": 0,
        "render_height": 11,
        "render_min_height": 0,
        "division": "Central Division",
        "bureau": "Central Bureau",
        "extrusionColor": "#1e293b"
      },
      "geometry": {
        "type": "Polygon",
        "coordinates": [
          [
            [
              -118.25743775113345,
              34.041469422135265
            ],
            [
              -118.25683923434697,
              34.041469422135265
            ],
            [
              -118.25683923434697,
              34.042531902356046
            ],
            [
              -118.25743775113345,
              34.042531902356046
            ],
            [
              -118.25743775113345,
              34.041469422135265
            ]
          ]
        ]
      }
    },
    {
      "type": "Feature",
      "properties": {
        "layerType": "BUILDING_3D",
        "id": "CENTRAL_BLD_175",
        "name": "Structure #175",
        "height": 23,
        "min_height": 0,
        "render_height": 23,
        "render_min_height": 0,
        "division": "Central Division",
        "bureau": "Central Bureau",
        "extrusionColor": "#1e293b"
      },
      "geometry": {
        "type": "Polygon",
        "coordinates": [
          [
            [
              -118.25638772072188,
              34.04170864955121
            ],
            [
              -118.2553252405011,
              34.04170864955121
            ],
            [
              -118.2553252405011,
              34.042277548735726
            ],
            [
              -118.25638772072188,
              34.042277548735726
            ],
            [
              -118.25638772072188,
              34.04170864955121
            ]
          ]
        ]
      }
    },
    {
      "type": "Feature",
      "properties": {
        "layerType": "BUILDING_3D",
        "id": "CENTRAL_BLD_176",
        "name": "Structure #176",
        "height": 22,
        "min_height": 0,
        "render_height": 22,
        "render_min_height": 0,
        "division": "Central Division",
        "bureau": "Central Bureau",
        "extrusionColor": "#1e293b"
      },
      "geometry": {
        "type": "Polygon",
        "coordinates": [
          [
            [
              -118.25471992187737,
              34.04183450300805
            ],
            [
              -118.25415102269285,
              34.04183450300805
            ],
            [
              -118.25415102269285,
              34.042894036773774
            ],
            [
              -118.25471992187737,
              34.042894036773774
            ],
            [
              -118.25471992187737,
              34.04183450300805
            ]
          ]
        ]
      }
    },
    {
      "type": "Feature",
      "properties": {
        "layerType": "BUILDING_3D",
        "id": "CENTRAL_BLD_177",
        "name": "Structure #177",
        "height": 11,
        "min_height": 0,
        "render_height": 11,
        "render_min_height": 0,
        "division": "Central Division",
        "bureau": "Central Bureau",
        "extrusionColor": "#1e293b"
      },
      "geometry": {
        "type": "Polygon",
        "coordinates": [
          [
            [
              -118.25316549699195,
              34.0414618926818
            ],
            [
              -118.25210596322623,
              34.0414618926818
            ],
            [
              -118.25210596322623,
              34.042476917441995
            ],
            [
              -118.25316549699195,
              34.042476917441995
            ],
            [
              -118.25316549699195,
              34.0414618926818
            ]
          ]
        ]
      }
    },
    {
      "type": "Feature",
      "properties": {
        "layerType": "BUILDING_3D",
        "id": "CENTRAL_BLD_178",
        "name": "Central Division High-Rise Tower #178",
        "height": 307,
        "min_height": 0,
        "render_height": 307,
        "render_min_height": 0,
        "division": "Central Division",
        "bureau": "Central Bureau",
        "extrusionColor": "#00f3ff"
      },
      "geometry": {
        "type": "Polygon",
        "coordinates": [
          [
            [
              -118.25210953588963,
              34.0420866441604
            ],
            [
              -118.25109451112944,
              34.0420866441604
            ],
            [
              -118.25109451112944,
              34.04263718129334
            ],
            [
              -118.25210953588963,
              34.04263718129334
            ],
            [
              -118.25210953588963,
              34.0420866441604
            ]
          ]
        ]
      }
    },
    {
      "type": "Feature",
      "properties": {
        "layerType": "BUILDING_3D",
        "id": "CENTRAL_BLD_180",
        "name": "Central Division High-Rise Tower #180",
        "height": 269,
        "min_height": 0,
        "render_height": 269,
        "render_min_height": 0,
        "division": "Central Division",
        "bureau": "Central Bureau",
        "extrusionColor": "#00f3ff"
      },
      "geometry": {
        "type": "Polygon",
        "coordinates": [
          [
            [
              -118.24889786401887,
              34.04141536819512
            ],
            [
              -118.24787809636483,
              34.04141536819512
            ],
            [
              -118.24787809636483,
              34.042494062646156
            ],
            [
              -118.24889786401887,
              34.042494062646156
            ],
            [
              -118.24889786401887,
              34.04141536819512
            ]
          ]
        ]
      }
    },
    {
      "type": "Feature",
      "properties": {
        "layerType": "BUILDING_3D",
        "id": "CENTRAL_BLD_181",
        "name": "Structure #181",
        "height": 22,
        "min_height": 0,
        "render_height": 22,
        "render_min_height": 0,
        "division": "Central Division",
        "bureau": "Central Bureau",
        "extrusionColor": "#1e293b"
      },
      "geometry": {
        "type": "Polygon",
        "coordinates": [
          [
            [
              -118.24787034609061,
              34.042000079277464
            ],
            [
              -118.24679165163955,
              34.042000079277464
            ],
            [
              -118.24679165163955,
              34.04266012039759
            ],
            [
              -118.24787034609061,
              34.04266012039759
            ],
            [
              -118.24787034609061,
              34.042000079277464
            ]
          ]
        ]
      }
    },
    {
      "type": "Feature",
      "properties": {
        "layerType": "BUILDING_3D",
        "id": "CENTRAL_BLD_183",
        "name": "Structure #183",
        "height": 14,
        "min_height": 0,
        "render_height": 14,
        "render_min_height": 0,
        "division": "Central Division",
        "bureau": "Central Bureau",
        "extrusionColor": "#1e293b"
      },
      "geometry": {
        "type": "Polygon",
        "coordinates": [
          [
            [
              -118.24454573772678,
              34.04158987641798
            ],
            [
              -118.24355692258013,
              34.04158987641798
            ],
            [
              -118.24355692258013,
              34.0424947608028
            ],
            [
              -118.24454573772678,
              34.0424947608028
            ],
            [
              -118.24454573772678,
              34.04158987641798
            ]
          ]
        ]
      }
    },
    {
      "type": "Feature",
      "properties": {
        "layerType": "BUILDING_3D",
        "id": "CENTRAL_BLD_184",
        "name": "Central Division High-Rise Tower #184",
        "height": 263,
        "min_height": 0,
        "render_height": 263,
        "render_min_height": 0,
        "division": "Central Division",
        "bureau": "Central Bureau",
        "extrusionColor": "#00f3ff"
      },
      "geometry": {
        "type": "Polygon",
        "coordinates": [
          [
            [
              -118.24341012358202,
              34.041968809959265
            ],
            [
              -118.2425052391972,
              34.041968809959265
            ],
            [
              -118.2425052391972,
              34.04264186570396
            ],
            [
              -118.24341012358202,
              34.04264186570396
            ],
            [
              -118.24341012358202,
              34.041968809959265
            ]
          ]
        ]
      }
    },
    {
      "type": "Feature",
      "properties": {
        "layerType": "BUILDING_3D",
        "id": "CENTRAL_BLD_185",
        "name": "Structure #185",
        "height": 21,
        "min_height": 0,
        "render_height": 21,
        "render_min_height": 0,
        "division": "Central Division",
        "bureau": "Central Bureau",
        "extrusionColor": "#1e293b"
      },
      "geometry": {
        "type": "Polygon",
        "coordinates": [
          [
            [
              -118.24160261861216,
              34.04172666995807
            ],
            [
              -118.24092956286746,
              34.04172666995807
            ],
            [
              -118.24092956286746,
              34.04274971648623
            ],
            [
              -118.24160261861216,
              34.04274971648623
            ],
            [
              -118.24160261861216,
              34.04172666995807
            ]
          ]
        ]
      }
    },
    {
      "type": "Feature",
      "properties": {
        "layerType": "BUILDING_3D",
        "id": "CENTRAL_BLD_186",
        "name": "Structure #186",
        "height": 24,
        "min_height": 0,
        "render_height": 24,
        "render_min_height": 0,
        "division": "Central Division",
        "bureau": "Central Bureau",
        "extrusionColor": "#1e293b"
      },
      "geometry": {
        "type": "Polygon",
        "coordinates": [
          [
            [
              -118.24041618718479,
              34.041565599573865
            ],
            [
              -118.23939314065663,
              34.041565599573865
            ],
            [
              -118.23939314065663,
              34.04253986104623
            ],
            [
              -118.24041618718479,
              34.04253986104623
            ],
            [
              -118.24041618718479,
              34.041565599573865
            ]
          ]
        ]
      }
    },
    {
      "type": "Feature",
      "properties": {
        "layerType": "BUILDING_3D",
        "id": "CENTRAL_BLD_187",
        "name": "Structure #187",
        "height": 17,
        "min_height": 0,
        "render_height": 17,
        "render_min_height": 0,
        "division": "Central Division",
        "bureau": "Central Bureau",
        "extrusionColor": "#1e293b"
      },
      "geometry": {
        "type": "Polygon",
        "coordinates": [
          [
            [
              -118.23914868614041,
              34.041787226643834
            ],
            [
              -118.23817442466806,
              34.041787226643834
            ],
            [
              -118.23817442466806,
              34.042878219229806
            ],
            [
              -118.23914868614041,
              34.042878219229806
            ],
            [
              -118.23914868614041,
              34.041787226643834
            ]
          ]
        ]
      }
    },
    {
      "type": "Feature",
      "properties": {
        "layerType": "BUILDING_3D",
        "id": "CENTRAL_BLD_188",
        "name": "Structure #188",
        "height": 8,
        "min_height": 0,
        "render_height": 8,
        "render_min_height": 0,
        "division": "Central Division",
        "bureau": "Central Bureau",
        "extrusionColor": "#1e293b"
      },
      "geometry": {
        "type": "Polygon",
        "coordinates": [
          [
            [
              -118.23749848764189,
              34.04189566756236
            ],
            [
              -118.23640749505591,
              34.04189566756236
            ],
            [
              -118.23640749505591,
              34.04269172222199
            ],
            [
              -118.23749848764189,
              34.04269172222199
            ],
            [
              -118.23749848764189,
              34.04189566756236
            ]
          ]
        ]
      }
    },
    {
      "type": "Feature",
      "properties": {
        "layerType": "BUILDING_3D",
        "id": "CENTRAL_BLD_189",
        "name": "Structure #189",
        "height": 21,
        "min_height": 0,
        "render_height": 21,
        "render_min_height": 0,
        "division": "Central Division",
        "bureau": "Central Bureau",
        "extrusionColor": "#1e293b"
      },
      "geometry": {
        "type": "Polygon",
        "coordinates": [
          [
            [
              -118.23596147529477,
              34.04217156885537
            ],
            [
              -118.23516542063516,
              34.04217156885537
            ],
            [
              -118.23516542063516,
              34.04260259071075
            ],
            [
              -118.23596147529477,
              34.04260259071075
            ],
            [
              -118.23596147529477,
              34.04217156885537
            ]
          ]
        ]
      }
    },
    {
      "type": "Feature",
      "properties": {
        "layerType": "BUILDING_3D",
        "id": "CENTRAL_BLD_190",
        "name": "Structure #190",
        "height": 21,
        "min_height": 0,
        "render_height": 21,
        "render_min_height": 0,
        "division": "Central Division",
        "bureau": "Central Bureau",
        "extrusionColor": "#1e293b"
      },
      "geometry": {
        "type": "Polygon",
        "coordinates": [
          [
            [
              -118.2642570025732,
              34.04309702356257
            ],
            [
              -118.26382598071783,
              34.04309702356257
            ],
            [
              -118.26382598071783,
              34.04406237817855
            ],
            [
              -118.2642570025732,
              34.04406237817855
            ],
            [
              -118.2642570025732,
              34.04309702356257
            ]
          ]
        ]
      }
    },
    {
      "type": "Feature",
      "properties": {
        "layerType": "BUILDING_3D",
        "id": "CENTRAL_BLD_191",
        "name": "Central Division High-Rise Tower #191",
        "height": 253,
        "min_height": 0,
        "render_height": 253,
        "render_min_height": 0,
        "division": "Central Division",
        "bureau": "Central Bureau",
        "extrusionColor": "#00f3ff"
      },
      "geometry": {
        "type": "Polygon",
        "coordinates": [
          [
            [
              -118.263331547866,
              34.042800508360095
            ],
            [
              -118.26236619325003,
              34.042800508360095
            ],
            [
              -118.26236619325003,
              34.04377484089422
            ],
            [
              -118.263331547866,
              34.04377484089422
            ],
            [
              -118.263331547866,
              34.042800508360095
            ]
          ]
        ]
      }
    },
    {
      "type": "Feature",
      "properties": {
        "layerType": "BUILDING_3D",
        "id": "CENTRAL_BLD_192",
        "name": "Structure #192",
        "height": 21,
        "min_height": 0,
        "render_height": 21,
        "render_min_height": 0,
        "division": "Central Division",
        "bureau": "Central Bureau",
        "extrusionColor": "#1e293b"
      },
      "geometry": {
        "type": "Polygon",
        "coordinates": [
          [
            [
              -118.2621994916399,
              34.04322679164035
            ],
            [
              -118.26122515910578,
              34.04322679164035
            ],
            [
              -118.26122515910578,
              34.04420349003094
            ],
            [
              -118.2621994916399,
              34.04420349003094
            ],
            [
              -118.2621994916399,
              34.04322679164035
            ]
          ]
        ]
      }
    },
    {
      "type": "Feature",
      "properties": {
        "layerType": "BUILDING_3D",
        "id": "CENTRAL_BLD_194",
        "name": "Structure #194",
        "height": 21,
        "min_height": 0,
        "render_height": 21,
        "render_min_height": 0,
        "division": "Central Division",
        "bureau": "Central Bureau",
        "extrusionColor": "#1e293b"
      },
      "geometry": {
        "type": "Polygon",
        "coordinates": [
          [
            [
              -118.25889641812732,
              34.04334054400245
            ],
            [
              -118.25794464981807,
              34.04334054400245
            ],
            [
              -118.25794464981807,
              34.04410788770822
            ],
            [
              -118.25889641812732,
              34.04410788770822
            ],
            [
              -118.25889641812732,
              34.04334054400245
            ]
          ]
        ]
      }
    },
    {
      "type": "Feature",
      "properties": {
        "layerType": "BUILDING_3D",
        "id": "CENTRAL_BLD_195",
        "name": "Structure #195",
        "height": 16,
        "min_height": 0,
        "render_height": 16,
        "render_min_height": 0,
        "division": "Central Division",
        "bureau": "Central Bureau",
        "extrusionColor": "#1e293b"
      },
      "geometry": {
        "type": "Polygon",
        "coordinates": [
          [
            [
              -118.25737374171185,
              34.04322601081029
            ],
            [
              -118.25660639800607,
              34.04322601081029
            ],
            [
              -118.25660639800607,
              34.04418253277021
            ],
            [
              -118.25737374171185,
              34.04418253277021
            ],
            [
              -118.25737374171185,
              34.04322601081029
            ]
          ]
        ]
      }
    },
    {
      "type": "Feature",
      "properties": {
        "layerType": "BUILDING_3D",
        "id": "CENTRAL_BLD_196",
        "name": "Structure #196",
        "height": 14,
        "min_height": 0,
        "render_height": 14,
        "render_min_height": 0,
        "division": "Central Division",
        "bureau": "Central Bureau",
        "extrusionColor": "#1e293b"
      },
      "geometry": {
        "type": "Polygon",
        "coordinates": [
          [
            [
              -118.25605970347543,
              34.043179768494255
            ],
            [
              -118.25510318151551,
              34.043179768494255
            ],
            [
              -118.25510318151551,
              34.043933695720696
            ],
            [
              -118.25605970347543,
              34.043933695720696
            ],
            [
              -118.25605970347543,
              34.043179768494255
            ]
          ]
        ]
      }
    },
    {
      "type": "Feature",
      "properties": {
        "layerType": "BUILDING_3D",
        "id": "CENTRAL_BLD_197",
        "name": "Structure #197",
        "height": 19,
        "min_height": 0,
        "render_height": 19,
        "render_min_height": 0,
        "division": "Central Division",
        "bureau": "Central Bureau",
        "extrusionColor": "#1e293b"
      },
      "geometry": {
        "type": "Polygon",
        "coordinates": [
          [
            [
              -118.25467737436288,
              34.04337211678988
            ],
            [
              -118.25392344713644,
              34.04337211678988
            ],
            [
              -118.25392344713644,
              34.04404403263172
            ],
            [
              -118.25467737436288,
              34.04404403263172
            ],
            [
              -118.25467737436288,
              34.04337211678988
            ]
          ]
        ]
      }
    },
    {
      "type": "Feature",
      "properties": {
        "layerType": "BUILDING_3D",
        "id": "CENTRAL_BLD_198",
        "name": "Structure #198",
        "height": 8,
        "min_height": 0,
        "render_height": 8,
        "render_min_height": 0,
        "division": "Central Division",
        "bureau": "Central Bureau",
        "extrusionColor": "#1e293b"
      },
      "geometry": {
        "type": "Polygon",
        "coordinates": [
          [
            [
              -118.25305645463868,
              34.04310088919414
            ],
            [
              -118.25238453879686,
              34.04310088919414
            ],
            [
              -118.25238453879686,
              34.04399110865388
            ],
            [
              -118.25305645463868,
              34.04399110865388
            ],
            [
              -118.25305645463868,
              34.04310088919414
            ]
          ]
        ]
      }
    },
    {
      "type": "Feature",
      "properties": {
        "layerType": "BUILDING_3D",
        "id": "CENTRAL_BLD_199",
        "name": "Structure #199",
        "height": 10,
        "min_height": 0,
        "render_height": 10,
        "render_min_height": 0,
        "division": "Central Division",
        "bureau": "Central Bureau",
        "extrusionColor": "#1e293b"
      },
      "geometry": {
        "type": "Polygon",
        "coordinates": [
          [
            [
              -118.25189911080587,
              34.04325168947113
            ],
            [
              -118.25100889134613,
              34.04325168947113
            ],
            [
              -118.25100889134613,
              34.04370909016152
            ],
            [
              -118.25189911080587,
              34.04370909016152
            ],
            [
              -118.25189911080587,
              34.04325168947113
            ]
          ]
        ]
      }
    },
    {
      "type": "Feature",
      "properties": {
        "layerType": "BUILDING_3D",
        "id": "CENTRAL_BLD_200",
        "name": "Structure #200",
        "height": 14,
        "min_height": 0,
        "render_height": 14,
        "render_min_height": 0,
        "division": "Central Division",
        "bureau": "Central Bureau",
        "extrusionColor": "#1e293b"
      },
      "geometry": {
        "type": "Polygon",
        "coordinates": [
          [
            [
              -118.2503197391003,
              34.043398037571045
            ],
            [
              -118.2498623384099,
              34.043398037571045
            ],
            [
              -118.2498623384099,
              34.04391202785025
            ],
            [
              -118.2503197391003,
              34.04391202785025
            ],
            [
              -118.2503197391003,
              34.043398037571045
            ]
          ]
        ]
      }
    },
    {
      "type": "Feature",
      "properties": {
        "layerType": "BUILDING_3D",
        "id": "CENTRAL_BLD_201",
        "name": "Structure #201",
        "height": 8,
        "min_height": 0,
        "render_height": 8,
        "render_min_height": 0,
        "division": "Central Division",
        "bureau": "Central Bureau",
        "extrusionColor": "#1e293b"
      },
      "geometry": {
        "type": "Polygon",
        "coordinates": [
          [
            [
              -118.24874481957181,
              34.042964053608856
            ],
            [
              -118.24823082929262,
              34.042964053608856
            ],
            [
              -118.24823082929262,
              34.04365350178149
            ],
            [
              -118.24874481957181,
              34.04365350178149
            ],
            [
              -118.24874481957181,
              34.042964053608856
            ]
          ]
        ]
      }
    },
    {
      "type": "Feature",
      "properties": {
        "layerType": "BUILDING_3D",
        "id": "CENTRAL_BLD_202",
        "name": "Structure #202",
        "height": 12,
        "min_height": 0,
        "render_height": 12,
        "render_min_height": 0,
        "division": "Central Division",
        "bureau": "Central Bureau",
        "extrusionColor": "#1e293b"
      },
      "geometry": {
        "type": "Polygon",
        "coordinates": [
          [
            [
              -118.24775023210543,
              34.04313242737569
            ],
            [
              -118.2470607839328,
              34.04313242737569
            ],
            [
              -118.2470607839328,
              34.04357567135674
            ],
            [
              -118.24775023210543,
              34.04357567135674
            ],
            [
              -118.24775023210543,
              34.04313242737569
            ]
          ]
        ]
      }
    },
    {
      "type": "Feature",
      "properties": {
        "layerType": "BUILDING_3D",
        "id": "CENTRAL_BLD_205",
        "name": "Structure #205",
        "height": 22,
        "min_height": 0,
        "render_height": 22,
        "render_min_height": 0,
        "division": "Central Division",
        "bureau": "Central Bureau",
        "extrusionColor": "#1e293b"
      },
      "geometry": {
        "type": "Polygon",
        "coordinates": [
          [
            [
              -118.24336160713439,
              34.04292187904638
            ],
            [
              -118.24290063106737,
              34.04292187904638
            ],
            [
              -118.24290063106737,
              34.04392891637843
            ],
            [
              -118.24336160713439,
              34.04392891637843
            ],
            [
              -118.24336160713439,
              34.04292187904638
            ]
          ]
        ]
      }
    },
    {
      "type": "Feature",
      "properties": {
        "layerType": "BUILDING_3D",
        "id": "CENTRAL_BLD_207",
        "name": "Structure #207",
        "height": 25,
        "min_height": 0,
        "render_height": 25,
        "render_min_height": 0,
        "division": "Central Division",
        "bureau": "Central Bureau",
        "extrusionColor": "#1e293b"
      },
      "geometry": {
        "type": "Polygon",
        "coordinates": [
          [
            [
              -118.24075315125245,
              34.0433089340327
            ],
            [
              -118.23976642989746,
              34.0433089340327
            ],
            [
              -118.23976642989746,
              34.0441880399843
            ],
            [
              -118.24075315125245,
              34.0441880399843
            ],
            [
              -118.24075315125245,
              34.0433089340327
            ]
          ]
        ]
      }
    },
    {
      "type": "Feature",
      "properties": {
        "layerType": "BUILDING_3D",
        "id": "CENTRAL_BLD_209",
        "name": "Structure #209",
        "height": 13,
        "min_height": 0,
        "render_height": 13,
        "render_min_height": 0,
        "division": "Central Division",
        "bureau": "Central Bureau",
        "extrusionColor": "#1e293b"
      },
      "geometry": {
        "type": "Polygon",
        "coordinates": [
          [
            [
              -118.23754649606566,
              34.043267800254654
            ],
            [
              -118.2364176069092,
              34.043267800254654
            ],
            [
              -118.2364176069092,
              34.04402448355361
            ],
            [
              -118.23754649606566,
              34.04402448355361
            ],
            [
              -118.23754649606566,
              34.043267800254654
            ]
          ]
        ]
      }
    },
    {
      "type": "Feature",
      "properties": {
        "layerType": "BUILDING_3D",
        "id": "CENTRAL_BLD_210",
        "name": "Structure #210",
        "height": 17,
        "min_height": 0,
        "render_height": 17,
        "render_min_height": 0,
        "division": "Central Division",
        "bureau": "Central Bureau",
        "extrusionColor": "#1e293b"
      },
      "geometry": {
        "type": "Polygon",
        "coordinates": [
          [
            [
              -118.23601791403107,
              34.04351731075769
            ],
            [
              -118.2352612307321,
              34.04351731075769
            ],
            [
              -118.2352612307321,
              34.044174626178375
            ],
            [
              -118.23601791403107,
              34.044174626178375
            ],
            [
              -118.23601791403107,
              34.04351731075769
            ]
          ]
        ]
      }
    },
    {
      "type": "Feature",
      "properties": {
        "layerType": "BUILDING_3D",
        "id": "CENTRAL_BLD_211",
        "name": "Structure #211",
        "height": 15,
        "min_height": 0,
        "render_height": 15,
        "render_min_height": 0,
        "division": "Central Division",
        "bureau": "Central Bureau",
        "extrusionColor": "#1e293b"
      },
      "geometry": {
        "type": "Polygon",
        "coordinates": [
          [
            [
              -118.26433983209945,
              34.044567103018856
            ],
            [
              -118.26368251667877,
              34.044567103018856
            ],
            [
              -118.26368251667877,
              34.04538644740234
            ],
            [
              -118.26433983209945,
              34.04538644740234
            ],
            [
              -118.26433983209945,
              34.044567103018856
            ]
          ]
        ]
      }
    },
    {
      "type": "Feature",
      "properties": {
        "layerType": "BUILDING_3D",
        "id": "CENTRAL_BLD_212",
        "name": "Central Division High-Rise Tower #212",
        "height": 260,
        "min_height": 0,
        "render_height": 260,
        "render_min_height": 0,
        "division": "Central Division",
        "bureau": "Central Bureau",
        "extrusionColor": "#00f3ff"
      },
      "geometry": {
        "type": "Polygon",
        "coordinates": [
          [
            [
              -118.2632900398383,
              34.044540461671396
            ],
            [
              -118.2624706954548,
              34.044540461671396
            ],
            [
              -118.2624706954548,
              34.04525410014457
            ],
            [
              -118.2632900398383,
              34.04525410014457
            ],
            [
              -118.2632900398383,
              34.044540461671396
            ]
          ]
        ]
      }
    },
    {
      "type": "Feature",
      "properties": {
        "layerType": "BUILDING_3D",
        "id": "CENTRAL_BLD_213",
        "name": "Structure #213",
        "height": 21,
        "min_height": 0,
        "render_height": 21,
        "render_min_height": 0,
        "division": "Central Division",
        "bureau": "Central Bureau",
        "extrusionColor": "#1e293b"
      },
      "geometry": {
        "type": "Polygon",
        "coordinates": [
          [
            [
              -118.26188810975718,
              34.04458437509921
            ],
            [
              -118.26117447128401,
              34.04458437509921
            ],
            [
              -118.26117447128401,
              34.04546943305724
            ],
            [
              -118.26188810975718,
              34.04546943305724
            ],
            [
              -118.26188810975718,
              34.04458437509921
            ]
          ]
        ]
      }
    },
    {
      "type": "Feature",
      "properties": {
        "layerType": "BUILDING_3D",
        "id": "CENTRAL_BLD_214",
        "name": "Structure #214",
        "height": 13,
        "min_height": 0,
        "render_height": 13,
        "render_min_height": 0,
        "division": "Central Division",
        "bureau": "Central Bureau",
        "extrusionColor": "#1e293b"
      },
      "geometry": {
        "type": "Polygon",
        "coordinates": [
          [
            [
              -118.2604156249008,
              34.04445770582762
            ],
            [
              -118.25953056694276,
              34.04445770582762
            ],
            [
              -118.25953056694276,
              34.04542697287231
            ],
            [
              -118.2604156249008,
              34.04542697287231
            ],
            [
              -118.2604156249008,
              34.04445770582762
            ]
          ]
        ]
      }
    },
    {
      "type": "Feature",
      "properties": {
        "layerType": "BUILDING_3D",
        "id": "CENTRAL_BLD_215",
        "name": "Structure #215",
        "height": 11,
        "min_height": 0,
        "render_height": 11,
        "render_min_height": 0,
        "division": "Central Division",
        "bureau": "Central Bureau",
        "extrusionColor": "#1e293b"
      },
      "geometry": {
        "type": "Polygon",
        "coordinates": [
          [
            [
              -118.2591137227438,
              34.044764336922526
            ],
            [
              -118.25814445569911,
              34.044764336922526
            ],
            [
              -118.25814445569911,
              34.04539461295319
            ],
            [
              -118.2591137227438,
              34.04539461295319
            ],
            [
              -118.2591137227438,
              34.044764336922526
            ]
          ]
        ]
      }
    },
    {
      "type": "Feature",
      "properties": {
        "layerType": "BUILDING_3D",
        "id": "CENTRAL_BLD_216",
        "name": "Structure #216",
        "height": 14,
        "min_height": 0,
        "render_height": 14,
        "render_min_height": 0,
        "division": "Central Division",
        "bureau": "Central Bureau",
        "extrusionColor": "#1e293b"
      },
      "geometry": {
        "type": "Polygon",
        "coordinates": [
          [
            [
              -118.25737852022034,
              34.04486335944036
            ],
            [
              -118.25674824418967,
              34.04486335944036
            ],
            [
              -118.25674824418967,
              34.045430324974014
            ],
            [
              -118.25737852022034,
              34.045430324974014
            ],
            [
              -118.25737852022034,
              34.04486335944036
            ]
          ]
        ]
      }
    },
    {
      "type": "Feature",
      "properties": {
        "layerType": "BUILDING_3D",
        "id": "CENTRAL_BLD_217",
        "name": "Structure #217",
        "height": 24,
        "min_height": 0,
        "render_height": 24,
        "render_min_height": 0,
        "division": "Central Division",
        "bureau": "Central Bureau",
        "extrusionColor": "#1e293b"
      },
      "geometry": {
        "type": "Polygon",
        "coordinates": [
          [
            [
              -118.25585092627394,
              34.044527998045304
            ],
            [
              -118.25528396074027,
              34.044527998045304
            ],
            [
              -118.25528396074027,
              34.04522330074662
            ],
            [
              -118.25585092627394,
              34.04522330074662
            ],
            [
              -118.25585092627394,
              34.044527998045304
            ]
          ]
        ]
      }
    },
    {
      "type": "Feature",
      "properties": {
        "layerType": "BUILDING_3D",
        "id": "CENTRAL_BLD_218",
        "name": "Structure #218",
        "height": 22,
        "min_height": 0,
        "render_height": 22,
        "render_min_height": 0,
        "division": "Central Division",
        "bureau": "Central Bureau",
        "extrusionColor": "#1e293b"
      },
      "geometry": {
        "type": "Polygon",
        "coordinates": [
          [
            [
              -118.2547577162404,
              34.04428754026458
            ],
            [
              -118.2540624135391,
              34.04428754026458
            ],
            [
              -118.2540624135391,
              34.045362461732125
            ],
            [
              -118.2547577162404,
              34.045362461732125
            ],
            [
              -118.2547577162404,
              34.04428754026458
            ]
          ]
        ]
      }
    },
    {
      "type": "Feature",
      "properties": {
        "layerType": "BUILDING_3D",
        "id": "CENTRAL_BLD_219",
        "name": "Structure #219",
        "height": 23,
        "min_height": 0,
        "render_height": 23,
        "render_min_height": 0,
        "division": "Central Division",
        "bureau": "Central Bureau",
        "extrusionColor": "#1e293b"
      },
      "geometry": {
        "type": "Polygon",
        "coordinates": [
          [
            [
              -118.25356960259258,
              34.0444303062474
            ],
            [
              -118.25249468112501,
              34.0444303062474
            ],
            [
              -118.25249468112501,
              34.045425035217555
            ],
            [
              -118.25356960259258,
              34.045425035217555
            ],
            [
              -118.25356960259258,
              34.0444303062474
            ]
          ]
        ]
      }
    },
    {
      "type": "Feature",
      "properties": {
        "layerType": "BUILDING_3D",
        "id": "CENTRAL_BLD_221",
        "name": "Structure #221",
        "height": 23,
        "min_height": 0,
        "render_height": 23,
        "render_min_height": 0,
        "division": "Central Division",
        "bureau": "Central Bureau",
        "extrusionColor": "#1e293b"
      },
      "geometry": {
        "type": "Polygon",
        "coordinates": [
          [
            [
              -118.25028476435337,
              34.044791987275794
            ],
            [
              -118.24925250415568,
              34.044791987275794
            ],
            [
              -118.24925250415568,
              34.04554243621933
            ],
            [
              -118.25028476435337,
              34.04554243621933
            ],
            [
              -118.25028476435337,
              34.044791987275794
            ]
          ]
        ]
      }
    },
    {
      "type": "Feature",
      "properties": {
        "layerType": "BUILDING_3D",
        "id": "CENTRAL_BLD_222",
        "name": "Central Division High-Rise Tower #222",
        "height": 221,
        "min_height": 0,
        "render_height": 221,
        "render_min_height": 0,
        "division": "Central Division",
        "bureau": "Central Bureau",
        "extrusionColor": "#00f3ff"
      },
      "geometry": {
        "type": "Polygon",
        "coordinates": [
          [
            [
              -118.24877944129564,
              34.04467254616949
            ],
            [
              -118.2480289923521,
              34.04467254616949
            ],
            [
              -118.2480289923521,
              34.0457219272897
            ],
            [
              -118.24877944129564,
              34.0457219272897
            ],
            [
              -118.24877944129564,
              34.04467254616949
            ]
          ]
        ]
      }
    },
    {
      "type": "Feature",
      "properties": {
        "layerType": "BUILDING_3D",
        "id": "CENTRAL_BLD_223",
        "name": "Structure #223",
        "height": 19,
        "min_height": 0,
        "render_height": 19,
        "render_min_height": 0,
        "division": "Central Division",
        "bureau": "Central Bureau",
        "extrusionColor": "#1e293b"
      },
      "geometry": {
        "type": "Polygon",
        "coordinates": [
          [
            [
              -118.24747031097337,
              34.044646633299145
            ],
            [
              -118.24642092985317,
              34.044646633299145
            ],
            [
              -118.24642092985317,
              34.045296942153364
            ],
            [
              -118.24747031097337,
              34.045296942153364
            ],
            [
              -118.24747031097337,
              34.044646633299145
            ]
          ]
        ]
      }
    },
    {
      "type": "Feature",
      "properties": {
        "layerType": "BUILDING_3D",
        "id": "CENTRAL_BLD_224",
        "name": "Structure #224",
        "height": 24,
        "min_height": 0,
        "render_height": 24,
        "render_min_height": 0,
        "division": "Central Division",
        "bureau": "Central Bureau",
        "extrusionColor": "#1e293b"
      },
      "geometry": {
        "type": "Polygon",
        "coordinates": [
          [
            [
              -118.24606765241514,
              34.04477248569222
            ],
            [
              -118.24541734356093,
              34.04477248569222
            ],
            [
              -118.24541734356093,
              34.04564938124297
            ],
            [
              -118.24606765241514,
              34.04564938124297
            ],
            [
              -118.24606765241514,
              34.04477248569222
            ]
          ]
        ]
      }
    },
    {
      "type": "Feature",
      "properties": {
        "layerType": "BUILDING_3D",
        "id": "CENTRAL_BLD_225",
        "name": "Structure #225",
        "height": 14,
        "min_height": 0,
        "render_height": 14,
        "render_min_height": 0,
        "division": "Central Division",
        "bureau": "Central Bureau",
        "extrusionColor": "#1e293b"
      },
      "geometry": {
        "type": "Polygon",
        "coordinates": [
          [
            [
              -118.24451322859349,
              34.04434022553333
            ],
            [
              -118.24363633304276,
              34.04434022553333
            ],
            [
              -118.24363633304276,
              34.04544312577627
            ],
            [
              -118.24451322859349,
              34.04544312577627
            ],
            [
              -118.24451322859349,
              34.04434022553333
            ]
          ]
        ]
      }
    },
    {
      "type": "Feature",
      "properties": {
        "layerType": "BUILDING_3D",
        "id": "CENTRAL_BLD_226",
        "name": "Central Division High-Rise Tower #226",
        "height": 126,
        "min_height": 0,
        "render_height": 126,
        "render_min_height": 0,
        "division": "Central Division",
        "bureau": "Central Bureau",
        "extrusionColor": "#00f3ff"
      },
      "geometry": {
        "type": "Polygon",
        "coordinates": [
          [
            [
              -118.2435169173238,
              34.044728643208984
            ],
            [
              -118.24241401708088,
              34.044728643208984
            ],
            [
              -118.24241401708088,
              34.04541724681506
            ],
            [
              -118.2435169173238,
              34.04541724681506
            ],
            [
              -118.2435169173238,
              34.044728643208984
            ]
          ]
        ]
      }
    },
    {
      "type": "Feature",
      "properties": {
        "layerType": "BUILDING_3D",
        "id": "CENTRAL_BLD_227",
        "name": "Structure #227",
        "height": 13,
        "min_height": 0,
        "render_height": 13,
        "render_min_height": 0,
        "division": "Central Division",
        "bureau": "Central Bureau",
        "extrusionColor": "#1e293b"
      },
      "geometry": {
        "type": "Polygon",
        "coordinates": [
          [
            [
              -118.24169992821959,
              34.04496273419974
            ],
            [
              -118.24101132461351,
              34.04496273419974
            ],
            [
              -118.24101132461351,
              34.04554476333182
            ],
            [
              -118.24169992821959,
              34.04554476333182
            ],
            [
              -118.24169992821959,
              34.04496273419974
            ]
          ]
        ]
      }
    },
    {
      "type": "Feature",
      "properties": {
        "layerType": "BUILDING_3D",
        "id": "CENTRAL_BLD_228",
        "name": "Structure #228",
        "height": 18,
        "min_height": 0,
        "render_height": 18,
        "render_min_height": 0,
        "division": "Central Division",
        "bureau": "Central Bureau",
        "extrusionColor": "#1e293b"
      },
      "geometry": {
        "type": "Polygon",
        "coordinates": [
          [
            [
              -118.24003726580027,
              34.04459482017693
            ],
            [
              -118.23945523666818,
              34.04459482017693
            ],
            [
              -118.23945523666818,
              34.04524980273565
            ],
            [
              -118.24003726580027,
              34.04524980273565
            ],
            [
              -118.24003726580027,
              34.04459482017693
            ]
          ]
        ]
      }
    },
    {
      "type": "Feature",
      "properties": {
        "layerType": "BUILDING_3D",
        "id": "CENTRAL_BLD_229",
        "name": "Central Division High-Rise Tower #229",
        "height": 315,
        "min_height": 0,
        "render_height": 315,
        "render_min_height": 0,
        "division": "Central Division",
        "bureau": "Central Bureau",
        "extrusionColor": "#00f3ff"
      },
      "geometry": {
        "type": "Polygon",
        "coordinates": [
          [
            [
              -118.23897660839451,
              34.04442125770158
            ],
            [
              -118.23832162583578,
              34.04442125770158
            ],
            [
              -118.23832162583578,
              34.04525284605261
            ],
            [
              -118.23897660839451,
              34.04525284605261
            ],
            [
              -118.23897660839451,
              34.04442125770158
            ]
          ]
        ]
      }
    },
    {
      "type": "Feature",
      "properties": {
        "layerType": "BUILDING_3D",
        "id": "CENTRAL_BLD_230",
        "name": "Structure #230",
        "height": 24,
        "min_height": 0,
        "render_height": 24,
        "render_min_height": 0,
        "division": "Central Division",
        "bureau": "Central Bureau",
        "extrusionColor": "#1e293b"
      },
      "geometry": {
        "type": "Polygon",
        "coordinates": [
          [
            [
              -118.23772159944129,
              34.044437025893124
            ],
            [
              -118.23689001109024,
              34.044437025893124
            ],
            [
              -118.23689001109024,
              34.04535380334368
            ],
            [
              -118.23772159944129,
              34.04535380334368
            ],
            [
              -118.23772159944129,
              34.044437025893124
            ]
          ]
        ]
      }
    },
    {
      "type": "Feature",
      "properties": {
        "layerType": "BUILDING_3D",
        "id": "CENTRAL_BLD_231",
        "name": "Structure #231",
        "height": 13,
        "min_height": 0,
        "render_height": 13,
        "render_min_height": 0,
        "division": "Central Division",
        "bureau": "Central Bureau",
        "extrusionColor": "#1e293b"
      },
      "geometry": {
        "type": "Polygon",
        "coordinates": [
          [
            [
              -118.23627725982116,
              34.04448770989602
            ],
            [
              -118.23536048237061,
              34.04448770989602
            ],
            [
              -118.23536048237061,
              34.0455856886085
            ],
            [
              -118.23627725982116,
              34.0455856886085
            ],
            [
              -118.23627725982116,
              34.04448770989602
            ]
          ]
        ]
      }
    },
    {
      "type": "Feature",
      "properties": {
        "layerType": "BUILDING_3D",
        "id": "CENTRAL_BLD_232",
        "name": "Structure #232",
        "height": 18,
        "min_height": 0,
        "render_height": 18,
        "render_min_height": 0,
        "division": "Central Division",
        "bureau": "Central Bureau",
        "extrusionColor": "#1e293b"
      },
      "geometry": {
        "type": "Polygon",
        "coordinates": [
          [
            [
              -118.2647980043897,
              34.0462180274448
            ],
            [
              -118.26370002567721,
              34.0462180274448
            ],
            [
              -118.26370002567721,
              34.04684881647609
            ],
            [
              -118.2647980043897,
              34.04684881647609
            ],
            [
              -118.2647980043897,
              34.0462180274448
            ]
          ]
        ]
      }
    },
    {
      "type": "Feature",
      "properties": {
        "layerType": "BUILDING_3D",
        "id": "CENTRAL_BLD_233",
        "name": "Structure #233",
        "height": 20,
        "min_height": 0,
        "render_height": 20,
        "render_min_height": 0,
        "division": "Central Division",
        "bureau": "Central Bureau",
        "extrusionColor": "#1e293b"
      },
      "geometry": {
        "type": "Polygon",
        "coordinates": [
          [
            [
              -118.2630676868409,
              34.04625248781806
            ],
            [
              -118.26243689780962,
              34.04625248781806
            ],
            [
              -118.26243689780962,
              34.04710427812193
            ],
            [
              -118.2630676868409,
              34.04710427812193
            ],
            [
              -118.2630676868409,
              34.04625248781806
            ]
          ]
        ]
      }
    },
    {
      "type": "Feature",
      "properties": {
        "layerType": "BUILDING_3D",
        "id": "CENTRAL_BLD_234",
        "name": "Structure #234",
        "height": 15,
        "min_height": 0,
        "render_height": 15,
        "render_min_height": 0,
        "division": "Central Division",
        "bureau": "Central Bureau",
        "extrusionColor": "#1e293b"
      },
      "geometry": {
        "type": "Polygon",
        "coordinates": [
          [
            [
              -118.2616046550391,
              34.045848426403744
            ],
            [
              -118.26075286473522,
              34.045848426403744
            ],
            [
              -118.26075286473522,
              34.046760836046325
            ],
            [
              -118.2616046550391,
              34.046760836046325
            ],
            [
              -118.2616046550391,
              34.045848426403744
            ]
          ]
        ]
      }
    },
    {
      "type": "Feature",
      "properties": {
        "layerType": "BUILDING_3D",
        "id": "CENTRAL_BLD_235",
        "name": "Central Division High-Rise Tower #235",
        "height": 167,
        "min_height": 0,
        "render_height": 167,
        "render_min_height": 0,
        "division": "Central Division",
        "bureau": "Central Bureau",
        "extrusionColor": "#00f3ff"
      },
      "geometry": {
        "type": "Polygon",
        "coordinates": [
          [
            [
              -118.26058014502483,
              34.046112708727094
            ],
            [
              -118.25966773538225,
              34.046112708727094
            ],
            [
              -118.25966773538225,
              34.04685015575912
            ],
            [
              -118.26058014502483,
              34.04685015575912
            ],
            [
              -118.26058014502483,
              34.046112708727094
            ]
          ]
        ]
      }
    },
    {
      "type": "Feature",
      "properties": {
        "layerType": "BUILDING_3D",
        "id": "CENTRAL_BLD_236",
        "name": "Structure #236",
        "height": 16,
        "min_height": 0,
        "render_height": 16,
        "render_min_height": 0,
        "division": "Central Division",
        "bureau": "Central Bureau",
        "extrusionColor": "#1e293b"
      },
      "geometry": {
        "type": "Polygon",
        "coordinates": [
          [
            [
              -118.25888729127291,
              34.045985668721315
            ],
            [
              -118.25814984424088,
              34.045985668721315
            ],
            [
              -118.25814984424088,
              34.04707418670682
            ],
            [
              -118.25888729127291,
              34.04707418670682
            ],
            [
              -118.25888729127291,
              34.045985668721315
            ]
          ]
        ]
      }
    },
    {
      "type": "Feature",
      "properties": {
        "layerType": "BUILDING_3D",
        "id": "CENTRAL_BLD_237",
        "name": "Structure #237",
        "height": 21,
        "min_height": 0,
        "render_height": 21,
        "render_min_height": 0,
        "division": "Central Division",
        "bureau": "Central Bureau",
        "extrusionColor": "#1e293b"
      },
      "geometry": {
        "type": "Polygon",
        "coordinates": [
          [
            [
              -118.2575857598501,
              34.04601499598031
            ],
            [
              -118.25649724186461,
              34.04601499598031
            ],
            [
              -118.25649724186461,
              34.046764919270935
            ],
            [
              -118.2575857598501,
              34.046764919270935
            ],
            [
              -118.2575857598501,
              34.04601499598031
            ]
          ]
        ]
      }
    },
    {
      "type": "Feature",
      "properties": {
        "layerType": "BUILDING_3D",
        "id": "CENTRAL_BLD_238",
        "name": "Structure #238",
        "height": 15,
        "min_height": 0,
        "render_height": 15,
        "render_min_height": 0,
        "division": "Central Division",
        "bureau": "Central Bureau",
        "extrusionColor": "#1e293b"
      },
      "geometry": {
        "type": "Polygon",
        "coordinates": [
          [
            [
              -118.25612786116254,
              34.046192125526964
            ],
            [
              -118.25537793787193,
              34.046192125526964
            ],
            [
              -118.25537793787193,
              34.04714950324985
            ],
            [
              -118.25612786116254,
              34.04714950324985
            ],
            [
              -118.25612786116254,
              34.046192125526964
            ]
          ]
        ]
      }
    },
    {
      "type": "Feature",
      "properties": {
        "layerType": "BUILDING_3D",
        "id": "CENTRAL_BLD_239",
        "name": "Structure #239",
        "height": 8,
        "min_height": 0,
        "render_height": 8,
        "render_min_height": 0,
        "division": "Central Division",
        "bureau": "Central Bureau",
        "extrusionColor": "#1e293b"
      },
      "geometry": {
        "type": "Polygon",
        "coordinates": [
          [
            [
              -118.25452216018732,
              34.04603653606624
            ],
            [
              -118.25356478246445,
              34.04603653606624
            ],
            [
              -118.25356478246445,
              34.04676334119877
            ],
            [
              -118.25452216018732,
              34.04676334119877
            ],
            [
              -118.25452216018732,
              34.04603653606624
            ]
          ]
        ]
      }
    },
    {
      "type": "Feature",
      "properties": {
        "layerType": "BUILDING_3D",
        "id": "CENTRAL_BLD_240",
        "name": "Central Division High-Rise Tower #240",
        "height": 227,
        "min_height": 0,
        "render_height": 227,
        "render_min_height": 0,
        "division": "Central Division",
        "bureau": "Central Bureau",
        "extrusionColor": "#00f3ff"
      },
      "geometry": {
        "type": "Polygon",
        "coordinates": [
          [
            [
              -118.25324917821948,
              34.04634149651034
            ],
            [
              -118.25252237308695,
              34.04634149651034
            ],
            [
              -118.25252237308695,
              34.04679030784628
            ],
            [
              -118.25324917821948,
              34.04679030784628
            ],
            [
              -118.25324917821948,
              34.04634149651034
            ]
          ]
        ]
      }
    },
    {
      "type": "Feature",
      "properties": {
        "layerType": "BUILDING_3D",
        "id": "CENTRAL_BLD_241",
        "name": "Structure #241",
        "height": 19,
        "min_height": 0,
        "render_height": 19,
        "render_min_height": 0,
        "division": "Central Division",
        "bureau": "Central Bureau",
        "extrusionColor": "#1e293b"
      },
      "geometry": {
        "type": "Polygon",
        "coordinates": [
          [
            [
              -118.25151564634682,
              34.046021712910694
            ],
            [
              -118.25106683501086,
              34.046021712910694
            ],
            [
              -118.25106683501086,
              34.04674117530134
            ],
            [
              -118.25151564634682,
              34.04674117530134
            ],
            [
              -118.25151564634682,
              34.046021712910694
            ]
          ]
        ]
      }
    },
    {
      "type": "Feature",
      "properties": {
        "layerType": "BUILDING_3D",
        "id": "CENTRAL_BLD_242",
        "name": "Structure #242",
        "height": 20,
        "min_height": 0,
        "render_height": 20,
        "render_min_height": 0,
        "division": "Central Division",
        "bureau": "Central Bureau",
        "extrusionColor": "#1e293b"
      },
      "geometry": {
        "type": "Polygon",
        "coordinates": [
          [
            [
              -118.25040685851788,
              34.045712916487794
            ],
            [
              -118.24968739612724,
              34.045712916487794
            ],
            [
              -118.24968739612724,
              34.04660518164973
            ],
            [
              -118.25040685851788,
              34.04660518164973
            ],
            [
              -118.25040685851788,
              34.045712916487794
            ]
          ]
        ]
      }
    },
    {
      "type": "Feature",
      "properties": {
        "layerType": "BUILDING_3D",
        "id": "CENTRAL_BLD_243",
        "name": "Structure #243",
        "height": 23,
        "min_height": 0,
        "render_height": 23,
        "render_min_height": 0,
        "division": "Central Division",
        "bureau": "Central Bureau",
        "extrusionColor": "#1e293b"
      },
      "geometry": {
        "type": "Polygon",
        "coordinates": [
          [
            [
              -118.24928708351221,
              34.04590775764314
            ],
            [
              -118.24839481835026,
              34.04590775764314
            ],
            [
              -118.24839481835026,
              34.04684338218188
            ],
            [
              -118.24928708351221,
              34.04684338218188
            ],
            [
              -118.24928708351221,
              34.04590775764314
            ]
          ]
        ]
      }
    },
    {
      "type": "Feature",
      "properties": {
        "layerType": "BUILDING_3D",
        "id": "CENTRAL_BLD_245",
        "name": "Structure #245",
        "height": 10,
        "min_height": 0,
        "render_height": 10,
        "render_min_height": 0,
        "division": "Central Division",
        "bureau": "Central Bureau",
        "extrusionColor": "#1e293b"
      },
      "geometry": {
        "type": "Polygon",
        "coordinates": [
          [
            [
              -118.24615059683482,
              34.046284748147755
            ],
            [
              -118.24510749319178,
              34.046284748147755
            ],
            [
              -118.24510749319178,
              34.04681225111423
            ],
            [
              -118.24615059683482,
              34.04681225111423
            ],
            [
              -118.24615059683482,
              34.046284748147755
            ]
          ]
        ]
      }
    },
    {
      "type": "Feature",
      "properties": {
        "layerType": "BUILDING_3D",
        "id": "CENTRAL_BLD_246",
        "name": "Structure #246",
        "height": 10,
        "min_height": 0,
        "render_height": 10,
        "render_min_height": 0,
        "division": "Central Division",
        "bureau": "Central Bureau",
        "extrusionColor": "#1e293b"
      },
      "geometry": {
        "type": "Polygon",
        "coordinates": [
          [
            [
              -118.24442953756655,
              34.04636998588347
            ],
            [
              -118.24390203460005,
              34.04636998588347
            ],
            [
              -118.24390203460005,
              34.04689897994538
            ],
            [
              -118.24442953756655,
              34.04689897994538
            ],
            [
              -118.24442953756655,
              34.04636998588347
            ]
          ]
        ]
      }
    },
    {
      "type": "Feature",
      "properties": {
        "layerType": "BUILDING_3D",
        "id": "CENTRAL_BLD_247",
        "name": "Structure #247",
        "height": 25,
        "min_height": 0,
        "render_height": 25,
        "render_min_height": 0,
        "division": "Central Division",
        "bureau": "Central Bureau",
        "extrusionColor": "#1e293b"
      },
      "geometry": {
        "type": "Polygon",
        "coordinates": [
          [
            [
              -118.24291572840224,
              34.04596763088169
            ],
            [
              -118.24238673434033,
              34.04596763088169
            ],
            [
              -118.24238673434033,
              34.04647637386468
            ],
            [
              -118.24291572840224,
              34.04647637386468
            ],
            [
              -118.24291572840224,
              34.04596763088169
            ]
          ]
        ]
      }
    },
    {
      "type": "Feature",
      "properties": {
        "layerType": "BUILDING_3D",
        "id": "CENTRAL_BLD_248",
        "name": "Central Division High-Rise Tower #248",
        "height": 140,
        "min_height": 0,
        "render_height": 140,
        "render_min_height": 0,
        "division": "Central Division",
        "bureau": "Central Bureau",
        "extrusionColor": "#00f3ff"
      },
      "geometry": {
        "type": "Polygon",
        "coordinates": [
          [
            [
              -118.24188951197546,
              34.045653896174656
            ],
            [
              -118.24138076899247,
              34.045653896174656
            ],
            [
              -118.24138076899247,
              34.04679249432441
            ],
            [
              -118.24188951197546,
              34.04679249432441
            ],
            [
              -118.24188951197546,
              34.045653896174656
            ]
          ]
        ]
      }
    },
    {
      "type": "Feature",
      "properties": {
        "layerType": "BUILDING_3D",
        "id": "CENTRAL_BLD_252",
        "name": "Central Division High-Rise Tower #252",
        "height": 237,
        "min_height": 0,
        "render_height": 237,
        "render_min_height": 0,
        "division": "Central Division",
        "bureau": "Central Bureau",
        "extrusionColor": "#00f3ff"
      },
      "geometry": {
        "type": "Polygon",
        "coordinates": [
          [
            [
              -118.23626910952756,
              34.04605014515553
            ],
            [
              -118.235428705036,
              34.04605014515553
            ],
            [
              -118.235428705036,
              34.0466489535973
            ],
            [
              -118.23626910952756,
              34.0466489535973
            ],
            [
              -118.23626910952756,
              34.04605014515553
            ]
          ]
        ]
      }
    },
    {
      "type": "Feature",
      "properties": {
        "layerType": "BUILDING_3D",
        "id": "CENTRAL_BLD_253",
        "name": "Structure #253",
        "height": 20,
        "min_height": 0,
        "render_height": 20,
        "render_min_height": 0,
        "division": "Central Division",
        "bureau": "Central Bureau",
        "extrusionColor": "#1e293b"
      },
      "geometry": {
        "type": "Polygon",
        "coordinates": [
          [
            [
              -118.26466414055875,
              34.04737128634185
            ],
            [
              -118.26406533211699,
              34.04737128634185
            ],
            [
              -118.26406533211699,
              34.04843050370179
            ],
            [
              -118.26466414055875,
              34.04843050370179
            ],
            [
              -118.26466414055875,
              34.04737128634185
            ]
          ]
        ]
      }
    },
    {
      "type": "Feature",
      "properties": {
        "layerType": "BUILDING_3D",
        "id": "CENTRAL_BLD_254",
        "name": "Structure #254",
        "height": 18,
        "min_height": 0,
        "render_height": 18,
        "render_min_height": 0,
        "division": "Central Division",
        "bureau": "Central Bureau",
        "extrusionColor": "#1e293b"
      },
      "geometry": {
        "type": "Polygon",
        "coordinates": [
          [
            [
              -118.26334299937244,
              34.04725002839801
            ],
            [
              -118.2622837820125,
              34.04725002839801
            ],
            [
              -118.2622837820125,
              34.04816520796595
            ],
            [
              -118.26334299937244,
              34.04816520796595
            ],
            [
              -118.26334299937244,
              34.04725002839801
            ]
          ]
        ]
      }
    },
    {
      "type": "Feature",
      "properties": {
        "layerType": "BUILDING_3D",
        "id": "CENTRAL_BLD_255",
        "name": "Structure #255",
        "height": 8,
        "min_height": 0,
        "render_height": 8,
        "render_min_height": 0,
        "division": "Central Division",
        "bureau": "Central Bureau",
        "extrusionColor": "#1e293b"
      },
      "geometry": {
        "type": "Polygon",
        "coordinates": [
          [
            [
              -118.2620356858877,
              34.04765303075367
            ],
            [
              -118.26112050631977,
              34.04765303075367
            ],
            [
              -118.26112050631977,
              34.048498859879366
            ],
            [
              -118.2620356858877,
              34.048498859879366
            ],
            [
              -118.2620356858877,
              34.04765303075367
            ]
          ]
        ]
      }
    },
    {
      "type": "Feature",
      "properties": {
        "layerType": "BUILDING_3D",
        "id": "CENTRAL_BLD_256",
        "name": "Structure #256",
        "height": 8,
        "min_height": 0,
        "render_height": 8,
        "render_min_height": 0,
        "division": "Central Division",
        "bureau": "Central Bureau",
        "extrusionColor": "#1e293b"
      },
      "geometry": {
        "type": "Polygon",
        "coordinates": [
          [
            [
              -118.26020411210347,
              34.047739213545995
            ],
            [
              -118.25935828297777,
              34.047739213545995
            ],
            [
              -118.25935828297777,
              34.04818221661985
            ],
            [
              -118.26020411210347,
              34.04818221661985
            ],
            [
              -118.26020411210347,
              34.047739213545995
            ]
          ]
        ]
      }
    },
    {
      "type": "Feature",
      "properties": {
        "layerType": "BUILDING_3D",
        "id": "CENTRAL_BLD_257",
        "name": "Structure #257",
        "height": 50,
        "min_height": 0,
        "render_height": 50,
        "render_min_height": 0,
        "division": "Central Division",
        "bureau": "Central Bureau",
        "extrusionColor": "#0ea5e9"
      },
      "geometry": {
        "type": "Polygon",
        "coordinates": [
          [
            [
              -118.25868935788257,
              34.04768514609326
            ],
            [
              -118.25824635480872,
              34.04768514609326
            ],
            [
              -118.25824635480872,
              34.048125323365
            ],
            [
              -118.25868935788257,
              34.048125323365
            ],
            [
              -118.25868935788257,
              34.04768514609326
            ]
          ]
        ]
      }
    },
    {
      "type": "Feature",
      "properties": {
        "layerType": "BUILDING_3D",
        "id": "CENTRAL_BLD_258",
        "name": "Structure #258",
        "height": 9,
        "min_height": 0,
        "render_height": 9,
        "render_min_height": 0,
        "division": "Central Division",
        "bureau": "Central Bureau",
        "extrusionColor": "#1e293b"
      },
      "geometry": {
        "type": "Polygon",
        "coordinates": [
          [
            [
              -118.25731485390675,
              34.04730324509739
            ],
            [
              -118.25687467663501,
              34.04730324509739
            ],
            [
              -118.25687467663501,
              34.047862702677925
            ],
            [
              -118.25731485390675,
              34.047862702677925
            ],
            [
              -118.25731485390675,
              34.04730324509739
            ]
          ]
        ]
      }
    },
    {
      "type": "Feature",
      "properties": {
        "layerType": "BUILDING_3D",
        "id": "CENTRAL_BLD_259",
        "name": "Structure #259",
        "height": 21,
        "min_height": 0,
        "render_height": 21,
        "render_min_height": 0,
        "division": "Central Division",
        "bureau": "Central Bureau",
        "extrusionColor": "#1e293b"
      },
      "geometry": {
        "type": "Polygon",
        "coordinates": [
          [
            [
              -118.25626818347405,
              34.04734191709777
            ],
            [
              -118.2557087258935,
              34.04734191709777
            ],
            [
              -118.2557087258935,
              34.047819509394174
            ],
            [
              -118.25626818347405,
              34.047819509394174
            ],
            [
              -118.25626818347405,
              34.04734191709777
            ]
          ]
        ]
      }
    },
    {
      "type": "Feature",
      "properties": {
        "layerType": "BUILDING_3D",
        "id": "CENTRAL_BLD_264",
        "name": "Structure #264",
        "height": 16,
        "min_height": 0,
        "render_height": 16,
        "render_min_height": 0,
        "division": "Central Division",
        "bureau": "Central Bureau",
        "extrusionColor": "#1e293b"
      },
      "geometry": {
        "type": "Polygon",
        "coordinates": [
          [
            [
              -118.24858007721359,
              34.047475972014006
            ],
            [
              -118.24811147189483,
              34.047475972014006
            ],
            [
              -118.24811147189483,
              34.04852150920967
            ],
            [
              -118.24858007721359,
              34.04852150920967
            ],
            [
              -118.24858007721359,
              34.047475972014006
            ]
          ]
        ]
      }
    },
    {
      "type": "Feature",
      "properties": {
        "layerType": "BUILDING_3D",
        "id": "CENTRAL_BLD_265",
        "name": "Central Division High-Rise Tower #265",
        "height": 119,
        "min_height": 0,
        "render_height": 119,
        "render_min_height": 0,
        "division": "Central Division",
        "bureau": "Central Bureau",
        "extrusionColor": "#00f3ff"
      },
      "geometry": {
        "type": "Polygon",
        "coordinates": [
          [
            [
              -118.247524027986,
              34.04721977569446
            ],
            [
              -118.24647849079034,
              34.04721977569446
            ],
            [
              -118.24647849079034,
              34.0479871356727
            ],
            [
              -118.247524027986,
              34.0479871356727
            ],
            [
              -118.247524027986,
              34.04721977569446
            ]
          ]
        ]
      }
    },
    {
      "type": "Feature",
      "properties": {
        "layerType": "BUILDING_3D",
        "id": "CENTRAL_BLD_266",
        "name": "Structure #266",
        "height": 13,
        "min_height": 0,
        "render_height": 13,
        "render_min_height": 0,
        "division": "Central Division",
        "bureau": "Central Bureau",
        "extrusionColor": "#1e293b"
      },
      "geometry": {
        "type": "Polygon",
        "coordinates": [
          [
            [
              -118.24635165287698,
              34.047602580860634
            ],
            [
              -118.24558429289873,
              34.047602580860634
            ],
            [
              -118.24558429289873,
              34.04852742150957
            ],
            [
              -118.24635165287698,
              34.04852742150957
            ],
            [
              -118.24635165287698,
              34.047602580860634
            ]
          ]
        ]
      }
    },
    {
      "type": "Feature",
      "properties": {
        "layerType": "BUILDING_3D",
        "id": "CENTRAL_BLD_268",
        "name": "Central Division High-Rise Tower #268",
        "height": 296,
        "min_height": 0,
        "render_height": 296,
        "render_min_height": 0,
        "division": "Central Division",
        "bureau": "Central Bureau",
        "extrusionColor": "#00f3ff"
      },
      "geometry": {
        "type": "Polygon",
        "coordinates": [
          [
            [
              -118.24319140283585,
              34.04751154166863
            ],
            [
              -118.24255224977038,
              34.04751154166863
            ],
            [
              -118.24255224977038,
              34.04842534622682
            ],
            [
              -118.24319140283585,
              34.04842534622682
            ],
            [
              -118.24319140283585,
              34.04751154166863
            ]
          ]
        ]
      }
    },
    {
      "type": "Feature",
      "properties": {
        "layerType": "BUILDING_3D",
        "id": "CENTRAL_BLD_269",
        "name": "Structure #269",
        "height": 23,
        "min_height": 0,
        "render_height": 23,
        "render_min_height": 0,
        "division": "Central Division",
        "bureau": "Central Bureau",
        "extrusionColor": "#1e293b"
      },
      "geometry": {
        "type": "Polygon",
        "coordinates": [
          [
            [
              -118.2417741726171,
              34.0473167594051
            ],
            [
              -118.2408603680589,
              34.0473167594051
            ],
            [
              -118.2408603680589,
              34.04816302835679
            ],
            [
              -118.2417741726171,
              34.04816302835679
            ],
            [
              -118.2417741726171,
              34.0473167594051
            ]
          ]
        ]
      }
    },
    {
      "type": "Feature",
      "properties": {
        "layerType": "BUILDING_3D",
        "id": "CENTRAL_BLD_270",
        "name": "Structure #270",
        "height": 21,
        "min_height": 0,
        "render_height": 21,
        "render_min_height": 0,
        "division": "Central Division",
        "bureau": "Central Bureau",
        "extrusionColor": "#1e293b"
      },
      "geometry": {
        "type": "Polygon",
        "coordinates": [
          [
            [
              -118.24054038345206,
              34.04743327412029
            ],
            [
              -118.23969411450035,
              34.04743327412029
            ],
            [
              -118.23969411450035,
              34.048485956029985
            ],
            [
              -118.24054038345206,
              34.048485956029985
            ],
            [
              -118.24054038345206,
              34.04743327412029
            ]
          ]
        ]
      }
    },
    {
      "type": "Feature",
      "properties": {
        "layerType": "BUILDING_3D",
        "id": "CENTRAL_BLD_271",
        "name": "Structure #271",
        "height": 11,
        "min_height": 0,
        "render_height": 11,
        "render_min_height": 0,
        "division": "Central Division",
        "bureau": "Central Bureau",
        "extrusionColor": "#1e293b"
      },
      "geometry": {
        "type": "Polygon",
        "coordinates": [
          [
            [
              -118.23899529730829,
              34.04742447996579
            ],
            [
              -118.2379426153986,
              34.04742447996579
            ],
            [
              -118.2379426153986,
              34.04838669321406
            ],
            [
              -118.23899529730829,
              34.04838669321406
            ],
            [
              -118.23899529730829,
              34.04742447996579
            ]
          ]
        ]
      }
    },
    {
      "type": "Feature",
      "properties": {
        "layerType": "BUILDING_3D",
        "id": "CENTRAL_BLD_272",
        "name": "Structure #272",
        "height": 25,
        "min_height": 0,
        "render_height": 25,
        "render_min_height": 0,
        "division": "Central Division",
        "bureau": "Central Bureau",
        "extrusionColor": "#1e293b"
      },
      "geometry": {
        "type": "Polygon",
        "coordinates": [
          [
            [
              -118.23757552003421,
              34.047790915483915
            ],
            [
              -118.23661330678594,
              34.047790915483915
            ],
            [
              -118.23661330678594,
              34.04835051842875
            ],
            [
              -118.23757552003421,
              34.04835051842875
            ],
            [
              -118.23757552003421,
              34.047790915483915
            ]
          ]
        ]
      }
    },
    {
      "type": "Feature",
      "properties": {
        "layerType": "BUILDING_3D",
        "id": "CENTRAL_BLD_273",
        "name": "Structure #273",
        "height": 12,
        "min_height": 0,
        "render_height": 12,
        "render_min_height": 0,
        "division": "Central Division",
        "bureau": "Central Bureau",
        "extrusionColor": "#1e293b"
      },
      "geometry": {
        "type": "Polygon",
        "coordinates": [
          [
            [
              -118.23578051308752,
              34.04744364183568
            ],
            [
              -118.23522091014269,
              34.04744364183568
            ],
            [
              -118.23522091014269,
              34.04855304221869
            ],
            [
              -118.23578051308752,
              34.04855304221869
            ],
            [
              -118.23578051308752,
              34.04744364183568
            ]
          ]
        ]
      }
    },
    {
      "type": "Feature",
      "properties": {
        "layerType": "BUILDING_3D",
        "id": "CENTRAL_BLD_274",
        "name": "Central Division High-Rise Tower #274",
        "height": 268,
        "min_height": 0,
        "render_height": 268,
        "render_min_height": 0,
        "division": "Central Division",
        "bureau": "Central Bureau",
        "extrusionColor": "#00f3ff"
      },
      "geometry": {
        "type": "Polygon",
        "coordinates": [
          [
            [
              -118.26469921530719,
              34.04879769508843
            ],
            [
              -118.26358981492416,
              34.04879769508843
            ],
            [
              -118.26358981492416,
              34.0494119553376
            ],
            [
              -118.26469921530719,
              34.0494119553376
            ],
            [
              -118.26469921530719,
              34.04879769508843
            ]
          ]
        ]
      }
    },
    {
      "type": "Feature",
      "properties": {
        "layerType": "BUILDING_3D",
        "id": "CENTRAL_BLD_275",
        "name": "Structure #275",
        "height": 22,
        "min_height": 0,
        "render_height": 22,
        "render_min_height": 0,
        "division": "Central Division",
        "bureau": "Central Bureau",
        "extrusionColor": "#1e293b"
      },
      "geometry": {
        "type": "Polygon",
        "coordinates": [
          [
            [
              -118.26334516205443,
              34.049301633117906
            ],
            [
              -118.26273090180527,
              34.049301633117906
            ],
            [
              -118.26273090180527,
              34.049787693209225
            ],
            [
              -118.26334516205443,
              34.049787693209225
            ],
            [
              -118.26334516205443,
              34.049301633117906
            ]
          ]
        ]
      }
    },
    {
      "type": "Feature",
      "properties": {
        "layerType": "BUILDING_3D",
        "id": "CENTRAL_BLD_277",
        "name": "Structure #277",
        "height": 36,
        "min_height": 0,
        "render_height": 36,
        "render_min_height": 0,
        "division": "Central Division",
        "bureau": "Central Bureau",
        "extrusionColor": "#1e293b"
      },
      "geometry": {
        "type": "Polygon",
        "coordinates": [
          [
            [
              -118.26063033816071,
              34.04850435379583
            ],
            [
              -118.25964398829778,
              34.04850435379583
            ],
            [
              -118.25964398829778,
              34.049587628064565
            ],
            [
              -118.26063033816071,
              34.049587628064565
            ],
            [
              -118.26063033816071,
              34.04850435379583
            ]
          ]
        ]
      }
    },
    {
      "type": "Feature",
      "properties": {
        "layerType": "BUILDING_3D",
        "id": "CENTRAL_BLD_278",
        "name": "Structure #278",
        "height": 8,
        "min_height": 0,
        "render_height": 8,
        "render_min_height": 0,
        "division": "Central Division",
        "bureau": "Central Bureau",
        "extrusionColor": "#1e293b"
      },
      "geometry": {
        "type": "Polygon",
        "coordinates": [
          [
            [
              -118.25935278906131,
              34.049050818990054
            ],
            [
              -118.25826951479259,
              34.049050818990054
            ],
            [
              -118.25826951479259,
              34.04984162650493
            ],
            [
              -118.25935278906131,
              34.04984162650493
            ],
            [
              -118.25935278906131,
              34.049050818990054
            ]
          ]
        ]
      }
    },
    {
      "type": "Feature",
      "properties": {
        "layerType": "BUILDING_3D",
        "id": "CENTRAL_BLD_280",
        "name": "Structure #280",
        "height": 10,
        "min_height": 0,
        "render_height": 10,
        "render_min_height": 0,
        "division": "Central Division",
        "bureau": "Central Bureau",
        "extrusionColor": "#1e293b"
      },
      "geometry": {
        "type": "Polygon",
        "coordinates": [
          [
            [
              -118.25569770303187,
              34.048744004344364
            ],
            [
              -118.25525477242388,
              34.048744004344364
            ],
            [
              -118.25525477242388,
              34.049835573393715
            ],
            [
              -118.25569770303187,
              34.049835573393715
            ],
            [
              -118.25569770303187,
              34.048744004344364
            ]
          ]
        ]
      }
    },
    {
      "type": "Feature",
      "properties": {
        "layerType": "BUILDING_3D",
        "id": "CENTRAL_BLD_281",
        "name": "Central Division High-Rise Tower #281",
        "height": 238,
        "min_height": 0,
        "render_height": 238,
        "render_min_height": 0,
        "division": "Central Division",
        "bureau": "Central Bureau",
        "extrusionColor": "#00f3ff"
      },
      "geometry": {
        "type": "Polygon",
        "coordinates": [
          [
            [
              -118.25482742422706,
              34.04873861327334
            ],
            [
              -118.25373585517771,
              34.04873861327334
            ],
            [
              -118.25373585517771,
              34.04928436141371
            ],
            [
              -118.25482742422706,
              34.04928436141371
            ],
            [
              -118.25482742422706,
              34.04873861327334
            ]
          ]
        ]
      }
    },
    {
      "type": "Feature",
      "properties": {
        "layerType": "BUILDING_3D",
        "id": "CENTRAL_BLD_282",
        "name": "Structure #282",
        "height": 20,
        "min_height": 0,
        "render_height": 20,
        "render_min_height": 0,
        "division": "Central Division",
        "bureau": "Central Bureau",
        "extrusionColor": "#1e293b"
      },
      "geometry": {
        "type": "Polygon",
        "coordinates": [
          [
            [
              -118.25340424386953,
              34.049174347709744
            ],
            [
              -118.25285849572914,
              34.049174347709744
            ],
            [
              -118.25285849572914,
              34.04988644848351
            ],
            [
              -118.25340424386953,
              34.04988644848351
            ],
            [
              -118.25340424386953,
              34.049174347709744
            ]
          ]
        ]
      }
    },
    {
      "type": "Feature",
      "properties": {
        "layerType": "BUILDING_3D",
        "id": "CENTRAL_BLD_284",
        "name": "Central Division High-Rise Tower #284",
        "height": 220,
        "min_height": 0,
        "render_height": 220,
        "render_min_height": 0,
        "division": "Central Division",
        "bureau": "Central Bureau",
        "extrusionColor": "#00f3ff"
      },
      "geometry": {
        "type": "Polygon",
        "coordinates": [
          [
            [
              -118.25064998755698,
              34.04873975285613
            ],
            [
              -118.24973395827556,
              34.04873975285613
            ],
            [
              -118.24973395827556,
              34.04971389409618
            ],
            [
              -118.25064998755698,
              34.04971389409618
            ],
            [
              -118.25064998755698,
              34.04873975285613
            ]
          ]
        ]
      }
    },
    {
      "type": "Feature",
      "properties": {
        "layerType": "BUILDING_3D",
        "id": "CENTRAL_BLD_286",
        "name": "Structure #286",
        "height": 8,
        "min_height": 0,
        "render_height": 8,
        "render_min_height": 0,
        "division": "Central Division",
        "bureau": "Central Bureau",
        "extrusionColor": "#1e293b"
      },
      "geometry": {
        "type": "Polygon",
        "coordinates": [
          [
            [
              -118.24754618146025,
              34.048999669934204
            ],
            [
              -118.24653102883235,
              34.048999669934204
            ],
            [
              -118.24653102883235,
              34.04987324176416
            ],
            [
              -118.24754618146025,
              34.04987324176416
            ],
            [
              -118.24754618146025,
              34.048999669934204
            ]
          ]
        ]
      }
    },
    {
      "type": "Feature",
      "properties": {
        "layerType": "BUILDING_3D",
        "id": "CENTRAL_BLD_287",
        "name": "Structure #287",
        "height": 16,
        "min_height": 0,
        "render_height": 16,
        "render_min_height": 0,
        "division": "Central Division",
        "bureau": "Central Bureau",
        "extrusionColor": "#1e293b"
      },
      "geometry": {
        "type": "Polygon",
        "coordinates": [
          [
            [
              -118.2460003300658,
              34.049254760815295
            ],
            [
              -118.24512675823583,
              34.049254760815295
            ],
            [
              -118.24512675823583,
              34.049683769103645
            ],
            [
              -118.2460003300658,
              34.049683769103645
            ],
            [
              -118.2460003300658,
              34.049254760815295
            ]
          ]
        ]
      }
    },
    {
      "type": "Feature",
      "properties": {
        "layerType": "BUILDING_3D",
        "id": "CENTRAL_BLD_288",
        "name": "Structure #288",
        "height": 14,
        "min_height": 0,
        "render_height": 14,
        "render_min_height": 0,
        "division": "Central Division",
        "bureau": "Central Bureau",
        "extrusionColor": "#1e293b"
      },
      "geometry": {
        "type": "Polygon",
        "coordinates": [
          [
            [
              -118.24431666775614,
              34.0489764842315
            ],
            [
              -118.24388765946777,
              34.0489764842315
            ],
            [
              -118.24388765946777,
              34.04973551641072
            ],
            [
              -118.24431666775614,
              34.04973551641072
            ],
            [
              -118.24431666775614,
              34.0489764842315
            ]
          ]
        ]
      }
    },
    {
      "type": "Feature",
      "properties": {
        "layerType": "BUILDING_3D",
        "id": "CENTRAL_BLD_289",
        "name": "Structure #289",
        "height": 24,
        "min_height": 0,
        "render_height": 24,
        "render_min_height": 0,
        "division": "Central Division",
        "bureau": "Central Bureau",
        "extrusionColor": "#1e293b"
      },
      "geometry": {
        "type": "Polygon",
        "coordinates": [
          [
            [
              -118.24316637291136,
              34.04864936675044
            ],
            [
              -118.24240734073214,
              34.04864936675044
            ],
            [
              -118.24240734073214,
              34.049351332225214
            ],
            [
              -118.24316637291136,
              34.049351332225214
            ],
            [
              -118.24316637291136,
              34.04864936675044
            ]
          ]
        ]
      }
    },
    {
      "type": "Feature",
      "properties": {
        "layerType": "BUILDING_3D",
        "id": "CENTRAL_BLD_290",
        "name": "Structure #290",
        "height": 25,
        "min_height": 0,
        "render_height": 25,
        "render_min_height": 0,
        "division": "Central Division",
        "bureau": "Central Bureau",
        "extrusionColor": "#1e293b"
      },
      "geometry": {
        "type": "Polygon",
        "coordinates": [
          [
            [
              -118.24206491896385,
              34.048725785108616
            ],
            [
              -118.24136295348907,
              34.048725785108616
            ],
            [
              -118.24136295348907,
              34.04980295209242
            ],
            [
              -118.24206491896385,
              34.04980295209242
            ],
            [
              -118.24206491896385,
              34.048725785108616
            ]
          ]
        ]
      }
    },
    {
      "type": "Feature",
      "properties": {
        "layerType": "BUILDING_3D",
        "id": "CENTRAL_BLD_292",
        "name": "Structure #292",
        "height": 21,
        "min_height": 0,
        "render_height": 21,
        "render_min_height": 0,
        "division": "Central Division",
        "bureau": "Central Bureau",
        "extrusionColor": "#1e293b"
      },
      "geometry": {
        "type": "Polygon",
        "coordinates": [
          [
            [
              -118.23919800779039,
              34.04929058078111
            ],
            [
              -118.23807884744996,
              34.04929058078111
            ],
            [
              -118.23807884744996,
              34.04974717210727
            ],
            [
              -118.23919800779039,
              34.04974717210727
            ],
            [
              -118.23919800779039,
              34.04929058078111
            ]
          ]
        ]
      }
    },
    {
      "type": "Feature",
      "properties": {
        "layerType": "BUILDING_3D",
        "id": "CENTRAL_BLD_293",
        "name": "Structure #293",
        "height": 8,
        "min_height": 0,
        "render_height": 8,
        "render_min_height": 0,
        "division": "Central Division",
        "bureau": "Central Bureau",
        "extrusionColor": "#1e293b"
      },
      "geometry": {
        "type": "Polygon",
        "coordinates": [
          [
            [
              -118.23713799064745,
              34.04906822935569
            ],
            [
              -118.2366813993213,
              34.04906822935569
            ],
            [
              -118.2366813993213,
              34.050036712903314
            ],
            [
              -118.23713799064745,
              34.050036712903314
            ],
            [
              -118.23713799064745,
              34.04906822935569
            ]
          ]
        ]
      }
    },
    {
      "type": "Feature",
      "properties": {
        "layerType": "BUILDING_3D",
        "id": "CENTRAL_BLD_294",
        "name": "Central Division High-Rise Tower #294",
        "height": 278,
        "min_height": 0,
        "render_height": 278,
        "render_min_height": 0,
        "division": "Central Division",
        "bureau": "Central Bureau",
        "extrusionColor": "#00f3ff"
      },
      "geometry": {
        "type": "Polygon",
        "coordinates": [
          [
            [
              -118.23593177064431,
              34.048791493767716
            ],
            [
              -118.23496328709668,
              34.048791493767716
            ],
            [
              -118.23496328709668,
              34.04925333806843
            ],
            [
              -118.23593177064431,
              34.04925333806843
            ],
            [
              -118.23593177064431,
              34.048791493767716
            ]
          ]
        ]
      }
    },
    {
      "type": "Feature",
      "properties": {
        "layerType": "BUILDING_3D",
        "id": "CENTRAL_BLD_295",
        "name": "Central Division High-Rise Tower #295",
        "height": 82,
        "min_height": 0,
        "render_height": 82,
        "render_min_height": 0,
        "division": "Central Division",
        "bureau": "Central Bureau",
        "extrusionColor": "#00f3ff"
      },
      "geometry": {
        "type": "Polygon",
        "coordinates": [
          [
            [
              -118.26477993480371,
              34.050346111404586
            ],
            [
              -118.26431809050301,
              34.050346111404586
            ],
            [
              -118.26431809050301,
              34.05137489084306
            ],
            [
              -118.26477993480371,
              34.05137489084306
            ],
            [
              -118.26477993480371,
              34.050346111404586
            ]
          ]
        ]
      }
    },
    {
      "type": "Feature",
      "properties": {
        "layerType": "BUILDING_3D",
        "id": "CENTRAL_BLD_297",
        "name": "Structure #297",
        "height": 14,
        "min_height": 0,
        "render_height": 14,
        "render_min_height": 0,
        "division": "Central Division",
        "bureau": "Central Bureau",
        "extrusionColor": "#1e293b"
      },
      "geometry": {
        "type": "Polygon",
        "coordinates": [
          [
            [
              -118.26219330529753,
              34.05063278725119
            ],
            [
              -118.26118202953563,
              34.05063278725119
            ],
            [
              -118.26118202953563,
              34.0511846884218
            ],
            [
              -118.26219330529753,
              34.0511846884218
            ],
            [
              -118.26219330529753,
              34.05063278725119
            ]
          ]
        ]
      }
    },
    {
      "type": "Feature",
      "properties": {
        "layerType": "BUILDING_3D",
        "id": "CENTRAL_BLD_299",
        "name": "Structure #299",
        "height": 21,
        "min_height": 0,
        "render_height": 21,
        "render_min_height": 0,
        "division": "Central Division",
        "bureau": "Central Bureau",
        "extrusionColor": "#1e293b"
      },
      "geometry": {
        "type": "Polygon",
        "coordinates": [
          [
            [
              -118.25872537426464,
              34.04998739010549
            ],
            [
              -118.25805658451632,
              34.04998739010549
            ],
            [
              -118.25805658451632,
              34.05106708033892
            ],
            [
              -118.25872537426464,
              34.05106708033892
            ],
            [
              -118.25872537426464,
              34.04998739010549
            ]
          ]
        ]
      }
    },
    {
      "type": "Feature",
      "properties": {
        "layerType": "BUILDING_3D",
        "id": "CENTRAL_BLD_300",
        "name": "Structure #300",
        "height": 16,
        "min_height": 0,
        "render_height": 16,
        "render_min_height": 0,
        "division": "Central Division",
        "bureau": "Central Bureau",
        "extrusionColor": "#1e293b"
      },
      "geometry": {
        "type": "Polygon",
        "coordinates": [
          [
            [
              -118.25786975275165,
              34.05014160197384
            ],
            [
              -118.25679006251823,
              34.05014160197384
            ],
            [
              -118.25679006251823,
              34.051099890194884
            ],
            [
              -118.25786975275165,
              34.051099890194884
            ],
            [
              -118.25786975275165,
              34.05014160197384
            ]
          ]
        ]
      }
    },
    {
      "type": "Feature",
      "properties": {
        "layerType": "BUILDING_3D",
        "id": "CENTRAL_BLD_302",
        "name": "Structure #302",
        "height": 23,
        "min_height": 0,
        "render_height": 23,
        "render_min_height": 0,
        "division": "Central Division",
        "bureau": "Central Bureau",
        "extrusionColor": "#1e293b"
      },
      "geometry": {
        "type": "Polygon",
        "coordinates": [
          [
            [
              -118.25442670304369,
              34.05037551907948
            ],
            [
              -118.2536743640114,
              34.05037551907948
            ],
            [
              -118.2536743640114,
              34.05132917064563
            ],
            [
              -118.25442670304369,
              34.05132917064563
            ],
            [
              -118.25442670304369,
              34.05037551907948
            ]
          ]
        ]
      }
    },
    {
      "type": "Feature",
      "properties": {
        "layerType": "BUILDING_3D",
        "id": "CENTRAL_BLD_303",
        "name": "Central Division High-Rise Tower #303",
        "height": 291,
        "min_height": 0,
        "render_height": 291,
        "render_min_height": 0,
        "division": "Central Division",
        "bureau": "Central Bureau",
        "extrusionColor": "#00f3ff"
      },
      "geometry": {
        "type": "Polygon",
        "coordinates": [
          [
            [
              -118.25319590949196,
              34.05016967940157
            ],
            [
              -118.2522422579258,
              34.05016967940157
            ],
            [
              -118.2522422579258,
              34.05120549162152
            ],
            [
              -118.25319590949196,
              34.05120549162152
            ],
            [
              -118.25319590949196,
              34.05016967940157
            ]
          ]
        ]
      }
    },
    {
      "type": "Feature",
      "properties": {
        "layerType": "BUILDING_3D",
        "id": "CENTRAL_BLD_304",
        "name": "Structure #304",
        "height": 23,
        "min_height": 0,
        "render_height": 23,
        "render_min_height": 0,
        "division": "Central Division",
        "bureau": "Central Bureau",
        "extrusionColor": "#1e293b"
      },
      "geometry": {
        "type": "Polygon",
        "coordinates": [
          [
            [
              -118.25197317774129,
              34.05031663961807
            ],
            [
              -118.25093736552134,
              34.05031663961807
            ],
            [
              -118.25093736552134,
              34.05138063145922
            ],
            [
              -118.25197317774129,
              34.05138063145922
            ],
            [
              -118.25197317774129,
              34.05031663961807
            ]
          ]
        ]
      }
    },
    {
      "type": "Feature",
      "properties": {
        "layerType": "BUILDING_3D",
        "id": "CENTRAL_BLD_305",
        "name": "Structure #305",
        "height": 15,
        "min_height": 0,
        "render_height": 15,
        "render_min_height": 0,
        "division": "Central Division",
        "bureau": "Central Bureau",
        "extrusionColor": "#1e293b"
      },
      "geometry": {
        "type": "Polygon",
        "coordinates": [
          [
            [
              -118.25039764609623,
              34.05039388988951
            ],
            [
              -118.24933365425507,
              34.05039388988951
            ],
            [
              -118.24933365425507,
              34.05143483823385
            ],
            [
              -118.25039764609623,
              34.05143483823385
            ],
            [
              -118.25039764609623,
              34.05039388988951
            ]
          ]
        ]
      }
    },
    {
      "type": "Feature",
      "properties": {
        "layerType": "BUILDING_3D",
        "id": "CENTRAL_BLD_306",
        "name": "Structure #306",
        "height": 25,
        "min_height": 0,
        "render_height": 25,
        "render_min_height": 0,
        "division": "Central Division",
        "bureau": "Central Bureau",
        "extrusionColor": "#1e293b"
      },
      "geometry": {
        "type": "Polygon",
        "coordinates": [
          [
            [
              -118.2488918243962,
              34.05056557086905
            ],
            [
              -118.24785087605187,
              34.05056557086905
            ],
            [
              -118.24785087605187,
              34.05130824464823
            ],
            [
              -118.2488918243962,
              34.05130824464823
            ],
            [
              -118.2488918243962,
              34.05056557086905
            ]
          ]
        ]
      }
    },
    {
      "type": "Feature",
      "properties": {
        "layerType": "BUILDING_3D",
        "id": "CENTRAL_BLD_307",
        "name": "Central Division High-Rise Tower #307",
        "height": 292,
        "min_height": 0,
        "render_height": 292,
        "render_min_height": 0,
        "division": "Central Division",
        "bureau": "Central Bureau",
        "extrusionColor": "#00f3ff"
      },
      "geometry": {
        "type": "Polygon",
        "coordinates": [
          [
            [
              -118.2472915719881,
              34.05036233046306
            ],
            [
              -118.2465488982089,
              34.05036233046306
            ],
            [
              -118.2465488982089,
              34.05147461545931
            ],
            [
              -118.2472915719881,
              34.05147461545931
            ],
            [
              -118.2472915719881,
              34.05036233046306
            ]
          ]
        ]
      }
    },
    {
      "type": "Feature",
      "properties": {
        "layerType": "BUILDING_3D",
        "id": "CENTRAL_BLD_308",
        "name": "Central Division High-Rise Tower #308",
        "height": 234,
        "min_height": 0,
        "render_height": 234,
        "render_min_height": 0,
        "division": "Central Division",
        "bureau": "Central Bureau",
        "extrusionColor": "#00f3ff"
      },
      "geometry": {
        "type": "Polygon",
        "coordinates": [
          [
            [
              -118.24606624096552,
              34.050149983273485
            ],
            [
              -118.24495395596927,
              34.050149983273485
            ],
            [
              -118.24495395596927,
              34.051209723344655
            ],
            [
              -118.24606624096552,
              34.051209723344655
            ],
            [
              -118.24606624096552,
              34.050149983273485
            ]
          ]
        ]
      }
    },
    {
      "type": "Feature",
      "properties": {
        "layerType": "BUILDING_3D",
        "id": "CENTRAL_BLD_309",
        "name": "Central Division High-Rise Tower #309",
        "height": 284,
        "min_height": 0,
        "render_height": 284,
        "render_min_height": 0,
        "division": "Central Division",
        "bureau": "Central Bureau",
        "extrusionColor": "#00f3ff"
      },
      "geometry": {
        "type": "Polygon",
        "coordinates": [
          [
            [
              -118.2448500167265,
              34.05045352247264
            ],
            [
              -118.24379027665535,
              34.05045352247264
            ],
            [
              -118.24379027665535,
              34.051497562092806
            ],
            [
              -118.2448500167265,
              34.051497562092806
            ],
            [
              -118.2448500167265,
              34.05045352247264
            ]
          ]
        ]
      }
    },
    {
      "type": "Feature",
      "properties": {
        "layerType": "BUILDING_3D",
        "id": "CENTRAL_BLD_310",
        "name": "Structure #310",
        "height": 23,
        "min_height": 0,
        "render_height": 23,
        "render_min_height": 0,
        "division": "Central Division",
        "bureau": "Central Bureau",
        "extrusionColor": "#1e293b"
      },
      "geometry": {
        "type": "Polygon",
        "coordinates": [
          [
            [
              -118.2431179060988,
              34.05047982769913
            ],
            [
              -118.24207386647862,
              34.05047982769913
            ],
            [
              -118.24207386647862,
              34.051387184986176
            ],
            [
              -118.2431179060988,
              34.051387184986176
            ],
            [
              -118.2431179060988,
              34.05047982769913
            ]
          ]
        ]
      }
    },
    {
      "type": "Feature",
      "properties": {
        "layerType": "BUILDING_3D",
        "id": "CENTRAL_BLD_311",
        "name": "Central Division High-Rise Tower #311",
        "height": 100,
        "min_height": 0,
        "render_height": 100,
        "render_min_height": 0,
        "division": "Central Division",
        "bureau": "Central Bureau",
        "extrusionColor": "#00f3ff"
      },
      "geometry": {
        "type": "Polygon",
        "coordinates": [
          [
            [
              -118.24166302944373,
              34.05040820767091
            ],
            [
              -118.24075567215668,
              34.05040820767091
            ],
            [
              -118.24075567215668,
              34.0514336842928
            ],
            [
              -118.24166302944373,
              34.0514336842928
            ],
            [
              -118.24166302944373,
              34.05040820767091
            ]
          ]
        ]
      }
    },
    {
      "type": "Feature",
      "properties": {
        "layerType": "BUILDING_3D",
        "id": "CENTRAL_BLD_312",
        "name": "Central Division High-Rise Tower #312",
        "height": 109,
        "min_height": 0,
        "render_height": 109,
        "render_min_height": 0,
        "division": "Central Division",
        "bureau": "Central Bureau",
        "extrusionColor": "#00f3ff"
      },
      "geometry": {
        "type": "Polygon",
        "coordinates": [
          [
            [
              -118.24030607804337,
              34.05056094309896
            ],
            [
              -118.23928060142148,
              34.05056094309896
            ],
            [
              -118.23928060142148,
              34.05106225713176
            ],
            [
              -118.24030607804337,
              34.05106225713176
            ],
            [
              -118.24030607804337,
              34.05056094309896
            ]
          ]
        ]
      }
    },
    {
      "type": "Feature",
      "properties": {
        "layerType": "BUILDING_3D",
        "id": "CENTRAL_BLD_313",
        "name": "Central Division High-Rise Tower #313",
        "height": 97,
        "min_height": 0,
        "render_height": 97,
        "render_min_height": 0,
        "division": "Central Division",
        "bureau": "Central Bureau",
        "extrusionColor": "#00f3ff"
      },
      "geometry": {
        "type": "Polygon",
        "coordinates": [
          [
            [
              -118.23872477118675,
              34.05060932308832
            ],
            [
              -118.23822345715396,
              34.05060932308832
            ],
            [
              -118.23822345715396,
              34.05120286807814
            ],
            [
              -118.23872477118675,
              34.05120286807814
            ],
            [
              -118.23872477118675,
              34.05060932308832
            ]
          ]
        ]
      }
    },
    {
      "type": "Feature",
      "properties": {
        "layerType": "BUILDING_3D",
        "id": "CENTRAL_BLD_314",
        "name": "Structure #314",
        "height": 11,
        "min_height": 0,
        "render_height": 11,
        "render_min_height": 0,
        "division": "Central Division",
        "bureau": "Central Bureau",
        "extrusionColor": "#1e293b"
      },
      "geometry": {
        "type": "Polygon",
        "coordinates": [
          [
            [
              -118.23724781976884,
              34.05017949813008
            ],
            [
              -118.236654274779,
              34.05017949813008
            ],
            [
              -118.236654274779,
              34.05079403289383
            ],
            [
              -118.23724781976884,
              34.05079403289383
            ],
            [
              -118.23724781976884,
              34.05017949813008
            ]
          ]
        ]
      }
    },
    {
      "type": "Feature",
      "properties": {
        "layerType": "BUILDING_3D",
        "id": "CENTRAL_BLD_315",
        "name": "Structure #315",
        "height": 25,
        "min_height": 0,
        "render_height": 25,
        "render_min_height": 0,
        "division": "Central Division",
        "bureau": "Central Bureau",
        "extrusionColor": "#1e293b"
      },
      "geometry": {
        "type": "Polygon",
        "coordinates": [
          [
            [
              -118.2362490732985,
              34.0502671747976
            ],
            [
              -118.23563453853473,
              34.0502671747976
            ],
            [
              -118.23563453853473,
              34.050853925757565
            ],
            [
              -118.2362490732985,
              34.050853925757565
            ],
            [
              -118.2362490732985,
              34.0502671747976
            ]
          ]
        ]
      }
    },
    {
      "type": "Feature",
      "properties": {
        "layerType": "BUILDING_3D",
        "id": "CENTRAL_BLD_317",
        "name": "Structure #317",
        "height": 17,
        "min_height": 0,
        "render_height": 17,
        "render_min_height": 0,
        "division": "Central Division",
        "bureau": "Central Bureau",
        "extrusionColor": "#1e293b"
      },
      "geometry": {
        "type": "Polygon",
        "coordinates": [
          [
            [
              -118.263547388866,
              34.051751754909716
            ],
            [
              -118.26244078408341,
              34.051751754909716
            ],
            [
              -118.26244078408341,
              34.05221561805482
            ],
            [
              -118.263547388866,
              34.05221561805482
            ],
            [
              -118.263547388866,
              34.051751754909716
            ]
          ]
        ]
      }
    },
    {
      "type": "Feature",
      "properties": {
        "layerType": "BUILDING_3D",
        "id": "CENTRAL_BLD_318",
        "name": "Structure #318",
        "height": 14,
        "min_height": 0,
        "render_height": 14,
        "render_min_height": 0,
        "division": "Central Division",
        "bureau": "Central Bureau",
        "extrusionColor": "#1e293b"
      },
      "geometry": {
        "type": "Polygon",
        "coordinates": [
          [
            [
              -118.26181967366172,
              34.05199234791053
            ],
            [
              -118.2613558105166,
              34.05199234791053
            ],
            [
              -118.2613558105166,
              34.0528067911702
            ],
            [
              -118.26181967366172,
              34.0528067911702
            ],
            [
              -118.26181967366172,
              34.05199234791053
            ]
          ]
        ]
      }
    },
    {
      "type": "Feature",
      "properties": {
        "layerType": "BUILDING_3D",
        "id": "CENTRAL_BLD_319",
        "name": "Structure #319",
        "height": 25,
        "min_height": 0,
        "render_height": 25,
        "render_min_height": 0,
        "division": "Central Division",
        "bureau": "Central Bureau",
        "extrusionColor": "#1e293b"
      },
      "geometry": {
        "type": "Polygon",
        "coordinates": [
          [
            [
              -118.26015050923235,
              34.0515433762725
            ],
            [
              -118.25933606597266,
              34.0515433762725
            ],
            [
              -118.25933606597266,
              34.05222737618825
            ],
            [
              -118.26015050923235,
              34.05222737618825
            ],
            [
              -118.26015050923235,
              34.0515433762725
            ]
          ]
        ]
      }
    },
    {
      "type": "Feature",
      "properties": {
        "layerType": "BUILDING_3D",
        "id": "CENTRAL_BLD_320",
        "name": "Central Division High-Rise Tower #320",
        "height": 100,
        "min_height": 0,
        "render_height": 100,
        "render_min_height": 0,
        "division": "Central Division",
        "bureau": "Central Bureau",
        "extrusionColor": "#00f3ff"
      },
      "geometry": {
        "type": "Polygon",
        "coordinates": [
          [
            [
              -118.2591709094418,
              34.05160823482958
            ],
            [
              -118.25848690952604,
              34.05160823482958
            ],
            [
              -118.25848690952604,
              34.05272344581447
            ],
            [
              -118.2591709094418,
              34.05272344581447
            ],
            [
              -118.2591709094418,
              34.05160823482958
            ]
          ]
        ]
      }
    },
    {
      "type": "Feature",
      "properties": {
        "layerType": "BUILDING_3D",
        "id": "CENTRAL_BLD_322",
        "name": "Structure #322",
        "height": 18,
        "min_height": 0,
        "render_height": 18,
        "render_min_height": 0,
        "division": "Central Division",
        "bureau": "Central Bureau",
        "extrusionColor": "#1e293b"
      },
      "geometry": {
        "type": "Polygon",
        "coordinates": [
          [
            [
              -118.25634033830818,
              34.05210907131404
            ],
            [
              -118.25525097611234,
              34.05210907131404
            ],
            [
              -118.25525097611234,
              34.05270383769035
            ],
            [
              -118.25634033830818,
              34.05270383769035
            ],
            [
              -118.25634033830818,
              34.05210907131404
            ]
          ]
        ]
      }
    },
    {
      "type": "Feature",
      "properties": {
        "layerType": "BUILDING_3D",
        "id": "CENTRAL_BLD_323",
        "name": "Structure #323",
        "height": 23,
        "min_height": 0,
        "render_height": 23,
        "render_min_height": 0,
        "division": "Central Division",
        "bureau": "Central Bureau",
        "extrusionColor": "#1e293b"
      },
      "geometry": {
        "type": "Polygon",
        "coordinates": [
          [
            [
              -118.25431950011453,
              34.051968309156194
            ],
            [
              -118.25372473373822,
              34.051968309156194
            ],
            [
              -118.25372473373822,
              34.05280324178574
            ],
            [
              -118.25431950011453,
              34.05280324178574
            ],
            [
              -118.25431950011453,
              34.051968309156194
            ]
          ]
        ]
      }
    },
    {
      "type": "Feature",
      "properties": {
        "layerType": "BUILDING_3D",
        "id": "CENTRAL_BLD_324",
        "name": "Central Division High-Rise Tower #324",
        "height": 154,
        "min_height": 0,
        "render_height": 154,
        "render_min_height": 0,
        "division": "Central Division",
        "bureau": "Central Bureau",
        "extrusionColor": "#00f3ff"
      },
      "geometry": {
        "type": "Polygon",
        "coordinates": [
          [
            [
              -118.25303169084381,
              34.05147814669527
            ],
            [
              -118.25219675821427,
              34.05147814669527
            ],
            [
              -118.25219675821427,
              34.05250205093541
            ],
            [
              -118.25303169084381,
              34.05250205093541
            ],
            [
              -118.25303169084381,
              34.05147814669527
            ]
          ]
        ]
      }
    },
    {
      "type": "Feature",
      "properties": {
        "layerType": "BUILDING_3D",
        "id": "CENTRAL_BLD_325",
        "name": "Central Division High-Rise Tower #325",
        "height": 176,
        "min_height": 0,
        "render_height": 176,
        "render_min_height": 0,
        "division": "Central Division",
        "bureau": "Central Bureau",
        "extrusionColor": "#00f3ff"
      },
      "geometry": {
        "type": "Polygon",
        "coordinates": [
          [
            [
              -118.25209328187616,
              34.05164983941935
            ],
            [
              -118.25106937763603,
              34.05164983941935
            ],
            [
              -118.25106937763603,
              34.05271462421651
            ],
            [
              -118.25209328187616,
              34.05271462421651
            ],
            [
              -118.25209328187616,
              34.05164983941935
            ]
          ]
        ]
      }
    },
    {
      "type": "Feature",
      "properties": {
        "layerType": "BUILDING_3D",
        "id": "CENTRAL_BLD_326",
        "name": "Structure #326",
        "height": 16,
        "min_height": 0,
        "render_height": 16,
        "render_min_height": 0,
        "division": "Central Division",
        "bureau": "Central Bureau",
        "extrusionColor": "#1e293b"
      },
      "geometry": {
        "type": "Polygon",
        "coordinates": [
          [
            [
              -118.25049301772351,
              34.05197345438503
            ],
            [
              -118.24942823292635,
              34.05197345438503
            ],
            [
              -118.24942823292635,
              34.052693363827764
            ],
            [
              -118.25049301772351,
              34.052693363827764
            ],
            [
              -118.25049301772351,
              34.05197345438503
            ]
          ]
        ]
      }
    },
    {
      "type": "Feature",
      "properties": {
        "layerType": "BUILDING_3D",
        "id": "CENTRAL_BLD_327",
        "name": "Structure #327",
        "height": 19,
        "min_height": 0,
        "render_height": 19,
        "render_min_height": 0,
        "division": "Central Division",
        "bureau": "Central Bureau",
        "extrusionColor": "#1e293b"
      },
      "geometry": {
        "type": "Polygon",
        "coordinates": [
          [
            [
              -118.24874083132926,
              34.051980775274686
            ],
            [
              -118.24802092188654,
              34.051980775274686
            ],
            [
              -118.24802092188654,
              34.05275145182935
            ],
            [
              -118.24874083132926,
              34.05275145182935
            ],
            [
              -118.24874083132926,
              34.051980775274686
            ]
          ]
        ]
      }
    },
    {
      "type": "Feature",
      "properties": {
        "layerType": "BUILDING_3D",
        "id": "CENTRAL_BLD_328",
        "name": "Structure #328",
        "height": 19,
        "min_height": 0,
        "render_height": 19,
        "render_min_height": 0,
        "division": "Central Division",
        "bureau": "Central Bureau",
        "extrusionColor": "#1e293b"
      },
      "geometry": {
        "type": "Polygon",
        "coordinates": [
          [
            [
              -118.24730493901102,
              34.05164779316284
            ],
            [
              -118.24653426245636,
              34.05164779316284
            ],
            [
              -118.24653426245636,
              34.0525326333741
            ],
            [
              -118.24730493901102,
              34.0525326333741
            ],
            [
              -118.24730493901102,
              34.05164779316284
            ]
          ]
        ]
      }
    },
    {
      "type": "Feature",
      "properties": {
        "layerType": "BUILDING_3D",
        "id": "CENTRAL_BLD_329",
        "name": "Central Division High-Rise Tower #329",
        "height": 317,
        "min_height": 0,
        "render_height": 317,
        "render_min_height": 0,
        "division": "Central Division",
        "bureau": "Central Bureau",
        "extrusionColor": "#00f3ff"
      },
      "geometry": {
        "type": "Polygon",
        "coordinates": [
          [
            [
              -118.2462093496943,
              34.05169777832058
            ],
            [
              -118.24532450948304,
              34.05169777832058
            ],
            [
              -118.24532450948304,
              34.05256387559546
            ],
            [
              -118.2462093496943,
              34.05256387559546
            ],
            [
              -118.2462093496943,
              34.05169777832058
            ]
          ]
        ]
      }
    },
    {
      "type": "Feature",
      "properties": {
        "layerType": "BUILDING_3D",
        "id": "CENTRAL_BLD_330",
        "name": "Structure #330",
        "height": 24,
        "min_height": 0,
        "render_height": 24,
        "render_min_height": 0,
        "division": "Central Division",
        "bureau": "Central Bureau",
        "extrusionColor": "#1e293b"
      },
      "geometry": {
        "type": "Polygon",
        "coordinates": [
          [
            [
              -118.244730793108,
              34.05178527495848
            ],
            [
              -118.24386469583311,
              34.05178527495848
            ],
            [
              -118.24386469583311,
              34.0526590408081
            ],
            [
              -118.244730793108,
              34.0526590408081
            ],
            [
              -118.244730793108,
              34.05178527495848
            ]
          ]
        ]
      }
    },
    {
      "type": "Feature",
      "properties": {
        "layerType": "BUILDING_3D",
        "id": "CENTRAL_BLD_331",
        "name": "Structure #331",
        "height": 24,
        "min_height": 0,
        "render_height": 24,
        "render_min_height": 0,
        "division": "Central Division",
        "bureau": "Central Bureau",
        "extrusionColor": "#1e293b"
      },
      "geometry": {
        "type": "Polygon",
        "coordinates": [
          [
            [
              -118.24321472504151,
              34.05165624698328
            ],
            [
              -118.2423409591919,
              34.05165624698328
            ],
            [
              -118.2423409591919,
              34.052758080085106
            ],
            [
              -118.24321472504151,
              34.052758080085106
            ],
            [
              -118.24321472504151,
              34.05165624698328
            ]
          ]
        ]
      }
    },
    {
      "type": "Feature",
      "properties": {
        "layerType": "BUILDING_3D",
        "id": "CENTRAL_BLD_332",
        "name": "Structure #332",
        "height": 8,
        "min_height": 0,
        "render_height": 8,
        "render_min_height": 0,
        "division": "Central Division",
        "bureau": "Central Bureau",
        "extrusionColor": "#1e293b"
      },
      "geometry": {
        "type": "Polygon",
        "coordinates": [
          [
            [
              -118.24191518158814,
              34.051676362481466
            ],
            [
              -118.24081334848633,
              34.051676362481466
            ],
            [
              -118.24081334848633,
              34.052750234306494
            ],
            [
              -118.24191518158814,
              34.052750234306494
            ],
            [
              -118.24191518158814,
              34.051676362481466
            ]
          ]
        ]
      }
    },
    {
      "type": "Feature",
      "properties": {
        "layerType": "BUILDING_3D",
        "id": "CENTRAL_BLD_333",
        "name": "Structure #333",
        "height": 13,
        "min_height": 0,
        "render_height": 13,
        "render_min_height": 0,
        "division": "Central Division",
        "bureau": "Central Bureau",
        "extrusionColor": "#1e293b"
      },
      "geometry": {
        "type": "Polygon",
        "coordinates": [
          [
            [
              -118.24046649466139,
              34.05216609095993
            ],
            [
              -118.23939262283638,
              34.05216609095993
            ],
            [
              -118.23939262283638,
              34.05262541343157
            ],
            [
              -118.24046649466139,
              34.05262541343157
            ],
            [
              -118.24046649466139,
              34.05216609095993
            ]
          ]
        ]
      }
    },
    {
      "type": "Feature",
      "properties": {
        "layerType": "BUILDING_3D",
        "id": "CENTRAL_BLD_334",
        "name": "Structure #334",
        "height": 22,
        "min_height": 0,
        "render_height": 22,
        "render_min_height": 0,
        "division": "Central Division",
        "bureau": "Central Bureau",
        "extrusionColor": "#1e293b"
      },
      "geometry": {
        "type": "Polygon",
        "coordinates": [
          [
            [
              -118.23854819475436,
              34.05205674448455
            ],
            [
              -118.23808887228272,
              34.05205674448455
            ],
            [
              -118.23808887228272,
              34.05269002186406
            ],
            [
              -118.23854819475436,
              34.05269002186406
            ],
            [
              -118.23854819475436,
              34.05205674448455
            ]
          ]
        ]
      }
    },
    {
      "type": "Feature",
      "properties": {
        "layerType": "BUILDING_3D",
        "id": "CENTRAL_BLD_335",
        "name": "Central Division High-Rise Tower #335",
        "height": 129,
        "min_height": 0,
        "render_height": 129,
        "render_min_height": 0,
        "division": "Central Division",
        "bureau": "Central Bureau",
        "extrusionColor": "#00f3ff"
      },
      "geometry": {
        "type": "Polygon",
        "coordinates": [
          [
            [
              -118.23722896980117,
              34.05137320311872
            ],
            [
              -118.23659569242166,
              34.05137320311872
            ],
            [
              -118.23659569242166,
              34.05239028426447
            ],
            [
              -118.23722896980117,
              34.05239028426447
            ],
            [
              -118.23722896980117,
              34.05137320311872
            ]
          ]
        ]
      }
    },
    {
      "type": "Feature",
      "properties": {
        "layerType": "BUILDING_3D",
        "id": "CENTRAL_BLD_336",
        "name": "Central Division High-Rise Tower #336",
        "height": 282,
        "min_height": 0,
        "render_height": 282,
        "render_min_height": 0,
        "division": "Central Division",
        "bureau": "Central Bureau",
        "extrusionColor": "#00f3ff"
      },
      "geometry": {
        "type": "Polygon",
        "coordinates": [
          [
            [
              -118.2364839397384,
              34.05172297949908
            ],
            [
              -118.23546685859267,
              34.05172297949908
            ],
            [
              -118.23546685859267,
              34.05231883573669
            ],
            [
              -118.2364839397384,
              34.05231883573669
            ],
            [
              -118.2364839397384,
              34.05172297949908
            ]
          ]
        ]
      }
    },
    {
      "type": "Feature",
      "properties": {
        "layerType": "BUILDING_3D",
        "id": "CENTRAL_BLD_338",
        "name": "Structure #338",
        "height": 14,
        "min_height": 0,
        "render_height": 14,
        "render_min_height": 0,
        "division": "Central Division",
        "bureau": "Central Bureau",
        "extrusionColor": "#1e293b"
      },
      "geometry": {
        "type": "Polygon",
        "coordinates": [
          [
            [
              -118.26300279424774,
              34.05290955194023
            ],
            [
              -118.26234130449049,
              34.05290955194023
            ],
            [
              -118.26234130449049,
              34.053929532325654
            ],
            [
              -118.26300279424774,
              34.053929532325654
            ],
            [
              -118.26300279424774,
              34.05290955194023
            ]
          ]
        ]
      }
    },
    {
      "type": "Feature",
      "properties": {
        "layerType": "BUILDING_3D",
        "id": "CENTRAL_BLD_339",
        "name": "Structure #339",
        "height": 19,
        "min_height": 0,
        "render_height": 19,
        "render_min_height": 0,
        "division": "Central Division",
        "bureau": "Central Bureau",
        "extrusionColor": "#1e293b"
      },
      "geometry": {
        "type": "Polygon",
        "coordinates": [
          [
            [
              -118.26209044805977,
              34.05312512543188
            ],
            [
              -118.26107046767434,
              34.05312512543188
            ],
            [
              -118.26107046767434,
              34.05381897246543
            ],
            [
              -118.26209044805977,
              34.05381897246543
            ],
            [
              -118.26209044805977,
              34.05312512543188
            ]
          ]
        ]
      }
    },
    {
      "type": "Feature",
      "properties": {
        "layerType": "BUILDING_3D",
        "id": "CENTRAL_BLD_340",
        "name": "Structure #340",
        "height": 13,
        "min_height": 0,
        "render_height": 13,
        "render_min_height": 0,
        "division": "Central Division",
        "bureau": "Central Bureau",
        "extrusionColor": "#1e293b"
      },
      "geometry": {
        "type": "Polygon",
        "coordinates": [
          [
            [
              -118.26044630313955,
              34.053306610751505
            ],
            [
              -118.259752456106,
              34.053306610751505
            ],
            [
              -118.259752456106,
              34.05421107215089
            ],
            [
              -118.26044630313955,
              34.05421107215089
            ],
            [
              -118.26044630313955,
              34.053306610751505
            ]
          ]
        ]
      }
    },
    {
      "type": "Feature",
      "properties": {
        "layerType": "BUILDING_3D",
        "id": "CENTRAL_BLD_341",
        "name": "Structure #341",
        "height": 13,
        "min_height": 0,
        "render_height": 13,
        "render_min_height": 0,
        "division": "Central Division",
        "bureau": "Central Bureau",
        "extrusionColor": "#1e293b"
      },
      "geometry": {
        "type": "Polygon",
        "coordinates": [
          [
            [
              -118.25883624639135,
              34.05316620219786
            ],
            [
              -118.25793178499197,
              34.05316620219786
            ],
            [
              -118.25793178499197,
              34.053829667341546
            ],
            [
              -118.25883624639135,
              34.053829667341546
            ],
            [
              -118.25883624639135,
              34.05316620219786
            ]
          ]
        ]
      }
    },
    {
      "type": "Feature",
      "properties": {
        "layerType": "BUILDING_3D",
        "id": "CENTRAL_BLD_342",
        "name": "Structure #342",
        "height": 18,
        "min_height": 0,
        "render_height": 18,
        "render_min_height": 0,
        "division": "Central Division",
        "bureau": "Central Bureau",
        "extrusionColor": "#1e293b"
      },
      "geometry": {
        "type": "Polygon",
        "coordinates": [
          [
            [
              -118.25754808351643,
              34.05333349538039
            ],
            [
              -118.25688461837275,
              34.05333349538039
            ],
            [
              -118.25688461837275,
              34.05399935714434
            ],
            [
              -118.25754808351643,
              34.05399935714434
            ],
            [
              -118.25754808351643,
              34.05333349538039
            ]
          ]
        ]
      }
    },
    {
      "type": "Feature",
      "properties": {
        "layerType": "BUILDING_3D",
        "id": "CENTRAL_BLD_343",
        "name": "Structure #343",
        "height": 18,
        "min_height": 0,
        "render_height": 18,
        "render_min_height": 0,
        "division": "Central Division",
        "bureau": "Central Bureau",
        "extrusionColor": "#1e293b"
      },
      "geometry": {
        "type": "Polygon",
        "coordinates": [
          [
            [
              -118.25595221890532,
              34.05305232540012
            ],
            [
              -118.25528635714139,
              34.05305232540012
            ],
            [
              -118.25528635714139,
              34.0538949331155
            ],
            [
              -118.25595221890532,
              34.0538949331155
            ],
            [
              -118.25595221890532,
              34.05305232540012
            ]
          ]
        ]
      }
    },
    {
      "type": "Feature",
      "properties": {
        "layerType": "BUILDING_3D",
        "id": "CENTRAL_BLD_344",
        "name": "Structure #344",
        "height": 24,
        "min_height": 0,
        "render_height": 24,
        "render_min_height": 0,
        "division": "Central Division",
        "bureau": "Central Bureau",
        "extrusionColor": "#1e293b"
      },
      "geometry": {
        "type": "Polygon",
        "coordinates": [
          [
            [
              -118.25480481745703,
              34.05305736799179
            ],
            [
              -118.25396220974164,
              34.05305736799179
            ],
            [
              -118.25396220974164,
              34.05389372511623
            ],
            [
              -118.25480481745703,
              34.05389372511623
            ],
            [
              -118.25480481745703,
              34.05305736799179
            ]
          ]
        ]
      }
    },
    {
      "type": "Feature",
      "properties": {
        "layerType": "BUILDING_3D",
        "id": "CENTRAL_BLD_345",
        "name": "Structure #345",
        "height": 14,
        "min_height": 0,
        "render_height": 14,
        "render_min_height": 0,
        "division": "Central Division",
        "bureau": "Central Bureau",
        "extrusionColor": "#1e293b"
      },
      "geometry": {
        "type": "Polygon",
        "coordinates": [
          [
            [
              -118.25337120343677,
              34.0530783610664
            ],
            [
              -118.25253484631234,
              34.0530783610664
            ],
            [
              -118.25253484631234,
              34.05415552556394
            ],
            [
              -118.25337120343677,
              34.05415552556394
            ],
            [
              -118.25337120343677,
              34.0530783610664
            ]
          ]
        ]
      }
    },
    {
      "type": "Feature",
      "properties": {
        "layerType": "BUILDING_3D",
        "id": "CENTRAL_BLD_346",
        "name": "Structure #346",
        "height": 19,
        "min_height": 0,
        "render_height": 19,
        "render_min_height": 0,
        "division": "Central Division",
        "bureau": "Central Bureau",
        "extrusionColor": "#1e293b"
      },
      "geometry": {
        "type": "Polygon",
        "coordinates": [
          [
            [
              -118.2519216389336,
              34.05326928070738
            ],
            [
              -118.25084447443606,
              34.05326928070738
            ],
            [
              -118.25084447443606,
              34.053954604977434
            ],
            [
              -118.2519216389336,
              34.053954604977434
            ],
            [
              -118.2519216389336,
              34.05326928070738
            ]
          ]
        ]
      }
    },
    {
      "type": "Feature",
      "properties": {
        "layerType": "BUILDING_3D",
        "id": "CENTRAL_BLD_347",
        "name": "Structure #347",
        "height": 20,
        "min_height": 0,
        "render_height": 20,
        "render_min_height": 0,
        "division": "Central Division",
        "bureau": "Central Bureau",
        "extrusionColor": "#1e293b"
      },
      "geometry": {
        "type": "Polygon",
        "coordinates": [
          [
            [
              -118.25030214786405,
              34.053371866297695
            ],
            [
              -118.249616823594,
              34.053371866297695
            ],
            [
              -118.249616823594,
              34.05423731118408
            ],
            [
              -118.25030214786405,
              34.05423731118408
            ],
            [
              -118.25030214786405,
              34.053371866297695
            ]
          ]
        ]
      }
    },
    {
      "type": "Feature",
      "properties": {
        "layerType": "BUILDING_3D",
        "id": "CENTRAL_BLD_348",
        "name": "Structure #348",
        "height": 13,
        "min_height": 0,
        "render_height": 13,
        "render_min_height": 0,
        "division": "Central Division",
        "bureau": "Central Bureau",
        "extrusionColor": "#1e293b"
      },
      "geometry": {
        "type": "Polygon",
        "coordinates": [
          [
            [
              -118.24877099084516,
              34.05302135966063
            ],
            [
              -118.24790554595877,
              34.05302135966063
            ],
            [
              -118.24790554595877,
              34.05396087345717
            ],
            [
              -118.24877099084516,
              34.05396087345717
            ],
            [
              -118.24877099084516,
              34.05302135966063
            ]
          ]
        ]
      }
    },
    {
      "type": "Feature",
      "properties": {
        "layerType": "BUILDING_3D",
        "id": "CENTRAL_BLD_349",
        "name": "Central Division High-Rise Tower #349",
        "height": 172,
        "min_height": 0,
        "render_height": 172,
        "render_min_height": 0,
        "division": "Central Division",
        "bureau": "Central Bureau",
        "extrusionColor": "#00f3ff"
      },
      "geometry": {
        "type": "Polygon",
        "coordinates": [
          [
            [
              -118.24769292605366,
              34.05330822127206
            ],
            [
              -118.24675341225712,
              34.05330822127206
            ],
            [
              -118.24675341225712,
              34.053962204831876
            ],
            [
              -118.24769292605366,
              34.053962204831876
            ],
            [
              -118.24769292605366,
              34.05330822127206
            ]
          ]
        ]
      }
    },
    {
      "type": "Feature",
      "properties": {
        "layerType": "BUILDING_3D",
        "id": "CENTRAL_BLD_350",
        "name": "Structure #350",
        "height": 16,
        "min_height": 0,
        "render_height": 16,
        "render_min_height": 0,
        "division": "Central Division",
        "bureau": "Central Bureau",
        "extrusionColor": "#1e293b"
      },
      "geometry": {
        "type": "Polygon",
        "coordinates": [
          [
            [
              -118.24597749301367,
              34.05347897110573
            ],
            [
              -118.24532350945384,
              34.05347897110573
            ],
            [
              -118.24532350945384,
              34.05390996525445
            ],
            [
              -118.24597749301367,
              34.05390996525445
            ],
            [
              -118.24597749301367,
              34.05347897110573
            ]
          ]
        ]
      }
    },
    {
      "type": "Feature",
      "properties": {
        "layerType": "BUILDING_3D",
        "id": "CENTRAL_BLD_351",
        "name": "Structure #351",
        "height": 23,
        "min_height": 0,
        "render_height": 23,
        "render_min_height": 0,
        "division": "Central Division",
        "bureau": "Central Bureau",
        "extrusionColor": "#1e293b"
      },
      "geometry": {
        "type": "Polygon",
        "coordinates": [
          [
            [
              -118.24437817175142,
              34.05308543396973
            ],
            [
              -118.24394717760269,
              34.05308543396973
            ],
            [
              -118.24394717760269,
              34.05384665401171
            ],
            [
              -118.24437817175142,
              34.05384665401171
            ],
            [
              -118.24437817175142,
              34.05308543396973
            ]
          ]
        ]
      }
    },
    {
      "type": "Feature",
      "properties": {
        "layerType": "BUILDING_3D",
        "id": "CENTRAL_BLD_352",
        "name": "Structure #352",
        "height": 18,
        "min_height": 0,
        "render_height": 18,
        "render_min_height": 0,
        "division": "Central Division",
        "bureau": "Central Bureau",
        "extrusionColor": "#1e293b"
      },
      "geometry": {
        "type": "Polygon",
        "coordinates": [
          [
            [
              -118.24334313745884,
              34.05277003053902
            ],
            [
              -118.24258191741687,
              34.05277003053902
            ],
            [
              -118.24258191741687,
              34.053805274384644
            ],
            [
              -118.24334313745884,
              34.053805274384644
            ],
            [
              -118.24334313745884,
              34.05277003053902
            ]
          ]
        ]
      }
    },
    {
      "type": "Feature",
      "properties": {
        "layerType": "BUILDING_3D",
        "id": "CENTRAL_BLD_353",
        "name": "Structure #353",
        "height": 22,
        "min_height": 0,
        "render_height": 22,
        "render_min_height": 0,
        "division": "Central Division",
        "bureau": "Central Bureau",
        "extrusionColor": "#1e293b"
      },
      "geometry": {
        "type": "Polygon",
        "coordinates": [
          [
            [
              -118.24222996946098,
              34.05312929615732
            ],
            [
              -118.24119472561536,
              34.05312929615732
            ],
            [
              -118.24119472561536,
              34.05397437019556
            ],
            [
              -118.24222996946098,
              34.05397437019556
            ],
            [
              -118.24222996946098,
              34.05312929615732
            ]
          ]
        ]
      }
    },
    {
      "type": "Feature",
      "properties": {
        "layerType": "BUILDING_3D",
        "id": "CENTRAL_BLD_355",
        "name": "Structure #355",
        "height": 24,
        "min_height": 0,
        "render_height": 24,
        "render_min_height": 0,
        "division": "Central Division",
        "bureau": "Central Bureau",
        "extrusionColor": "#1e293b"
      },
      "geometry": {
        "type": "Polygon",
        "coordinates": [
          [
            [
              -118.23887866735986,
              34.05305178166097
            ],
            [
              -118.23786494248715,
              34.05305178166097
            ],
            [
              -118.23786494248715,
              34.05418605108595
            ],
            [
              -118.23887866735986,
              34.05418605108595
            ],
            [
              -118.23887866735986,
              34.05305178166097
            ]
          ]
        ]
      }
    },
    {
      "type": "Feature",
      "properties": {
        "layerType": "BUILDING_3D",
        "id": "CENTRAL_BLD_356",
        "name": "Structure #356",
        "height": 23,
        "min_height": 0,
        "render_height": 23,
        "render_min_height": 0,
        "division": "Central Division",
        "bureau": "Central Bureau",
        "extrusionColor": "#1e293b"
      },
      "geometry": {
        "type": "Polygon",
        "coordinates": [
          [
            [
              -118.23766250405332,
              34.0532070155528
            ],
            [
              -118.23652823462835,
              34.0532070155528
            ],
            [
              -118.23652823462835,
              34.05430065852926
            ],
            [
              -118.23766250405332,
              34.05430065852926
            ],
            [
              -118.23766250405332,
              34.0532070155528
            ]
          ]
        ]
      }
    },
    {
      "type": "Feature",
      "properties": {
        "layerType": "BUILDING_3D",
        "id": "CENTRAL_BLD_357",
        "name": "Structure #357",
        "height": 16,
        "min_height": 0,
        "render_height": 16,
        "render_min_height": 0,
        "division": "Central Division",
        "bureau": "Central Bureau",
        "extrusionColor": "#1e293b"
      },
      "geometry": {
        "type": "Polygon",
        "coordinates": [
          [
            [
              -118.23607869873291,
              34.053326546011874
            ],
            [
              -118.23498505575645,
              34.053326546011874
            ],
            [
              -118.23498505575645,
              34.0543739993538
            ],
            [
              -118.23607869873291,
              34.0543739993538
            ],
            [
              -118.23607869873291,
              34.053326546011874
            ]
          ]
        ]
      }
    },
    {
      "type": "Feature",
      "properties": {
        "layerType": "BUILDING_3D",
        "id": "CENTRAL_BLD_358",
        "name": "Structure #358",
        "height": 18,
        "min_height": 0,
        "render_height": 18,
        "render_min_height": 0,
        "division": "Central Division",
        "bureau": "Central Bureau",
        "extrusionColor": "#1e293b"
      },
      "geometry": {
        "type": "Polygon",
        "coordinates": [
          [
            [
              -118.26453059684526,
              34.054864046229774
            ],
            [
              -118.26348314350334,
              34.054864046229774
            ],
            [
              -118.26348314350334,
              34.055628639675426
            ],
            [
              -118.26453059684526,
              34.055628639675426
            ],
            [
              -118.26453059684526,
              34.054864046229774
            ]
          ]
        ]
      }
    },
    {
      "type": "Feature",
      "properties": {
        "layerType": "BUILDING_3D",
        "id": "CENTRAL_BLD_359",
        "name": "Central Division High-Rise Tower #359",
        "height": 305,
        "min_height": 0,
        "render_height": 305,
        "render_min_height": 0,
        "division": "Central Division",
        "bureau": "Central Bureau",
        "extrusionColor": "#00f3ff"
      },
      "geometry": {
        "type": "Polygon",
        "coordinates": [
          [
            [
              -118.26299309662738,
              34.05478211124387
            ],
            [
              -118.26222850318172,
              34.05478211124387
            ],
            [
              -118.26222850318172,
              34.05563667124608
            ],
            [
              -118.26299309662738,
              34.05563667124608
            ],
            [
              -118.26299309662738,
              34.05478211124387
            ]
          ]
        ]
      }
    },
    {
      "type": "Feature",
      "properties": {
        "layerType": "BUILDING_3D",
        "id": "CENTRAL_BLD_360",
        "name": "Central Division High-Rise Tower #360",
        "height": 204,
        "min_height": 0,
        "render_height": 204,
        "render_min_height": 0,
        "division": "Central Division",
        "bureau": "Central Bureau",
        "extrusionColor": "#00f3ff"
      },
      "geometry": {
        "type": "Polygon",
        "coordinates": [
          [
            [
              -118.2616464601847,
              34.05454634688966
            ],
            [
              -118.2607919001825,
              34.05454634688966
            ],
            [
              -118.2607919001825,
              34.05541985976625
            ],
            [
              -118.2616464601847,
              34.05541985976625
            ],
            [
              -118.2616464601847,
              34.05454634688966
            ]
          ]
        ]
      }
    },
    {
      "type": "Feature",
      "properties": {
        "layerType": "BUILDING_3D",
        "id": "CENTRAL_BLD_361",
        "name": "Central Division High-Rise Tower #361",
        "height": 264,
        "min_height": 0,
        "render_height": 264,
        "render_min_height": 0,
        "division": "Central Division",
        "bureau": "Central Bureau",
        "extrusionColor": "#00f3ff"
      },
      "geometry": {
        "type": "Polygon",
        "coordinates": [
          [
            [
              -118.26045365311035,
              34.05451803902751
            ],
            [
              -118.25958014023374,
              34.05451803902751
            ],
            [
              -118.25958014023374,
              34.05559211411888
            ],
            [
              -118.26045365311035,
              34.05559211411888
            ],
            [
              -118.26045365311035,
              34.05451803902751
            ]
          ]
        ]
      }
    },
    {
      "type": "Feature",
      "properties": {
        "layerType": "BUILDING_3D",
        "id": "CENTRAL_BLD_362",
        "name": "Structure #362",
        "height": 21,
        "min_height": 0,
        "render_height": 21,
        "render_min_height": 0,
        "division": "Central Division",
        "bureau": "Central Bureau",
        "extrusionColor": "#1e293b"
      },
      "geometry": {
        "type": "Polygon",
        "coordinates": [
          [
            [
              -118.25905338954392,
              34.05465218534136
            ],
            [
              -118.25797931445256,
              34.05465218534136
            ],
            [
              -118.25797931445256,
              34.05548829240406
            ],
            [
              -118.25905338954392,
              34.05548829240406
            ],
            [
              -118.25905338954392,
              34.05465218534136
            ]
          ]
        ]
      }
    },
    {
      "type": "Feature",
      "properties": {
        "layerType": "BUILDING_3D",
        "id": "CENTRAL_BLD_363",
        "name": "Structure #363",
        "height": 21,
        "min_height": 0,
        "render_height": 21,
        "render_min_height": 0,
        "division": "Central Division",
        "bureau": "Central Bureau",
        "extrusionColor": "#1e293b"
      },
      "geometry": {
        "type": "Polygon",
        "coordinates": [
          [
            [
              -118.25749067180149,
              34.05474218726903
            ],
            [
              -118.2566545647388,
              34.05474218726903
            ],
            [
              -118.2566545647388,
              34.05571919002003
            ],
            [
              -118.25749067180149,
              34.05571919002003
            ],
            [
              -118.25749067180149,
              34.05474218726903
            ]
          ]
        ]
      }
    },
    {
      "type": "Feature",
      "properties": {
        "layerType": "BUILDING_3D",
        "id": "CENTRAL_BLD_364",
        "name": "Structure #364",
        "height": 18,
        "min_height": 0,
        "render_height": 18,
        "render_min_height": 0,
        "division": "Central Division",
        "bureau": "Central Bureau",
        "extrusionColor": "#1e293b"
      },
      "geometry": {
        "type": "Polygon",
        "coordinates": [
          [
            [
              -118.25597209844526,
              34.05454843657361
            ],
            [
              -118.25499509569426,
              34.05454843657361
            ],
            [
              -118.25499509569426,
              34.05553219186956
            ],
            [
              -118.25597209844526,
              34.05553219186956
            ],
            [
              -118.25597209844526,
              34.05454843657361
            ]
          ]
        ]
      }
    },
    {
      "type": "Feature",
      "properties": {
        "layerType": "BUILDING_3D",
        "id": "CENTRAL_BLD_365",
        "name": "Central Division High-Rise Tower #365",
        "height": 66,
        "min_height": 0,
        "render_height": 66,
        "render_min_height": 0,
        "division": "Central Division",
        "bureau": "Central Bureau",
        "extrusionColor": "#0ea5e9"
      },
      "geometry": {
        "type": "Polygon",
        "coordinates": [
          [
            [
              -118.25473727771211,
              34.05473591226667
            ],
            [
              -118.25375352241616,
              34.05473591226667
            ],
            [
              -118.25375352241616,
              34.05557014927779
            ],
            [
              -118.25473727771211,
              34.05557014927779
            ],
            [
              -118.25473727771211,
              34.05473591226667
            ]
          ]
        ]
      }
    },
    {
      "type": "Feature",
      "properties": {
        "layerType": "BUILDING_3D",
        "id": "CENTRAL_BLD_366",
        "name": "Structure #366",
        "height": 10,
        "min_height": 0,
        "render_height": 10,
        "render_min_height": 0,
        "division": "Central Division",
        "bureau": "Central Bureau",
        "extrusionColor": "#1e293b"
      },
      "geometry": {
        "type": "Polygon",
        "coordinates": [
          [
            [
              -118.25312123059047,
              34.054641690334705
            ],
            [
              -118.25228699357936,
              34.054641690334705
            ],
            [
              -118.25228699357936,
              34.05567517528168
            ],
            [
              -118.25312123059047,
              34.05567517528168
            ],
            [
              -118.25312123059047,
              34.054641690334705
            ]
          ]
        ]
      }
    },
    {
      "type": "Feature",
      "properties": {
        "layerType": "BUILDING_3D",
        "id": "CENTRAL_BLD_367",
        "name": "Structure #367",
        "height": 20,
        "min_height": 0,
        "render_height": 20,
        "render_min_height": 0,
        "division": "Central Division",
        "bureau": "Central Bureau",
        "extrusionColor": "#1e293b"
      },
      "geometry": {
        "type": "Polygon",
        "coordinates": [
          [
            [
              -118.25178688109386,
              34.05478121732391
            ],
            [
              -118.2507533961469,
              34.05478121732391
            ],
            [
              -118.2507533961469,
              34.055296419036736
            ],
            [
              -118.25178688109386,
              34.055296419036736
            ],
            [
              -118.25178688109386,
              34.05478121732391
            ]
          ]
        ]
      }
    },
    {
      "type": "Feature",
      "properties": {
        "layerType": "BUILDING_3D",
        "id": "CENTRAL_BLD_368",
        "name": "Structure #368",
        "height": 19,
        "min_height": 0,
        "render_height": 19,
        "render_min_height": 0,
        "division": "Central Division",
        "bureau": "Central Bureau",
        "extrusionColor": "#1e293b"
      },
      "geometry": {
        "type": "Polygon",
        "coordinates": [
          [
            [
              -118.2502187826761,
              34.054736529262925
            ],
            [
              -118.24970358096327,
              34.054736529262925
            ],
            [
              -118.24970358096327,
              34.05565990379509
            ],
            [
              -118.2502187826761,
              34.05565990379509
            ],
            [
              -118.2502187826761,
              34.054736529262925
            ]
          ]
        ]
      }
    },
    {
      "type": "Feature",
      "properties": {
        "layerType": "BUILDING_3D",
        "id": "CENTRAL_BLD_369",
        "name": "Structure #369",
        "height": 21,
        "min_height": 0,
        "render_height": 21,
        "render_min_height": 0,
        "division": "Central Division",
        "bureau": "Central Bureau",
        "extrusionColor": "#1e293b"
      },
      "geometry": {
        "type": "Polygon",
        "coordinates": [
          [
            [
              -118.2488348993085,
              34.054339068079095
            ],
            [
              -118.24791152477634,
              34.054339068079095
            ],
            [
              -118.24791152477634,
              34.05522811180429
            ],
            [
              -118.2488348993085,
              34.05522811180429
            ],
            [
              -118.2488348993085,
              34.054339068079095
            ]
          ]
        ]
      }
    },
    {
      "type": "Feature",
      "properties": {
        "layerType": "BUILDING_3D",
        "id": "CENTRAL_BLD_370",
        "name": "Structure #370",
        "height": 21,
        "min_height": 0,
        "render_height": 21,
        "render_min_height": 0,
        "division": "Central Division",
        "bureau": "Central Bureau",
        "extrusionColor": "#1e293b"
      },
      "geometry": {
        "type": "Polygon",
        "coordinates": [
          [
            [
              -118.24780378906377,
              34.05463293439837
            ],
            [
              -118.24691474533856,
              34.05463293439837
            ],
            [
              -118.24691474533856,
              34.05558732199596
            ],
            [
              -118.24780378906377,
              34.05558732199596
            ],
            [
              -118.24780378906377,
              34.05463293439837
            ]
          ]
        ]
      }
    },
    {
      "type": "Feature",
      "properties": {
        "layerType": "BUILDING_3D",
        "id": "CENTRAL_BLD_372",
        "name": "Structure #372",
        "height": 22,
        "min_height": 0,
        "render_height": 22,
        "render_min_height": 0,
        "division": "Central Division",
        "bureau": "Central Bureau",
        "extrusionColor": "#1e293b"
      },
      "geometry": {
        "type": "Polygon",
        "coordinates": [
          [
            [
              -118.24468600342388,
              34.05469527416487
            ],
            [
              -118.24372009804438,
              34.05469527416487
            ],
            [
              -118.24372009804438,
              34.05557460313412
            ],
            [
              -118.24468600342388,
              34.05557460313412
            ],
            [
              -118.24468600342388,
              34.05469527416487
            ]
          ]
        ]
      }
    },
    {
      "type": "Feature",
      "properties": {
        "layerType": "BUILDING_3D",
        "id": "CENTRAL_BLD_373",
        "name": "Structure #373",
        "height": 20,
        "min_height": 0,
        "render_height": 20,
        "render_min_height": 0,
        "division": "Central Division",
        "bureau": "Central Bureau",
        "extrusionColor": "#1e293b"
      },
      "geometry": {
        "type": "Polygon",
        "coordinates": [
          [
            [
              -118.24316186869227,
              34.05463987010176
            ],
            [
              -118.24228253972304,
              34.05463987010176
            ],
            [
              -118.24228253972304,
              34.055648435648315
            ],
            [
              -118.24316186869227,
              34.055648435648315
            ],
            [
              -118.24316186869227,
              34.05463987010176
            ]
          ]
        ]
      }
    },
    {
      "type": "Feature",
      "properties": {
        "layerType": "BUILDING_3D",
        "id": "CENTRAL_BLD_374",
        "name": "Structure #374",
        "height": 18,
        "min_height": 0,
        "render_height": 18,
        "render_min_height": 0,
        "division": "Central Division",
        "bureau": "Central Bureau",
        "extrusionColor": "#1e293b"
      },
      "geometry": {
        "type": "Polygon",
        "coordinates": [
          [
            [
              -118.24178870132681,
              34.054608657902946
            ],
            [
              -118.24078013578026,
              34.054608657902946
            ],
            [
              -118.24078013578026,
              34.05554112559071
            ],
            [
              -118.24178870132681,
              34.05554112559071
            ],
            [
              -118.24178870132681,
              34.054608657902946
            ]
          ]
        ]
      }
    },
    {
      "type": "Feature",
      "properties": {
        "layerType": "BUILDING_3D",
        "id": "CENTRAL_BLD_375",
        "name": "Structure #375",
        "height": 10,
        "min_height": 0,
        "render_height": 10,
        "render_min_height": 0,
        "division": "Central Division",
        "bureau": "Central Bureau",
        "extrusionColor": "#1e293b"
      },
      "geometry": {
        "type": "Polygon",
        "coordinates": [
          [
            [
              -118.24039134209706,
              34.05476224481127
            ],
            [
              -118.2394588744093,
              34.05476224481127
            ],
            [
              -118.2394588744093,
              34.05559431720607
            ],
            [
              -118.24039134209706,
              34.05559431720607
            ],
            [
              -118.24039134209706,
              34.05476224481127
            ]
          ]
        ]
      }
    },
    {
      "type": "Feature",
      "properties": {
        "layerType": "BUILDING_3D",
        "id": "CENTRAL_BLD_376",
        "name": "Structure #376",
        "height": 9,
        "min_height": 0,
        "render_height": 9,
        "render_min_height": 0,
        "division": "Central Division",
        "bureau": "Central Bureau",
        "extrusionColor": "#1e293b"
      },
      "geometry": {
        "type": "Polygon",
        "coordinates": [
          [
            [
              -118.23880918376017,
              34.054846432580334
            ],
            [
              -118.23797711136535,
              34.054846432580334
            ],
            [
              -118.23797711136535,
              34.05538837286295
            ],
            [
              -118.23880918376017,
              34.05538837286295
            ],
            [
              -118.23880918376017,
              34.054846432580334
            ]
          ]
        ]
      }
    },
    {
      "type": "Feature",
      "properties": {
        "layerType": "BUILDING_3D",
        "id": "CENTRAL_BLD_377",
        "name": "Structure #377",
        "height": 12,
        "min_height": 0,
        "render_height": 12,
        "render_min_height": 0,
        "division": "Central Division",
        "bureau": "Central Bureau",
        "extrusionColor": "#1e293b"
      },
      "geometry": {
        "type": "Polygon",
        "coordinates": [
          [
            [
              -118.23729642456253,
              34.05479981697298
            ],
            [
              -118.2367544842799,
              34.05479981697298
            ],
            [
              -118.2367544842799,
              34.05527435600157
            ],
            [
              -118.23729642456253,
              34.05527435600157
            ],
            [
              -118.23729642456253,
              34.05479981697298
            ]
          ]
        ]
      }
    },
    {
      "type": "Feature",
      "properties": {
        "layerType": "BUILDING_3D",
        "id": "CENTRAL_BLD_378",
        "name": "Structure #378",
        "height": 20,
        "min_height": 0,
        "render_height": 20,
        "render_min_height": 0,
        "division": "Central Division",
        "bureau": "Central Bureau",
        "extrusionColor": "#1e293b"
      },
      "geometry": {
        "type": "Polygon",
        "coordinates": [
          [
            [
              -118.23591446874131,
              34.054504722058056
            ],
            [
              -118.23543992971271,
              34.054504722058056
            ],
            [
              -118.23543992971271,
              34.055105239537
            ],
            [
              -118.23591446874131,
              34.055105239537
            ],
            [
              -118.23591446874131,
              34.054504722058056
            ]
          ]
        ]
      }
    },
    {
      "type": "Feature",
      "properties": {
        "layerType": "BUILDING_3D",
        "id": "CENTRAL_BLD_379",
        "name": "Structure #379",
        "height": 19,
        "min_height": 0,
        "render_height": 19,
        "render_min_height": 0,
        "division": "Central Division",
        "bureau": "Central Bureau",
        "extrusionColor": "#1e293b"
      },
      "geometry": {
        "type": "Polygon",
        "coordinates": [
          [
            [
              -118.26478099222766,
              34.05571528778446
            ],
            [
              -118.26418047474871,
              34.05571528778446
            ],
            [
              -118.26418047474871,
              34.05664397466129
            ],
            [
              -118.26478099222766,
              34.05664397466129
            ],
            [
              -118.26478099222766,
              34.05571528778446
            ]
          ]
        ]
      }
    },
    {
      "type": "Feature",
      "properties": {
        "layerType": "BUILDING_3D",
        "id": "CENTRAL_BLD_382",
        "name": "Structure #382",
        "height": 10,
        "min_height": 0,
        "render_height": 10,
        "render_min_height": 0,
        "division": "Central Division",
        "bureau": "Central Bureau",
        "extrusionColor": "#1e293b"
      },
      "geometry": {
        "type": "Polygon",
        "coordinates": [
          [
            [
              -118.26010570269881,
              34.0560411072975
            ],
            [
              -118.25966554115541,
              34.0560411072975
            ],
            [
              -118.25966554115541,
              34.0569674382793
            ],
            [
              -118.26010570269881,
              34.0569674382793
            ],
            [
              -118.26010570269881,
              34.0560411072975
            ]
          ]
        ]
      }
    },
    {
      "type": "Feature",
      "properties": {
        "layerType": "BUILDING_3D",
        "id": "CENTRAL_BLD_383",
        "name": "Structure #383",
        "height": 21,
        "min_height": 0,
        "render_height": 21,
        "render_min_height": 0,
        "division": "Central Division",
        "bureau": "Central Bureau",
        "extrusionColor": "#1e293b"
      },
      "geometry": {
        "type": "Polygon",
        "coordinates": [
          [
            [
              -118.2589588927025,
              34.05589537360846
            ],
            [
              -118.2580325617207,
              34.05589537360846
            ],
            [
              -118.2580325617207,
              34.056408884860964
            ],
            [
              -118.2589588927025,
              34.056408884860964
            ],
            [
              -118.2589588927025,
              34.05589537360846
            ]
          ]
        ]
      }
    },
    {
      "type": "Feature",
      "properties": {
        "layerType": "BUILDING_3D",
        "id": "CENTRAL_BLD_384",
        "name": "Structure #384",
        "height": 14,
        "min_height": 0,
        "render_height": 14,
        "render_min_height": 0,
        "division": "Central Division",
        "bureau": "Central Bureau",
        "extrusionColor": "#1e293b"
      },
      "geometry": {
        "type": "Polygon",
        "coordinates": [
          [
            [
              -118.25767605496297,
              34.05606117510628
            ],
            [
              -118.25716254371046,
              34.05606117510628
            ],
            [
              -118.25716254371046,
              34.057020954464605
            ],
            [
              -118.25767605496297,
              34.057020954464605
            ],
            [
              -118.25767605496297,
              34.05606117510628
            ]
          ]
        ]
      }
    },
    {
      "type": "Feature",
      "properties": {
        "layerType": "BUILDING_3D",
        "id": "CENTRAL_BLD_386",
        "name": "Structure #386",
        "height": 19,
        "min_height": 0,
        "render_height": 19,
        "render_min_height": 0,
        "division": "Central Division",
        "bureau": "Central Bureau",
        "extrusionColor": "#1e293b"
      },
      "geometry": {
        "type": "Polygon",
        "coordinates": [
          [
            [
              -118.25484371870317,
              34.05609772493887
            ],
            [
              -118.25416323472137,
              34.05609772493887
            ],
            [
              -118.25416323472137,
              34.057037922034446
            ],
            [
              -118.25484371870317,
              34.057037922034446
            ],
            [
              -118.25484371870317,
              34.05609772493887
            ]
          ]
        ]
      }
    },
    {
      "type": "Feature",
      "properties": {
        "layerType": "BUILDING_3D",
        "id": "CENTRAL_BLD_388",
        "name": "Structure #388",
        "height": 14,
        "min_height": 0,
        "render_height": 14,
        "render_min_height": 0,
        "division": "Central Division",
        "bureau": "Central Bureau",
        "extrusionColor": "#1e293b"
      },
      "geometry": {
        "type": "Polygon",
        "coordinates": [
          [
            [
              -118.25195502212414,
              34.056154040451474
            ],
            [
              -118.25107048921926,
              34.056154040451474
            ],
            [
              -118.25107048921926,
              34.05695027490145
            ],
            [
              -118.25195502212414,
              34.05695027490145
            ],
            [
              -118.25195502212414,
              34.056154040451474
            ]
          ]
        ]
      }
    },
    {
      "type": "Feature",
      "properties": {
        "layerType": "BUILDING_3D",
        "id": "CENTRAL_BLD_389",
        "name": "Structure #389",
        "height": 8,
        "min_height": 0,
        "render_height": 8,
        "render_min_height": 0,
        "division": "Central Division",
        "bureau": "Central Bureau",
        "extrusionColor": "#1e293b"
      },
      "geometry": {
        "type": "Polygon",
        "coordinates": [
          [
            [
              -118.2502745309771,
              34.0561727146903
            ],
            [
              -118.24947829652712,
              34.0561727146903
            ],
            [
              -118.24947829652712,
              34.05684253795753
            ],
            [
              -118.2502745309771,
              34.05684253795753
            ],
            [
              -118.2502745309771,
              34.0561727146903
            ]
          ]
        ]
      }
    },
    {
      "type": "Feature",
      "properties": {
        "layerType": "BUILDING_3D",
        "id": "CENTRAL_BLD_390",
        "name": "Structure #390",
        "height": 14,
        "min_height": 0,
        "render_height": 14,
        "render_min_height": 0,
        "division": "Central Division",
        "bureau": "Central Bureau",
        "extrusionColor": "#1e293b"
      },
      "geometry": {
        "type": "Polygon",
        "coordinates": [
          [
            [
              -118.2488272853097,
              34.05622147969684
            ],
            [
              -118.24815746204247,
              34.05622147969684
            ],
            [
              -118.24815746204247,
              34.056652495423144
            ],
            [
              -118.2488272853097,
              34.056652495423144
            ],
            [
              -118.2488272853097,
              34.05622147969684
            ]
          ]
        ]
      }
    },
    {
      "type": "Feature",
      "properties": {
        "layerType": "BUILDING_3D",
        "id": "CENTRAL_BLD_391",
        "name": "Structure #391",
        "height": 12,
        "min_height": 0,
        "render_height": 12,
        "render_min_height": 0,
        "division": "Central Division",
        "bureau": "Central Bureau",
        "extrusionColor": "#1e293b"
      },
      "geometry": {
        "type": "Polygon",
        "coordinates": [
          [
            [
              -118.24734994887459,
              34.05600059234385
            ],
            [
              -118.2469189331483,
              34.05600059234385
            ],
            [
              -118.2469189331483,
              34.05667112488372
            ],
            [
              -118.24734994887459,
              34.05667112488372
            ],
            [
              -118.24734994887459,
              34.05600059234385
            ]
          ]
        ]
      }
    },
    {
      "type": "Feature",
      "properties": {
        "layerType": "BUILDING_3D",
        "id": "CENTRAL_BLD_392",
        "name": "Structure #392",
        "height": 13,
        "min_height": 0,
        "render_height": 13,
        "render_min_height": 0,
        "division": "Central Division",
        "bureau": "Central Bureau",
        "extrusionColor": "#1e293b"
      },
      "geometry": {
        "type": "Polygon",
        "coordinates": [
          [
            [
              -118.246142264799,
              34.055843927892354
            ],
            [
              -118.24547173225915,
              34.055843927892354
            ],
            [
              -118.24547173225915,
              34.05644569726972
            ],
            [
              -118.246142264799,
              34.05644569726972
            ],
            [
              -118.246142264799,
              34.055843927892354
            ]
          ]
        ]
      }
    },
    {
      "type": "Feature",
      "properties": {
        "layerType": "BUILDING_3D",
        "id": "CENTRAL_BLD_393",
        "name": "Structure #393",
        "height": 16,
        "min_height": 0,
        "render_height": 16,
        "render_min_height": 0,
        "division": "Central Division",
        "bureau": "Central Bureau",
        "extrusionColor": "#1e293b"
      },
      "geometry": {
        "type": "Polygon",
        "coordinates": [
          [
            [
              -118.24487035782192,
              34.05600630431723
            ],
            [
              -118.24426858844456,
              34.05600630431723
            ],
            [
              -118.24426858844456,
              34.056666547746566
            ],
            [
              -118.24487035782192,
              34.056666547746566
            ],
            [
              -118.24487035782192,
              34.05600630431723
            ]
          ]
        ]
      }
    },
    {
      "type": "Feature",
      "properties": {
        "layerType": "BUILDING_3D",
        "id": "CENTRAL_BLD_395",
        "name": "Structure #395",
        "height": 20,
        "min_height": 0,
        "render_height": 20,
        "render_min_height": 0,
        "division": "Central Division",
        "bureau": "Central Bureau",
        "extrusionColor": "#1e293b"
      },
      "geometry": {
        "type": "Polygon",
        "coordinates": [
          [
            [
              -118.24195447798894,
              34.05591734103183
            ],
            [
              -118.24119697672157,
              34.05591734103183
            ],
            [
              -118.24119697672157,
              34.056739048455114
            ],
            [
              -118.24195447798894,
              34.056739048455114
            ],
            [
              -118.24195447798894,
              34.05591734103183
            ]
          ]
        ]
      }
    },
    {
      "type": "Feature",
      "properties": {
        "layerType": "BUILDING_3D",
        "id": "CENTRAL_BLD_396",
        "name": "Structure #396",
        "height": 18,
        "min_height": 0,
        "render_height": 18,
        "render_min_height": 0,
        "division": "Central Division",
        "bureau": "Central Bureau",
        "extrusionColor": "#1e293b"
      },
      "geometry": {
        "type": "Polygon",
        "coordinates": [
          [
            [
              -118.24051123039675,
              34.05593978317987
            ],
            [
              -118.23968952297346,
              34.05593978317987
            ],
            [
              -118.23968952297346,
              34.05687221884795
            ],
            [
              -118.24051123039675,
              34.05687221884795
            ],
            [
              -118.24051123039675,
              34.05593978317987
            ]
          ]
        ]
      }
    },
    {
      "type": "Feature",
      "properties": {
        "layerType": "BUILDING_3D",
        "id": "CENTRAL_BLD_397",
        "name": "Structure #397",
        "height": 10,
        "min_height": 0,
        "render_height": 10,
        "render_min_height": 0,
        "division": "Central Division",
        "bureau": "Central Bureau",
        "extrusionColor": "#1e293b"
      },
      "geometry": {
        "type": "Polygon",
        "coordinates": [
          [
            [
              -118.23906021682012,
              34.056025257149365
            ],
            [
              -118.23812778115206,
              34.056025257149365
            ],
            [
              -118.23812778115206,
              34.05688947472789
            ],
            [
              -118.23906021682012,
              34.05688947472789
            ],
            [
              -118.23906021682012,
              34.056025257149365
            ]
          ]
        ]
      }
    },
    {
      "type": "Feature",
      "properties": {
        "layerType": "BUILDING_3D",
        "id": "CENTRAL_BLD_398",
        "name": "Structure #398",
        "height": 22,
        "min_height": 0,
        "render_height": 22,
        "render_min_height": 0,
        "division": "Central Division",
        "bureau": "Central Bureau",
        "extrusionColor": "#1e293b"
      },
      "geometry": {
        "type": "Polygon",
        "coordinates": [
          [
            [
              -118.23754617142207,
              34.05627240640876
            ],
            [
              -118.23668195384353,
              34.05627240640876
            ],
            [
              -118.23668195384353,
              34.05681949066017
            ],
            [
              -118.23754617142207,
              34.05681949066017
            ],
            [
              -118.23754617142207,
              34.05627240640876
            ]
          ]
        ]
      }
    },
    {
      "type": "Feature",
      "properties": {
        "layerType": "BUILDING_3D",
        "id": "CENTRAL_BLD_399",
        "name": "Structure #399",
        "height": 11,
        "min_height": 0,
        "render_height": 11,
        "render_min_height": 0,
        "division": "Central Division",
        "bureau": "Central Bureau",
        "extrusionColor": "#1e293b"
      },
      "geometry": {
        "type": "Polygon",
        "coordinates": [
          [
            [
              -118.23587045073411,
              34.055988927030924
            ],
            [
              -118.23532336648269,
              34.055988927030924
            ],
            [
              -118.23532336648269,
              34.05699382109472
            ],
            [
              -118.23587045073411,
              34.05699382109472
            ],
            [
              -118.23587045073411,
              34.055988927030924
            ]
          ]
        ]
      }
    },
    {
      "type": "Feature",
      "properties": {
        "layerType": "BUILDING_3D",
        "id": "CENTRAL_BLD_400",
        "name": "Structure #400",
        "height": 16,
        "min_height": 0,
        "render_height": 16,
        "render_min_height": 0,
        "division": "Central Division",
        "bureau": "Central Bureau",
        "extrusionColor": "#1e293b"
      },
      "geometry": {
        "type": "Polygon",
        "coordinates": [
          [
            [
              -118.26472535868335,
              34.05737971728879
            ],
            [
              -118.26372046461957,
              34.05737971728879
            ],
            [
              -118.26372046461957,
              34.05795276037062
            ],
            [
              -118.26472535868335,
              34.05795276037062
            ],
            [
              -118.26472535868335,
              34.05737971728879
            ]
          ]
        ]
      }
    },
    {
      "type": "Feature",
      "properties": {
        "layerType": "BUILDING_3D",
        "id": "CENTRAL_BLD_401",
        "name": "Structure #401",
        "height": 16,
        "min_height": 0,
        "render_height": 16,
        "render_min_height": 0,
        "division": "Central Division",
        "bureau": "Central Bureau",
        "extrusionColor": "#1e293b"
      },
      "geometry": {
        "type": "Polygon",
        "coordinates": [
          [
            [
              -118.26333456842549,
              34.05764889032272
            ],
            [
              -118.26276152534366,
              34.05764889032272
            ],
            [
              -118.26276152534366,
              34.0584160830365
            ],
            [
              -118.26333456842549,
              34.0584160830365
            ],
            [
              -118.26333456842549,
              34.05764889032272
            ]
          ]
        ]
      }
    },
    {
      "type": "Feature",
      "properties": {
        "layerType": "BUILDING_3D",
        "id": "CENTRAL_BLD_403",
        "name": "Structure #403",
        "height": 11,
        "min_height": 0,
        "render_height": 11,
        "render_min_height": 0,
        "division": "Central Division",
        "bureau": "Central Bureau",
        "extrusionColor": "#1e293b"
      },
      "geometry": {
        "type": "Polygon",
        "coordinates": [
          [
            [
              -118.2605452608413,
              34.057331240143895
            ],
            [
              -118.25979501308493,
              34.057331240143895
            ],
            [
              -118.25979501308493,
              34.05835341105529
            ],
            [
              -118.2605452608413,
              34.05835341105529
            ],
            [
              -118.2605452608413,
              34.057331240143895
            ]
          ]
        ]
      }
    },
    {
      "type": "Feature",
      "properties": {
        "layerType": "BUILDING_3D",
        "id": "CENTRAL_BLD_404",
        "name": "Structure #404",
        "height": 18,
        "min_height": 0,
        "render_height": 18,
        "render_min_height": 0,
        "division": "Central Division",
        "bureau": "Central Bureau",
        "extrusionColor": "#1e293b"
      },
      "geometry": {
        "type": "Polygon",
        "coordinates": [
          [
            [
              -118.25909733128468,
              34.05753806896779
            ],
            [
              -118.25807516037328,
              34.05753806896779
            ],
            [
              -118.25807516037328,
              34.05811947029957
            ],
            [
              -118.25909733128468,
              34.05811947029957
            ],
            [
              -118.25909733128468,
              34.05753806896779
            ]
          ]
        ]
      }
    },
    {
      "type": "Feature",
      "properties": {
        "layerType": "BUILDING_3D",
        "id": "CENTRAL_BLD_405",
        "name": "Structure #405",
        "height": 15,
        "min_height": 0,
        "render_height": 15,
        "render_min_height": 0,
        "division": "Central Division",
        "bureau": "Central Bureau",
        "extrusionColor": "#1e293b"
      },
      "geometry": {
        "type": "Polygon",
        "coordinates": [
          [
            [
              -118.25746193103221,
              34.05762945896044
            ],
            [
              -118.25688052970044,
              34.05762945896044
            ],
            [
              -118.25688052970044,
              34.05846315735494
            ],
            [
              -118.25746193103221,
              34.05846315735494
            ],
            [
              -118.25746193103221,
              34.05762945896044
            ]
          ]
        ]
      }
    },
    {
      "type": "Feature",
      "properties": {
        "layerType": "BUILDING_3D",
        "id": "CENTRAL_BLD_406",
        "name": "Structure #406",
        "height": 13,
        "min_height": 0,
        "render_height": 13,
        "render_min_height": 0,
        "division": "Central Division",
        "bureau": "Central Bureau",
        "extrusionColor": "#1e293b"
      },
      "geometry": {
        "type": "Polygon",
        "coordinates": [
          [
            [
              -118.25594196961099,
              34.05733772938982
            ],
            [
              -118.25510827121649,
              34.05733772938982
            ],
            [
              -118.25510827121649,
              34.058049655598175
            ],
            [
              -118.25594196961099,
              34.058049655598175
            ],
            [
              -118.25594196961099,
              34.05733772938982
            ]
          ]
        ]
      }
    },
    {
      "type": "Feature",
      "properties": {
        "layerType": "BUILDING_3D",
        "id": "CENTRAL_BLD_407",
        "name": "Structure #407",
        "height": 11,
        "min_height": 0,
        "render_height": 11,
        "render_min_height": 0,
        "division": "Central Division",
        "bureau": "Central Bureau",
        "extrusionColor": "#1e293b"
      },
      "geometry": {
        "type": "Polygon",
        "coordinates": [
          [
            [
              -118.25480512775303,
              34.05757074422576
            ],
            [
              -118.25409320154469,
              34.05757074422576
            ],
            [
              -118.25409320154469,
              34.05822031606259
            ],
            [
              -118.25480512775303,
              34.05822031606259
            ],
            [
              -118.25480512775303,
              34.05757074422576
            ]
          ]
        ]
      }
    },
    {
      "type": "Feature",
      "properties": {
        "layerType": "BUILDING_3D",
        "id": "CENTRAL_BLD_408",
        "name": "Structure #408",
        "height": 22,
        "min_height": 0,
        "render_height": 22,
        "render_min_height": 0,
        "division": "Central Division",
        "bureau": "Central Bureau",
        "extrusionColor": "#1e293b"
      },
      "geometry": {
        "type": "Polygon",
        "coordinates": [
          [
            [
              -118.25314354148853,
              34.05751911260318
            ],
            [
              -118.25249396965171,
              34.05751911260318
            ],
            [
              -118.25249396965171,
              34.05807711218733
            ],
            [
              -118.25314354148853,
              34.05807711218733
            ],
            [
              -118.25314354148853,
              34.05751911260318
            ]
          ]
        ]
      }
    },
    {
      "type": "Feature",
      "properties": {
        "layerType": "BUILDING_3D",
        "id": "CENTRAL_BLD_409",
        "name": "Structure #409",
        "height": 14,
        "min_height": 0,
        "render_height": 14,
        "render_min_height": 0,
        "division": "Central Division",
        "bureau": "Central Bureau",
        "extrusionColor": "#1e293b"
      },
      "geometry": {
        "type": "Polygon",
        "coordinates": [
          [
            [
              -118.25176660168253,
              34.05724989236843
            ],
            [
              -118.25120860209839,
              34.05724989236843
            ],
            [
              -118.25120860209839,
              34.05824656542764
            ],
            [
              -118.25176660168253,
              34.05824656542764
            ],
            [
              -118.25176660168253,
              34.05724989236843
            ]
          ]
        ]
      }
    },
    {
      "type": "Feature",
      "properties": {
        "layerType": "BUILDING_3D",
        "id": "CENTRAL_BLD_410",
        "name": "Structure #410",
        "height": 20,
        "min_height": 0,
        "render_height": 20,
        "render_min_height": 0,
        "division": "Central Division",
        "bureau": "Central Bureau",
        "extrusionColor": "#1e293b"
      },
      "geometry": {
        "type": "Polygon",
        "coordinates": [
          [
            [
              -118.25060725048871,
              34.05733797046566
            ],
            [
              -118.24961057742951,
              34.05733797046566
            ],
            [
              -118.24961057742951,
              34.05801197172611
            ],
            [
              -118.25060725048871,
              34.05801197172611
            ],
            [
              -118.25060725048871,
              34.05733797046566
            ]
          ]
        ]
      }
    },
    {
      "type": "Feature",
      "properties": {
        "layerType": "BUILDING_3D",
        "id": "CENTRAL_BLD_411",
        "name": "Structure #411",
        "height": 18,
        "min_height": 0,
        "render_height": 18,
        "render_min_height": 0,
        "division": "Central Division",
        "bureau": "Central Bureau",
        "extrusionColor": "#1e293b"
      },
      "geometry": {
        "type": "Polygon",
        "coordinates": [
          [
            [
              -118.24909060096292,
              34.05755437176563
            ],
            [
              -118.24841659970247,
              34.05755437176563
            ],
            [
              -118.24841659970247,
              34.05849744798624
            ],
            [
              -118.24909060096292,
              34.05849744798624
            ],
            [
              -118.24909060096292,
              34.05755437176563
            ]
          ]
        ]
      }
    },
    {
      "type": "Feature",
      "properties": {
        "layerType": "BUILDING_3D",
        "id": "CENTRAL_BLD_413",
        "name": "Structure #413",
        "height": 14,
        "min_height": 0,
        "render_height": 14,
        "render_min_height": 0,
        "division": "Central Division",
        "bureau": "Central Bureau",
        "extrusionColor": "#1e293b"
      },
      "geometry": {
        "type": "Polygon",
        "coordinates": [
          [
            [
              -118.24621746481164,
              34.05761167496321
            ],
            [
              -118.24538984745736,
              34.05761167496321
            ],
            [
              -118.24538984745736,
              34.05835438984691
            ],
            [
              -118.24621746481164,
              34.05835438984691
            ],
            [
              -118.24621746481164,
              34.05761167496321
            ]
          ]
        ]
      }
    },
    {
      "type": "Feature",
      "properties": {
        "layerType": "BUILDING_3D",
        "id": "CENTRAL_BLD_414",
        "name": "Structure #414",
        "height": 16,
        "min_height": 0,
        "render_height": 16,
        "render_min_height": 0,
        "division": "Central Division",
        "bureau": "Central Bureau",
        "extrusionColor": "#1e293b"
      },
      "geometry": {
        "type": "Polygon",
        "coordinates": [
          [
            [
              -118.24453118217964,
              34.05755350797802
            ],
            [
              -118.24378846729594,
              34.05755350797802
            ],
            [
              -118.24378846729594,
              34.05822782264597
            ],
            [
              -118.24453118217964,
              34.05822782264597
            ],
            [
              -118.24453118217964,
              34.05755350797802
            ]
          ]
        ]
      }
    },
    {
      "type": "Feature",
      "properties": {
        "layerType": "BUILDING_3D",
        "id": "CENTRAL_BLD_415",
        "name": "Structure #415",
        "height": 20,
        "min_height": 0,
        "render_height": 20,
        "render_min_height": 0,
        "division": "Central Division",
        "bureau": "Central Bureau",
        "extrusionColor": "#1e293b"
      },
      "geometry": {
        "type": "Polygon",
        "coordinates": [
          [
            [
              -118.24316077773626,
              34.05744853340202
            ],
            [
              -118.24248646306832,
              34.05744853340202
            ],
            [
              -118.24248646306832,
              34.05819695326904
            ],
            [
              -118.24316077773626,
              34.05819695326904
            ],
            [
              -118.24316077773626,
              34.05744853340202
            ]
          ]
        ]
      }
    },
    {
      "type": "Feature",
      "properties": {
        "layerType": "BUILDING_3D",
        "id": "CENTRAL_BLD_416",
        "name": "Structure #416",
        "height": 16,
        "min_height": 0,
        "render_height": 16,
        "render_min_height": 0,
        "division": "Central Division",
        "bureau": "Central Bureau",
        "extrusionColor": "#1e293b"
      },
      "geometry": {
        "type": "Polygon",
        "coordinates": [
          [
            [
              -118.2418371808837,
              34.05729682926519
            ],
            [
              -118.24108876101668,
              34.05729682926519
            ],
            [
              -118.24108876101668,
              34.05823921706067
            ],
            [
              -118.2418371808837,
              34.05823921706067
            ],
            [
              -118.2418371808837,
              34.05729682926519
            ]
          ]
        ]
      }
    },
    {
      "type": "Feature",
      "properties": {
        "layerType": "BUILDING_3D",
        "id": "CENTRAL_BLD_417",
        "name": "Structure #417",
        "height": 24,
        "min_height": 0,
        "render_height": 24,
        "render_min_height": 0,
        "division": "Central Division",
        "bureau": "Central Bureau",
        "extrusionColor": "#1e293b"
      },
      "geometry": {
        "type": "Polygon",
        "coordinates": [
          [
            [
              -118.24056031359196,
              34.057451889619585
            ],
            [
              -118.23961792579648,
              34.057451889619585
            ],
            [
              -118.23961792579648,
              34.05820272502481
            ],
            [
              -118.24056031359196,
              34.05820272502481
            ],
            [
              -118.24056031359196,
              34.057451889619585
            ]
          ]
        ]
      }
    },
    {
      "type": "Feature",
      "properties": {
        "layerType": "BUILDING_3D",
        "id": "CENTRAL_BLD_418",
        "name": "Structure #418",
        "height": 24,
        "min_height": 0,
        "render_height": 24,
        "render_min_height": 0,
        "division": "Central Division",
        "bureau": "Central Bureau",
        "extrusionColor": "#1e293b"
      },
      "geometry": {
        "type": "Polygon",
        "coordinates": [
          [
            [
              -118.23897668180899,
              34.057437841927005
            ],
            [
              -118.23822584640376,
              34.057437841927005
            ],
            [
              -118.23822584640376,
              34.05852712140291
            ],
            [
              -118.23897668180899,
              34.05852712140291
            ],
            [
              -118.23897668180899,
              34.057437841927005
            ]
          ]
        ]
      }
    },
    {
      "type": "Feature",
      "properties": {
        "layerType": "BUILDING_3D",
        "id": "CENTRAL_BLD_419",
        "name": "Structure #419",
        "height": 11,
        "min_height": 0,
        "render_height": 11,
        "render_min_height": 0,
        "division": "Central Division",
        "bureau": "Central Bureau",
        "extrusionColor": "#1e293b"
      },
      "geometry": {
        "type": "Polygon",
        "coordinates": [
          [
            [
              -118.237562158073,
              34.057294975670146
            ],
            [
              -118.2364728785971,
              34.057294975670146
            ],
            [
              -118.2364728785971,
              34.05836350383535
            ],
            [
              -118.237562158073,
              34.05836350383535
            ],
            [
              -118.237562158073,
              34.057294975670146
            ]
          ]
        ]
      }
    },
    {
      "type": "Feature",
      "properties": {
        "layerType": "BUILDING_3D",
        "id": "CENTRAL_BLD_420",
        "name": "Structure #420",
        "height": 15,
        "min_height": 0,
        "render_height": 15,
        "render_min_height": 0,
        "division": "Central Division",
        "bureau": "Central Bureau",
        "extrusionColor": "#1e293b"
      },
      "geometry": {
        "type": "Polygon",
        "coordinates": [
          [
            [
              -118.23627645290128,
              34.057812960961506
            ],
            [
              -118.23520792473607,
              34.057812960961506
            ],
            [
              -118.23520792473607,
              34.058387029057094
            ],
            [
              -118.23627645290128,
              34.058387029057094
            ],
            [
              -118.23627645290128,
              34.057812960961506
            ]
          ]
        ]
      }
    },
    {
      "type": "Feature",
      "properties": {
        "layerType": "BUILDING_3D",
        "id": "CENTRAL_BLD_421",
        "name": "Structure #421",
        "height": 21,
        "min_height": 0,
        "render_height": 21,
        "render_min_height": 0,
        "division": "Central Division",
        "bureau": "Central Bureau",
        "extrusionColor": "#1e293b"
      },
      "geometry": {
        "type": "Polygon",
        "coordinates": [
          [
            [
              -118.26432989618137,
              34.05915785854223
            ],
            [
              -118.26375582808576,
              34.05915785854223
            ],
            [
              -118.26375582808576,
              34.059866072236396
            ],
            [
              -118.26432989618137,
              34.059866072236396
            ],
            [
              -118.26432989618137,
              34.05915785854223
            ]
          ]
        ]
      }
    },
    {
      "type": "Feature",
      "properties": {
        "layerType": "BUILDING_3D",
        "id": "CENTRAL_BLD_422",
        "name": "Central Division High-Rise Tower #422",
        "height": 117,
        "min_height": 0,
        "render_height": 117,
        "render_min_height": 0,
        "division": "Central Division",
        "bureau": "Central Bureau",
        "extrusionColor": "#00f3ff"
      },
      "geometry": {
        "type": "Polygon",
        "coordinates": [
          [
            [
              -118.26298499860063,
              34.05863937194514
            ],
            [
              -118.26227678490646,
              34.05863937194514
            ],
            [
              -118.26227678490646,
              34.059593422722095
            ],
            [
              -118.26298499860063,
              34.059593422722095
            ],
            [
              -118.26298499860063,
              34.05863937194514
            ]
          ]
        ]
      }
    },
    {
      "type": "Feature",
      "properties": {
        "layerType": "BUILDING_3D",
        "id": "CENTRAL_BLD_423",
        "name": "Central Division High-Rise Tower #423",
        "height": 294,
        "min_height": 0,
        "render_height": 294,
        "render_min_height": 0,
        "division": "Central Division",
        "bureau": "Central Bureau",
        "extrusionColor": "#00f3ff"
      },
      "geometry": {
        "type": "Polygon",
        "coordinates": [
          [
            [
              -118.26207491376915,
              34.05879044354092
            ],
            [
              -118.2611208629922,
              34.05879044354092
            ],
            [
              -118.2611208629922,
              34.05965698408405
            ],
            [
              -118.26207491376915,
              34.05965698408405
            ],
            [
              -118.26207491376915,
              34.05879044354092
            ]
          ]
        ]
      }
    },
    {
      "type": "Feature",
      "properties": {
        "layerType": "BUILDING_3D",
        "id": "CENTRAL_BLD_424",
        "name": "Structure #424",
        "height": 23,
        "min_height": 0,
        "render_height": 23,
        "render_min_height": 0,
        "division": "Central Division",
        "bureau": "Central Bureau",
        "extrusionColor": "#1e293b"
      },
      "geometry": {
        "type": "Polygon",
        "coordinates": [
          [
            [
              -118.2604952707448,
              34.059103297475374
            ],
            [
              -118.25962873020165,
              34.059103297475374
            ],
            [
              -118.25962873020165,
              34.059737469482045
            ],
            [
              -118.2604952707448,
              34.059737469482045
            ],
            [
              -118.2604952707448,
              34.059103297475374
            ]
          ]
        ]
      }
    },
    {
      "type": "Feature",
      "properties": {
        "layerType": "BUILDING_3D",
        "id": "CENTRAL_BLD_425",
        "name": "Structure #425",
        "height": 19,
        "min_height": 0,
        "render_height": 19,
        "render_min_height": 0,
        "division": "Central Division",
        "bureau": "Central Bureau",
        "extrusionColor": "#1e293b"
      },
      "geometry": {
        "type": "Polygon",
        "coordinates": [
          [
            [
              -118.25875384538178,
              34.05882651031237
            ],
            [
              -118.2581196733751,
              34.05882651031237
            ],
            [
              -118.2581196733751,
              34.05987424027093
            ],
            [
              -118.25875384538178,
              34.05987424027093
            ],
            [
              -118.25875384538178,
              34.05882651031237
            ]
          ]
        ]
      }
    },
    {
      "type": "Feature",
      "properties": {
        "layerType": "BUILDING_3D",
        "id": "CENTRAL_BLD_426",
        "name": "Structure #426",
        "height": 8,
        "min_height": 0,
        "render_height": 8,
        "render_min_height": 0,
        "division": "Central Division",
        "bureau": "Central Bureau",
        "extrusionColor": "#1e293b"
      },
      "geometry": {
        "type": "Polygon",
        "coordinates": [
          [
            [
              -118.25760206111619,
              34.058720456402995
            ],
            [
              -118.25655433115764,
              34.058720456402995
            ],
            [
              -118.25655433115764,
              34.05960850452196
            ],
            [
              -118.25760206111619,
              34.05960850452196
            ],
            [
              -118.25760206111619,
              34.058720456402995
            ]
          ]
        ]
      }
    },
    {
      "type": "Feature",
      "properties": {
        "layerType": "BUILDING_3D",
        "id": "CENTRAL_BLD_427",
        "name": "Structure #427",
        "height": 8,
        "min_height": 0,
        "render_height": 8,
        "render_min_height": 0,
        "division": "Central Division",
        "bureau": "Central Bureau",
        "extrusionColor": "#1e293b"
      },
      "geometry": {
        "type": "Polygon",
        "coordinates": [
          [
            [
              -118.25627954359702,
              34.05926976779195
            ],
            [
              -118.25539149547804,
              34.05926976779195
            ],
            [
              -118.25539149547804,
              34.05972088585602
            ],
            [
              -118.25627954359702,
              34.05972088585602
            ],
            [
              -118.25627954359702,
              34.05926976779195
            ]
          ]
        ]
      }
    },
    {
      "type": "Feature",
      "properties": {
        "layerType": "BUILDING_3D",
        "id": "CENTRAL_BLD_428",
        "name": "Structure #428",
        "height": 12,
        "min_height": 0,
        "render_height": 12,
        "render_min_height": 0,
        "division": "Central Division",
        "bureau": "Central Bureau",
        "extrusionColor": "#1e293b"
      },
      "geometry": {
        "type": "Polygon",
        "coordinates": [
          [
            [
              -118.25430166077948,
              34.05915234680516
            ],
            [
              -118.25385054271541,
              34.05915234680516
            ],
            [
              -118.25385054271541,
              34.059582815899475
            ],
            [
              -118.25430166077948,
              34.059582815899475
            ],
            [
              -118.25430166077948,
              34.05915234680516
            ]
          ]
        ]
      }
    },
    {
      "type": "Feature",
      "properties": {
        "layerType": "BUILDING_3D",
        "id": "CENTRAL_BLD_429",
        "name": "Central Division High-Rise Tower #429",
        "height": 71,
        "min_height": 0,
        "render_height": 71,
        "render_min_height": 0,
        "division": "Central Division",
        "bureau": "Central Bureau",
        "extrusionColor": "#0ea5e9"
      },
      "geometry": {
        "type": "Polygon",
        "coordinates": [
          [
            [
              -118.2529905103377,
              34.05871577767584
            ],
            [
              -118.25256004124338,
              34.05871577767584
            ],
            [
              -118.25256004124338,
              34.05932029694094
            ],
            [
              -118.2529905103377,
              34.05932029694094
            ],
            [
              -118.2529905103377,
              34.05871577767584
            ]
          ]
        ]
      }
    },
    {
      "type": "Feature",
      "properties": {
        "layerType": "BUILDING_3D",
        "id": "CENTRAL_BLD_430",
        "name": "Structure #430",
        "height": 10,
        "min_height": 0,
        "render_height": 10,
        "render_min_height": 0,
        "division": "Central Division",
        "bureau": "Central Bureau",
        "extrusionColor": "#1e293b"
      },
      "geometry": {
        "type": "Polygon",
        "coordinates": [
          [
            [
              -118.25199850803844,
              34.058595681977756
            ],
            [
              -118.25139398877334,
              34.058595681977756
            ],
            [
              -118.25139398877334,
              34.05940735428744
            ],
            [
              -118.25199850803844,
              34.05940735428744
            ],
            [
              -118.25199850803844,
              34.058595681977756
            ]
          ]
        ]
      }
    },
    {
      "type": "Feature",
      "properties": {
        "layerType": "BUILDING_3D",
        "id": "CENTRAL_BLD_433",
        "name": "Structure #433",
        "height": 19,
        "min_height": 0,
        "render_height": 19,
        "render_min_height": 0,
        "division": "Central Division",
        "bureau": "Central Bureau",
        "extrusionColor": "#1e293b"
      },
      "geometry": {
        "type": "Polygon",
        "coordinates": [
          [
            [
              -118.2475430717125,
              34.05861442039872
            ],
            [
              -118.24670110973486,
              34.05861442039872
            ],
            [
              -118.24670110973486,
              34.059542320396666
            ],
            [
              -118.2475430717125,
              34.059542320396666
            ],
            [
              -118.2475430717125,
              34.05861442039872
            ]
          ]
        ]
      }
    },
    {
      "type": "Feature",
      "properties": {
        "layerType": "BUILDING_3D",
        "id": "CENTRAL_BLD_434",
        "name": "Structure #434",
        "height": 8,
        "min_height": 0,
        "render_height": 8,
        "render_min_height": 0,
        "division": "Central Division",
        "bureau": "Central Bureau",
        "extrusionColor": "#1e293b"
      },
      "geometry": {
        "type": "Polygon",
        "coordinates": [
          [
            [
              -118.24638557960128,
              34.05889696972899
            ],
            [
              -118.24545767960333,
              34.05889696972899
            ],
            [
              -118.24545767960333,
              34.05976445514952
            ],
            [
              -118.24638557960128,
              34.05976445514952
            ],
            [
              -118.24638557960128,
              34.05889696972899
            ]
          ]
        ]
      }
    },
    {
      "type": "Feature",
      "properties": {
        "layerType": "BUILDING_3D",
        "id": "CENTRAL_BLD_436",
        "name": "Structure #436",
        "height": 24,
        "min_height": 0,
        "render_height": 24,
        "render_min_height": 0,
        "division": "Central Division",
        "bureau": "Central Bureau",
        "extrusionColor": "#1e293b"
      },
      "geometry": {
        "type": "Polygon",
        "coordinates": [
          [
            [
              -118.24296414975568,
              34.058955013513234
            ],
            [
              -118.24252263881904,
              34.058955013513234
            ],
            [
              -118.24252263881904,
              34.05974724887391
            ],
            [
              -118.24296414975568,
              34.05974724887391
            ],
            [
              -118.24296414975568,
              34.058955013513234
            ]
          ]
        ]
      }
    },
    {
      "type": "Feature",
      "properties": {
        "layerType": "BUILDING_3D",
        "id": "CENTRAL_BLD_437",
        "name": "Structure #437",
        "height": 22,
        "min_height": 0,
        "render_height": 22,
        "render_min_height": 0,
        "division": "Central Division",
        "bureau": "Central Bureau",
        "extrusionColor": "#1e293b"
      },
      "geometry": {
        "type": "Polygon",
        "coordinates": [
          [
            [
              -118.24175927220105,
              34.058461014114236
            ],
            [
              -118.24096703684037,
              34.058461014114236
            ],
            [
              -118.24096703684037,
              34.05955968909867
            ],
            [
              -118.24175927220105,
              34.05955968909867
            ],
            [
              -118.24175927220105,
              34.058461014114236
            ]
          ]
        ]
      }
    },
    {
      "type": "Feature",
      "properties": {
        "layerType": "BUILDING_3D",
        "id": "CENTRAL_BLD_438",
        "name": "Structure #438",
        "height": 11,
        "min_height": 0,
        "render_height": 11,
        "render_min_height": 0,
        "division": "Central Division",
        "bureau": "Central Bureau",
        "extrusionColor": "#1e293b"
      },
      "geometry": {
        "type": "Polygon",
        "coordinates": [
          [
            [
              -118.24082470017149,
              34.05877952879564
            ],
            [
              -118.23972602518705,
              34.05877952879564
            ],
            [
              -118.23972602518705,
              34.059802333495725
            ],
            [
              -118.24082470017149,
              34.059802333495725
            ],
            [
              -118.24082470017149,
              34.05877952879564
            ]
          ]
        ]
      }
    },
    {
      "type": "Feature",
      "properties": {
        "layerType": "BUILDING_3D",
        "id": "CENTRAL_BLD_440",
        "name": "Structure #440",
        "height": 24,
        "min_height": 0,
        "render_height": 24,
        "render_min_height": 0,
        "division": "Central Division",
        "bureau": "Central Bureau",
        "extrusionColor": "#1e293b"
      },
      "geometry": {
        "type": "Polygon",
        "coordinates": [
          [
            [
              -118.23717079373472,
              34.059119523002636
            ],
            [
              -118.23661418343303,
              34.059119523002636
            ],
            [
              -118.23661418343303,
              34.059831250231795
            ],
            [
              -118.23717079373472,
              34.059831250231795
            ],
            [
              -118.23717079373472,
              34.059119523002636
            ]
          ]
        ]
      }
    },
    {
      "type": "Feature",
      "properties": {
        "layerType": "BUILDING_3D",
        "id": "CENTRAL_BLD_441",
        "name": "Central Division High-Rise Tower #441",
        "height": 135,
        "min_height": 0,
        "render_height": 135,
        "render_min_height": 0,
        "division": "Central Division",
        "bureau": "Central Bureau",
        "extrusionColor": "#00f3ff"
      },
      "geometry": {
        "type": "Polygon",
        "coordinates": [
          [
            [
              -118.23588047699737,
              34.05856166007073
            ],
            [
              -118.23516874976819,
              34.05856166007073
            ],
            [
              -118.23516874976819,
              34.059643202126274
            ],
            [
              -118.23588047699737,
              34.059643202126274
            ],
            [
              -118.23588047699737,
              34.05856166007073
            ]
          ]
        ]
      }
    }
  ]
}