{
  "type": "FeatureCollection",
  "name": "77th Street Division (LAPD DIV-12) - Full 3D Building & Boundary GeoJSON",
  "crs": {
    "type": "name",
    "properties": {
      "name": "urn:ogc:def:crs:OGC:1.3:CRS84"
    }
  },
  "metadata": {
    "divisionId": "DIV-12",
    "divisionName": "77th Street Division",
    "bureau": "South Bureau",
    "code": "77TH_STREET",
    "station": {
      "name": "77th Street Community Police Station",
      "address": "7600 S Broadway, Los Angeles, CA 90003",
      "phone": "(213) 485-4164",
      "lat": 33.9705,
      "lng": -118.2782
    },
    "center": [
      -118.28,
      33.97
    ],
    "totalBuildings": 206,
    "fususOneCompatible": true,
    "optimization": "100% Comprehensive 3D Building Extrusions + Division Perimeter"
  },
  "features": [
    {
      "type": "Feature",
      "properties": {
        "layerType": "BOUNDARY",
        "id": "77TH_STREET_BOUNDARY",
        "name": "77th Street Division Official Perimeter",
        "bureau": "South Bureau",
        "division": "77th Street Division",
        "strokeColor": "#00f3ff",
        "strokeWidth": 3,
        "fillColor": "#00f3ff",
        "fillOpacity": 0.08
      },
      "geometry": {
        "type": "Polygon",
        "coordinates": [
          [
            [
              -118.31,
              33.945
            ],
            [
              -118.25,
              33.945
            ],
            [
              -118.25,
              33.99
            ],
            [
              -118.31,
              33.99
            ],
            [
              -118.31,
              33.945
            ]
          ]
        ]
      }
    },
    {
      "type": "Feature",
      "properties": {
        "layerType": "STATION",
        "id": "77TH_STREET_STATION",
        "name": "77th Street Community Police Station",
        "address": "7600 S Broadway, Los Angeles, CA 90003",
        "phone": "(213) 485-4164",
        "division": "77th Street Division",
        "bureau": "South Bureau",
        "icon": "police-station",
        "markerColor": "#3b82f6"
      },
      "geometry": {
        "type": "Point",
        "coordinates": [
          -118.2782,
          33.9705
        ]
      }
    },
    {
      "type": "Feature",
      "properties": {
        "layerType": "BUILDING_3D",
        "id": "77TH_STREET_LM_1",
        "name": "Florence & Vermont Commercial Center",
        "height": 22,
        "min_height": 0,
        "render_height": 22,
        "render_min_height": 0,
        "division": "77th Street Division",
        "bureau": "South Bureau",
        "extrusionColor": "#00f3ff"
      },
      "geometry": {
        "type": "Polygon",
        "coordinates": [
          [
            [
              -118.2933,
              33.972699999999996
            ],
            [
              -118.2897,
              33.972699999999996
            ],
            [
              -118.2897,
              33.9763
            ],
            [
              -118.2933,
              33.9763
            ],
            [
              -118.2933,
              33.972699999999996
            ]
          ]
        ]
      }
    },
    {
      "type": "Feature",
      "properties": {
        "layerType": "BUILDING_3D",
        "id": "77TH_STREET_LM_2",
        "name": "76th Street Academy Complex",
        "height": 18,
        "min_height": 0,
        "render_height": 18,
        "render_min_height": 0,
        "division": "77th Street Division",
        "bureau": "South Bureau",
        "extrusionColor": "#00f3ff"
      },
      "geometry": {
        "type": "Polygon",
        "coordinates": [
          [
            [
              -118.2733,
              33.9694
            ],
            [
              -118.2697,
              33.9694
            ],
            [
              -118.2697,
              33.973000000000006
            ],
            [
              -118.2733,
              33.973000000000006
            ],
            [
              -118.2733,
              33.9694
            ]
          ]
        ]
      }
    },
    {
      "type": "Feature",
      "properties": {
        "layerType": "BUILDING_3D",
        "id": "77TH_STREET_BLD_1",
        "name": "Structure #1",
        "height": 13,
        "min_height": 0,
        "render_height": 13,
        "render_min_height": 0,
        "division": "77th Street Division",
        "bureau": "South Bureau",
        "extrusionColor": "#1e293b"
      },
      "geometry": {
        "type": "Polygon",
        "coordinates": [
          [
            [
              -118.30875901323371,
              33.945781509321144
            ],
            [
              -118.30733544133709,
              33.945781509321144
            ],
            [
              -118.30733544133709,
              33.94721314011422
            ],
            [
              -118.30875901323371,
              33.94721314011422
            ],
            [
              -118.30875901323371,
              33.945781509321144
            ]
          ]
        ]
      }
    },
    {
      "type": "Feature",
      "properties": {
        "layerType": "BUILDING_3D",
        "id": "77TH_STREET_BLD_2",
        "name": "Structure #2",
        "height": 12,
        "min_height": 0,
        "render_height": 12,
        "render_min_height": 0,
        "division": "77th Street Division",
        "bureau": "South Bureau",
        "extrusionColor": "#1e293b"
      },
      "geometry": {
        "type": "Polygon",
        "coordinates": [
          [
            [
              -118.3052079875718,
              33.94539314758507
            ],
            [
              -118.30329914651438,
              33.94539314758507
            ],
            [
              -118.30329914651438,
              33.946652638690885
            ],
            [
              -118.3052079875718,
              33.946652638690885
            ],
            [
              -118.3052079875718,
              33.94539314758507
            ]
          ]
        ]
      }
    },
    {
      "type": "Feature",
      "properties": {
        "layerType": "BUILDING_3D",
        "id": "77TH_STREET_BLD_3",
        "name": "Structure #3",
        "height": 13,
        "min_height": 0,
        "render_height": 13,
        "render_min_height": 0,
        "division": "77th Street Division",
        "bureau": "South Bureau",
        "extrusionColor": "#1e293b"
      },
      "geometry": {
        "type": "Polygon",
        "coordinates": [
          [
            [
              -118.3019758032199,
              33.94570827807556
            ],
            [
              -118.30029648174548,
              33.94570827807556
            ],
            [
              -118.30029648174548,
              33.94691983119337
            ],
            [
              -118.3019758032199,
              33.94691983119337
            ],
            [
              -118.3019758032199,
              33.94570827807556
            ]
          ]
        ]
      }
    },
    {
      "type": "Feature",
      "properties": {
        "layerType": "BUILDING_3D",
        "id": "77TH_STREET_BLD_5",
        "name": "Structure #5",
        "height": 18,
        "min_height": 0,
        "render_height": 18,
        "render_min_height": 0,
        "division": "77th Street Division",
        "bureau": "South Bureau",
        "extrusionColor": "#1e293b"
      },
      "geometry": {
        "type": "Polygon",
        "coordinates": [
          [
            [
              -118.29427402269913,
              33.9455053281012
            ],
            [
              -118.29258906294181,
              33.9455053281012
            ],
            [
              -118.29258906294181,
              33.94677065688732
            ],
            [
              -118.29427402269913,
              33.94677065688732
            ],
            [
              -118.29427402269913,
              33.9455053281012
            ]
          ]
        ]
      }
    },
    {
      "type": "Feature",
      "properties": {
        "layerType": "BUILDING_3D",
        "id": "77TH_STREET_BLD_6",
        "name": "Structure #6",
        "height": 16,
        "min_height": 0,
        "render_height": 16,
        "render_min_height": 0,
        "division": "77th Street Division",
        "bureau": "South Bureau",
        "extrusionColor": "#1e293b"
      },
      "geometry": {
        "type": "Polygon",
        "coordinates": [
          [
            [
              -118.29057622919841,
              33.94532918829276
            ],
            [
              -118.28888912415026,
              33.94532918829276
            ],
            [
              -118.28888912415026,
              33.947030263415996
            ],
            [
              -118.29057622919841,
              33.947030263415996
            ],
            [
              -118.29057622919841,
              33.94532918829276
            ]
          ]
        ]
      }
    },
    {
      "type": "Feature",
      "properties": {
        "layerType": "BUILDING_3D",
        "id": "77TH_STREET_BLD_7",
        "name": "Structure #7",
        "height": 13,
        "min_height": 0,
        "render_height": 13,
        "render_min_height": 0,
        "division": "77th Street Division",
        "bureau": "South Bureau",
        "extrusionColor": "#1e293b"
      },
      "geometry": {
        "type": "Polygon",
        "coordinates": [
          [
            [
              -118.28706108227632,
              33.94542125519662
            ],
            [
              -118.28479298211201,
              33.94542125519662
            ],
            [
              -118.28479298211201,
              33.94694077086116
            ],
            [
              -118.28706108227632,
              33.94694077086116
            ],
            [
              -118.28706108227632,
              33.94542125519662
            ]
          ]
        ]
      }
    },
    {
      "type": "Feature",
      "properties": {
        "layerType": "BUILDING_3D",
        "id": "77TH_STREET_BLD_8",
        "name": "Structure #8",
        "height": 16,
        "min_height": 0,
        "render_height": 16,
        "render_min_height": 0,
        "division": "77th Street Division",
        "bureau": "South Bureau",
        "extrusionColor": "#1e293b"
      },
      "geometry": {
        "type": "Polygon",
        "coordinates": [
          [
            [
              -118.2831883264045,
              33.94588031274607
            ],
            [
              -118.28116230551846,
              33.94588031274607
            ],
            [
              -118.28116230551846,
              33.947178907451104
            ],
            [
              -118.2831883264045,
              33.947178907451104
            ],
            [
              -118.2831883264045,
              33.94588031274607
            ]
          ]
        ]
      }
    },
    {
      "type": "Feature",
      "properties": {
        "layerType": "BUILDING_3D",
        "id": "77TH_STREET_BLD_9",
        "name": "Structure #9",
        "height": 18,
        "min_height": 0,
        "render_height": 18,
        "render_min_height": 0,
        "division": "77th Street Division",
        "bureau": "South Bureau",
        "extrusionColor": "#1e293b"
      },
      "geometry": {
        "type": "Polygon",
        "coordinates": [
          [
            [
              -118.27882624967191,
              33.9456436190529
            ],
            [
              -118.2770947900652,
              33.9456436190529
            ],
            [
              -118.2770947900652,
              33.94712510601035
            ],
            [
              -118.27882624967191,
              33.94712510601035
            ],
            [
              -118.27882624967191,
              33.9456436190529
            ]
          ]
        ]
      }
    },
    {
      "type": "Feature",
      "properties": {
        "layerType": "BUILDING_3D",
        "id": "77TH_STREET_BLD_10",
        "name": "Structure #10",
        "height": 25,
        "min_height": 0,
        "render_height": 25,
        "render_min_height": 0,
        "division": "77th Street Division",
        "bureau": "South Bureau",
        "extrusionColor": "#1e293b"
      },
      "geometry": {
        "type": "Polygon",
        "coordinates": [
          [
            [
              -118.2753918412628,
              33.945371453987896
            ],
            [
              -118.27341652531953,
              33.945371453987896
            ],
            [
              -118.27341652531953,
              33.947043797540154
            ],
            [
              -118.2753918412628,
              33.947043797540154
            ],
            [
              -118.2753918412628,
              33.945371453987896
            ]
          ]
        ]
      }
    },
    {
      "type": "Feature",
      "properties": {
        "layerType": "BUILDING_3D",
        "id": "77TH_STREET_BLD_11",
        "name": "Structure #11",
        "height": 18,
        "min_height": 0,
        "render_height": 18,
        "render_min_height": 0,
        "division": "77th Street Division",
        "bureau": "South Bureau",
        "extrusionColor": "#1e293b"
      },
      "geometry": {
        "type": "Polygon",
        "coordinates": [
          [
            [
              -118.27200472801614,
              33.94526536002002
            ],
            [
              -118.26977493661313,
              33.94526536002002
            ],
            [
              -118.26977493661313,
              33.94744251911189
            ],
            [
              -118.27200472801614,
              33.94744251911189
            ],
            [
              -118.27200472801614,
              33.94526536002002
            ]
          ]
        ]
      }
    },
    {
      "type": "Feature",
      "properties": {
        "layerType": "BUILDING_3D",
        "id": "77TH_STREET_BLD_12",
        "name": "Structure #12",
        "height": 23,
        "min_height": 0,
        "render_height": 23,
        "render_min_height": 0,
        "division": "77th Street Division",
        "bureau": "South Bureau",
        "extrusionColor": "#1e293b"
      },
      "geometry": {
        "type": "Polygon",
        "coordinates": [
          [
            [
              -118.26839618663998,
              33.94567428619281
            ],
            [
              -118.2654933078508,
              33.94567428619281
            ],
            [
              -118.2654933078508,
              33.94733896349081
            ],
            [
              -118.26839618663998,
              33.94733896349081
            ],
            [
              -118.26839618663998,
              33.94567428619281
            ]
          ]
        ]
      }
    },
    {
      "type": "Feature",
      "properties": {
        "layerType": "BUILDING_3D",
        "id": "77TH_STREET_BLD_13",
        "name": "Structure #13",
        "height": 17,
        "min_height": 0,
        "render_height": 17,
        "render_min_height": 0,
        "division": "77th Street Division",
        "bureau": "South Bureau",
        "extrusionColor": "#1e293b"
      },
      "geometry": {
        "type": "Polygon",
        "coordinates": [
          [
            [
              -118.26410095174293,
              33.94587900444293
            ],
            [
              -118.26188138201226,
              33.94587900444293
            ],
            [
              -118.26188138201226,
              33.94794195010407
            ],
            [
              -118.26410095174293,
              33.94794195010407
            ],
            [
              -118.26410095174293,
              33.94587900444293
            ]
          ]
        ]
      }
    },
    {
      "type": "Feature",
      "properties": {
        "layerType": "BUILDING_3D",
        "id": "77TH_STREET_BLD_14",
        "name": "Structure #14",
        "height": 14,
        "min_height": 0,
        "render_height": 14,
        "render_min_height": 0,
        "division": "77th Street Division",
        "bureau": "South Bureau",
        "extrusionColor": "#1e293b"
      },
      "geometry": {
        "type": "Polygon",
        "coordinates": [
          [
            [
              -118.2600779940761,
              33.945705825635756
            ],
            [
              -118.25732739986124,
              33.945705825635756
            ],
            [
              -118.25732739986124,
              33.94729515804103
            ],
            [
              -118.2600779940761,
              33.94729515804103
            ],
            [
              -118.2600779940761,
              33.945705825635756
            ]
          ]
        ]
      }
    },
    {
      "type": "Feature",
      "properties": {
        "layerType": "BUILDING_3D",
        "id": "77TH_STREET_BLD_15",
        "name": "Structure #15",
        "height": 30,
        "min_height": 0,
        "render_height": 30,
        "render_min_height": 0,
        "division": "77th Street Division",
        "bureau": "South Bureau",
        "extrusionColor": "#1e293b"
      },
      "geometry": {
        "type": "Polygon",
        "coordinates": [
          [
            [
              -118.25655889915234,
              33.94615565296962
            ],
            [
              -118.25443978927862,
              33.94615565296962
            ],
            [
              -118.25443978927862,
              33.947482560088204
            ],
            [
              -118.25655889915234,
              33.947482560088204
            ],
            [
              -118.25655889915234,
              33.94615565296962
            ]
          ]
        ]
      }
    },
    {
      "type": "Feature",
      "properties": {
        "layerType": "BUILDING_3D",
        "id": "77TH_STREET_BLD_16",
        "name": "Structure #16",
        "height": 13,
        "min_height": 0,
        "render_height": 13,
        "render_min_height": 0,
        "division": "77th Street Division",
        "bureau": "South Bureau",
        "extrusionColor": "#1e293b"
      },
      "geometry": {
        "type": "Polygon",
        "coordinates": [
          [
            [
              -118.25220912937384,
              33.945397122180005
            ],
            [
              -118.2504399198824,
              33.945397122180005
            ],
            [
              -118.2504399198824,
              33.947483309668435
            ],
            [
              -118.25220912937384,
              33.947483309668435
            ],
            [
              -118.25220912937384,
              33.945397122180005
            ]
          ]
        ]
      }
    },
    {
      "type": "Feature",
      "properties": {
        "layerType": "BUILDING_3D",
        "id": "77TH_STREET_BLD_17",
        "name": "Structure #17",
        "height": 30,
        "min_height": 0,
        "render_height": 30,
        "render_min_height": 0,
        "division": "77th Street Division",
        "bureau": "South Bureau",
        "extrusionColor": "#1e293b"
      },
      "geometry": {
        "type": "Polygon",
        "coordinates": [
          [
            [
              -118.30947050375998,
              33.94841666262632
            ],
            [
              -118.30668892044208,
              33.94841666262632
            ],
            [
              -118.30668892044208,
              33.949668888763405
            ],
            [
              -118.30947050375998,
              33.949668888763405
            ],
            [
              -118.30947050375998,
              33.94841666262632
            ]
          ]
        ]
      }
    },
    {
      "type": "Feature",
      "properties": {
        "layerType": "BUILDING_3D",
        "id": "77TH_STREET_BLD_18",
        "name": "Structure #18",
        "height": 15,
        "min_height": 0,
        "render_height": 15,
        "render_min_height": 0,
        "division": "77th Street Division",
        "bureau": "South Bureau",
        "extrusionColor": "#1e293b"
      },
      "geometry": {
        "type": "Polygon",
        "coordinates": [
          [
            [
              -118.30544444983157,
              33.94910137207967
            ],
            [
              -118.30377481498213,
              33.94910137207967
            ],
            [
              -118.30377481498213,
              33.95019902790183
            ],
            [
              -118.30544444983157,
              33.95019902790183
            ],
            [
              -118.30544444983157,
              33.94910137207967
            ]
          ]
        ]
      }
    },
    {
      "type": "Feature",
      "properties": {
        "layerType": "BUILDING_3D",
        "id": "77TH_STREET_BLD_19",
        "name": "Structure #19",
        "height": 14,
        "min_height": 0,
        "render_height": 14,
        "render_min_height": 0,
        "division": "77th Street Division",
        "bureau": "South Bureau",
        "extrusionColor": "#1e293b"
      },
      "geometry": {
        "type": "Polygon",
        "coordinates": [
          [
            [
              -118.30078150389379,
              33.948270241622616
            ],
            [
              -118.29931796279756,
              33.948270241622616
            ],
            [
              -118.29931796279756,
              33.949695820196716
            ],
            [
              -118.30078150389379,
              33.949695820196716
            ],
            [
              -118.30078150389379,
              33.948270241622616
            ]
          ]
        ]
      }
    },
    {
      "type": "Feature",
      "properties": {
        "layerType": "BUILDING_3D",
        "id": "77TH_STREET_BLD_20",
        "name": "Structure #20",
        "height": 30,
        "min_height": 0,
        "render_height": 30,
        "render_min_height": 0,
        "division": "77th Street Division",
        "bureau": "South Bureau",
        "extrusionColor": "#1e293b"
      },
      "geometry": {
        "type": "Polygon",
        "coordinates": [
          [
            [
              -118.29813967783652,
              33.948178708327376
            ],
            [
              -118.29623890640438,
              33.948178708327376
            ],
            [
              -118.29623890640438,
              33.94954004098808
            ],
            [
              -118.29813967783652,
              33.94954004098808
            ],
            [
              -118.29813967783652,
              33.948178708327376
            ]
          ]
        ]
      }
    },
    {
      "type": "Feature",
      "properties": {
        "layerType": "BUILDING_3D",
        "id": "77TH_STREET_BLD_21",
        "name": "Structure #21",
        "height": 25,
        "min_height": 0,
        "render_height": 25,
        "render_min_height": 0,
        "division": "77th Street Division",
        "bureau": "South Bureau",
        "extrusionColor": "#1e293b"
      },
      "geometry": {
        "type": "Polygon",
        "coordinates": [
          [
            [
              -118.29451172223015,
              33.948407868413796
            ],
            [
              -118.29269661201589,
              33.948407868413796
            ],
            [
              -118.29269661201589,
              33.949835557304766
            ],
            [
              -118.29451172223015,
              33.949835557304766
            ],
            [
              -118.29451172223015,
              33.948407868413796
            ]
          ]
        ]
      }
    },
    {
      "type": "Feature",
      "properties": {
        "layerType": "BUILDING_3D",
        "id": "77TH_STREET_BLD_23",
        "name": "Structure #23",
        "height": 22,
        "min_height": 0,
        "render_height": 22,
        "render_min_height": 0,
        "division": "77th Street Division",
        "bureau": "South Bureau",
        "extrusionColor": "#1e293b"
      },
      "geometry": {
        "type": "Polygon",
        "coordinates": [
          [
            [
              -118.28730861709916,
              33.948417594464274
            ],
            [
              -118.28433720655799,
              33.948417594464274
            ],
            [
              -118.28433720655799,
              33.94982920776127
            ],
            [
              -118.28730861709916,
              33.94982920776127
            ],
            [
              -118.28730861709916,
              33.948417594464274
            ]
          ]
        ]
      }
    },
    {
      "type": "Feature",
      "properties": {
        "layerType": "BUILDING_3D",
        "id": "77TH_STREET_BLD_24",
        "name": "Structure #24",
        "height": 10,
        "min_height": 0,
        "render_height": 10,
        "render_min_height": 0,
        "division": "77th Street Division",
        "bureau": "South Bureau",
        "extrusionColor": "#1e293b"
      },
      "geometry": {
        "type": "Polygon",
        "coordinates": [
          [
            [
              -118.28294320738097,
              33.94877892774304
            ],
            [
              -118.28106105631831,
              33.94877892774304
            ],
            [
              -118.28106105631831,
              33.95074926490634
            ],
            [
              -118.28294320738097,
              33.95074926490634
            ],
            [
              -118.28294320738097,
              33.94877892774304
            ]
          ]
        ]
      }
    },
    {
      "type": "Feature",
      "properties": {
        "layerType": "BUILDING_3D",
        "id": "77TH_STREET_BLD_25",
        "name": "Structure #25",
        "height": 12,
        "min_height": 0,
        "render_height": 12,
        "render_min_height": 0,
        "division": "77th Street Division",
        "bureau": "South Bureau",
        "extrusionColor": "#1e293b"
      },
      "geometry": {
        "type": "Polygon",
        "coordinates": [
          [
            [
              -118.27871142967594,
              33.948608255487784
            ],
            [
              -118.27608431345821,
              33.948608255487784
            ],
            [
              -118.27608431345821,
              33.94961282578741
            ],
            [
              -118.27871142967594,
              33.94961282578741
            ],
            [
              -118.27871142967594,
              33.948608255487784
            ]
          ]
        ]
      }
    },
    {
      "type": "Feature",
      "properties": {
        "layerType": "BUILDING_3D",
        "id": "77TH_STREET_BLD_26",
        "name": "Structure #26",
        "height": 30,
        "min_height": 0,
        "render_height": 30,
        "render_min_height": 0,
        "division": "77th Street Division",
        "bureau": "South Bureau",
        "extrusionColor": "#1e293b"
      },
      "geometry": {
        "type": "Polygon",
        "coordinates": [
          [
            [
              -118.27518899268296,
              33.94897042261772
            ],
            [
              -118.27384956561679,
              33.94897042261772
            ],
            [
              -118.27384956561679,
              33.95014461684356
            ],
            [
              -118.27518899268296,
              33.95014461684356
            ],
            [
              -118.27518899268296,
              33.94897042261772
            ]
          ]
        ]
      }
    },
    {
      "type": "Feature",
      "properties": {
        "layerType": "BUILDING_3D",
        "id": "77TH_STREET_BLD_27",
        "name": "Structure #27",
        "height": 13,
        "min_height": 0,
        "render_height": 13,
        "render_min_height": 0,
        "division": "77th Street Division",
        "bureau": "South Bureau",
        "extrusionColor": "#1e293b"
      },
      "geometry": {
        "type": "Polygon",
        "coordinates": [
          [
            [
              -118.27095610317637,
              33.94817056219647
            ],
            [
              -118.26939051087525,
              33.94817056219647
            ],
            [
              -118.26939051087525,
              33.94939925028294
            ],
            [
              -118.27095610317637,
              33.94939925028294
            ],
            [
              -118.27095610317637,
              33.94817056219647
            ]
          ]
        ]
      }
    },
    {
      "type": "Feature",
      "properties": {
        "layerType": "BUILDING_3D",
        "id": "77TH_STREET_BLD_28",
        "name": "Structure #28",
        "height": 21,
        "min_height": 0,
        "render_height": 21,
        "render_min_height": 0,
        "division": "77th Street Division",
        "bureau": "South Bureau",
        "extrusionColor": "#1e293b"
      },
      "geometry": {
        "type": "Polygon",
        "coordinates": [
          [
            [
              -118.26827258373804,
              33.94828592250703
            ],
            [
              -118.26663433295609,
              33.94828592250703
            ],
            [
              -118.26663433295609,
              33.949555288254324
            ],
            [
              -118.26827258373804,
              33.949555288254324
            ],
            [
              -118.26827258373804,
              33.94828592250703
            ]
          ]
        ]
      }
    },
    {
      "type": "Feature",
      "properties": {
        "layerType": "BUILDING_3D",
        "id": "77TH_STREET_BLD_30",
        "name": "Structure #30",
        "height": 13,
        "min_height": 0,
        "render_height": 13,
        "render_min_height": 0,
        "division": "77th Street Division",
        "bureau": "South Bureau",
        "extrusionColor": "#1e293b"
      },
      "geometry": {
        "type": "Polygon",
        "coordinates": [
          [
            [
              -118.26097097074172,
              33.948108776334486
            ],
            [
              -118.25845782800714,
              33.948108776334486
            ],
            [
              -118.25845782800714,
              33.94988470886117
            ],
            [
              -118.26097097074172,
              33.94988470886117
            ],
            [
              -118.26097097074172,
              33.948108776334486
            ]
          ]
        ]
      }
    },
    {
      "type": "Feature",
      "properties": {
        "layerType": "BUILDING_3D",
        "id": "77TH_STREET_BLD_31",
        "name": "Structure #31",
        "height": 9,
        "min_height": 0,
        "render_height": 9,
        "render_min_height": 0,
        "division": "77th Street Division",
        "bureau": "South Bureau",
        "extrusionColor": "#1e293b"
      },
      "geometry": {
        "type": "Polygon",
        "coordinates": [
          [
            [
              -118.25710496488736,
              33.94883984134968
            ],
            [
              -118.25473705485177,
              33.94883984134968
            ],
            [
              -118.25473705485177,
              33.950138429931826
            ],
            [
              -118.25710496488736,
              33.950138429931826
            ],
            [
              -118.25710496488736,
              33.94883984134968
            ]
          ]
        ]
      }
    },
    {
      "type": "Feature",
      "properties": {
        "layerType": "BUILDING_3D",
        "id": "77TH_STREET_BLD_32",
        "name": "Structure #32",
        "height": 12,
        "min_height": 0,
        "render_height": 12,
        "render_min_height": 0,
        "division": "77th Street Division",
        "bureau": "South Bureau",
        "extrusionColor": "#1e293b"
      },
      "geometry": {
        "type": "Polygon",
        "coordinates": [
          [
            [
              -118.25238021153376,
              33.94890960327234
            ],
            [
              -118.25064876009091,
              33.94890960327234
            ],
            [
              -118.25064876009091,
              33.94989438877036
            ],
            [
              -118.25238021153376,
              33.94989438877036
            ],
            [
              -118.25238021153376,
              33.94890960327234
            ]
          ]
        ]
      }
    },
    {
      "type": "Feature",
      "properties": {
        "layerType": "BUILDING_3D",
        "id": "77TH_STREET_BLD_33",
        "name": "Structure #33",
        "height": 10,
        "min_height": 0,
        "render_height": 10,
        "render_min_height": 0,
        "division": "77th Street Division",
        "bureau": "South Bureau",
        "extrusionColor": "#1e293b"
      },
      "geometry": {
        "type": "Polygon",
        "coordinates": [
          [
            [
              -118.30853719563689,
              33.95123732295754
            ],
            [
              -118.3072241483062,
              33.95123732295754
            ],
            [
              -118.3072241483062,
              33.95242791877389
            ],
            [
              -118.30853719563689,
              33.95242791877389
            ],
            [
              -118.30853719563689,
              33.95123732295754
            ]
          ]
        ]
      }
    },
    {
      "type": "Feature",
      "properties": {
        "layerType": "BUILDING_3D",
        "id": "77TH_STREET_BLD_34",
        "name": "Structure #34",
        "height": 9,
        "min_height": 0,
        "render_height": 9,
        "render_min_height": 0,
        "division": "77th Street Division",
        "bureau": "South Bureau",
        "extrusionColor": "#1e293b"
      },
      "geometry": {
        "type": "Polygon",
        "coordinates": [
          [
            [
              -118.30543356938995,
              33.95104264596949
            ],
            [
              -118.30384610830149,
              33.95104264596949
            ],
            [
              -118.30384610830149,
              33.952120510827335
            ],
            [
              -118.30543356938995,
              33.952120510827335
            ],
            [
              -118.30543356938995,
              33.95104264596949
            ]
          ]
        ]
      }
    },
    {
      "type": "Feature",
      "properties": {
        "layerType": "BUILDING_3D",
        "id": "77TH_STREET_BLD_35",
        "name": "Structure #35",
        "height": 15,
        "min_height": 0,
        "render_height": 15,
        "render_min_height": 0,
        "division": "77th Street Division",
        "bureau": "South Bureau",
        "extrusionColor": "#1e293b"
      },
      "geometry": {
        "type": "Polygon",
        "coordinates": [
          [
            [
              -118.30194313870734,
              33.95124941846207
            ],
            [
              -118.30050598556355,
              33.95124941846207
            ],
            [
              -118.30050598556355,
              33.95224303484409
            ],
            [
              -118.30194313870734,
              33.95224303484409
            ],
            [
              -118.30194313870734,
              33.95124941846207
            ]
          ]
        ]
      }
    },
    {
      "type": "Feature",
      "properties": {
        "layerType": "BUILDING_3D",
        "id": "77TH_STREET_BLD_37",
        "name": "Structure #37",
        "height": 19,
        "min_height": 0,
        "render_height": 19,
        "render_min_height": 0,
        "division": "77th Street Division",
        "bureau": "South Bureau",
        "extrusionColor": "#1e293b"
      },
      "geometry": {
        "type": "Polygon",
        "coordinates": [
          [
            [
              -118.29457817220397,
              33.95046860686847
            ],
            [
              -118.29267238276596,
              33.95046860686847
            ],
            [
              -118.29267238276596,
              33.95270867934276
            ],
            [
              -118.29457817220397,
              33.95270867934276
            ],
            [
              -118.29457817220397,
              33.95046860686847
            ]
          ]
        ]
      }
    },
    {
      "type": "Feature",
      "properties": {
        "layerType": "BUILDING_3D",
        "id": "77TH_STREET_BLD_40",
        "name": "Structure #40",
        "height": 18,
        "min_height": 0,
        "render_height": 18,
        "render_min_height": 0,
        "division": "77th Street Division",
        "bureau": "South Bureau",
        "extrusionColor": "#1e293b"
      },
      "geometry": {
        "type": "Polygon",
        "coordinates": [
          [
            [
              -118.28188706236858,
              33.951139069799325
            ],
            [
              -118.28038411635293,
              33.951139069799325
            ],
            [
              -118.28038411635293,
              33.95328223818076
            ],
            [
              -118.28188706236858,
              33.95328223818076
            ],
            [
              -118.28188706236858,
              33.951139069799325
            ]
          ]
        ]
      }
    },
    {
      "type": "Feature",
      "properties": {
        "layerType": "BUILDING_3D",
        "id": "77TH_STREET_BLD_41",
        "name": "Structure #41",
        "height": 30,
        "min_height": 0,
        "render_height": 30,
        "render_min_height": 0,
        "division": "77th Street Division",
        "bureau": "South Bureau",
        "extrusionColor": "#1e293b"
      },
      "geometry": {
        "type": "Polygon",
        "coordinates": [
          [
            [
              -118.2793145736009,
              33.950853419834935
            ],
            [
              -118.276457015759,
              33.950853419834935
            ],
            [
              -118.276457015759,
              33.952537615383854
            ],
            [
              -118.2793145736009,
              33.952537615383854
            ],
            [
              -118.2793145736009,
              33.950853419834935
            ]
          ]
        ]
      }
    },
    {
      "type": "Feature",
      "properties": {
        "layerType": "BUILDING_3D",
        "id": "77TH_STREET_BLD_42",
        "name": "Structure #42",
        "height": 15,
        "min_height": 0,
        "render_height": 15,
        "render_min_height": 0,
        "division": "77th Street Division",
        "bureau": "South Bureau",
        "extrusionColor": "#1e293b"
      },
      "geometry": {
        "type": "Polygon",
        "coordinates": [
          [
            [
              -118.27594544022008,
              33.951910632148724
            ],
            [
              -118.27369984615487,
              33.951910632148724
            ],
            [
              -118.27369984615487,
              33.95310593726158
            ],
            [
              -118.27594544022008,
              33.95310593726158
            ],
            [
              -118.27594544022008,
              33.951910632148724
            ]
          ]
        ]
      }
    },
    {
      "type": "Feature",
      "properties": {
        "layerType": "BUILDING_3D",
        "id": "77TH_STREET_BLD_43",
        "name": "Structure #43",
        "height": 10,
        "min_height": 0,
        "render_height": 10,
        "render_min_height": 0,
        "division": "77th Street Division",
        "bureau": "South Bureau",
        "extrusionColor": "#1e293b"
      },
      "geometry": {
        "type": "Polygon",
        "coordinates": [
          [
            [
              -118.2707858238017,
              33.95143803327482
            ],
            [
              -118.26919208365123,
              33.95143803327482
            ],
            [
              -118.26919208365123,
              33.95284417960345
            ],
            [
              -118.2707858238017,
              33.95284417960345
            ],
            [
              -118.2707858238017,
              33.95143803327482
            ]
          ]
        ]
      }
    },
    {
      "type": "Feature",
      "properties": {
        "layerType": "BUILDING_3D",
        "id": "77TH_STREET_BLD_44",
        "name": "Structure #44",
        "height": 30,
        "min_height": 0,
        "render_height": 30,
        "render_min_height": 0,
        "division": "77th Street Division",
        "bureau": "South Bureau",
        "extrusionColor": "#1e293b"
      },
      "geometry": {
        "type": "Polygon",
        "coordinates": [
          [
            [
              -118.26766595563357,
              33.95123708936926
            ],
            [
              -118.26579109386206,
              33.95123708936926
            ],
            [
              -118.26579109386206,
              33.95226289881131
            ],
            [
              -118.26766595563357,
              33.95226289881131
            ],
            [
              -118.26766595563357,
              33.95123708936926
            ]
          ]
        ]
      }
    },
    {
      "type": "Feature",
      "properties": {
        "layerType": "BUILDING_3D",
        "id": "77TH_STREET_BLD_45",
        "name": "Structure #45",
        "height": 11,
        "min_height": 0,
        "render_height": 11,
        "render_min_height": 0,
        "division": "77th Street Division",
        "bureau": "South Bureau",
        "extrusionColor": "#1e293b"
      },
      "geometry": {
        "type": "Polygon",
        "coordinates": [
          [
            [
              -118.264183880841,
              33.951383331104196
            ],
            [
              -118.26281613491825,
              33.951383331104196
            ],
            [
              -118.26281613491825,
              33.952454003021614
            ],
            [
              -118.264183880841,
              33.952454003021614
            ],
            [
              -118.264183880841,
              33.951383331104196
            ]
          ]
        ]
      }
    },
    {
      "type": "Feature",
      "properties": {
        "layerType": "BUILDING_3D",
        "id": "77TH_STREET_BLD_46",
        "name": "Structure #46",
        "height": 11,
        "min_height": 0,
        "render_height": 11,
        "render_min_height": 0,
        "division": "77th Street Division",
        "bureau": "South Bureau",
        "extrusionColor": "#1e293b"
      },
      "geometry": {
        "type": "Polygon",
        "coordinates": [
          [
            [
              -118.26023889186108,
              33.951064882112355
            ],
            [
              -118.25881132930452,
              33.951064882112355
            ],
            [
              -118.25881132930452,
              33.95216391299494
            ],
            [
              -118.26023889186108,
              33.95216391299494
            ],
            [
              -118.26023889186108,
              33.951064882112355
            ]
          ]
        ]
      }
    },
    {
      "type": "Feature",
      "properties": {
        "layerType": "BUILDING_3D",
        "id": "77TH_STREET_BLD_47",
        "name": "Structure #47",
        "height": 24,
        "min_height": 0,
        "render_height": 24,
        "render_min_height": 0,
        "division": "77th Street Division",
        "bureau": "South Bureau",
        "extrusionColor": "#1e293b"
      },
      "geometry": {
        "type": "Polygon",
        "coordinates": [
          [
            [
              -118.25691349051685,
              33.951081799268174
            ],
            [
              -118.25544811600675,
              33.951081799268174
            ],
            [
              -118.25544811600675,
              33.9522187757997
            ],
            [
              -118.25691349051685,
              33.9522187757997
            ],
            [
              -118.25691349051685,
              33.951081799268174
            ]
          ]
        ]
      }
    },
    {
      "type": "Feature",
      "properties": {
        "layerType": "BUILDING_3D",
        "id": "77TH_STREET_BLD_51",
        "name": "Structure #51",
        "height": 11,
        "min_height": 0,
        "render_height": 11,
        "render_min_height": 0,
        "division": "77th Street Division",
        "bureau": "South Bureau",
        "extrusionColor": "#1e293b"
      },
      "geometry": {
        "type": "Polygon",
        "coordinates": [
          [
            [
              -118.30071116626132,
              33.95384579368109
            ],
            [
              -118.29931761044739,
              33.95384579368109
            ],
            [
              -118.29931761044739,
              33.9551309391282
            ],
            [
              -118.30071116626132,
              33.9551309391282
            ],
            [
              -118.30071116626132,
              33.95384579368109
            ]
          ]
        ]
      }
    },
    {
      "type": "Feature",
      "properties": {
        "layerType": "BUILDING_3D",
        "id": "77TH_STREET_BLD_52",
        "name": "Structure #52",
        "height": 30,
        "min_height": 0,
        "render_height": 30,
        "render_min_height": 0,
        "division": "77th Street Division",
        "bureau": "South Bureau",
        "extrusionColor": "#1e293b"
      },
      "geometry": {
        "type": "Polygon",
        "coordinates": [
          [
            [
              -118.2982056084252,
              33.95387337065436
            ],
            [
              -118.2964920811624,
              33.95387337065436
            ],
            [
              -118.2964920811624,
              33.955011396322355
            ],
            [
              -118.2982056084252,
              33.955011396322355
            ],
            [
              -118.2982056084252,
              33.95387337065436
            ]
          ]
        ]
      }
    },
    {
      "type": "Feature",
      "properties": {
        "layerType": "BUILDING_3D",
        "id": "77TH_STREET_BLD_55",
        "name": "Structure #55",
        "height": 18,
        "min_height": 0,
        "render_height": 18,
        "render_min_height": 0,
        "division": "77th Street Division",
        "bureau": "South Bureau",
        "extrusionColor": "#1e293b"
      },
      "geometry": {
        "type": "Polygon",
        "coordinates": [
          [
            [
              -118.28753277298343,
              33.95382222633911
            ],
            [
              -118.28458943892487,
              33.95382222633911
            ],
            [
              -118.28458943892487,
              33.95580132101884
            ],
            [
              -118.28753277298343,
              33.95580132101884
            ],
            [
              -118.28753277298343,
              33.95382222633911
            ]
          ]
        ]
      }
    },
    {
      "type": "Feature",
      "properties": {
        "layerType": "BUILDING_3D",
        "id": "77TH_STREET_BLD_56",
        "name": "Structure #56",
        "height": 10,
        "min_height": 0,
        "render_height": 10,
        "render_min_height": 0,
        "division": "77th Street Division",
        "bureau": "South Bureau",
        "extrusionColor": "#1e293b"
      },
      "geometry": {
        "type": "Polygon",
        "coordinates": [
          [
            [
              -118.28323703154786,
              33.95453371017922
            ],
            [
              -118.28059823864155,
              33.95453371017922
            ],
            [
              -118.28059823864155,
              33.95621079069106
            ],
            [
              -118.28323703154786,
              33.95621079069106
            ],
            [
              -118.28323703154786,
              33.95453371017922
            ]
          ]
        ]
      }
    },
    {
      "type": "Feature",
      "properties": {
        "layerType": "BUILDING_3D",
        "id": "77TH_STREET_BLD_57",
        "name": "Structure #57",
        "height": 13,
        "min_height": 0,
        "render_height": 13,
        "render_min_height": 0,
        "division": "77th Street Division",
        "bureau": "South Bureau",
        "extrusionColor": "#1e293b"
      },
      "geometry": {
        "type": "Polygon",
        "coordinates": [
          [
            [
              -118.27853838642771,
              33.95466865298956
            ],
            [
              -118.27630227907859,
              33.95466865298956
            ],
            [
              -118.27630227907859,
              33.955710398498006
            ],
            [
              -118.27853838642771,
              33.955710398498006
            ],
            [
              -118.27853838642771,
              33.95466865298956
            ]
          ]
        ]
      }
    },
    {
      "type": "Feature",
      "properties": {
        "layerType": "BUILDING_3D",
        "id": "77TH_STREET_BLD_58",
        "name": "Structure #58",
        "height": 30,
        "min_height": 0,
        "render_height": 30,
        "render_min_height": 0,
        "division": "77th Street Division",
        "bureau": "South Bureau",
        "extrusionColor": "#1e293b"
      },
      "geometry": {
        "type": "Polygon",
        "coordinates": [
          [
            [
              -118.27460846268058,
              33.95432510872829
            ],
            [
              -118.27321946866932,
              33.95432510872829
            ],
            [
              -118.27321946866932,
              33.95557072009064
            ],
            [
              -118.27460846268058,
              33.95557072009064
            ],
            [
              -118.27460846268058,
              33.95432510872829
            ]
          ]
        ]
      }
    },
    {
      "type": "Feature",
      "properties": {
        "layerType": "BUILDING_3D",
        "id": "77TH_STREET_BLD_59",
        "name": "Structure #59",
        "height": 18,
        "min_height": 0,
        "render_height": 18,
        "render_min_height": 0,
        "division": "77th Street Division",
        "bureau": "South Bureau",
        "extrusionColor": "#1e293b"
      },
      "geometry": {
        "type": "Polygon",
        "coordinates": [
          [
            [
              -118.27131652169561,
              33.95396847462826
            ],
            [
              -118.26965570654582,
              33.95396847462826
            ],
            [
              -118.26965570654582,
              33.95491081818525
            ],
            [
              -118.27131652169561,
              33.95491081818525
            ],
            [
              -118.27131652169561,
              33.95396847462826
            ]
          ]
        ]
      }
    },
    {
      "type": "Feature",
      "properties": {
        "layerType": "BUILDING_3D",
        "id": "77TH_STREET_BLD_60",
        "name": "Structure #60",
        "height": 21,
        "min_height": 0,
        "render_height": 21,
        "render_min_height": 0,
        "division": "77th Street Division",
        "bureau": "South Bureau",
        "extrusionColor": "#1e293b"
      },
      "geometry": {
        "type": "Polygon",
        "coordinates": [
          [
            [
              -118.26804203382899,
              33.953772683282594
            ],
            [
              -118.26678557575302,
              33.953772683282594
            ],
            [
              -118.26678557575302,
              33.95543279489716
            ],
            [
              -118.26804203382899,
              33.95543279489716
            ],
            [
              -118.26804203382899,
              33.953772683282594
            ]
          ]
        ]
      }
    },
    {
      "type": "Feature",
      "properties": {
        "layerType": "BUILDING_3D",
        "id": "77TH_STREET_BLD_62",
        "name": "Structure #62",
        "height": 19,
        "min_height": 0,
        "render_height": 19,
        "render_min_height": 0,
        "division": "77th Street Division",
        "bureau": "South Bureau",
        "extrusionColor": "#1e293b"
      },
      "geometry": {
        "type": "Polygon",
        "coordinates": [
          [
            [
              -118.26128817936116,
              33.9540407267987
            ],
            [
              -118.25875148771728,
              33.9540407267987
            ],
            [
              -118.25875148771728,
              33.955827951784606
            ],
            [
              -118.26128817936116,
              33.955827951784606
            ],
            [
              -118.26128817936116,
              33.9540407267987
            ]
          ]
        ]
      }
    },
    {
      "type": "Feature",
      "properties": {
        "layerType": "BUILDING_3D",
        "id": "77TH_STREET_BLD_64",
        "name": "Structure #64",
        "height": 25,
        "min_height": 0,
        "render_height": 25,
        "render_min_height": 0,
        "division": "77th Street Division",
        "bureau": "South Bureau",
        "extrusionColor": "#1e293b"
      },
      "geometry": {
        "type": "Polygon",
        "coordinates": [
          [
            [
              -118.25263916398033,
              33.9541929454373
            ],
            [
              -118.25035212938947,
              33.9541929454373
            ],
            [
              -118.25035212938947,
              33.95587911454015
            ],
            [
              -118.25263916398033,
              33.95587911454015
            ],
            [
              -118.25263916398033,
              33.9541929454373
            ]
          ]
        ]
      }
    },
    {
      "type": "Feature",
      "properties": {
        "layerType": "BUILDING_3D",
        "id": "77TH_STREET_BLD_65",
        "name": "Structure #65",
        "height": 17,
        "min_height": 0,
        "render_height": 17,
        "render_min_height": 0,
        "division": "77th Street Division",
        "bureau": "South Bureau",
        "extrusionColor": "#1e293b"
      },
      "geometry": {
        "type": "Polygon",
        "coordinates": [
          [
            [
              -118.30899273941694,
              33.95667985540636
            ],
            [
              -118.30674451394648,
              33.95667985540636
            ],
            [
              -118.30674451394648,
              33.958902086102675
            ],
            [
              -118.30899273941694,
              33.958902086102675
            ],
            [
              -118.30899273941694,
              33.95667985540636
            ]
          ]
        ]
      }
    },
    {
      "type": "Feature",
      "properties": {
        "layerType": "BUILDING_3D",
        "id": "77TH_STREET_BLD_66",
        "name": "Structure #66",
        "height": 23,
        "min_height": 0,
        "render_height": 23,
        "render_min_height": 0,
        "division": "77th Street Division",
        "bureau": "South Bureau",
        "extrusionColor": "#1e293b"
      },
      "geometry": {
        "type": "Polygon",
        "coordinates": [
          [
            [
              -118.30567685945819,
              33.95699402701273
            ],
            [
              -118.30271388519644,
              33.95699402701273
            ],
            [
              -118.30271388519644,
              33.95854134355182
            ],
            [
              -118.30567685945819,
              33.95854134355182
            ],
            [
              -118.30567685945819,
              33.95699402701273
            ]
          ]
        ]
      }
    },
    {
      "type": "Feature",
      "properties": {
        "layerType": "BUILDING_3D",
        "id": "77TH_STREET_BLD_67",
        "name": "Structure #67",
        "height": 21,
        "min_height": 0,
        "render_height": 21,
        "render_min_height": 0,
        "division": "77th Street Division",
        "bureau": "South Bureau",
        "extrusionColor": "#1e293b"
      },
      "geometry": {
        "type": "Polygon",
        "coordinates": [
          [
            [
              -118.30150796398303,
              33.95715445656204
            ],
            [
              -118.29944487526424,
              33.95715445656204
            ],
            [
              -118.29944487526424,
              33.95923861255207
            ],
            [
              -118.30150796398303,
              33.95923861255207
            ],
            [
              -118.30150796398303,
              33.95715445656204
            ]
          ]
        ]
      }
    },
    {
      "type": "Feature",
      "properties": {
        "layerType": "BUILDING_3D",
        "id": "77TH_STREET_BLD_68",
        "name": "Structure #68",
        "height": 21,
        "min_height": 0,
        "render_height": 21,
        "render_min_height": 0,
        "division": "77th Street Division",
        "bureau": "South Bureau",
        "extrusionColor": "#1e293b"
      },
      "geometry": {
        "type": "Polygon",
        "coordinates": [
          [
            [
              -118.29754405791729,
              33.95670774954179
            ],
            [
              -118.2947651832639,
              33.95670774954179
            ],
            [
              -118.2947651832639,
              33.95860545692075
            ],
            [
              -118.29754405791729,
              33.95860545692075
            ],
            [
              -118.29754405791729,
              33.95670774954179
            ]
          ]
        ]
      }
    },
    {
      "type": "Feature",
      "properties": {
        "layerType": "BUILDING_3D",
        "id": "77TH_STREET_BLD_69",
        "name": "Structure #69",
        "height": 30,
        "min_height": 0,
        "render_height": 30,
        "render_min_height": 0,
        "division": "77th Street Division",
        "bureau": "South Bureau",
        "extrusionColor": "#1e293b"
      },
      "geometry": {
        "type": "Polygon",
        "coordinates": [
          [
            [
              -118.29438966727761,
              33.95712510732632
            ],
            [
              -118.29185939077234,
              33.95712510732632
            ],
            [
              -118.29185939077234,
              33.95904704225774
            ],
            [
              -118.29438966727761,
              33.95904704225774
            ],
            [
              -118.29438966727761,
              33.95712510732632
            ]
          ]
        ]
      }
    },
    {
      "type": "Feature",
      "properties": {
        "layerType": "BUILDING_3D",
        "id": "77TH_STREET_BLD_70",
        "name": "Structure #70",
        "height": 14,
        "min_height": 0,
        "render_height": 14,
        "render_min_height": 0,
        "division": "77th Street Division",
        "bureau": "South Bureau",
        "extrusionColor": "#1e293b"
      },
      "geometry": {
        "type": "Polygon",
        "coordinates": [
          [
            [
              -118.29008319023158,
              33.95731906549729
            ],
            [
              -118.28752061032303,
              33.95731906549729
            ],
            [
              -118.28752061032303,
              33.95855476630905
            ],
            [
              -118.29008319023158,
              33.95855476630905
            ],
            [
              -118.29008319023158,
              33.95731906549729
            ]
          ]
        ]
      }
    },
    {
      "type": "Feature",
      "properties": {
        "layerType": "BUILDING_3D",
        "id": "77TH_STREET_BLD_71",
        "name": "Structure #71",
        "height": 30,
        "min_height": 0,
        "render_height": 30,
        "render_min_height": 0,
        "division": "77th Street Division",
        "bureau": "South Bureau",
        "extrusionColor": "#1e293b"
      },
      "geometry": {
        "type": "Polygon",
        "coordinates": [
          [
            [
              -118.28607457933695,
              33.957299839771665
            ],
            [
              -118.28442697825461,
              33.957299839771665
            ],
            [
              -118.28442697825461,
              33.95861275611861
            ],
            [
              -118.28607457933695,
              33.95861275611861
            ],
            [
              -118.28607457933695,
              33.957299839771665
            ]
          ]
        ]
      }
    },
    {
      "type": "Feature",
      "properties": {
        "layerType": "BUILDING_3D",
        "id": "77TH_STREET_BLD_72",
        "name": "Structure #72",
        "height": 14,
        "min_height": 0,
        "render_height": 14,
        "render_min_height": 0,
        "division": "77th Street Division",
        "bureau": "South Bureau",
        "extrusionColor": "#1e293b"
      },
      "geometry": {
        "type": "Polygon",
        "coordinates": [
          [
            [
              -118.28235021363778,
              33.95694561816537
            ],
            [
              -118.28059965850852,
              33.95694561816537
            ],
            [
              -118.28059965850852,
              33.95786900313346
            ],
            [
              -118.28235021363778,
              33.95786900313346
            ],
            [
              -118.28235021363778,
              33.95694561816537
            ]
          ]
        ]
      }
    },
    {
      "type": "Feature",
      "properties": {
        "layerType": "BUILDING_3D",
        "id": "77TH_STREET_BLD_73",
        "name": "Structure #73",
        "height": 8,
        "min_height": 0,
        "render_height": 8,
        "render_min_height": 0,
        "division": "77th Street Division",
        "bureau": "South Bureau",
        "extrusionColor": "#1e293b"
      },
      "geometry": {
        "type": "Polygon",
        "coordinates": [
          [
            [
              -118.27907250911284,
              33.956798214657816
            ],
            [
              -118.2778413291554,
              33.956798214657816
            ],
            [
              -118.2778413291554,
              33.958139951497294
            ],
            [
              -118.27907250911284,
              33.958139951497294
            ],
            [
              -118.27907250911284,
              33.956798214657816
            ]
          ]
        ]
      }
    },
    {
      "type": "Feature",
      "properties": {
        "layerType": "BUILDING_3D",
        "id": "77TH_STREET_BLD_74",
        "name": "Structure #74",
        "height": 10,
        "min_height": 0,
        "render_height": 10,
        "render_min_height": 0,
        "division": "77th Street Division",
        "bureau": "South Bureau",
        "extrusionColor": "#1e293b"
      },
      "geometry": {
        "type": "Polygon",
        "coordinates": [
          [
            [
              -118.27551904712291,
              33.95669811730789
            ],
            [
              -118.27373006467027,
              33.95669811730789
            ],
            [
              -118.27373006467027,
              33.95761679864106
            ],
            [
              -118.27551904712291,
              33.95761679864106
            ],
            [
              -118.27551904712291,
              33.95669811730789
            ]
          ]
        ]
      }
    },
    {
      "type": "Feature",
      "properties": {
        "layerType": "BUILDING_3D",
        "id": "77TH_STREET_BLD_75",
        "name": "Structure #75",
        "height": 11,
        "min_height": 0,
        "render_height": 11,
        "render_min_height": 0,
        "division": "77th Street Division",
        "bureau": "South Bureau",
        "extrusionColor": "#1e293b"
      },
      "geometry": {
        "type": "Polygon",
        "coordinates": [
          [
            [
              -118.27190251025615,
              33.956960064286605
            ],
            [
              -118.27067760181191,
              33.956960064286605
            ],
            [
              -118.27067760181191,
              33.95802421465656
            ],
            [
              -118.27190251025615,
              33.95802421465656
            ],
            [
              -118.27190251025615,
              33.956960064286605
            ]
          ]
        ]
      }
    },
    {
      "type": "Feature",
      "properties": {
        "layerType": "BUILDING_3D",
        "id": "77TH_STREET_BLD_77",
        "name": "Structure #77",
        "height": 10,
        "min_height": 0,
        "render_height": 10,
        "render_min_height": 0,
        "division": "77th Street Division",
        "bureau": "South Bureau",
        "extrusionColor": "#1e293b"
      },
      "geometry": {
        "type": "Polygon",
        "coordinates": [
          [
            [
              -118.26454722651712,
              33.95621793022903
            ],
            [
              -118.2630429199721,
              33.95621793022903
            ],
            [
              -118.2630429199721,
              33.95832221036291
            ],
            [
              -118.26454722651712,
              33.95832221036291
            ],
            [
              -118.26454722651712,
              33.95621793022903
            ]
          ]
        ]
      }
    },
    {
      "type": "Feature",
      "properties": {
        "layerType": "BUILDING_3D",
        "id": "77TH_STREET_BLD_80",
        "name": "Structure #80",
        "height": 16,
        "min_height": 0,
        "render_height": 16,
        "render_min_height": 0,
        "division": "77th Street Division",
        "bureau": "South Bureau",
        "extrusionColor": "#1e293b"
      },
      "geometry": {
        "type": "Polygon",
        "coordinates": [
          [
            [
              -118.25220869729975,
              33.956583289453484
            ],
            [
              -118.25035217174798,
              33.956583289453484
            ],
            [
              -118.25035217174798,
              33.957929110028665
            ],
            [
              -118.25220869729975,
              33.957929110028665
            ],
            [
              -118.25220869729975,
              33.956583289453484
            ]
          ]
        ]
      }
    },
    {
      "type": "Feature",
      "properties": {
        "layerType": "BUILDING_3D",
        "id": "77TH_STREET_BLD_81",
        "name": "Structure #81",
        "height": 30,
        "min_height": 0,
        "render_height": 30,
        "render_min_height": 0,
        "division": "77th Street Division",
        "bureau": "South Bureau",
        "extrusionColor": "#1e293b"
      },
      "geometry": {
        "type": "Polygon",
        "coordinates": [
          [
            [
              -118.30955561406202,
              33.95959892614296
            ],
            [
              -118.30776118662845,
              33.95959892614296
            ],
            [
              -118.30776118662845,
              33.961091404519166
            ],
            [
              -118.30955561406202,
              33.961091404519166
            ],
            [
              -118.30955561406202,
              33.95959892614296
            ]
          ]
        ]
      }
    },
    {
      "type": "Feature",
      "properties": {
        "layerType": "BUILDING_3D",
        "id": "77TH_STREET_BLD_83",
        "name": "Structure #83",
        "height": 8,
        "min_height": 0,
        "render_height": 8,
        "render_min_height": 0,
        "division": "77th Street Division",
        "bureau": "South Bureau",
        "extrusionColor": "#1e293b"
      },
      "geometry": {
        "type": "Polygon",
        "coordinates": [
          [
            [
              -118.3017734804661,
              33.95940441922902
            ],
            [
              -118.2999054356402,
              33.95940441922902
            ],
            [
              -118.2999054356402,
              33.961446046172924
            ],
            [
              -118.3017734804661,
              33.961446046172924
            ],
            [
              -118.3017734804661,
              33.95940441922902
            ]
          ]
        ]
      }
    },
    {
      "type": "Feature",
      "properties": {
        "layerType": "BUILDING_3D",
        "id": "77TH_STREET_BLD_84",
        "name": "Structure #84",
        "height": 24,
        "min_height": 0,
        "render_height": 24,
        "render_min_height": 0,
        "division": "77th Street Division",
        "bureau": "South Bureau",
        "extrusionColor": "#1e293b"
      },
      "geometry": {
        "type": "Polygon",
        "coordinates": [
          [
            [
              -118.29829410769464,
              33.959901374964815
            ],
            [
              -118.29557193843611,
              33.959901374964815
            ],
            [
              -118.29557193843611,
              33.96080277882626
            ],
            [
              -118.29829410769464,
              33.96080277882626
            ],
            [
              -118.29829410769464,
              33.959901374964815
            ]
          ]
        ]
      }
    },
    {
      "type": "Feature",
      "properties": {
        "layerType": "BUILDING_3D",
        "id": "77TH_STREET_BLD_85",
        "name": "Structure #85",
        "height": 9,
        "min_height": 0,
        "render_height": 9,
        "render_min_height": 0,
        "division": "77th Street Division",
        "bureau": "South Bureau",
        "extrusionColor": "#1e293b"
      },
      "geometry": {
        "type": "Polygon",
        "coordinates": [
          [
            [
              -118.29388150004691,
              33.95978508478583
            ],
            [
              -118.29267962823165,
              33.95978508478583
            ],
            [
              -118.29267962823165,
              33.961944018324424
            ],
            [
              -118.29388150004691,
              33.961944018324424
            ],
            [
              -118.29388150004691,
              33.95978508478583
            ]
          ]
        ]
      }
    },
    {
      "type": "Feature",
      "properties": {
        "layerType": "BUILDING_3D",
        "id": "77TH_STREET_BLD_86",
        "name": "Structure #86",
        "height": 15,
        "min_height": 0,
        "render_height": 15,
        "render_min_height": 0,
        "division": "77th Street Division",
        "bureau": "South Bureau",
        "extrusionColor": "#1e293b"
      },
      "geometry": {
        "type": "Polygon",
        "coordinates": [
          [
            [
              -118.29028655361891,
              33.95947446477104
            ],
            [
              -118.28740797556743,
              33.95947446477104
            ],
            [
              -118.28740797556743,
              33.96043028140728
            ],
            [
              -118.29028655361891,
              33.96043028140728
            ],
            [
              -118.29028655361891,
              33.95947446477104
            ]
          ]
        ]
      }
    },
    {
      "type": "Feature",
      "properties": {
        "layerType": "BUILDING_3D",
        "id": "77TH_STREET_BLD_87",
        "name": "Structure #87",
        "height": 30,
        "min_height": 0,
        "render_height": 30,
        "render_min_height": 0,
        "division": "77th Street Division",
        "bureau": "South Bureau",
        "extrusionColor": "#1e293b"
      },
      "geometry": {
        "type": "Polygon",
        "coordinates": [
          [
            [
              -118.2869507136386,
              33.96022889842841
            ],
            [
              -118.28567629145697,
              33.96022889842841
            ],
            [
              -118.28567629145697,
              33.961687895233354
            ],
            [
              -118.2869507136386,
              33.961687895233354
            ],
            [
              -118.2869507136386,
              33.96022889842841
            ]
          ]
        ]
      }
    },
    {
      "type": "Feature",
      "properties": {
        "layerType": "BUILDING_3D",
        "id": "77TH_STREET_BLD_89",
        "name": "Structure #89",
        "height": 30,
        "min_height": 0,
        "render_height": 30,
        "render_min_height": 0,
        "division": "77th Street Division",
        "bureau": "South Bureau",
        "extrusionColor": "#1e293b"
      },
      "geometry": {
        "type": "Polygon",
        "coordinates": [
          [
            [
              -118.27943399466507,
              33.959645908639565
            ],
            [
              -118.27807692984429,
              33.959645908639565
            ],
            [
              -118.27807692984429,
              33.96115098624835
            ],
            [
              -118.27943399466507,
              33.96115098624835
            ],
            [
              -118.27943399466507,
              33.959645908639565
            ]
          ]
        ]
      }
    },
    {
      "type": "Feature",
      "properties": {
        "layerType": "BUILDING_3D",
        "id": "77TH_STREET_BLD_91",
        "name": "Structure #91",
        "height": 11,
        "min_height": 0,
        "render_height": 11,
        "render_min_height": 0,
        "division": "77th Street Division",
        "bureau": "South Bureau",
        "extrusionColor": "#1e293b"
      },
      "geometry": {
        "type": "Polygon",
        "coordinates": [
          [
            [
              -118.27213877208925,
              33.959336317368596
            ],
            [
              -118.27023992419751,
              33.959336317368596
            ],
            [
              -118.27023992419751,
              33.96153430680546
            ],
            [
              -118.27213877208925,
              33.96153430680546
            ],
            [
              -118.27213877208925,
              33.959336317368596
            ]
          ]
        ]
      }
    },
    {
      "type": "Feature",
      "properties": {
        "layerType": "BUILDING_3D",
        "id": "77TH_STREET_BLD_93",
        "name": "Structure #93",
        "height": 9,
        "min_height": 0,
        "render_height": 9,
        "render_min_height": 0,
        "division": "77th Street Division",
        "bureau": "South Bureau",
        "extrusionColor": "#1e293b"
      },
      "geometry": {
        "type": "Polygon",
        "coordinates": [
          [
            [
              -118.26400971200019,
              33.9604509526726
            ],
            [
              -118.26250213137303,
              33.9604509526726
            ],
            [
              -118.26250213137303,
              33.96152833042639
            ],
            [
              -118.26400971200019,
              33.96152833042639
            ],
            [
              -118.26400971200019,
              33.9604509526726
            ]
          ]
        ]
      }
    },
    {
      "type": "Feature",
      "properties": {
        "layerType": "BUILDING_3D",
        "id": "77TH_STREET_BLD_94",
        "name": "Structure #94",
        "height": 12,
        "min_height": 0,
        "render_height": 12,
        "render_min_height": 0,
        "division": "77th Street Division",
        "bureau": "South Bureau",
        "extrusionColor": "#1e293b"
      },
      "geometry": {
        "type": "Polygon",
        "coordinates": [
          [
            [
              -118.25939872976987,
              33.95964792737706
            ],
            [
              -118.25796222609814,
              33.95964792737706
            ],
            [
              -118.25796222609814,
              33.96062366937555
            ],
            [
              -118.25939872976987,
              33.96062366937555
            ],
            [
              -118.25939872976987,
              33.95964792737706
            ]
          ]
        ]
      }
    },
    {
      "type": "Feature",
      "properties": {
        "layerType": "BUILDING_3D",
        "id": "77TH_STREET_BLD_95",
        "name": "Structure #95",
        "height": 30,
        "min_height": 0,
        "render_height": 30,
        "render_min_height": 0,
        "division": "77th Street Division",
        "bureau": "South Bureau",
        "extrusionColor": "#1e293b"
      },
      "geometry": {
        "type": "Polygon",
        "coordinates": [
          [
            [
              -118.25671943016391,
              33.95948961937138
            ],
            [
              -118.25541844083261,
              33.95948961937138
            ],
            [
              -118.25541844083261,
              33.96069668503468
            ],
            [
              -118.25671943016391,
              33.96069668503468
            ],
            [
              -118.25671943016391,
              33.95948961937138
            ]
          ]
        ]
      }
    },
    {
      "type": "Feature",
      "properties": {
        "layerType": "BUILDING_3D",
        "id": "77TH_STREET_BLD_96",
        "name": "Structure #96",
        "height": 22,
        "min_height": 0,
        "render_height": 22,
        "render_min_height": 0,
        "division": "77th Street Division",
        "bureau": "South Bureau",
        "extrusionColor": "#1e293b"
      },
      "geometry": {
        "type": "Polygon",
        "coordinates": [
          [
            [
              -118.25318050750482,
              33.95919881325494
            ],
            [
              -118.25157108662043,
              33.95919881325494
            ],
            [
              -118.25157108662043,
              33.96082487394263
            ],
            [
              -118.25318050750482,
              33.96082487394263
            ],
            [
              -118.25318050750482,
              33.95919881325494
            ]
          ]
        ]
      }
    },
    {
      "type": "Feature",
      "properties": {
        "layerType": "BUILDING_3D",
        "id": "77TH_STREET_BLD_99",
        "name": "Structure #99",
        "height": 19,
        "min_height": 0,
        "render_height": 19,
        "render_min_height": 0,
        "division": "77th Street Division",
        "bureau": "South Bureau",
        "extrusionColor": "#1e293b"
      },
      "geometry": {
        "type": "Polygon",
        "coordinates": [
          [
            [
              -118.301460873973,
              33.96274585671625
            ],
            [
              -118.29962019655993,
              33.96274585671625
            ],
            [
              -118.29962019655993,
              33.964483349053396
            ],
            [
              -118.301460873973,
              33.964483349053396
            ],
            [
              -118.301460873973,
              33.96274585671625
            ]
          ]
        ]
      }
    },
    {
      "type": "Feature",
      "properties": {
        "layerType": "BUILDING_3D",
        "id": "77TH_STREET_BLD_100",
        "name": "Structure #100",
        "height": 13,
        "min_height": 0,
        "render_height": 13,
        "render_min_height": 0,
        "division": "77th Street Division",
        "bureau": "South Bureau",
        "extrusionColor": "#1e293b"
      },
      "geometry": {
        "type": "Polygon",
        "coordinates": [
          [
            [
              -118.29758885771166,
              33.96229231337368
            ],
            [
              -118.29527220126214,
              33.96229231337368
            ],
            [
              -118.29527220126214,
              33.96400399952199
            ],
            [
              -118.29758885771166,
              33.96400399952199
            ],
            [
              -118.29758885771166,
              33.96229231337368
            ]
          ]
        ]
      }
    },
    {
      "type": "Feature",
      "properties": {
        "layerType": "BUILDING_3D",
        "id": "77TH_STREET_BLD_101",
        "name": "Structure #101",
        "height": 19,
        "min_height": 0,
        "render_height": 19,
        "render_min_height": 0,
        "division": "77th Street Division",
        "bureau": "South Bureau",
        "extrusionColor": "#1e293b"
      },
      "geometry": {
        "type": "Polygon",
        "coordinates": [
          [
            [
              -118.29444358216841,
              33.96279993144174
            ],
            [
              -118.29216133397068,
              33.96279993144174
            ],
            [
              -118.29216133397068,
              33.96406755629769
            ],
            [
              -118.29444358216841,
              33.96406755629769
            ],
            [
              -118.29444358216841,
              33.96279993144174
            ]
          ]
        ]
      }
    },
    {
      "type": "Feature",
      "properties": {
        "layerType": "BUILDING_3D",
        "id": "77TH_STREET_BLD_102",
        "name": "Structure #102",
        "height": 15,
        "min_height": 0,
        "render_height": 15,
        "render_min_height": 0,
        "division": "77th Street Division",
        "bureau": "South Bureau",
        "extrusionColor": "#1e293b"
      },
      "geometry": {
        "type": "Polygon",
        "coordinates": [
          [
            [
              -118.2900167580777,
              33.96252615551119
            ],
            [
              -118.28832659160308,
              33.96252615551119
            ],
            [
              -118.28832659160308,
              33.964300042326094
            ],
            [
              -118.2900167580777,
              33.964300042326094
            ],
            [
              -118.2900167580777,
              33.96252615551119
            ]
          ]
        ]
      }
    },
    {
      "type": "Feature",
      "properties": {
        "layerType": "BUILDING_3D",
        "id": "77TH_STREET_BLD_103",
        "name": "Structure #103",
        "height": 15,
        "min_height": 0,
        "render_height": 15,
        "render_min_height": 0,
        "division": "77th Street Division",
        "bureau": "South Bureau",
        "extrusionColor": "#1e293b"
      },
      "geometry": {
        "type": "Polygon",
        "coordinates": [
          [
            [
              -118.28663179265175,
              33.962341583155215
            ],
            [
              -118.28426661023187,
              33.962341583155215
            ],
            [
              -118.28426661023187,
              33.963774116614324
            ],
            [
              -118.28663179265175,
              33.963774116614324
            ],
            [
              -118.28663179265175,
              33.962341583155215
            ]
          ]
        ]
      }
    },
    {
      "type": "Feature",
      "properties": {
        "layerType": "BUILDING_3D",
        "id": "77TH_STREET_BLD_104",
        "name": "Structure #104",
        "height": 25,
        "min_height": 0,
        "render_height": 25,
        "render_min_height": 0,
        "division": "77th Street Division",
        "bureau": "South Bureau",
        "extrusionColor": "#1e293b"
      },
      "geometry": {
        "type": "Polygon",
        "coordinates": [
          [
            [
              -118.28312788912639,
              33.962752533398174
            ],
            [
              -118.28121784451425,
              33.962752533398174
            ],
            [
              -118.28121784451425,
              33.96417318550567
            ],
            [
              -118.28312788912639,
              33.96417318550567
            ],
            [
              -118.28312788912639,
              33.962752533398174
            ]
          ]
        ]
      }
    },
    {
      "type": "Feature",
      "properties": {
        "layerType": "BUILDING_3D",
        "id": "77TH_STREET_BLD_105",
        "name": "Structure #105",
        "height": 24,
        "min_height": 0,
        "render_height": 24,
        "render_min_height": 0,
        "division": "77th Street Division",
        "bureau": "South Bureau",
        "extrusionColor": "#1e293b"
      },
      "geometry": {
        "type": "Polygon",
        "coordinates": [
          [
            [
              -118.2788299554691,
              33.962079893228605
            ],
            [
              -118.2769357526591,
              33.962079893228605
            ],
            [
              -118.2769357526591,
              33.964299660305954
            ],
            [
              -118.2788299554691,
              33.964299660305954
            ],
            [
              -118.2788299554691,
              33.962079893228605
            ]
          ]
        ]
      }
    },
    {
      "type": "Feature",
      "properties": {
        "layerType": "BUILDING_3D",
        "id": "77TH_STREET_BLD_106",
        "name": "Structure #106",
        "height": 21,
        "min_height": 0,
        "render_height": 21,
        "render_min_height": 0,
        "division": "77th Street Division",
        "bureau": "South Bureau",
        "extrusionColor": "#1e293b"
      },
      "geometry": {
        "type": "Polygon",
        "coordinates": [
          [
            [
              -118.27597680902852,
              33.9621017771363
            ],
            [
              -118.27301711959205,
              33.9621017771363
            ],
            [
              -118.27301711959205,
              33.9642587662357
            ],
            [
              -118.27597680902852,
              33.9642587662357
            ],
            [
              -118.27597680902852,
              33.9621017771363
            ]
          ]
        ]
      }
    },
    {
      "type": "Feature",
      "properties": {
        "layerType": "BUILDING_3D",
        "id": "77TH_STREET_BLD_107",
        "name": "Structure #107",
        "height": 20,
        "min_height": 0,
        "render_height": 20,
        "render_min_height": 0,
        "division": "77th Street Division",
        "bureau": "South Bureau",
        "extrusionColor": "#1e293b"
      },
      "geometry": {
        "type": "Polygon",
        "coordinates": [
          [
            [
              -118.27219763048495,
              33.96288002140379
            ],
            [
              -118.26932164501906,
              33.96288002140379
            ],
            [
              -118.26932164501906,
              33.96475910591997
            ],
            [
              -118.27219763048495,
              33.96475910591997
            ],
            [
              -118.27219763048495,
              33.96288002140379
            ]
          ]
        ]
      }
    },
    {
      "type": "Feature",
      "properties": {
        "layerType": "BUILDING_3D",
        "id": "77TH_STREET_BLD_108",
        "name": "Structure #108",
        "height": 14,
        "min_height": 0,
        "render_height": 14,
        "render_min_height": 0,
        "division": "77th Street Division",
        "bureau": "South Bureau",
        "extrusionColor": "#1e293b"
      },
      "geometry": {
        "type": "Polygon",
        "coordinates": [
          [
            [
              -118.26740997146162,
              33.96284197934157
            ],
            [
              -118.26490452544003,
              33.96284197934157
            ],
            [
              -118.26490452544003,
              33.96469670321749
            ],
            [
              -118.26740997146162,
              33.96469670321749
            ],
            [
              -118.26740997146162,
              33.96284197934157
            ]
          ]
        ]
      }
    },
    {
      "type": "Feature",
      "properties": {
        "layerType": "BUILDING_3D",
        "id": "77TH_STREET_BLD_109",
        "name": "Structure #109",
        "height": 30,
        "min_height": 0,
        "render_height": 30,
        "render_min_height": 0,
        "division": "77th Street Division",
        "bureau": "South Bureau",
        "extrusionColor": "#1e293b"
      },
      "geometry": {
        "type": "Polygon",
        "coordinates": [
          [
            [
              -118.26371069421124,
              33.962876601545524
            ],
            [
              -118.26123772904334,
              33.962876601545524
            ],
            [
              -118.26123772904334,
              33.96421743368037
            ],
            [
              -118.26371069421124,
              33.96421743368037
            ],
            [
              -118.26371069421124,
              33.962876601545524
            ]
          ]
        ]
      }
    },
    {
      "type": "Feature",
      "properties": {
        "layerType": "BUILDING_3D",
        "id": "77TH_STREET_BLD_110",
        "name": "Structure #110",
        "height": 30,
        "min_height": 0,
        "render_height": 30,
        "render_min_height": 0,
        "division": "77th Street Division",
        "bureau": "South Bureau",
        "extrusionColor": "#1e293b"
      },
      "geometry": {
        "type": "Polygon",
        "coordinates": [
          [
            [
              -118.25991453127263,
              33.963105389889485
            ],
            [
              -118.25812675509285,
              33.963105389889485
            ],
            [
              -118.25812675509285,
              33.96394966831199
            ],
            [
              -118.25991453127263,
              33.96394966831199
            ],
            [
              -118.25991453127263,
              33.963105389889485
            ]
          ]
        ]
      }
    },
    {
      "type": "Feature",
      "properties": {
        "layerType": "BUILDING_3D",
        "id": "77TH_STREET_BLD_111",
        "name": "Structure #111",
        "height": 13,
        "min_height": 0,
        "render_height": 13,
        "render_min_height": 0,
        "division": "77th Street Division",
        "bureau": "South Bureau",
        "extrusionColor": "#1e293b"
      },
      "geometry": {
        "type": "Polygon",
        "coordinates": [
          [
            [
              -118.25585948014736,
              33.96214809766424
            ],
            [
              -118.25473377558401,
              33.96214809766424
            ],
            [
              -118.25473377558401,
              33.96408473375152
            ],
            [
              -118.25585948014736,
              33.96408473375152
            ],
            [
              -118.25585948014736,
              33.96214809766424
            ]
          ]
        ]
      }
    },
    {
      "type": "Feature",
      "properties": {
        "layerType": "BUILDING_3D",
        "id": "77TH_STREET_BLD_112",
        "name": "Structure #112",
        "height": 18,
        "min_height": 0,
        "render_height": 18,
        "render_min_height": 0,
        "division": "77th Street Division",
        "bureau": "South Bureau",
        "extrusionColor": "#1e293b"
      },
      "geometry": {
        "type": "Polygon",
        "coordinates": [
          [
            [
              -118.25338586978103,
              33.96206879192437
            ],
            [
              -118.2508036883313,
              33.96206879192437
            ],
            [
              -118.2508036883313,
              33.963369553551644
            ],
            [
              -118.25338586978103,
              33.963369553551644
            ],
            [
              -118.25338586978103,
              33.96206879192437
            ]
          ]
        ]
      }
    },
    {
      "type": "Feature",
      "properties": {
        "layerType": "BUILDING_3D",
        "id": "77TH_STREET_BLD_113",
        "name": "Structure #113",
        "height": 19,
        "min_height": 0,
        "render_height": 19,
        "render_min_height": 0,
        "division": "77th Street Division",
        "bureau": "South Bureau",
        "extrusionColor": "#1e293b"
      },
      "geometry": {
        "type": "Polygon",
        "coordinates": [
          [
            [
              -118.30974161076752,
              33.96556229191649
            ],
            [
              -118.30800726193114,
              33.96556229191649
            ],
            [
              -118.30800726193114,
              33.96724882582317
            ],
            [
              -118.30974161076752,
              33.96724882582317
            ],
            [
              -118.30974161076752,
              33.96556229191649
            ]
          ]
        ]
      }
    },
    {
      "type": "Feature",
      "properties": {
        "layerType": "BUILDING_3D",
        "id": "77TH_STREET_BLD_115",
        "name": "Structure #115",
        "height": 15,
        "min_height": 0,
        "render_height": 15,
        "render_min_height": 0,
        "division": "77th Street Division",
        "bureau": "South Bureau",
        "extrusionColor": "#1e293b"
      },
      "geometry": {
        "type": "Polygon",
        "coordinates": [
          [
            [
              -118.30205778027077,
              33.965556115764706
            ],
            [
              -118.29971726159103,
              33.965556115764706
            ],
            [
              -118.29971726159103,
              33.96685483848598
            ],
            [
              -118.30205778027077,
              33.96685483848598
            ],
            [
              -118.30205778027077,
              33.965556115764706
            ]
          ]
        ]
      }
    },
    {
      "type": "Feature",
      "properties": {
        "layerType": "BUILDING_3D",
        "id": "77TH_STREET_BLD_116",
        "name": "Structure #116",
        "height": 23,
        "min_height": 0,
        "render_height": 23,
        "render_min_height": 0,
        "division": "77th Street Division",
        "bureau": "South Bureau",
        "extrusionColor": "#1e293b"
      },
      "geometry": {
        "type": "Polygon",
        "coordinates": [
          [
            [
              -118.29759184564706,
              33.9655510024915
            ],
            [
              -118.29586021535202,
              33.9655510024915
            ],
            [
              -118.29586021535202,
              33.966970119924206
            ],
            [
              -118.29759184564706,
              33.966970119924206
            ],
            [
              -118.29759184564706,
              33.9655510024915
            ]
          ]
        ]
      }
    },
    {
      "type": "Feature",
      "properties": {
        "layerType": "BUILDING_3D",
        "id": "77TH_STREET_BLD_117",
        "name": "Structure #117",
        "height": 25,
        "min_height": 0,
        "render_height": 25,
        "render_min_height": 0,
        "division": "77th Street Division",
        "bureau": "South Bureau",
        "extrusionColor": "#1e293b"
      },
      "geometry": {
        "type": "Polygon",
        "coordinates": [
          [
            [
              -118.29384866334466,
              33.96487857907818
            ],
            [
              -118.29195650676773,
              33.96487857907818
            ],
            [
              -118.29195650676773,
              33.96691187727587
            ],
            [
              -118.29384866334466,
              33.96691187727587
            ],
            [
              -118.29384866334466,
              33.96487857907818
            ]
          ]
        ]
      }
    },
    {
      "type": "Feature",
      "properties": {
        "layerType": "BUILDING_3D",
        "id": "77TH_STREET_BLD_118",
        "name": "Structure #118",
        "height": 19,
        "min_height": 0,
        "render_height": 19,
        "render_min_height": 0,
        "division": "77th Street Division",
        "bureau": "South Bureau",
        "extrusionColor": "#1e293b"
      },
      "geometry": {
        "type": "Polygon",
        "coordinates": [
          [
            [
              -118.29099522789576,
              33.96489810896387
            ],
            [
              -118.28828416363217,
              33.96489810896387
            ],
            [
              -118.28828416363217,
              33.96708497892846
            ],
            [
              -118.29099522789576,
              33.96708497892846
            ],
            [
              -118.29099522789576,
              33.96489810896387
            ]
          ]
        ]
      }
    },
    {
      "type": "Feature",
      "properties": {
        "layerType": "BUILDING_3D",
        "id": "77TH_STREET_BLD_119",
        "name": "Structure #119",
        "height": 13,
        "min_height": 0,
        "render_height": 13,
        "render_min_height": 0,
        "division": "77th Street Division",
        "bureau": "South Bureau",
        "extrusionColor": "#1e293b"
      },
      "geometry": {
        "type": "Polygon",
        "coordinates": [
          [
            [
              -118.28721918804818,
              33.96559366834334
            ],
            [
              -118.28430336142871,
              33.96559366834334
            ],
            [
              -118.28430336142871,
              33.96737210877297
            ],
            [
              -118.28721918804818,
              33.96737210877297
            ],
            [
              -118.28721918804818,
              33.96559366834334
            ]
          ]
        ]
      }
    },
    {
      "type": "Feature",
      "properties": {
        "layerType": "BUILDING_3D",
        "id": "77TH_STREET_BLD_120",
        "name": "Structure #120",
        "height": 18,
        "min_height": 0,
        "render_height": 18,
        "render_min_height": 0,
        "division": "77th Street Division",
        "bureau": "South Bureau",
        "extrusionColor": "#1e293b"
      },
      "geometry": {
        "type": "Polygon",
        "coordinates": [
          [
            [
              -118.28254177554223,
              33.96598692900434
            ],
            [
              -118.28017052163605,
              33.96598692900434
            ],
            [
              -118.28017052163605,
              33.967224562939016
            ],
            [
              -118.28254177554223,
              33.967224562939016
            ],
            [
              -118.28254177554223,
              33.96598692900434
            ]
          ]
        ]
      }
    },
    {
      "type": "Feature",
      "properties": {
        "layerType": "BUILDING_3D",
        "id": "77TH_STREET_BLD_121",
        "name": "Structure #121",
        "height": 10,
        "min_height": 0,
        "render_height": 10,
        "render_min_height": 0,
        "division": "77th Street Division",
        "bureau": "South Bureau",
        "extrusionColor": "#1e293b"
      },
      "geometry": {
        "type": "Polygon",
        "coordinates": [
          [
            [
              -118.27826742799422,
              33.96543280170523
            ],
            [
              -118.27661724941464,
              33.96543280170523
            ],
            [
              -118.27661724941464,
              33.96712520298218
            ],
            [
              -118.27826742799422,
              33.96712520298218
            ],
            [
              -118.27826742799422,
              33.96543280170523
            ]
          ]
        ]
      }
    },
    {
      "type": "Feature",
      "properties": {
        "layerType": "BUILDING_3D",
        "id": "77TH_STREET_BLD_122",
        "name": "Structure #122",
        "height": 30,
        "min_height": 0,
        "render_height": 30,
        "render_min_height": 0,
        "division": "77th Street Division",
        "bureau": "South Bureau",
        "extrusionColor": "#1e293b"
      },
      "geometry": {
        "type": "Polygon",
        "coordinates": [
          [
            [
              -118.27525626439304,
              33.96533453704764
            ],
            [
              -118.2729997293571,
              33.96533453704764
            ],
            [
              -118.2729997293571,
              33.966358177247855
            ],
            [
              -118.27525626439304,
              33.966358177247855
            ],
            [
              -118.27525626439304,
              33.96533453704764
            ]
          ]
        ]
      }
    },
    {
      "type": "Feature",
      "properties": {
        "layerType": "BUILDING_3D",
        "id": "77TH_STREET_BLD_123",
        "name": "Structure #123",
        "height": 19,
        "min_height": 0,
        "render_height": 19,
        "render_min_height": 0,
        "division": "77th Street Division",
        "bureau": "South Bureau",
        "extrusionColor": "#1e293b"
      },
      "geometry": {
        "type": "Polygon",
        "coordinates": [
          [
            [
              -118.27163728393647,
              33.965237320262986
            ],
            [
              -118.27027243033619,
              33.965237320262986
            ],
            [
              -118.27027243033619,
              33.96718302178016
            ],
            [
              -118.27163728393647,
              33.96718302178016
            ],
            [
              -118.27163728393647,
              33.965237320262986
            ]
          ]
        ]
      }
    },
    {
      "type": "Feature",
      "properties": {
        "layerType": "BUILDING_3D",
        "id": "77TH_STREET_BLD_124",
        "name": "Structure #124",
        "height": 13,
        "min_height": 0,
        "render_height": 13,
        "render_min_height": 0,
        "division": "77th Street Division",
        "bureau": "South Bureau",
        "extrusionColor": "#1e293b"
      },
      "geometry": {
        "type": "Polygon",
        "coordinates": [
          [
            [
              -118.26801690631602,
              33.96479443494023
            ],
            [
              -118.26542263762646,
              33.96479443494023
            ],
            [
              -118.26542263762646,
              33.96655588938012
            ],
            [
              -118.26801690631602,
              33.96655588938012
            ],
            [
              -118.26801690631602,
              33.96479443494023
            ]
          ]
        ]
      }
    },
    {
      "type": "Feature",
      "properties": {
        "layerType": "BUILDING_3D",
        "id": "77TH_STREET_BLD_125",
        "name": "Structure #125",
        "height": 25,
        "min_height": 0,
        "render_height": 25,
        "render_min_height": 0,
        "division": "77th Street Division",
        "bureau": "South Bureau",
        "extrusionColor": "#1e293b"
      },
      "geometry": {
        "type": "Polygon",
        "coordinates": [
          [
            [
              -118.2648574200797,
              33.96579126394648
            ],
            [
              -118.26250881415984,
              33.96579126394648
            ],
            [
              -118.26250881415984,
              33.96703435848101
            ],
            [
              -118.2648574200797,
              33.96703435848101
            ],
            [
              -118.2648574200797,
              33.96579126394648
            ]
          ]
        ]
      }
    },
    {
      "type": "Feature",
      "properties": {
        "layerType": "BUILDING_3D",
        "id": "77TH_STREET_BLD_127",
        "name": "Structure #127",
        "height": 15,
        "min_height": 0,
        "render_height": 15,
        "render_min_height": 0,
        "division": "77th Street Division",
        "bureau": "South Bureau",
        "extrusionColor": "#1e293b"
      },
      "geometry": {
        "type": "Polygon",
        "coordinates": [
          [
            [
              -118.25689591507307,
              33.964893133869694
            ],
            [
              -118.25389631545517,
              33.964893133869694
            ],
            [
              -118.25389631545517,
              33.96680831738554
            ],
            [
              -118.25689591507307,
              33.96680831738554
            ],
            [
              -118.25689591507307,
              33.964893133869694
            ]
          ]
        ]
      }
    },
    {
      "type": "Feature",
      "properties": {
        "layerType": "BUILDING_3D",
        "id": "77TH_STREET_BLD_128",
        "name": "Structure #128",
        "height": 14,
        "min_height": 0,
        "render_height": 14,
        "render_min_height": 0,
        "division": "77th Street Division",
        "bureau": "South Bureau",
        "extrusionColor": "#1e293b"
      },
      "geometry": {
        "type": "Polygon",
        "coordinates": [
          [
            [
              -118.25347582150707,
              33.96594525097156
            ],
            [
              -118.25092224348595,
              33.96594525097156
            ],
            [
              -118.25092224348595,
              33.96736676856992
            ],
            [
              -118.25347582150707,
              33.96736676856992
            ],
            [
              -118.25347582150707,
              33.96594525097156
            ]
          ]
        ]
      }
    },
    {
      "type": "Feature",
      "properties": {
        "layerType": "BUILDING_3D",
        "id": "77TH_STREET_BLD_129",
        "name": "Structure #129",
        "height": 25,
        "min_height": 0,
        "render_height": 25,
        "render_min_height": 0,
        "division": "77th Street Division",
        "bureau": "South Bureau",
        "extrusionColor": "#1e293b"
      },
      "geometry": {
        "type": "Polygon",
        "coordinates": [
          [
            [
              -118.30832299870458,
              33.96852105873357
            ],
            [
              -118.30642764190678,
              33.96852105873357
            ],
            [
              -118.30642764190678,
              33.96988073489179
            ],
            [
              -118.30832299870458,
              33.96988073489179
            ],
            [
              -118.30832299870458,
              33.96852105873357
            ]
          ]
        ]
      }
    },
    {
      "type": "Feature",
      "properties": {
        "layerType": "BUILDING_3D",
        "id": "77TH_STREET_BLD_130",
        "name": "Structure #130",
        "height": 30,
        "min_height": 0,
        "render_height": 30,
        "render_min_height": 0,
        "division": "77th Street Division",
        "bureau": "South Bureau",
        "extrusionColor": "#1e293b"
      },
      "geometry": {
        "type": "Polygon",
        "coordinates": [
          [
            [
              -118.30488858835525,
              33.96768100629293
            ],
            [
              -118.30307568681096,
              33.96768100629293
            ],
            [
              -118.30307568681096,
              33.96993092186444
            ],
            [
              -118.30488858835525,
              33.96993092186444
            ],
            [
              -118.30488858835525,
              33.96768100629293
            ]
          ]
        ]
      }
    },
    {
      "type": "Feature",
      "properties": {
        "layerType": "BUILDING_3D",
        "id": "77TH_STREET_BLD_131",
        "name": "Structure #131",
        "height": 10,
        "min_height": 0,
        "render_height": 10,
        "render_min_height": 0,
        "division": "77th Street Division",
        "bureau": "South Bureau",
        "extrusionColor": "#1e293b"
      },
      "geometry": {
        "type": "Polygon",
        "coordinates": [
          [
            [
              -118.30225865827609,
              33.96788454366838
            ],
            [
              -118.29925877084742,
              33.96788454366838
            ],
            [
              -118.29925877084742,
              33.96962843818476
            ],
            [
              -118.30225865827609,
              33.96962843818476
            ],
            [
              -118.30225865827609,
              33.96788454366838
            ]
          ]
        ]
      }
    },
    {
      "type": "Feature",
      "properties": {
        "layerType": "BUILDING_3D",
        "id": "77TH_STREET_BLD_132",
        "name": "Structure #132",
        "height": 14,
        "min_height": 0,
        "render_height": 14,
        "render_min_height": 0,
        "division": "77th Street Division",
        "bureau": "South Bureau",
        "extrusionColor": "#1e293b"
      },
      "geometry": {
        "type": "Polygon",
        "coordinates": [
          [
            [
              -118.29823727510883,
              33.96895875673003
            ],
            [
              -118.29591208242032,
              33.96895875673003
            ],
            [
              -118.29591208242032,
              33.96997860818439
            ],
            [
              -118.29823727510883,
              33.96997860818439
            ],
            [
              -118.29823727510883,
              33.96895875673003
            ]
          ]
        ]
      }
    },
    {
      "type": "Feature",
      "properties": {
        "layerType": "BUILDING_3D",
        "id": "77TH_STREET_BLD_133",
        "name": "Structure #133",
        "height": 8,
        "min_height": 0,
        "render_height": 8,
        "render_min_height": 0,
        "division": "77th Street Division",
        "bureau": "South Bureau",
        "extrusionColor": "#1e293b"
      },
      "geometry": {
        "type": "Polygon",
        "coordinates": [
          [
            [
              -118.29305499102662,
              33.96837473551193
            ],
            [
              -118.29169518908748,
              33.96837473551193
            ],
            [
              -118.29169518908748,
              33.96975299571429
            ],
            [
              -118.29305499102662,
              33.96975299571429
            ],
            [
              -118.29305499102662,
              33.96837473551193
            ]
          ]
        ]
      }
    },
    {
      "type": "Feature",
      "properties": {
        "layerType": "BUILDING_3D",
        "id": "77TH_STREET_BLD_134",
        "name": "Structure #134",
        "height": 30,
        "min_height": 0,
        "render_height": 30,
        "render_min_height": 0,
        "division": "77th Street Division",
        "bureau": "South Bureau",
        "extrusionColor": "#1e293b"
      },
      "geometry": {
        "type": "Polygon",
        "coordinates": [
          [
            [
              -118.29008368598409,
              33.96803162288771
            ],
            [
              -118.28824600571429,
              33.96803162288771
            ],
            [
              -118.28824600571429,
              33.968937639439275
            ],
            [
              -118.29008368598409,
              33.968937639439275
            ],
            [
              -118.29008368598409,
              33.96803162288771
            ]
          ]
        ]
      }
    },
    {
      "type": "Feature",
      "properties": {
        "layerType": "BUILDING_3D",
        "id": "77TH_STREET_BLD_135",
        "name": "Structure #135",
        "height": 10,
        "min_height": 0,
        "render_height": 10,
        "render_min_height": 0,
        "division": "77th Street Division",
        "bureau": "South Bureau",
        "extrusionColor": "#1e293b"
      },
      "geometry": {
        "type": "Polygon",
        "coordinates": [
          [
            [
              -118.28679116948307,
              33.96796329141382
            ],
            [
              -118.2855831474143,
              33.96796329141382
            ],
            [
              -118.2855831474143,
              33.96957942490996
            ],
            [
              -118.28679116948307,
              33.96957942490996
            ],
            [
              -118.28679116948307,
              33.96796329141382
            ]
          ]
        ]
      }
    },
    {
      "type": "Feature",
      "properties": {
        "layerType": "BUILDING_3D",
        "id": "77TH_STREET_BLD_137",
        "name": "Structure #137",
        "height": 15,
        "min_height": 0,
        "render_height": 15,
        "render_min_height": 0,
        "division": "77th Street Division",
        "bureau": "South Bureau",
        "extrusionColor": "#1e293b"
      },
      "geometry": {
        "type": "Polygon",
        "coordinates": [
          [
            [
              -118.27952166982226,
              33.96840589152957
            ],
            [
              -118.27809549486773,
              33.96840589152957
            ],
            [
              -118.27809549486773,
              33.96951742206427
            ],
            [
              -118.27952166982226,
              33.96951742206427
            ],
            [
              -118.27952166982226,
              33.96840589152957
            ]
          ]
        ]
      }
    },
    {
      "type": "Feature",
      "properties": {
        "layerType": "BUILDING_3D",
        "id": "77TH_STREET_BLD_139",
        "name": "Structure #139",
        "height": 15,
        "min_height": 0,
        "render_height": 15,
        "render_min_height": 0,
        "division": "77th Street Division",
        "bureau": "South Bureau",
        "extrusionColor": "#1e293b"
      },
      "geometry": {
        "type": "Polygon",
        "coordinates": [
          [
            [
              -118.2721001890667,
              33.967899899731805
            ],
            [
              -118.27016793100604,
              33.967899899731805
            ],
            [
              -118.27016793100604,
              33.969216049123716
            ],
            [
              -118.2721001890667,
              33.969216049123716
            ],
            [
              -118.2721001890667,
              33.967899899731805
            ]
          ]
        ]
      }
    },
    {
      "type": "Feature",
      "properties": {
        "layerType": "BUILDING_3D",
        "id": "77TH_STREET_BLD_142",
        "name": "Structure #142",
        "height": 14,
        "min_height": 0,
        "render_height": 14,
        "render_min_height": 0,
        "division": "77th Street Division",
        "bureau": "South Bureau",
        "extrusionColor": "#1e293b"
      },
      "geometry": {
        "type": "Polygon",
        "coordinates": [
          [
            [
              -118.26061945465298,
              33.96782377836443
            ],
            [
              -118.25862275997761,
              33.96782377836443
            ],
            [
              -118.25862275997761,
              33.969807190991304
            ],
            [
              -118.26061945465298,
              33.969807190991304
            ],
            [
              -118.26061945465298,
              33.96782377836443
            ]
          ]
        ]
      }
    },
    {
      "type": "Feature",
      "properties": {
        "layerType": "BUILDING_3D",
        "id": "77TH_STREET_BLD_143",
        "name": "Structure #143",
        "height": 19,
        "min_height": 0,
        "render_height": 19,
        "render_min_height": 0,
        "division": "77th Street Division",
        "bureau": "South Bureau",
        "extrusionColor": "#1e293b"
      },
      "geometry": {
        "type": "Polygon",
        "coordinates": [
          [
            [
              -118.2570682955141,
              33.96817779159537
            ],
            [
              -118.25442374534492,
              33.96817779159537
            ],
            [
              -118.25442374534492,
              33.96955574201508
            ],
            [
              -118.2570682955141,
              33.96955574201508
            ],
            [
              -118.2570682955141,
              33.96817779159537
            ]
          ]
        ]
      }
    },
    {
      "type": "Feature",
      "properties": {
        "layerType": "BUILDING_3D",
        "id": "77TH_STREET_BLD_144",
        "name": "Structure #144",
        "height": 14,
        "min_height": 0,
        "render_height": 14,
        "render_min_height": 0,
        "division": "77th Street Division",
        "bureau": "South Bureau",
        "extrusionColor": "#1e293b"
      },
      "geometry": {
        "type": "Polygon",
        "coordinates": [
          [
            [
              -118.25284627787283,
              33.96840120564133
            ],
            [
              -118.25100901064656,
              33.96840120564133
            ],
            [
              -118.25100901064656,
              33.970109754561676
            ],
            [
              -118.25284627787283,
              33.970109754561676
            ],
            [
              -118.25284627787283,
              33.96840120564133
            ]
          ]
        ]
      }
    },
    {
      "type": "Feature",
      "properties": {
        "layerType": "BUILDING_3D",
        "id": "77TH_STREET_BLD_145",
        "name": "Structure #145",
        "height": 20,
        "min_height": 0,
        "render_height": 20,
        "render_min_height": 0,
        "division": "77th Street Division",
        "bureau": "South Bureau",
        "extrusionColor": "#1e293b"
      },
      "geometry": {
        "type": "Polygon",
        "coordinates": [
          [
            [
              -118.30879839247824,
              33.97091163123854
            ],
            [
              -118.3065203272511,
              33.97091163123854
            ],
            [
              -118.3065203272511,
              33.97225558943298
            ],
            [
              -118.30879839247824,
              33.97225558943298
            ],
            [
              -118.30879839247824,
              33.97091163123854
            ]
          ]
        ]
      }
    },
    {
      "type": "Feature",
      "properties": {
        "layerType": "BUILDING_3D",
        "id": "77TH_STREET_BLD_146",
        "name": "Structure #146",
        "height": 15,
        "min_height": 0,
        "render_height": 15,
        "render_min_height": 0,
        "division": "77th Street Division",
        "bureau": "South Bureau",
        "extrusionColor": "#1e293b"
      },
      "geometry": {
        "type": "Polygon",
        "coordinates": [
          [
            [
              -118.3054511583486,
              33.97092896197672
            ],
            [
              -118.30365921408935,
              33.97092896197672
            ],
            [
              -118.30365921408935,
              33.97276721629583
            ],
            [
              -118.3054511583486,
              33.97276721629583
            ],
            [
              -118.3054511583486,
              33.97092896197672
            ]
          ]
        ]
      }
    },
    {
      "type": "Feature",
      "properties": {
        "layerType": "BUILDING_3D",
        "id": "77TH_STREET_BLD_147",
        "name": "Structure #147",
        "height": 14,
        "min_height": 0,
        "render_height": 14,
        "render_min_height": 0,
        "division": "77th Street Division",
        "bureau": "South Bureau",
        "extrusionColor": "#1e293b"
      },
      "geometry": {
        "type": "Polygon",
        "coordinates": [
          [
            [
              -118.30167805069772,
              33.97082760752225
            ],
            [
              -118.2992270449389,
              33.97082760752225
            ],
            [
              -118.2992270449389,
              33.97228522558885
            ],
            [
              -118.30167805069772,
              33.97228522558885
            ],
            [
              -118.30167805069772,
              33.97082760752225
            ]
          ]
        ]
      }
    },
    {
      "type": "Feature",
      "properties": {
        "layerType": "BUILDING_3D",
        "id": "77TH_STREET_BLD_148",
        "name": "Structure #148",
        "height": 24,
        "min_height": 0,
        "render_height": 24,
        "render_min_height": 0,
        "division": "77th Street Division",
        "bureau": "South Bureau",
        "extrusionColor": "#1e293b"
      },
      "geometry": {
        "type": "Polygon",
        "coordinates": [
          [
            [
              -118.29806318997032,
              33.97126725040881
            ],
            [
              -118.29611969921487,
              33.97126725040881
            ],
            [
              -118.29611969921487,
              33.97263645650177
            ],
            [
              -118.29806318997032,
              33.97263645650177
            ],
            [
              -118.29806318997032,
              33.97126725040881
            ]
          ]
        ]
      }
    },
    {
      "type": "Feature",
      "properties": {
        "layerType": "BUILDING_3D",
        "id": "77TH_STREET_BLD_149",
        "name": "Structure #149",
        "height": 24,
        "min_height": 0,
        "render_height": 24,
        "render_min_height": 0,
        "division": "77th Street Division",
        "bureau": "South Bureau",
        "extrusionColor": "#1e293b"
      },
      "geometry": {
        "type": "Polygon",
        "coordinates": [
          [
            [
              -118.29372699945492,
              33.970577799618624
            ],
            [
              -118.29190139133098,
              33.970577799618624
            ],
            [
              -118.29190139133098,
              33.97271688928792
            ],
            [
              -118.29372699945492,
              33.97271688928792
            ],
            [
              -118.29372699945492,
              33.970577799618624
            ]
          ]
        ]
      }
    },
    {
      "type": "Feature",
      "properties": {
        "layerType": "BUILDING_3D",
        "id": "77TH_STREET_BLD_150",
        "name": "Structure #150",
        "height": 21,
        "min_height": 0,
        "render_height": 21,
        "render_min_height": 0,
        "division": "77th Street Division",
        "bureau": "South Bureau",
        "extrusionColor": "#1e293b"
      },
      "geometry": {
        "type": "Polygon",
        "coordinates": [
          [
            [
              -118.29089626717517,
              33.97050889498057
            ],
            [
              -118.2880441476161,
              33.97050889498057
            ],
            [
              -118.2880441476161,
              33.97264433476818
            ],
            [
              -118.29089626717517,
              33.97264433476818
            ],
            [
              -118.29089626717517,
              33.97050889498057
            ]
          ]
        ]
      }
    },
    {
      "type": "Feature",
      "properties": {
        "layerType": "BUILDING_3D",
        "id": "77TH_STREET_BLD_151",
        "name": "Structure #151",
        "height": 21,
        "min_height": 0,
        "render_height": 21,
        "render_min_height": 0,
        "division": "77th Street Division",
        "bureau": "South Bureau",
        "extrusionColor": "#1e293b"
      },
      "geometry": {
        "type": "Polygon",
        "coordinates": [
          [
            [
              -118.2872381400259,
              33.971240214978216
            ],
            [
              -118.28439088697577,
              33.971240214978216
            ],
            [
              -118.28439088697577,
              33.97314482849266
            ],
            [
              -118.2872381400259,
              33.97314482849266
            ],
            [
              -118.2872381400259,
              33.971240214978216
            ]
          ]
        ]
      }
    },
    {
      "type": "Feature",
      "properties": {
        "layerType": "BUILDING_3D",
        "id": "77TH_STREET_BLD_152",
        "name": "Structure #152",
        "height": 18,
        "min_height": 0,
        "render_height": 18,
        "render_min_height": 0,
        "division": "77th Street Division",
        "bureau": "South Bureau",
        "extrusionColor": "#1e293b"
      },
      "geometry": {
        "type": "Polygon",
        "coordinates": [
          [
            [
              -118.28251304669571,
              33.97122704391893
            ],
            [
              -118.2799735620098,
              33.97122704391893
            ],
            [
              -118.2799735620098,
              33.97315215974125
            ],
            [
              -118.28251304669571,
              33.97315215974125
            ],
            [
              -118.28251304669571,
              33.97122704391893
            ]
          ]
        ]
      }
    },
    {
      "type": "Feature",
      "properties": {
        "layerType": "BUILDING_3D",
        "id": "77TH_STREET_BLD_153",
        "name": "Structure #153",
        "height": 30,
        "min_height": 0,
        "render_height": 30,
        "render_min_height": 0,
        "division": "77th Street Division",
        "bureau": "South Bureau",
        "extrusionColor": "#1e293b"
      },
      "geometry": {
        "type": "Polygon",
        "coordinates": [
          [
            [
              -118.2787806081081,
              33.97116934707433
            ],
            [
              -118.27621378701167,
              33.97116934707433
            ],
            [
              -118.27621378701167,
              33.97284053454877
            ],
            [
              -118.2787806081081,
              33.97284053454877
            ],
            [
              -118.2787806081081,
              33.97116934707433
            ]
          ]
        ]
      }
    },
    {
      "type": "Feature",
      "properties": {
        "layerType": "BUILDING_3D",
        "id": "77TH_STREET_BLD_154",
        "name": "Structure #154",
        "height": 30,
        "min_height": 0,
        "render_height": 30,
        "render_min_height": 0,
        "division": "77th Street Division",
        "bureau": "South Bureau",
        "extrusionColor": "#1e293b"
      },
      "geometry": {
        "type": "Polygon",
        "coordinates": [
          [
            [
              -118.27510753723423,
              33.971246927664666
            ],
            [
              -118.27287928726831,
              33.971246927664666
            ],
            [
              -118.27287928726831,
              33.972795757651056
            ],
            [
              -118.27510753723423,
              33.972795757651056
            ],
            [
              -118.27510753723423,
              33.971246927664666
            ]
          ]
        ]
      }
    },
    {
      "type": "Feature",
      "properties": {
        "layerType": "BUILDING_3D",
        "id": "77TH_STREET_BLD_155",
        "name": "Structure #155",
        "height": 16,
        "min_height": 0,
        "render_height": 16,
        "render_min_height": 0,
        "division": "77th Street Division",
        "bureau": "South Bureau",
        "extrusionColor": "#1e293b"
      },
      "geometry": {
        "type": "Polygon",
        "coordinates": [
          [
            [
              -118.27125409644712,
              33.971358769652504
            ],
            [
              -118.2691889897986,
              33.971358769652504
            ],
            [
              -118.2691889897986,
              33.972277630306614
            ],
            [
              -118.27125409644712,
              33.972277630306614
            ],
            [
              -118.27125409644712,
              33.971358769652504
            ]
          ]
        ]
      }
    },
    {
      "type": "Feature",
      "properties": {
        "layerType": "BUILDING_3D",
        "id": "77TH_STREET_BLD_156",
        "name": "Structure #156",
        "height": 18,
        "min_height": 0,
        "render_height": 18,
        "render_min_height": 0,
        "division": "77th Street Division",
        "bureau": "South Bureau",
        "extrusionColor": "#1e293b"
      },
      "geometry": {
        "type": "Polygon",
        "coordinates": [
          [
            [
              -118.26735497379666,
              33.970966126608445
            ],
            [
              -118.26612982625785,
              33.970966126608445
            ],
            [
              -118.26612982625785,
              33.972474501369774
            ],
            [
              -118.26735497379666,
              33.972474501369774
            ],
            [
              -118.26735497379666,
              33.970966126608445
            ]
          ]
        ]
      }
    },
    {
      "type": "Feature",
      "properties": {
        "layerType": "BUILDING_3D",
        "id": "77TH_STREET_BLD_157",
        "name": "Structure #157",
        "height": 14,
        "min_height": 0,
        "render_height": 14,
        "render_min_height": 0,
        "division": "77th Street Division",
        "bureau": "South Bureau",
        "extrusionColor": "#1e293b"
      },
      "geometry": {
        "type": "Polygon",
        "coordinates": [
          [
            [
              -118.26412849785541,
              33.970380739413564
            ],
            [
              -118.26211733150697,
              33.970380739413564
            ],
            [
              -118.26211733150697,
              33.972051937633005
            ],
            [
              -118.26412849785541,
              33.972051937633005
            ],
            [
              -118.26412849785541,
              33.970380739413564
            ]
          ]
        ]
      }
    },
    {
      "type": "Feature",
      "properties": {
        "layerType": "BUILDING_3D",
        "id": "77TH_STREET_BLD_158",
        "name": "Structure #158",
        "height": 13,
        "min_height": 0,
        "render_height": 13,
        "render_min_height": 0,
        "division": "77th Street Division",
        "bureau": "South Bureau",
        "extrusionColor": "#1e293b"
      },
      "geometry": {
        "type": "Polygon",
        "coordinates": [
          [
            [
              -118.26115901411525,
              33.97100381419158
            ],
            [
              -118.25893074982265,
              33.97100381419158
            ],
            [
              -118.25893074982265,
              33.97237208542655
            ],
            [
              -118.26115901411525,
              33.97237208542655
            ],
            [
              -118.26115901411525,
              33.97100381419158
            ]
          ]
        ]
      }
    },
    {
      "type": "Feature",
      "properties": {
        "layerType": "BUILDING_3D",
        "id": "77TH_STREET_BLD_160",
        "name": "Structure #160",
        "height": 11,
        "min_height": 0,
        "render_height": 11,
        "render_min_height": 0,
        "division": "77th Street Division",
        "bureau": "South Bureau",
        "extrusionColor": "#1e293b"
      },
      "geometry": {
        "type": "Polygon",
        "coordinates": [
          [
            [
              -118.25258513161347,
              33.97087919406741
            ],
            [
              -118.25089964551839,
              33.97087919406741
            ],
            [
              -118.25089964551839,
              33.97227253990853
            ],
            [
              -118.25258513161347,
              33.97227253990853
            ],
            [
              -118.25258513161347,
              33.97087919406741
            ]
          ]
        ]
      }
    },
    {
      "type": "Feature",
      "properties": {
        "layerType": "BUILDING_3D",
        "id": "77TH_STREET_BLD_161",
        "name": "Structure #161",
        "height": 13,
        "min_height": 0,
        "render_height": 13,
        "render_min_height": 0,
        "division": "77th Street Division",
        "bureau": "South Bureau",
        "extrusionColor": "#1e293b"
      },
      "geometry": {
        "type": "Polygon",
        "coordinates": [
          [
            [
              -118.30924440791014,
              33.97374727410816
            ],
            [
              -118.3073866134553,
              33.97374727410816
            ],
            [
              -118.3073866134553,
              33.97486280920596
            ],
            [
              -118.30924440791014,
              33.97486280920596
            ],
            [
              -118.30924440791014,
              33.97374727410816
            ]
          ]
        ]
      }
    },
    {
      "type": "Feature",
      "properties": {
        "layerType": "BUILDING_3D",
        "id": "77TH_STREET_BLD_162",
        "name": "Structure #162",
        "height": 22,
        "min_height": 0,
        "render_height": 22,
        "render_min_height": 0,
        "division": "77th Street Division",
        "bureau": "South Bureau",
        "extrusionColor": "#1e293b"
      },
      "geometry": {
        "type": "Polygon",
        "coordinates": [
          [
            [
              -118.30542030118912,
              33.973766091591905
            ],
            [
              -118.30393292105873,
              33.973766091591905
            ],
            [
              -118.30393292105873,
              33.9750507617539
            ],
            [
              -118.30542030118912,
              33.9750507617539
            ],
            [
              -118.30542030118912,
              33.973766091591905
            ]
          ]
        ]
      }
    },
    {
      "type": "Feature",
      "properties": {
        "layerType": "BUILDING_3D",
        "id": "77TH_STREET_BLD_163",
        "name": "Structure #163",
        "height": 14,
        "min_height": 0,
        "render_height": 14,
        "render_min_height": 0,
        "division": "77th Street Division",
        "bureau": "South Bureau",
        "extrusionColor": "#1e293b"
      },
      "geometry": {
        "type": "Polygon",
        "coordinates": [
          [
            [
              -118.3016452112108,
              33.973194466244806
            ],
            [
              -118.29993231766147,
              33.973194466244806
            ],
            [
              -118.29993231766147,
              33.97517788991166
            ],
            [
              -118.3016452112108,
              33.97517788991166
            ],
            [
              -118.3016452112108,
              33.973194466244806
            ]
          ]
        ]
      }
    },
    {
      "type": "Feature",
      "properties": {
        "layerType": "BUILDING_3D",
        "id": "77TH_STREET_BLD_164",
        "name": "Structure #164",
        "height": 15,
        "min_height": 0,
        "render_height": 15,
        "render_min_height": 0,
        "division": "77th Street Division",
        "bureau": "South Bureau",
        "extrusionColor": "#1e293b"
      },
      "geometry": {
        "type": "Polygon",
        "coordinates": [
          [
            [
              -118.29865737834027,
              33.973654427818104
            ],
            [
              -118.29601281345111,
              33.973654427818104
            ],
            [
              -118.29601281345111,
              33.97498854444109
            ],
            [
              -118.29865737834027,
              33.97498854444109
            ],
            [
              -118.29865737834027,
              33.973654427818104
            ]
          ]
        ]
      }
    },
    {
      "type": "Feature",
      "properties": {
        "layerType": "BUILDING_3D",
        "id": "77TH_STREET_BLD_166",
        "name": "Structure #166",
        "height": 13,
        "min_height": 0,
        "render_height": 13,
        "render_min_height": 0,
        "division": "77th Street Division",
        "bureau": "South Bureau",
        "extrusionColor": "#1e293b"
      },
      "geometry": {
        "type": "Polygon",
        "coordinates": [
          [
            [
              -118.28986655854182,
              33.97382711832889
            ],
            [
              -118.28795213763554,
              33.97382711832889
            ],
            [
              -118.28795213763554,
              33.9748949682679
            ],
            [
              -118.28986655854182,
              33.9748949682679
            ],
            [
              -118.28986655854182,
              33.97382711832889
            ]
          ]
        ]
      }
    },
    {
      "type": "Feature",
      "properties": {
        "layerType": "BUILDING_3D",
        "id": "77TH_STREET_BLD_167",
        "name": "Structure #167",
        "height": 12,
        "min_height": 0,
        "render_height": 12,
        "render_min_height": 0,
        "division": "77th Street Division",
        "bureau": "South Bureau",
        "extrusionColor": "#1e293b"
      },
      "geometry": {
        "type": "Polygon",
        "coordinates": [
          [
            [
              -118.28656384222813,
              33.973823913007145
            ],
            [
              -118.28514004230948,
              33.973823913007145
            ],
            [
              -118.28514004230948,
              33.975060892080386
            ],
            [
              -118.28656384222813,
              33.975060892080386
            ],
            [
              -118.28656384222813,
              33.973823913007145
            ]
          ]
        ]
      }
    },
    {
      "type": "Feature",
      "properties": {
        "layerType": "BUILDING_3D",
        "id": "77TH_STREET_BLD_168",
        "name": "Structure #168",
        "height": 15,
        "min_height": 0,
        "render_height": 15,
        "render_min_height": 0,
        "division": "77th Street Division",
        "bureau": "South Bureau",
        "extrusionColor": "#1e293b"
      },
      "geometry": {
        "type": "Polygon",
        "coordinates": [
          [
            [
              -118.28281811599048,
              33.973548353795394
            ],
            [
              -118.28116881055949,
              33.973548353795394
            ],
            [
              -118.28116881055949,
              33.97474770610701
            ],
            [
              -118.28281811599048,
              33.97474770610701
            ],
            [
              -118.28281811599048,
              33.973548353795394
            ]
          ]
        ]
      }
    },
    {
      "type": "Feature",
      "properties": {
        "layerType": "BUILDING_3D",
        "id": "77TH_STREET_BLD_169",
        "name": "Structure #169",
        "height": 16,
        "min_height": 0,
        "render_height": 16,
        "render_min_height": 0,
        "division": "77th Street Division",
        "bureau": "South Bureau",
        "extrusionColor": "#1e293b"
      },
      "geometry": {
        "type": "Polygon",
        "coordinates": [
          [
            [
              -118.27943552827281,
              33.97357038578983
            ],
            [
              -118.27783639185733,
              33.97357038578983
            ],
            [
              -118.27783639185733,
              33.97499628072737
            ],
            [
              -118.27943552827281,
              33.97499628072737
            ],
            [
              -118.27943552827281,
              33.97357038578983
            ]
          ]
        ]
      }
    },
    {
      "type": "Feature",
      "properties": {
        "layerType": "BUILDING_3D",
        "id": "77TH_STREET_BLD_171",
        "name": "Structure #171",
        "height": 9,
        "min_height": 0,
        "render_height": 9,
        "render_min_height": 0,
        "division": "77th Street Division",
        "bureau": "South Bureau",
        "extrusionColor": "#1e293b"
      },
      "geometry": {
        "type": "Polygon",
        "coordinates": [
          [
            [
              -118.27199830527951,
              33.97332477013597
            ],
            [
              -118.26999307645573,
              33.97332477013597
            ],
            [
              -118.26999307645573,
              33.97554416176411
            ],
            [
              -118.27199830527951,
              33.97554416176411
            ],
            [
              -118.27199830527951,
              33.97332477013597
            ]
          ]
        ]
      }
    },
    {
      "type": "Feature",
      "properties": {
        "layerType": "BUILDING_3D",
        "id": "77TH_STREET_BLD_172",
        "name": "Structure #172",
        "height": 24,
        "min_height": 0,
        "render_height": 24,
        "render_min_height": 0,
        "division": "77th Street Division",
        "bureau": "South Bureau",
        "extrusionColor": "#1e293b"
      },
      "geometry": {
        "type": "Polygon",
        "coordinates": [
          [
            [
              -118.26848363981873,
              33.97401576774682
            ],
            [
              -118.26552445098119,
              33.97401576774682
            ],
            [
              -118.26552445098119,
              33.974978006841724
            ],
            [
              -118.26848363981873,
              33.974978006841724
            ],
            [
              -118.26848363981873,
              33.97401576774682
            ]
          ]
        ]
      }
    },
    {
      "type": "Feature",
      "properties": {
        "layerType": "BUILDING_3D",
        "id": "77TH_STREET_BLD_173",
        "name": "Structure #173",
        "height": 25,
        "min_height": 0,
        "render_height": 25,
        "render_min_height": 0,
        "division": "77th Street Division",
        "bureau": "South Bureau",
        "extrusionColor": "#1e293b"
      },
      "geometry": {
        "type": "Polygon",
        "coordinates": [
          [
            [
              -118.26381230967091,
              33.97401394733435
            ],
            [
              -118.26252932421103,
              33.97401394733435
            ],
            [
              -118.26252932421103,
              33.976124579270696
            ],
            [
              -118.26381230967091,
              33.976124579270696
            ],
            [
              -118.26381230967091,
              33.97401394733435
            ]
          ]
        ]
      }
    },
    {
      "type": "Feature",
      "properties": {
        "layerType": "BUILDING_3D",
        "id": "77TH_STREET_BLD_174",
        "name": "Structure #174",
        "height": 25,
        "min_height": 0,
        "render_height": 25,
        "render_min_height": 0,
        "division": "77th Street Division",
        "bureau": "South Bureau",
        "extrusionColor": "#1e293b"
      },
      "geometry": {
        "type": "Polygon",
        "coordinates": [
          [
            [
              -118.26006473688753,
              33.97296027892296
            ],
            [
              -118.25725056097241,
              33.97296027892296
            ],
            [
              -118.25725056097241,
              33.97516680362889
            ],
            [
              -118.26006473688753,
              33.97516680362889
            ],
            [
              -118.26006473688753,
              33.97296027892296
            ]
          ]
        ]
      }
    },
    {
      "type": "Feature",
      "properties": {
        "layerType": "BUILDING_3D",
        "id": "77TH_STREET_BLD_175",
        "name": "Structure #175",
        "height": 30,
        "min_height": 0,
        "render_height": 30,
        "render_min_height": 0,
        "division": "77th Street Division",
        "bureau": "South Bureau",
        "extrusionColor": "#1e293b"
      },
      "geometry": {
        "type": "Polygon",
        "coordinates": [
          [
            [
              -118.25771962810272,
              33.97388933948503
            ],
            [
              -118.25477759516149,
              33.97388933948503
            ],
            [
              -118.25477759516149,
              33.97607517161313
            ],
            [
              -118.25771962810272,
              33.97607517161313
            ],
            [
              -118.25771962810272,
              33.97388933948503
            ]
          ]
        ]
      }
    },
    {
      "type": "Feature",
      "properties": {
        "layerType": "BUILDING_3D",
        "id": "77TH_STREET_BLD_177",
        "name": "Structure #177",
        "height": 30,
        "min_height": 0,
        "render_height": 30,
        "render_min_height": 0,
        "division": "77th Street Division",
        "bureau": "South Bureau",
        "extrusionColor": "#1e293b"
      },
      "geometry": {
        "type": "Polygon",
        "coordinates": [
          [
            [
              -118.3080943682465,
              33.97678132105259
            ],
            [
              -118.30674837904753,
              33.97678132105259
            ],
            [
              -118.30674837904753,
              33.97892851035237
            ],
            [
              -118.3080943682465,
              33.97892851035237
            ],
            [
              -118.3080943682465,
              33.97678132105259
            ]
          ]
        ]
      }
    },
    {
      "type": "Feature",
      "properties": {
        "layerType": "BUILDING_3D",
        "id": "77TH_STREET_BLD_178",
        "name": "Structure #178",
        "height": 30,
        "min_height": 0,
        "render_height": 30,
        "render_min_height": 0,
        "division": "77th Street Division",
        "bureau": "South Bureau",
        "extrusionColor": "#1e293b"
      },
      "geometry": {
        "type": "Polygon",
        "coordinates": [
          [
            [
              -118.30512490526323,
              33.976399740181634
            ],
            [
              -118.30226198619684,
              33.976399740181634
            ],
            [
              -118.30226198619684,
              33.97742794685712
            ],
            [
              -118.30512490526323,
              33.97742794685712
            ],
            [
              -118.30512490526323,
              33.976399740181634
            ]
          ]
        ]
      }
    },
    {
      "type": "Feature",
      "properties": {
        "layerType": "BUILDING_3D",
        "id": "77TH_STREET_BLD_179",
        "name": "Structure #179",
        "height": 30,
        "min_height": 0,
        "render_height": 30,
        "render_min_height": 0,
        "division": "77th Street Division",
        "bureau": "South Bureau",
        "extrusionColor": "#1e293b"
      },
      "geometry": {
        "type": "Polygon",
        "coordinates": [
          [
            [
              -118.30188367975782,
              33.97670565021949
            ],
            [
              -118.30051273752383,
              33.97670565021949
            ],
            [
              -118.30051273752383,
              33.97894235266016
            ],
            [
              -118.30188367975782,
              33.97894235266016
            ],
            [
              -118.30188367975782,
              33.97670565021949
            ]
          ]
        ]
      }
    },
    {
      "type": "Feature",
      "properties": {
        "layerType": "BUILDING_3D",
        "id": "77TH_STREET_BLD_181",
        "name": "Structure #181",
        "height": 30,
        "min_height": 0,
        "render_height": 30,
        "render_min_height": 0,
        "division": "77th Street Division",
        "bureau": "South Bureau",
        "extrusionColor": "#1e293b"
      },
      "geometry": {
        "type": "Polygon",
        "coordinates": [
          [
            [
              -118.29494112209083,
              33.97733206683663
            ],
            [
              -118.29241537033478,
              33.97733206683663
            ],
            [
              -118.29241537033478,
              33.97845915706845
            ],
            [
              -118.29494112209083,
              33.97845915706845
            ],
            [
              -118.29494112209083,
              33.97733206683663
            ]
          ]
        ]
      }
    },
    {
      "type": "Feature",
      "properties": {
        "layerType": "BUILDING_3D",
        "id": "77TH_STREET_BLD_183",
        "name": "Structure #183",
        "height": 30,
        "min_height": 0,
        "render_height": 30,
        "render_min_height": 0,
        "division": "77th Street Division",
        "bureau": "South Bureau",
        "extrusionColor": "#1e293b"
      },
      "geometry": {
        "type": "Polygon",
        "coordinates": [
          [
            [
              -118.28593227623838,
              33.97618565561481
            ],
            [
              -118.28457652095196,
              33.97618565561481
            ],
            [
              -118.28457652095196,
              33.9778301887561
            ],
            [
              -118.28593227623838,
              33.9778301887561
            ],
            [
              -118.28593227623838,
              33.97618565561481
            ]
          ]
        ]
      }
    },
    {
      "type": "Feature",
      "properties": {
        "layerType": "BUILDING_3D",
        "id": "77TH_STREET_BLD_184",
        "name": "Structure #184",
        "height": 17,
        "min_height": 0,
        "render_height": 17,
        "render_min_height": 0,
        "division": "77th Street Division",
        "bureau": "South Bureau",
        "extrusionColor": "#1e293b"
      },
      "geometry": {
        "type": "Polygon",
        "coordinates": [
          [
            [
              -118.28341912584692,
              33.97589793790051
            ],
            [
              -118.28122641499185,
              33.97589793790051
            ],
            [
              -118.28122641499185,
              33.977941468443206
            ],
            [
              -118.28341912584692,
              33.977941468443206
            ],
            [
              -118.28341912584692,
              33.97589793790051
            ]
          ]
        ]
      }
    },
    {
      "type": "Feature",
      "properties": {
        "layerType": "BUILDING_3D",
        "id": "77TH_STREET_BLD_185",
        "name": "Structure #185",
        "height": 12,
        "min_height": 0,
        "render_height": 12,
        "render_min_height": 0,
        "division": "77th Street Division",
        "bureau": "South Bureau",
        "extrusionColor": "#1e293b"
      },
      "geometry": {
        "type": "Polygon",
        "coordinates": [
          [
            [
              -118.28005274946598,
              33.97663873356083
            ],
            [
              -118.27732804207572,
              33.97663873356083
            ],
            [
              -118.27732804207572,
              33.978205019465236
            ],
            [
              -118.28005274946598,
              33.978205019465236
            ],
            [
              -118.28005274946598,
              33.97663873356083
            ]
          ]
        ]
      }
    },
    {
      "type": "Feature",
      "properties": {
        "layerType": "BUILDING_3D",
        "id": "77TH_STREET_BLD_187",
        "name": "Structure #187",
        "height": 17,
        "min_height": 0,
        "render_height": 17,
        "render_min_height": 0,
        "division": "77th Street Division",
        "bureau": "South Bureau",
        "extrusionColor": "#1e293b"
      },
      "geometry": {
        "type": "Polygon",
        "coordinates": [
          [
            [
              -118.27088318827333,
              33.97624332194911
            ],
            [
              -118.26930727990225,
              33.97624332194911
            ],
            [
              -118.26930727990225,
              33.97847523549794
            ],
            [
              -118.27088318827333,
              33.97847523549794
            ],
            [
              -118.27088318827333,
              33.97624332194911
            ]
          ]
        ]
      }
    },
    {
      "type": "Feature",
      "properties": {
        "layerType": "BUILDING_3D",
        "id": "77TH_STREET_BLD_188",
        "name": "Structure #188",
        "height": 30,
        "min_height": 0,
        "render_height": 30,
        "render_min_height": 0,
        "division": "77th Street Division",
        "bureau": "South Bureau",
        "extrusionColor": "#1e293b"
      },
      "geometry": {
        "type": "Polygon",
        "coordinates": [
          [
            [
              -118.26834223740119,
              33.97624748664381
            ],
            [
              -118.26536635266942,
              33.97624748664381
            ],
            [
              -118.26536635266942,
              33.9778561034015
            ],
            [
              -118.26834223740119,
              33.9778561034015
            ],
            [
              -118.26834223740119,
              33.97624748664381
            ]
          ]
        ]
      }
    },
    {
      "type": "Feature",
      "properties": {
        "layerType": "BUILDING_3D",
        "id": "77TH_STREET_BLD_189",
        "name": "Structure #189",
        "height": 16,
        "min_height": 0,
        "render_height": 16,
        "render_min_height": 0,
        "division": "77th Street Division",
        "bureau": "South Bureau",
        "extrusionColor": "#1e293b"
      },
      "geometry": {
        "type": "Polygon",
        "coordinates": [
          [
            [
              -118.26458668447492,
              33.977250911357544
            ],
            [
              -118.26244186213134,
              33.977250911357544
            ],
            [
              -118.26244186213134,
              33.97853265032059
            ],
            [
              -118.26458668447492,
              33.97853265032059
            ],
            [
              -118.26458668447492,
              33.977250911357544
            ]
          ]
        ]
      }
    },
    {
      "type": "Feature",
      "properties": {
        "layerType": "BUILDING_3D",
        "id": "77TH_STREET_BLD_190",
        "name": "Structure #190",
        "height": 11,
        "min_height": 0,
        "render_height": 11,
        "render_min_height": 0,
        "division": "77th Street Division",
        "bureau": "South Bureau",
        "extrusionColor": "#1e293b"
      },
      "geometry": {
        "type": "Polygon",
        "coordinates": [
          [
            [
              -118.25949878485662,
              33.976638320653024
            ],
            [
              -118.25778979957255,
              33.976638320653024
            ],
            [
              -118.25778979957255,
              33.978147966159284
            ],
            [
              -118.25949878485662,
              33.978147966159284
            ],
            [
              -118.25949878485662,
              33.976638320653024
            ]
          ]
        ]
      }
    },
    {
      "type": "Feature",
      "properties": {
        "layerType": "BUILDING_3D",
        "id": "77TH_STREET_BLD_191",
        "name": "Structure #191",
        "height": 30,
        "min_height": 0,
        "render_height": 30,
        "render_min_height": 0,
        "division": "77th Street Division",
        "bureau": "South Bureau",
        "extrusionColor": "#1e293b"
      },
      "geometry": {
        "type": "Polygon",
        "coordinates": [
          [
            [
              -118.25656557246262,
              33.97659001467634
            ],
            [
              -118.25455271178762,
              33.97659001467634
            ],
            [
              -118.25455271178762,
              33.977673267664535
            ],
            [
              -118.25656557246262,
              33.977673267664535
            ],
            [
              -118.25656557246262,
              33.97659001467634
            ]
          ]
        ]
      }
    },
    {
      "type": "Feature",
      "properties": {
        "layerType": "BUILDING_3D",
        "id": "77TH_STREET_BLD_192",
        "name": "Structure #192",
        "height": 17,
        "min_height": 0,
        "render_height": 17,
        "render_min_height": 0,
        "division": "77th Street Division",
        "bureau": "South Bureau",
        "extrusionColor": "#1e293b"
      },
      "geometry": {
        "type": "Polygon",
        "coordinates": [
          [
            [
              -118.25287998043156,
              33.97656107155837
            ],
            [
              -118.25143564311396,
              33.97656107155837
            ],
            [
              -118.25143564311396,
              33.97806686125164
            ],
            [
              -118.25287998043156,
              33.97806686125164
            ],
            [
              -118.25287998043156,
              33.97656107155837
            ]
          ]
        ]
      }
    },
    {
      "type": "Feature",
      "properties": {
        "layerType": "BUILDING_3D",
        "id": "77TH_STREET_BLD_193",
        "name": "Structure #193",
        "height": 18,
        "min_height": 0,
        "render_height": 18,
        "render_min_height": 0,
        "division": "77th Street Division",
        "bureau": "South Bureau",
        "extrusionColor": "#1e293b"
      },
      "geometry": {
        "type": "Polygon",
        "coordinates": [
          [
            [
              -118.3091685712555,
              33.97898792822964
            ],
            [
              -118.30716085166449,
              33.97898792822964
            ],
            [
              -118.30716085166449,
              33.98058277655147
            ],
            [
              -118.3091685712555,
              33.98058277655147
            ],
            [
              -118.3091685712555,
              33.97898792822964
            ]
          ]
        ]
      }
    },
    {
      "type": "Feature",
      "properties": {
        "layerType": "BUILDING_3D",
        "id": "77TH_STREET_BLD_194",
        "name": "Structure #194",
        "height": 19,
        "min_height": 0,
        "render_height": 19,
        "render_min_height": 0,
        "division": "77th Street Division",
        "bureau": "South Bureau",
        "extrusionColor": "#1e293b"
      },
      "geometry": {
        "type": "Polygon",
        "coordinates": [
          [
            [
              -118.3059327623605,
              33.97929756575426
            ],
            [
              -118.30380629793137,
              33.97929756575426
            ],
            [
              -118.30380629793137,
              33.980949197754974
            ],
            [
              -118.3059327623605,
              33.980949197754974
            ],
            [
              -118.3059327623605,
              33.97929756575426
            ]
          ]
        ]
      }
    },
    {
      "type": "Feature",
      "properties": {
        "layerType": "BUILDING_3D",
        "id": "77TH_STREET_BLD_196",
        "name": "Structure #196",
        "height": 21,
        "min_height": 0,
        "render_height": 21,
        "render_min_height": 0,
        "division": "77th Street Division",
        "bureau": "South Bureau",
        "extrusionColor": "#1e293b"
      },
      "geometry": {
        "type": "Polygon",
        "coordinates": [
          [
            [
              -118.29801105350795,
              33.97926186763266
            ],
            [
              -118.29563660340547,
              33.97926186763266
            ],
            [
              -118.29563660340547,
              33.98121824356849
            ],
            [
              -118.29801105350795,
              33.98121824356849
            ],
            [
              -118.29801105350795,
              33.97926186763266
            ]
          ]
        ]
      }
    },
    {
      "type": "Feature",
      "properties": {
        "layerType": "BUILDING_3D",
        "id": "77TH_STREET_BLD_197",
        "name": "Structure #197",
        "height": 8,
        "min_height": 0,
        "render_height": 8,
        "render_min_height": 0,
        "division": "77th Street Division",
        "bureau": "South Bureau",
        "extrusionColor": "#1e293b"
      },
      "geometry": {
        "type": "Polygon",
        "coordinates": [
          [
            [
              -118.29431750982313,
              33.97940248944134
            ],
            [
              -118.29170900857535,
              33.97940248944134
            ],
            [
              -118.29170900857535,
              33.981284350681634
            ],
            [
              -118.29431750982313,
              33.981284350681634
            ],
            [
              -118.29431750982313,
              33.97940248944134
            ]
          ]
        ]
      }
    },
    {
      "type": "Feature",
      "properties": {
        "layerType": "BUILDING_3D",
        "id": "77TH_STREET_BLD_198",
        "name": "Structure #198",
        "height": 20,
        "min_height": 0,
        "render_height": 20,
        "render_min_height": 0,
        "division": "77th Street Division",
        "bureau": "South Bureau",
        "extrusionColor": "#1e293b"
      },
      "geometry": {
        "type": "Polygon",
        "coordinates": [
          [
            [
              -118.29038001407821,
              33.98004870816973
            ],
            [
              -118.28787086575784,
              33.98004870816973
            ],
            [
              -118.28787086575784,
              33.980918993327606
            ],
            [
              -118.29038001407821,
              33.980918993327606
            ],
            [
              -118.29038001407821,
              33.98004870816973
            ]
          ]
        ]
      }
    },
    {
      "type": "Feature",
      "properties": {
        "layerType": "BUILDING_3D",
        "id": "77TH_STREET_BLD_199",
        "name": "Structure #199",
        "height": 10,
        "min_height": 0,
        "render_height": 10,
        "render_min_height": 0,
        "division": "77th Street Division",
        "bureau": "South Bureau",
        "extrusionColor": "#1e293b"
      },
      "geometry": {
        "type": "Polygon",
        "coordinates": [
          [
            [
              -118.28576838910702,
              33.979528195294435
            ],
            [
              -118.28460800889654,
              33.979528195294435
            ],
            [
              -118.28460800889654,
              33.981320282690035
            ],
            [
              -118.28576838910702,
              33.981320282690035
            ],
            [
              -118.28576838910702,
              33.979528195294435
            ]
          ]
        ]
      }
    },
    {
      "type": "Feature",
      "properties": {
        "layerType": "BUILDING_3D",
        "id": "77TH_STREET_BLD_200",
        "name": "Structure #200",
        "height": 20,
        "min_height": 0,
        "render_height": 20,
        "render_min_height": 0,
        "division": "77th Street Division",
        "bureau": "South Bureau",
        "extrusionColor": "#1e293b"
      },
      "geometry": {
        "type": "Polygon",
        "coordinates": [
          [
            [
              -118.28271240627409,
              33.979096423029404
            ],
            [
              -118.28032295641329,
              33.979096423029404
            ],
            [
              -118.28032295641329,
              33.980133533223196
            ],
            [
              -118.28271240627409,
              33.980133533223196
            ],
            [
              -118.28271240627409,
              33.979096423029404
            ]
          ]
        ]
      }
    },
    {
      "type": "Feature",
      "properties": {
        "layerType": "BUILDING_3D",
        "id": "77TH_STREET_BLD_201",
        "name": "Structure #201",
        "height": 16,
        "min_height": 0,
        "render_height": 16,
        "render_min_height": 0,
        "division": "77th Street Division",
        "bureau": "South Bureau",
        "extrusionColor": "#1e293b"
      },
      "geometry": {
        "type": "Polygon",
        "coordinates": [
          [
            [
              -118.27953810262747,
              33.979430538925286
            ],
            [
              -118.27815528903574,
              33.979430538925286
            ],
            [
              -118.27815528903574,
              33.981274300907685
            ],
            [
              -118.27953810262747,
              33.981274300907685
            ],
            [
              -118.27953810262747,
              33.979430538925286
            ]
          ]
        ]
      }
    },
    {
      "type": "Feature",
      "properties": {
        "layerType": "BUILDING_3D",
        "id": "77TH_STREET_BLD_203",
        "name": "Structure #203",
        "height": 8,
        "min_height": 0,
        "render_height": 8,
        "render_min_height": 0,
        "division": "77th Street Division",
        "bureau": "South Bureau",
        "extrusionColor": "#1e293b"
      },
      "geometry": {
        "type": "Polygon",
        "coordinates": [
          [
            [
              -118.27218409943885,
              33.979750206757664
            ],
            [
              -118.27015339881439,
              33.979750206757664
            ],
            [
              -118.27015339881439,
              33.981037312414166
            ],
            [
              -118.27218409943885,
              33.981037312414166
            ],
            [
              -118.27218409943885,
              33.979750206757664
            ]
          ]
        ]
      }
    },
    {
      "type": "Feature",
      "properties": {
        "layerType": "BUILDING_3D",
        "id": "77TH_STREET_BLD_205",
        "name": "Structure #205",
        "height": 9,
        "min_height": 0,
        "render_height": 9,
        "render_min_height": 0,
        "division": "77th Street Division",
        "bureau": "South Bureau",
        "extrusionColor": "#1e293b"
      },
      "geometry": {
        "type": "Polygon",
        "coordinates": [
          [
            [
              -118.26374240232737,
              33.97926434299083
            ],
            [
              -118.26255847667348,
              33.97926434299083
            ],
            [
              -118.26255847667348,
              33.980632526059566
            ],
            [
              -118.26374240232737,
              33.980632526059566
            ],
            [
              -118.26374240232737,
              33.97926434299083
            ]
          ]
        ]
      }
    },
    {
      "type": "Feature",
      "properties": {
        "layerType": "BUILDING_3D",
        "id": "77TH_STREET_BLD_206",
        "name": "Structure #206",
        "height": 18,
        "min_height": 0,
        "render_height": 18,
        "render_min_height": 0,
        "division": "77th Street Division",
        "bureau": "South Bureau",
        "extrusionColor": "#1e293b"
      },
      "geometry": {
        "type": "Polygon",
        "coordinates": [
          [
            [
              -118.26056420934556,
              33.97915545417243
            ],
            [
              -118.25873996525392,
              33.97915545417243
            ],
            [
              -118.25873996525392,
              33.980102756612254
            ],
            [
              -118.26056420934556,
              33.980102756612254
            ],
            [
              -118.26056420934556,
              33.97915545417243
            ]
          ]
        ]
      }
    },
    {
      "type": "Feature",
      "properties": {
        "layerType": "BUILDING_3D",
        "id": "77TH_STREET_BLD_207",
        "name": "Structure #207",
        "height": 15,
        "min_height": 0,
        "render_height": 15,
        "render_min_height": 0,
        "division": "77th Street Division",
        "bureau": "South Bureau",
        "extrusionColor": "#1e293b"
      },
      "geometry": {
        "type": "Polygon",
        "coordinates": [
          [
            [
              -118.25695939443676,
              33.97919911846289
            ],
            [
              -118.255696324517,
              33.97919911846289
            ],
            [
              -118.255696324517,
              33.980827474447096
            ],
            [
              -118.25695939443676,
              33.980827474447096
            ],
            [
              -118.25695939443676,
              33.97919911846289
            ]
          ]
        ]
      }
    },
    {
      "type": "Feature",
      "properties": {
        "layerType": "BUILDING_3D",
        "id": "77TH_STREET_BLD_209",
        "name": "Structure #209",
        "height": 13,
        "min_height": 0,
        "render_height": 13,
        "render_min_height": 0,
        "division": "77th Street Division",
        "bureau": "South Bureau",
        "extrusionColor": "#1e293b"
      },
      "geometry": {
        "type": "Polygon",
        "coordinates": [
          [
            [
              -118.30972462616654,
              33.98232917388516
            ],
            [
              -118.30780446196184,
              33.98232917388516
            ],
            [
              -118.30780446196184,
              33.98373869568957
            ],
            [
              -118.30972462616654,
              33.98373869568957
            ],
            [
              -118.30972462616654,
              33.98232917388516
            ]
          ]
        ]
      }
    },
    {
      "type": "Feature",
      "properties": {
        "layerType": "BUILDING_3D",
        "id": "77TH_STREET_BLD_211",
        "name": "Structure #211",
        "height": 9,
        "min_height": 0,
        "render_height": 9,
        "render_min_height": 0,
        "division": "77th Street Division",
        "bureau": "South Bureau",
        "extrusionColor": "#1e293b"
      },
      "geometry": {
        "type": "Polygon",
        "coordinates": [
          [
            [
              -118.30156422856763,
              33.98182534235161
            ],
            [
              -118.29991350870483,
              33.98182534235161
            ],
            [
              -118.29991350870483,
              33.98389239253545
            ],
            [
              -118.30156422856763,
              33.98389239253545
            ],
            [
              -118.30156422856763,
              33.98182534235161
            ]
          ]
        ]
      }
    },
    {
      "type": "Feature",
      "properties": {
        "layerType": "BUILDING_3D",
        "id": "77TH_STREET_BLD_212",
        "name": "Structure #212",
        "height": 22,
        "min_height": 0,
        "render_height": 22,
        "render_min_height": 0,
        "division": "77th Street Division",
        "bureau": "South Bureau",
        "extrusionColor": "#1e293b"
      },
      "geometry": {
        "type": "Polygon",
        "coordinates": [
          [
            [
              -118.29839954353119,
              33.98222440799465
            ],
            [
              -118.2956434766194,
              33.98222440799465
            ],
            [
              -118.2956434766194,
              33.98321895584071
            ],
            [
              -118.29839954353119,
              33.98321895584071
            ],
            [
              -118.29839954353119,
              33.98222440799465
            ]
          ]
        ]
      }
    },
    {
      "type": "Feature",
      "properties": {
        "layerType": "BUILDING_3D",
        "id": "77TH_STREET_BLD_213",
        "name": "Structure #213",
        "height": 22,
        "min_height": 0,
        "render_height": 22,
        "render_min_height": 0,
        "division": "77th Street Division",
        "bureau": "South Bureau",
        "extrusionColor": "#1e293b"
      },
      "geometry": {
        "type": "Polygon",
        "coordinates": [
          [
            [
              -118.29411745600714,
              33.982397090385376
            ],
            [
              -118.2927913922124,
              33.982397090385376
            ],
            [
              -118.2927913922124,
              33.98437268990877
            ],
            [
              -118.29411745600714,
              33.98437268990877
            ],
            [
              -118.29411745600714,
              33.982397090385376
            ]
          ]
        ]
      }
    },
    {
      "type": "Feature",
      "properties": {
        "layerType": "BUILDING_3D",
        "id": "77TH_STREET_BLD_214",
        "name": "Structure #214",
        "height": 17,
        "min_height": 0,
        "render_height": 17,
        "render_min_height": 0,
        "division": "77th Street Division",
        "bureau": "South Bureau",
        "extrusionColor": "#1e293b"
      },
      "geometry": {
        "type": "Polygon",
        "coordinates": [
          [
            [
              -118.2901372128195,
              33.98153845140632
            ],
            [
              -118.28750308012164,
              33.98153845140632
            ],
            [
              -118.28750308012164,
              33.98351532514738
            ],
            [
              -118.2901372128195,
              33.98351532514738
            ],
            [
              -118.2901372128195,
              33.98153845140632
            ]
          ]
        ]
      }
    },
    {
      "type": "Feature",
      "properties": {
        "layerType": "BUILDING_3D",
        "id": "77TH_STREET_BLD_215",
        "name": "Structure #215",
        "height": 30,
        "min_height": 0,
        "render_height": 30,
        "render_min_height": 0,
        "division": "77th Street Division",
        "bureau": "South Bureau",
        "extrusionColor": "#1e293b"
      },
      "geometry": {
        "type": "Polygon",
        "coordinates": [
          [
            [
              -118.28753206479158,
              33.982504724562965
            ],
            [
              -118.28489623313683,
              33.982504724562965
            ],
            [
              -118.28489623313683,
              33.984118734674475
            ],
            [
              -118.28753206479158,
              33.984118734674475
            ],
            [
              -118.28753206479158,
              33.982504724562965
            ]
          ]
        ]
      }
    },
    {
      "type": "Feature",
      "properties": {
        "layerType": "BUILDING_3D",
        "id": "77TH_STREET_BLD_217",
        "name": "Structure #217",
        "height": 25,
        "min_height": 0,
        "render_height": 25,
        "render_min_height": 0,
        "division": "77th Street Division",
        "bureau": "South Bureau",
        "extrusionColor": "#1e293b"
      },
      "geometry": {
        "type": "Polygon",
        "coordinates": [
          [
            [
              -118.27833331693591,
              33.982217636987855
            ],
            [
              -118.27699935241648,
              33.982217636987855
            ],
            [
              -118.27699935241648,
              33.983827279190564
            ],
            [
              -118.27833331693591,
              33.983827279190564
            ],
            [
              -118.27833331693591,
              33.982217636987855
            ]
          ]
        ]
      }
    },
    {
      "type": "Feature",
      "properties": {
        "layerType": "BUILDING_3D",
        "id": "77TH_STREET_BLD_218",
        "name": "Structure #218",
        "height": 13,
        "min_height": 0,
        "render_height": 13,
        "render_min_height": 0,
        "division": "77th Street Division",
        "bureau": "South Bureau",
        "extrusionColor": "#1e293b"
      },
      "geometry": {
        "type": "Polygon",
        "coordinates": [
          [
            [
              -118.2753764840162,
              33.981445421766864
            ],
            [
              -118.27323029441258,
              33.981445421766864
            ],
            [
              -118.27323029441258,
              33.983617835656446
            ],
            [
              -118.2753764840162,
              33.983617835656446
            ],
            [
              -118.2753764840162,
              33.981445421766864
            ]
          ]
        ]
      }
    },
    {
      "type": "Feature",
      "properties": {
        "layerType": "BUILDING_3D",
        "id": "77TH_STREET_BLD_219",
        "name": "Structure #219",
        "height": 9,
        "min_height": 0,
        "render_height": 9,
        "render_min_height": 0,
        "division": "77th Street Division",
        "bureau": "South Bureau",
        "extrusionColor": "#1e293b"
      },
      "geometry": {
        "type": "Polygon",
        "coordinates": [
          [
            [
              -118.27265610431085,
              33.98236699186912
            ],
            [
              -118.26975955245807,
              33.98236699186912
            ],
            [
              -118.26975955245807,
              33.98367093565522
            ],
            [
              -118.27265610431085,
              33.98367093565522
            ],
            [
              -118.27265610431085,
              33.98236699186912
            ]
          ]
        ]
      }
    },
    {
      "type": "Feature",
      "properties": {
        "layerType": "BUILDING_3D",
        "id": "77TH_STREET_BLD_221",
        "name": "Structure #221",
        "height": 21,
        "min_height": 0,
        "render_height": 21,
        "render_min_height": 0,
        "division": "77th Street Division",
        "bureau": "South Bureau",
        "extrusionColor": "#1e293b"
      },
      "geometry": {
        "type": "Polygon",
        "coordinates": [
          [
            [
              -118.26310147176052,
              33.98224884209162
            ],
            [
              -118.26181404527505,
              33.98224884209162
            ],
            [
              -118.26181404527505,
              33.98329996796615
            ],
            [
              -118.26310147176052,
              33.98329996796615
            ],
            [
              -118.26310147176052,
              33.98224884209162
            ]
          ]
        ]
      }
    },
    {
      "type": "Feature",
      "properties": {
        "layerType": "BUILDING_3D",
        "id": "77TH_STREET_BLD_222",
        "name": "Structure #222",
        "height": 30,
        "min_height": 0,
        "render_height": 30,
        "render_min_height": 0,
        "division": "77th Street Division",
        "bureau": "South Bureau",
        "extrusionColor": "#1e293b"
      },
      "geometry": {
        "type": "Polygon",
        "coordinates": [
          [
            [
              -118.26033487721116,
              33.98156981112966
            ],
            [
              -118.25893337604515,
              33.98156981112966
            ],
            [
              -118.25893337604515,
              33.98343760065292
            ],
            [
              -118.26033487721116,
              33.98343760065292
            ],
            [
              -118.26033487721116,
              33.98156981112966
            ]
          ]
        ]
      }
    },
    {
      "type": "Feature",
      "properties": {
        "layerType": "BUILDING_3D",
        "id": "77TH_STREET_BLD_223",
        "name": "Structure #223",
        "height": 24,
        "min_height": 0,
        "render_height": 24,
        "render_min_height": 0,
        "division": "77th Street Division",
        "bureau": "South Bureau",
        "extrusionColor": "#1e293b"
      },
      "geometry": {
        "type": "Polygon",
        "coordinates": [
          [
            [
              -118.25749025182712,
              33.981932784802765
            ],
            [
              -118.25499986579611,
              33.981932784802765
            ],
            [
              -118.25499986579611,
              33.98321151659647
            ],
            [
              -118.25749025182712,
              33.98321151659647
            ],
            [
              -118.25749025182712,
              33.981932784802765
            ]
          ]
        ]
      }
    },
    {
      "type": "Feature",
      "properties": {
        "layerType": "BUILDING_3D",
        "id": "77TH_STREET_BLD_226",
        "name": "Structure #226",
        "height": 25,
        "min_height": 0,
        "render_height": 25,
        "render_min_height": 0,
        "division": "77th Street Division",
        "bureau": "South Bureau",
        "extrusionColor": "#1e293b"
      },
      "geometry": {
        "type": "Polygon",
        "coordinates": [
          [
            [
              -118.30535838545686,
              33.98574634648851
            ],
            [
              -118.30396365338325,
              33.98574634648851
            ],
            [
              -118.30396365338325,
              33.986789917468215
            ],
            [
              -118.30535838545686,
              33.986789917468215
            ],
            [
              -118.30535838545686,
              33.98574634648851
            ]
          ]
        ]
      }
    },
    {
      "type": "Feature",
      "properties": {
        "layerType": "BUILDING_3D",
        "id": "77TH_STREET_BLD_227",
        "name": "Structure #227",
        "height": 24,
        "min_height": 0,
        "render_height": 24,
        "render_min_height": 0,
        "division": "77th Street Division",
        "bureau": "South Bureau",
        "extrusionColor": "#1e293b"
      },
      "geometry": {
        "type": "Polygon",
        "coordinates": [
          [
            [
              -118.30067153801532,
              33.984267785855074
            ],
            [
              -118.29928011004237,
              33.984267785855074
            ],
            [
              -118.29928011004237,
              33.98649339263327
            ],
            [
              -118.30067153801532,
              33.98649339263327
            ],
            [
              -118.30067153801532,
              33.984267785855074
            ]
          ]
        ]
      }
    },
    {
      "type": "Feature",
      "properties": {
        "layerType": "BUILDING_3D",
        "id": "77TH_STREET_BLD_228",
        "name": "Structure #228",
        "height": 30,
        "min_height": 0,
        "render_height": 30,
        "render_min_height": 0,
        "division": "77th Street Division",
        "bureau": "South Bureau",
        "extrusionColor": "#1e293b"
      },
      "geometry": {
        "type": "Polygon",
        "coordinates": [
          [
            [
              -118.29889295219324,
              33.9843148476365
            ],
            [
              -118.29592547648899,
              33.9843148476365
            ],
            [
              -118.29592547648899,
              33.986442365931026
            ],
            [
              -118.29889295219324,
              33.986442365931026
            ],
            [
              -118.29889295219324,
              33.9843148476365
            ]
          ]
        ]
      }
    },
    {
      "type": "Feature",
      "properties": {
        "layerType": "BUILDING_3D",
        "id": "77TH_STREET_BLD_231",
        "name": "Structure #231",
        "height": 30,
        "min_height": 0,
        "render_height": 30,
        "render_min_height": 0,
        "division": "77th Street Division",
        "bureau": "South Bureau",
        "extrusionColor": "#1e293b"
      },
      "geometry": {
        "type": "Polygon",
        "coordinates": [
          [
            [
              -118.2861826194057,
              33.98561396470459
            ],
            [
              -118.28382867489931,
              33.98561396470459
            ],
            [
              -118.28382867489931,
              33.987025660758995
            ],
            [
              -118.2861826194057,
              33.987025660758995
            ],
            [
              -118.2861826194057,
              33.98561396470459
            ]
          ]
        ]
      }
    },
    {
      "type": "Feature",
      "properties": {
        "layerType": "BUILDING_3D",
        "id": "77TH_STREET_BLD_232",
        "name": "Structure #232",
        "height": 30,
        "min_height": 0,
        "render_height": 30,
        "render_min_height": 0,
        "division": "77th Street Division",
        "bureau": "South Bureau",
        "extrusionColor": "#1e293b"
      },
      "geometry": {
        "type": "Polygon",
        "coordinates": [
          [
            [
              -118.28209804706056,
              33.98527924204742
            ],
            [
              -118.28021578565468,
              33.98527924204742
            ],
            [
              -118.28021578565468,
              33.986632991360246
            ],
            [
              -118.28209804706056,
              33.986632991360246
            ],
            [
              -118.28209804706056,
              33.98527924204742
            ]
          ]
        ]
      }
    },
    {
      "type": "Feature",
      "properties": {
        "layerType": "BUILDING_3D",
        "id": "77TH_STREET_BLD_233",
        "name": "Structure #233",
        "height": 30,
        "min_height": 0,
        "render_height": 30,
        "render_min_height": 0,
        "division": "77th Street Division",
        "bureau": "South Bureau",
        "extrusionColor": "#1e293b"
      },
      "geometry": {
        "type": "Polygon",
        "coordinates": [
          [
            [
              -118.27879434393677,
              33.98512644379143
            ],
            [
              -118.276989344853,
              33.98512644379143
            ],
            [
              -118.276989344853,
              33.98621976989563
            ],
            [
              -118.27879434393677,
              33.98621976989563
            ],
            [
              -118.27879434393677,
              33.98512644379143
            ]
          ]
        ]
      }
    },
    {
      "type": "Feature",
      "properties": {
        "layerType": "BUILDING_3D",
        "id": "77TH_STREET_BLD_234",
        "name": "Structure #234",
        "height": 19,
        "min_height": 0,
        "render_height": 19,
        "render_min_height": 0,
        "division": "77th Street Division",
        "bureau": "South Bureau",
        "extrusionColor": "#1e293b"
      },
      "geometry": {
        "type": "Polygon",
        "coordinates": [
          [
            [
              -118.27524807494476,
              33.98519697152323
            ],
            [
              -118.27379030680584,
              33.98519697152323
            ],
            [
              -118.27379030680584,
              33.98605652737729
            ],
            [
              -118.27524807494476,
              33.98605652737729
            ],
            [
              -118.27524807494476,
              33.98519697152323
            ]
          ]
        ]
      }
    },
    {
      "type": "Feature",
      "properties": {
        "layerType": "BUILDING_3D",
        "id": "77TH_STREET_BLD_235",
        "name": "Structure #235",
        "height": 20,
        "min_height": 0,
        "render_height": 20,
        "render_min_height": 0,
        "division": "77th Street Division",
        "bureau": "South Bureau",
        "extrusionColor": "#1e293b"
      },
      "geometry": {
        "type": "Polygon",
        "coordinates": [
          [
            [
              -118.27140403796902,
              33.98452811707115
            ],
            [
              -118.27025796349695,
              33.98452811707115
            ],
            [
              -118.27025796349695,
              33.98630870469556
            ],
            [
              -118.27140403796902,
              33.98630870469556
            ],
            [
              -118.27140403796902,
              33.98452811707115
            ]
          ]
        ]
      }
    },
    {
      "type": "Feature",
      "properties": {
        "layerType": "BUILDING_3D",
        "id": "77TH_STREET_BLD_236",
        "name": "Structure #236",
        "height": 21,
        "min_height": 0,
        "render_height": 21,
        "render_min_height": 0,
        "division": "77th Street Division",
        "bureau": "South Bureau",
        "extrusionColor": "#1e293b"
      },
      "geometry": {
        "type": "Polygon",
        "coordinates": [
          [
            [
              -118.26854584390513,
              33.984316875672164
            ],
            [
              -118.26617172707257,
              33.984316875672164
            ],
            [
              -118.26617172707257,
              33.986145913694344
            ],
            [
              -118.26854584390513,
              33.986145913694344
            ],
            [
              -118.26854584390513,
              33.984316875672164
            ]
          ]
        ]
      }
    },
    {
      "type": "Feature",
      "properties": {
        "layerType": "BUILDING_3D",
        "id": "77TH_STREET_BLD_239",
        "name": "Structure #239",
        "height": 22,
        "min_height": 0,
        "render_height": 22,
        "render_min_height": 0,
        "division": "77th Street Division",
        "bureau": "South Bureau",
        "extrusionColor": "#1e293b"
      },
      "geometry": {
        "type": "Polygon",
        "coordinates": [
          [
            [
              -118.25668499694113,
              33.985336234878055
            ],
            [
              -118.25396305527822,
              33.985336234878055
            ],
            [
              -118.25396305527822,
              33.9868343350933
            ],
            [
              -118.25668499694113,
              33.9868343350933
            ],
            [
              -118.25668499694113,
              33.985336234878055
            ]
          ]
        ]
      }
    },
    {
      "type": "Feature",
      "properties": {
        "layerType": "BUILDING_3D",
        "id": "77TH_STREET_BLD_240",
        "name": "Structure #240",
        "height": 23,
        "min_height": 0,
        "render_height": 23,
        "render_min_height": 0,
        "division": "77th Street Division",
        "bureau": "South Bureau",
        "extrusionColor": "#1e293b"
      },
      "geometry": {
        "type": "Polygon",
        "coordinates": [
          [
            [
              -118.25246835349593,
              33.98517270056658
            ],
            [
              -118.25047088654226,
              33.98517270056658
            ],
            [
              -118.25047088654226,
              33.98718112942892
            ],
            [
              -118.25246835349593,
              33.98718112942892
            ],
            [
              -118.25246835349593,
              33.98517270056658
            ]
          ]
        ]
      }
    },
    {
      "type": "Feature",
      "properties": {
        "layerType": "BUILDING_3D",
        "id": "77TH_STREET_BLD_241",
        "name": "Structure #241",
        "height": 18,
        "min_height": 0,
        "render_height": 18,
        "render_min_height": 0,
        "division": "77th Street Division",
        "bureau": "South Bureau",
        "extrusionColor": "#1e293b"
      },
      "geometry": {
        "type": "Polygon",
        "coordinates": [
          [
            [
              -118.30893639924456,
              33.98753109778758
            ],
            [
              -118.30625849409479,
              33.98753109778758
            ],
            [
              -118.30625849409479,
              33.98957836255683
            ],
            [
              -118.30893639924456,
              33.98957836255683
            ],
            [
              -118.30893639924456,
              33.98753109778758
            ]
          ]
        ]
      }
    },
    {
      "type": "Feature",
      "properties": {
        "layerType": "BUILDING_3D",
        "id": "77TH_STREET_BLD_242",
        "name": "Structure #242",
        "height": 30,
        "min_height": 0,
        "render_height": 30,
        "render_min_height": 0,
        "division": "77th Street Division",
        "bureau": "South Bureau",
        "extrusionColor": "#1e293b"
      },
      "geometry": {
        "type": "Polygon",
        "coordinates": [
          [
            [
              -118.30579186961657,
              33.98814217882744
            ],
            [
              -118.30306218325757,
              33.98814217882744
            ],
            [
              -118.30306218325757,
              33.9897838073523
            ],
            [
              -118.30579186961657,
              33.9897838073523
            ],
            [
              -118.30579186961657,
              33.98814217882744
            ]
          ]
        ]
      }
    },
    {
      "type": "Feature",
      "properties": {
        "layerType": "BUILDING_3D",
        "id": "77TH_STREET_BLD_243",
        "name": "Structure #243",
        "height": 12,
        "min_height": 0,
        "render_height": 12,
        "render_min_height": 0,
        "division": "77th Street Division",
        "bureau": "South Bureau",
        "extrusionColor": "#1e293b"
      },
      "geometry": {
        "type": "Polygon",
        "coordinates": [
          [
            [
              -118.30122709489676,
              33.98814829145787
            ],
            [
              -118.2990382568636,
              33.98814829145787
            ],
            [
              -118.2990382568636,
              33.98983983217294
            ],
            [
              -118.30122709489676,
              33.98983983217294
            ],
            [
              -118.30122709489676,
              33.98814829145787
            ]
          ]
        ]
      }
    },
    {
      "type": "Feature",
      "properties": {
        "layerType": "BUILDING_3D",
        "id": "77TH_STREET_BLD_244",
        "name": "Structure #244",
        "height": 25,
        "min_height": 0,
        "render_height": 25,
        "render_min_height": 0,
        "division": "77th Street Division",
        "bureau": "South Bureau",
        "extrusionColor": "#1e293b"
      },
      "geometry": {
        "type": "Polygon",
        "coordinates": [
          [
            [
              -118.29746894472285,
              33.98806143077696
            ],
            [
              -118.29521355710276,
              33.98806143077696
            ],
            [
              -118.29521355710276,
              33.98927767486283
            ],
            [
              -118.29746894472285,
              33.98927767486283
            ],
            [
              -118.29746894472285,
              33.98806143077696
            ]
          ]
        ]
      }
    },
    {
      "type": "Feature",
      "properties": {
        "layerType": "BUILDING_3D",
        "id": "77TH_STREET_BLD_245",
        "name": "Structure #245",
        "height": 30,
        "min_height": 0,
        "render_height": 30,
        "render_min_height": 0,
        "division": "77th Street Division",
        "bureau": "South Bureau",
        "extrusionColor": "#1e293b"
      },
      "geometry": {
        "type": "Polygon",
        "coordinates": [
          [
            [
              -118.29383475896405,
              33.987622821318546
            ],
            [
              -118.2922131001829,
              33.987622821318546
            ],
            [
              -118.2922131001829,
              33.98979614382558
            ],
            [
              -118.29383475896405,
              33.98979614382558
            ],
            [
              -118.29383475896405,
              33.987622821318546
            ]
          ]
        ]
      }
    },
    {
      "type": "Feature",
      "properties": {
        "layerType": "BUILDING_3D",
        "id": "77TH_STREET_BLD_246",
        "name": "Structure #246",
        "height": 15,
        "min_height": 0,
        "render_height": 15,
        "render_min_height": 0,
        "division": "77th Street Division",
        "bureau": "South Bureau",
        "extrusionColor": "#1e293b"
      },
      "geometry": {
        "type": "Polygon",
        "coordinates": [
          [
            [
              -118.29066957157528,
              33.987900754288155
            ],
            [
              -118.28777180823258,
              33.987900754288155
            ],
            [
              -118.28777180823258,
              33.988757736249234
            ],
            [
              -118.29066957157528,
              33.988757736249234
            ],
            [
              -118.29066957157528,
              33.987900754288155
            ]
          ]
        ]
      }
    },
    {
      "type": "Feature",
      "properties": {
        "layerType": "BUILDING_3D",
        "id": "77TH_STREET_BLD_247",
        "name": "Structure #247",
        "height": 14,
        "min_height": 0,
        "render_height": 14,
        "render_min_height": 0,
        "division": "77th Street Division",
        "bureau": "South Bureau",
        "extrusionColor": "#1e293b"
      },
      "geometry": {
        "type": "Polygon",
        "coordinates": [
          [
            [
              -118.28654899428247,
              33.988372062162824
            ],
            [
              -118.28540635166769,
              33.988372062162824
            ],
            [
              -118.28540635166769,
              33.98981775384844
            ],
            [
              -118.28654899428247,
              33.98981775384844
            ],
            [
              -118.28654899428247,
              33.988372062162824
            ]
          ]
        ]
      }
    },
    {
      "type": "Feature",
      "properties": {
        "layerType": "BUILDING_3D",
        "id": "77TH_STREET_BLD_248",
        "name": "Structure #248",
        "height": 14,
        "min_height": 0,
        "render_height": 14,
        "render_min_height": 0,
        "division": "77th Street Division",
        "bureau": "South Bureau",
        "extrusionColor": "#1e293b"
      },
      "geometry": {
        "type": "Polygon",
        "coordinates": [
          [
            [
              -118.2821705837829,
              33.98736690311781
            ],
            [
              -118.28024299486874,
              33.98736690311781
            ],
            [
              -118.28024299486874,
              33.988716768019934
            ],
            [
              -118.2821705837829,
              33.988716768019934
            ],
            [
              -118.2821705837829,
              33.98736690311781
            ]
          ]
        ]
      }
    },
    {
      "type": "Feature",
      "properties": {
        "layerType": "BUILDING_3D",
        "id": "77TH_STREET_BLD_249",
        "name": "Structure #249",
        "height": 30,
        "min_height": 0,
        "render_height": 30,
        "render_min_height": 0,
        "division": "77th Street Division",
        "bureau": "South Bureau",
        "extrusionColor": "#1e293b"
      },
      "geometry": {
        "type": "Polygon",
        "coordinates": [
          [
            [
              -118.27976079584293,
              33.98783731361648
            ],
            [
              -118.27796097597341,
              33.98783731361648
            ],
            [
              -118.27796097597341,
              33.98918829308052
            ],
            [
              -118.27976079584293,
              33.98918829308052
            ],
            [
              -118.27976079584293,
              33.98783731361648
            ]
          ]
        ]
      }
    },
    {
      "type": "Feature",
      "properties": {
        "layerType": "BUILDING_3D",
        "id": "77TH_STREET_BLD_251",
        "name": "Structure #251",
        "height": 17,
        "min_height": 0,
        "render_height": 17,
        "render_min_height": 0,
        "division": "77th Street Division",
        "bureau": "South Bureau",
        "extrusionColor": "#1e293b"
      },
      "geometry": {
        "type": "Polygon",
        "coordinates": [
          [
            [
              -118.27156668430698,
              33.98740213347957
            ],
            [
              -118.27010360390182,
              33.98740213347957
            ],
            [
              -118.27010360390182,
              33.98947193366289
            ],
            [
              -118.27156668430698,
              33.98947193366289
            ],
            [
              -118.27156668430698,
              33.98740213347957
            ]
          ]
        ]
      }
    },
    {
      "type": "Feature",
      "properties": {
        "layerType": "BUILDING_3D",
        "id": "77TH_STREET_BLD_252",
        "name": "Structure #252",
        "height": 18,
        "min_height": 0,
        "render_height": 18,
        "render_min_height": 0,
        "division": "77th Street Division",
        "bureau": "South Bureau",
        "extrusionColor": "#1e293b"
      },
      "geometry": {
        "type": "Polygon",
        "coordinates": [
          [
            [
              -118.26846382202724,
              33.98744438934069
            ],
            [
              -118.26570408844948,
              33.98744438934069
            ],
            [
              -118.26570408844948,
              33.98902380714551
            ],
            [
              -118.26846382202724,
              33.98902380714551
            ],
            [
              -118.26846382202724,
              33.98744438934069
            ]
          ]
        ]
      }
    },
    {
      "type": "Feature",
      "properties": {
        "layerType": "BUILDING_3D",
        "id": "77TH_STREET_BLD_253",
        "name": "Structure #253",
        "height": 17,
        "min_height": 0,
        "render_height": 17,
        "render_min_height": 0,
        "division": "77th Street Division",
        "bureau": "South Bureau",
        "extrusionColor": "#1e293b"
      },
      "geometry": {
        "type": "Polygon",
        "coordinates": [
          [
            [
              -118.26465748087908,
              33.98816764682747
            ],
            [
              -118.26255159047265,
              33.98816764682747
            ],
            [
              -118.26255159047265,
              33.98985653346586
            ],
            [
              -118.26465748087908,
              33.98985653346586
            ],
            [
              -118.26465748087908,
              33.98816764682747
            ]
          ]
        ]
      }
    },
    {
      "type": "Feature",
      "properties": {
        "layerType": "BUILDING_3D",
        "id": "77TH_STREET_BLD_255",
        "name": "Structure #255",
        "height": 30,
        "min_height": 0,
        "render_height": 30,
        "render_min_height": 0,
        "division": "77th Street Division",
        "bureau": "South Bureau",
        "extrusionColor": "#1e293b"
      },
      "geometry": {
        "type": "Polygon",
        "coordinates": [
          [
            [
              -118.2566515461482,
              33.98790217202041
            ],
            [
              -118.25452902920149,
              33.98790217202041
            ],
            [
              -118.25452902920149,
              33.989512546601006
            ],
            [
              -118.2566515461482,
              33.989512546601006
            ],
            [
              -118.2566515461482,
              33.98790217202041
            ]
          ]
        ]
      }
    },
    {
      "type": "Feature",
      "properties": {
        "layerType": "BUILDING_3D",
        "id": "77TH_STREET_BLD_256",
        "name": "Structure #256",
        "height": 15,
        "min_height": 0,
        "render_height": 15,
        "render_min_height": 0,
        "division": "77th Street Division",
        "bureau": "South Bureau",
        "extrusionColor": "#1e293b"
      },
      "geometry": {
        "type": "Polygon",
        "coordinates": [
          [
            [
              -118.2527971039728,
              33.988092124151244
            ],
            [
              -118.25064993786532,
              33.988092124151244
            ],
            [
              -118.25064993786532,
              33.98916739618482
            ],
            [
              -118.2527971039728,
              33.98916739618482
            ],
            [
              -118.2527971039728,
              33.988092124151244
            ]
          ]
        ]
      }
    }
  ]
}