{
  "type": "FeatureCollection",
  "name": "Southeast Division (LAPD DIV-18) - Full 3D Building & Boundary GeoJSON",
  "crs": {
    "type": "name",
    "properties": {
      "name": "urn:ogc:def:crs:OGC:1.3:CRS84"
    }
  },
  "metadata": {
    "divisionId": "DIV-18",
    "divisionName": "Southeast Division",
    "bureau": "South Bureau",
    "code": "SOUTHEAST",
    "station": {
      "name": "Southeast Community Police Station",
      "address": "145 W 108th St, Los Angeles, CA 90061",
      "phone": "(213) 972-7828",
      "lat": 33.9385,
      "lng": -118.2742
    },
    "center": [
      -118.265,
      33.935
    ],
    "totalBuildings": 196,
    "fususOneCompatible": true,
    "optimization": "100% Comprehensive 3D Building Extrusions + Division Perimeter"
  },
  "features": [
    {
      "type": "Feature",
      "properties": {
        "layerType": "BOUNDARY",
        "id": "SOUTHEAST_BOUNDARY",
        "name": "Southeast Division Official Perimeter",
        "bureau": "South Bureau",
        "division": "Southeast Division",
        "strokeColor": "#00f3ff",
        "strokeWidth": 3,
        "fillColor": "#00f3ff",
        "fillOpacity": 0.08
      },
      "geometry": {
        "type": "Polygon",
        "coordinates": [
          [
            [
              -118.295,
              33.915
            ],
            [
              -118.23,
              33.915
            ],
            [
              -118.23,
              33.96
            ],
            [
              -118.295,
              33.96
            ],
            [
              -118.295,
              33.915
            ]
          ]
        ]
      }
    },
    {
      "type": "Feature",
      "properties": {
        "layerType": "STATION",
        "id": "SOUTHEAST_STATION",
        "name": "Southeast Community Police Station",
        "address": "145 W 108th St, Los Angeles, CA 90061",
        "phone": "(213) 972-7828",
        "division": "Southeast Division",
        "bureau": "South Bureau",
        "icon": "police-station",
        "markerColor": "#3b82f6"
      },
      "geometry": {
        "type": "Point",
        "coordinates": [
          -118.2742,
          33.9385
        ]
      }
    },
    {
      "type": "Feature",
      "properties": {
        "layerType": "BUILDING_3D",
        "id": "SOUTHEAST_LM_1",
        "name": "Watts Towers Arts Center",
        "height": 30,
        "min_height": 0,
        "render_height": 30,
        "render_min_height": 0,
        "division": "Southeast Division",
        "bureau": "South Bureau",
        "extrusionColor": "#00f3ff"
      },
      "geometry": {
        "type": "Polygon",
        "coordinates": [
          [
            [
              -118.2436,
              33.937
            ],
            [
              -118.24,
              33.937
            ],
            [
              -118.24,
              33.9406
            ],
            [
              -118.2436,
              33.9406
            ],
            [
              -118.2436,
              33.937
            ]
          ]
        ]
      }
    },
    {
      "type": "Feature",
      "properties": {
        "layerType": "BUILDING_3D",
        "id": "SOUTHEAST_LM_2",
        "name": "Imperial Courts Community Center",
        "height": 16,
        "min_height": 0,
        "render_height": 16,
        "render_min_height": 0,
        "division": "Southeast Division",
        "bureau": "South Bureau",
        "extrusionColor": "#00f3ff"
      },
      "geometry": {
        "type": "Polygon",
        "coordinates": [
          [
            [
              -118.2373,
              33.929399999999994
            ],
            [
              -118.2337,
              33.929399999999994
            ],
            [
              -118.2337,
              33.933
            ],
            [
              -118.2373,
              33.933
            ],
            [
              -118.2373,
              33.929399999999994
            ]
          ]
        ]
      }
    },
    {
      "type": "Feature",
      "properties": {
        "layerType": "BUILDING_3D",
        "id": "SOUTHEAST_BLD_2",
        "name": "Structure #2",
        "height": 17,
        "min_height": 0,
        "render_height": 17,
        "render_min_height": 0,
        "division": "Southeast Division",
        "bureau": "South Bureau",
        "extrusionColor": "#1e293b"
      },
      "geometry": {
        "type": "Polygon",
        "coordinates": [
          [
            [
              -118.29037889994528,
              33.91648714474673
            ],
            [
              -118.2878745514379,
              33.91648714474673
            ],
            [
              -118.2878745514379,
              33.917422951458455
            ],
            [
              -118.29037889994528,
              33.917422951458455
            ],
            [
              -118.29037889994528,
              33.91648714474673
            ]
          ]
        ]
      }
    },
    {
      "type": "Feature",
      "properties": {
        "layerType": "BUILDING_3D",
        "id": "SOUTHEAST_BLD_4",
        "name": "Structure #4",
        "height": 30,
        "min_height": 0,
        "render_height": 30,
        "render_min_height": 0,
        "division": "Southeast Division",
        "bureau": "South Bureau",
        "extrusionColor": "#1e293b"
      },
      "geometry": {
        "type": "Polygon",
        "coordinates": [
          [
            [
              -118.2809656349299,
              33.91502893202606
            ],
            [
              -118.27850740745832,
              33.91502893202606
            ],
            [
              -118.27850740745832,
              33.916805858712706
            ],
            [
              -118.2809656349299,
              33.916805858712706
            ],
            [
              -118.2809656349299,
              33.91502893202606
            ]
          ]
        ]
      }
    },
    {
      "type": "Feature",
      "properties": {
        "layerType": "BUILDING_3D",
        "id": "SOUTHEAST_BLD_5",
        "name": "Structure #5",
        "height": 17,
        "min_height": 0,
        "render_height": 17,
        "render_min_height": 0,
        "division": "Southeast Division",
        "bureau": "South Bureau",
        "extrusionColor": "#1e293b"
      },
      "geometry": {
        "type": "Polygon",
        "coordinates": [
          [
            [
              -118.27762208991541,
              33.91562873434387
            ],
            [
              -118.27488430657598,
              33.91562873434387
            ],
            [
              -118.27488430657598,
              33.917261540338174
            ],
            [
              -118.27762208991541,
              33.917261540338174
            ],
            [
              -118.27762208991541,
              33.91562873434387
            ]
          ]
        ]
      }
    },
    {
      "type": "Feature",
      "properties": {
        "layerType": "BUILDING_3D",
        "id": "SOUTHEAST_BLD_7",
        "name": "Structure #7",
        "height": 12,
        "min_height": 0,
        "render_height": 12,
        "render_min_height": 0,
        "division": "Southeast Division",
        "bureau": "South Bureau",
        "extrusionColor": "#1e293b"
      },
      "geometry": {
        "type": "Polygon",
        "coordinates": [
          [
            [
              -118.26776869564351,
              33.91577422501214
            ],
            [
              -118.26533085101342,
              33.91577422501214
            ],
            [
              -118.26533085101342,
              33.91717576457873
            ],
            [
              -118.26776869564351,
              33.91717576457873
            ],
            [
              -118.26776869564351,
              33.91577422501214
            ]
          ]
        ]
      }
    },
    {
      "type": "Feature",
      "properties": {
        "layerType": "BUILDING_3D",
        "id": "SOUTHEAST_BLD_8",
        "name": "Structure #8",
        "height": 8,
        "min_height": 0,
        "render_height": 8,
        "render_min_height": 0,
        "division": "Southeast Division",
        "bureau": "South Bureau",
        "extrusionColor": "#1e293b"
      },
      "geometry": {
        "type": "Polygon",
        "coordinates": [
          [
            [
              -118.26347378664795,
              33.91583665623075
            ],
            [
              -118.26131437753796,
              33.91583665623075
            ],
            [
              -118.26131437753796,
              33.91703245165435
            ],
            [
              -118.26347378664795,
              33.91703245165435
            ],
            [
              -118.26347378664795,
              33.91583665623075
            ]
          ]
        ]
      }
    },
    {
      "type": "Feature",
      "properties": {
        "layerType": "BUILDING_3D",
        "id": "SOUTHEAST_BLD_9",
        "name": "Structure #9",
        "height": 15,
        "min_height": 0,
        "render_height": 15,
        "render_min_height": 0,
        "division": "Southeast Division",
        "bureau": "South Bureau",
        "extrusionColor": "#1e293b"
      },
      "geometry": {
        "type": "Polygon",
        "coordinates": [
          [
            [
              -118.25904426299262,
              33.91582971085119
            ],
            [
              -118.25720185226588,
              33.91582971085119
            ],
            [
              -118.25720185226588,
              33.91675025245534
            ],
            [
              -118.25904426299262,
              33.91675025245534
            ],
            [
              -118.25904426299262,
              33.91582971085119
            ]
          ]
        ]
      }
    },
    {
      "type": "Feature",
      "properties": {
        "layerType": "BUILDING_3D",
        "id": "SOUTHEAST_BLD_10",
        "name": "Structure #10",
        "height": 9,
        "min_height": 0,
        "render_height": 9,
        "render_min_height": 0,
        "division": "Southeast Division",
        "bureau": "South Bureau",
        "extrusionColor": "#1e293b"
      },
      "geometry": {
        "type": "Polygon",
        "coordinates": [
          [
            [
              -118.25472163068854,
              33.91541471514788
            ],
            [
              -118.25330331473548,
              33.91541471514788
            ],
            [
              -118.25330331473548,
              33.91683605752987
            ],
            [
              -118.25472163068854,
              33.91683605752987
            ],
            [
              -118.25472163068854,
              33.91541471514788
            ]
          ]
        ]
      }
    },
    {
      "type": "Feature",
      "properties": {
        "layerType": "BUILDING_3D",
        "id": "SOUTHEAST_BLD_11",
        "name": "Structure #11",
        "height": 20,
        "min_height": 0,
        "render_height": 20,
        "render_min_height": 0,
        "division": "Southeast Division",
        "bureau": "South Bureau",
        "extrusionColor": "#1e293b"
      },
      "geometry": {
        "type": "Polygon",
        "coordinates": [
          [
            [
              -118.25102769814254,
              33.91542522476454
            ],
            [
              -118.24883777802805,
              33.91542522476454
            ],
            [
              -118.24883777802805,
              33.9163851418021
            ],
            [
              -118.25102769814254,
              33.9163851418021
            ],
            [
              -118.25102769814254,
              33.91542522476454
            ]
          ]
        ]
      }
    },
    {
      "type": "Feature",
      "properties": {
        "layerType": "BUILDING_3D",
        "id": "SOUTHEAST_BLD_12",
        "name": "Structure #12",
        "height": 8,
        "min_height": 0,
        "render_height": 8,
        "render_min_height": 0,
        "division": "Southeast Division",
        "bureau": "South Bureau",
        "extrusionColor": "#1e293b"
      },
      "geometry": {
        "type": "Polygon",
        "coordinates": [
          [
            [
              -118.24667817221463,
              33.91540814513061
            ],
            [
              -118.24519918892715,
              33.91540814513061
            ],
            [
              -118.24519918892715,
              33.91720350268058
            ],
            [
              -118.24667817221463,
              33.91720350268058
            ],
            [
              -118.24667817221463,
              33.91540814513061
            ]
          ]
        ]
      }
    },
    {
      "type": "Feature",
      "properties": {
        "layerType": "BUILDING_3D",
        "id": "SOUTHEAST_BLD_14",
        "name": "Structure #14",
        "height": 18,
        "min_height": 0,
        "render_height": 18,
        "render_min_height": 0,
        "division": "Southeast Division",
        "bureau": "South Bureau",
        "extrusionColor": "#1e293b"
      },
      "geometry": {
        "type": "Polygon",
        "coordinates": [
          [
            [
              -118.23789676114914,
              33.91573450088444
            ],
            [
              -118.2365501989242,
              33.91573450088444
            ],
            [
              -118.2365501989242,
              33.917475571195496
            ],
            [
              -118.23789676114914,
              33.917475571195496
            ],
            [
              -118.23789676114914,
              33.91573450088444
            ]
          ]
        ]
      }
    },
    {
      "type": "Feature",
      "properties": {
        "layerType": "BUILDING_3D",
        "id": "SOUTHEAST_BLD_16",
        "name": "Structure #16",
        "height": 24,
        "min_height": 0,
        "render_height": 24,
        "render_min_height": 0,
        "division": "Southeast Division",
        "bureau": "South Bureau",
        "extrusionColor": "#1e293b"
      },
      "geometry": {
        "type": "Polygon",
        "coordinates": [
          [
            [
              -118.29495926129555,
              33.918455211203
            ],
            [
              -118.29236623914453,
              33.918455211203
            ],
            [
              -118.29236623914453,
              33.9202930012947
            ],
            [
              -118.29495926129555,
              33.9202930012947
            ],
            [
              -118.29495926129555,
              33.918455211203
            ]
          ]
        ]
      }
    },
    {
      "type": "Feature",
      "properties": {
        "layerType": "BUILDING_3D",
        "id": "SOUTHEAST_BLD_18",
        "name": "Structure #18",
        "height": 22,
        "min_height": 0,
        "render_height": 22,
        "render_min_height": 0,
        "division": "Southeast Division",
        "bureau": "South Bureau",
        "extrusionColor": "#1e293b"
      },
      "geometry": {
        "type": "Polygon",
        "coordinates": [
          [
            [
              -118.2856382276711,
              33.91895266950747
            ],
            [
              -118.28235960355396,
              33.91895266950747
            ],
            [
              -118.28235960355396,
              33.91995029463924
            ],
            [
              -118.2856382276711,
              33.91995029463924
            ],
            [
              -118.2856382276711,
              33.91895266950747
            ]
          ]
        ]
      }
    },
    {
      "type": "Feature",
      "properties": {
        "layerType": "BUILDING_3D",
        "id": "SOUTHEAST_BLD_19",
        "name": "Structure #19",
        "height": 11,
        "min_height": 0,
        "render_height": 11,
        "render_min_height": 0,
        "division": "Southeast Division",
        "bureau": "South Bureau",
        "extrusionColor": "#1e293b"
      },
      "geometry": {
        "type": "Polygon",
        "coordinates": [
          [
            [
              -118.2802432943885,
              33.9186958626098
            ],
            [
              -118.27870621270398,
              33.9186958626098
            ],
            [
              -118.27870621270398,
              33.92067136243491
            ],
            [
              -118.2802432943885,
              33.92067136243491
            ],
            [
              -118.2802432943885,
              33.9186958626098
            ]
          ]
        ]
      }
    },
    {
      "type": "Feature",
      "properties": {
        "layerType": "BUILDING_3D",
        "id": "SOUTHEAST_BLD_20",
        "name": "Structure #20",
        "height": 14,
        "min_height": 0,
        "render_height": 14,
        "render_min_height": 0,
        "division": "Southeast Division",
        "bureau": "South Bureau",
        "extrusionColor": "#1e293b"
      },
      "geometry": {
        "type": "Polygon",
        "coordinates": [
          [
            [
              -118.2763056339049,
              33.91823060486441
            ],
            [
              -118.27326190084104,
              33.91823060486441
            ],
            [
              -118.27326190084104,
              33.91932809534642
            ],
            [
              -118.2763056339049,
              33.91932809534642
            ],
            [
              -118.2763056339049,
              33.91823060486441
            ]
          ]
        ]
      }
    },
    {
      "type": "Feature",
      "properties": {
        "layerType": "BUILDING_3D",
        "id": "SOUTHEAST_BLD_21",
        "name": "Structure #21",
        "height": 30,
        "min_height": 0,
        "render_height": 30,
        "render_min_height": 0,
        "division": "Southeast Division",
        "bureau": "South Bureau",
        "extrusionColor": "#1e293b"
      },
      "geometry": {
        "type": "Polygon",
        "coordinates": [
          [
            [
              -118.27268914213484,
              33.918887226535155
            ],
            [
              -118.27099819383663,
              33.918887226535155
            ],
            [
              -118.27099819383663,
              33.920236073185016
            ],
            [
              -118.27268914213484,
              33.920236073185016
            ],
            [
              -118.27268914213484,
              33.918887226535155
            ]
          ]
        ]
      }
    },
    {
      "type": "Feature",
      "properties": {
        "layerType": "BUILDING_3D",
        "id": "SOUTHEAST_BLD_23",
        "name": "Structure #23",
        "height": 12,
        "min_height": 0,
        "render_height": 12,
        "render_min_height": 0,
        "division": "Southeast Division",
        "bureau": "South Bureau",
        "extrusionColor": "#1e293b"
      },
      "geometry": {
        "type": "Polygon",
        "coordinates": [
          [
            [
              -118.26464618016341,
              33.91858232033449
            ],
            [
              -118.26146163589279,
              33.91858232033449
            ],
            [
              -118.26146163589279,
              33.919538334305294
            ],
            [
              -118.26464618016341,
              33.919538334305294
            ],
            [
              -118.26464618016341,
              33.91858232033449
            ]
          ]
        ]
      }
    },
    {
      "type": "Feature",
      "properties": {
        "layerType": "BUILDING_3D",
        "id": "SOUTHEAST_BLD_25",
        "name": "Structure #25",
        "height": 13,
        "min_height": 0,
        "render_height": 13,
        "render_min_height": 0,
        "division": "Southeast Division",
        "bureau": "South Bureau",
        "extrusionColor": "#1e293b"
      },
      "geometry": {
        "type": "Polygon",
        "coordinates": [
          [
            [
              -118.25411046727017,
              33.91801130451972
            ],
            [
              -118.25227426189686,
              33.91801130451972
            ],
            [
              -118.25227426189686,
              33.91948081783357
            ],
            [
              -118.25411046727017,
              33.91948081783357
            ],
            [
              -118.25411046727017,
              33.91801130451972
            ]
          ]
        ]
      }
    },
    {
      "type": "Feature",
      "properties": {
        "layerType": "BUILDING_3D",
        "id": "SOUTHEAST_BLD_26",
        "name": "Structure #26",
        "height": 30,
        "min_height": 0,
        "render_height": 30,
        "render_min_height": 0,
        "division": "Southeast Division",
        "bureau": "South Bureau",
        "extrusionColor": "#1e293b"
      },
      "geometry": {
        "type": "Polygon",
        "coordinates": [
          [
            [
              -118.2513603604437,
              33.91829398479336
            ],
            [
              -118.24909622141197,
              33.91829398479336
            ],
            [
              -118.24909622141197,
              33.91957534386355
            ],
            [
              -118.2513603604437,
              33.91957534386355
            ],
            [
              -118.2513603604437,
              33.91829398479336
            ]
          ]
        ]
      }
    },
    {
      "type": "Feature",
      "properties": {
        "layerType": "BUILDING_3D",
        "id": "SOUTHEAST_BLD_28",
        "name": "Structure #28",
        "height": 19,
        "min_height": 0,
        "render_height": 19,
        "render_min_height": 0,
        "division": "Southeast Division",
        "bureau": "South Bureau",
        "extrusionColor": "#1e293b"
      },
      "geometry": {
        "type": "Polygon",
        "coordinates": [
          [
            [
              -118.2425543391375,
              33.917883820409806
            ],
            [
              -118.23930303841176,
              33.917883820409806
            ],
            [
              -118.23930303841176,
              33.92012885410251
            ],
            [
              -118.2425543391375,
              33.92012885410251
            ],
            [
              -118.2425543391375,
              33.917883820409806
            ]
          ]
        ]
      }
    },
    {
      "type": "Feature",
      "properties": {
        "layerType": "BUILDING_3D",
        "id": "SOUTHEAST_BLD_29",
        "name": "Structure #29",
        "height": 21,
        "min_height": 0,
        "render_height": 21,
        "render_min_height": 0,
        "division": "Southeast Division",
        "bureau": "South Bureau",
        "extrusionColor": "#1e293b"
      },
      "geometry": {
        "type": "Polygon",
        "coordinates": [
          [
            [
              -118.23855678040564,
              33.91879944004355
            ],
            [
              -118.23509776553095,
              33.91879944004355
            ],
            [
              -118.23509776553095,
              33.92053941071011
            ],
            [
              -118.23855678040564,
              33.92053941071011
            ],
            [
              -118.23855678040564,
              33.91879944004355
            ]
          ]
        ]
      }
    },
    {
      "type": "Feature",
      "properties": {
        "layerType": "BUILDING_3D",
        "id": "SOUTHEAST_BLD_30",
        "name": "Structure #30",
        "height": 19,
        "min_height": 0,
        "render_height": 19,
        "render_min_height": 0,
        "division": "Southeast Division",
        "bureau": "South Bureau",
        "extrusionColor": "#1e293b"
      },
      "geometry": {
        "type": "Polygon",
        "coordinates": [
          [
            [
              -118.23281271459958,
              33.91881858536587
            ],
            [
              -118.23013187090591,
              33.91881858536587
            ],
            [
              -118.23013187090591,
              33.920735968542445
            ],
            [
              -118.23281271459958,
              33.920735968542445
            ],
            [
              -118.23281271459958,
              33.91881858536587
            ]
          ]
        ]
      }
    },
    {
      "type": "Feature",
      "properties": {
        "layerType": "BUILDING_3D",
        "id": "SOUTHEAST_BLD_31",
        "name": "Structure #31",
        "height": 30,
        "min_height": 0,
        "render_height": 30,
        "render_min_height": 0,
        "division": "Southeast Division",
        "bureau": "South Bureau",
        "extrusionColor": "#1e293b"
      },
      "geometry": {
        "type": "Polygon",
        "coordinates": [
          [
            [
              -118.29344988328813,
              33.921303786368654
            ],
            [
              -118.29049569291237,
              33.921303786368654
            ],
            [
              -118.29049569291237,
              33.92306766669785
            ],
            [
              -118.29344988328813,
              33.92306766669785
            ],
            [
              -118.29344988328813,
              33.921303786368654
            ]
          ]
        ]
      }
    },
    {
      "type": "Feature",
      "properties": {
        "layerType": "BUILDING_3D",
        "id": "SOUTHEAST_BLD_32",
        "name": "Structure #32",
        "height": 30,
        "min_height": 0,
        "render_height": 30,
        "render_min_height": 0,
        "division": "Southeast Division",
        "bureau": "South Bureau",
        "extrusionColor": "#1e293b"
      },
      "geometry": {
        "type": "Polygon",
        "coordinates": [
          [
            [
              -118.28962083285423,
              33.92178786328181
            ],
            [
              -118.28690315056924,
              33.92178786328181
            ],
            [
              -118.28690315056924,
              33.92286744980072
            ],
            [
              -118.28962083285423,
              33.92286744980072
            ],
            [
              -118.28962083285423,
              33.92178786328181
            ]
          ]
        ]
      }
    },
    {
      "type": "Feature",
      "properties": {
        "layerType": "BUILDING_3D",
        "id": "SOUTHEAST_BLD_33",
        "name": "Structure #33",
        "height": 19,
        "min_height": 0,
        "render_height": 19,
        "render_min_height": 0,
        "division": "Southeast Division",
        "bureau": "South Bureau",
        "extrusionColor": "#1e293b"
      },
      "geometry": {
        "type": "Polygon",
        "coordinates": [
          [
            [
              -118.28454166249915,
              33.92152455629594
            ],
            [
              -118.2828782995663,
              33.92152455629594
            ],
            [
              -118.2828782995663,
              33.922885152230755
            ],
            [
              -118.28454166249915,
              33.922885152230755
            ],
            [
              -118.28454166249915,
              33.92152455629594
            ]
          ]
        ]
      }
    },
    {
      "type": "Feature",
      "properties": {
        "layerType": "BUILDING_3D",
        "id": "SOUTHEAST_BLD_34",
        "name": "Structure #34",
        "height": 24,
        "min_height": 0,
        "render_height": 24,
        "render_min_height": 0,
        "division": "Southeast Division",
        "bureau": "South Bureau",
        "extrusionColor": "#1e293b"
      },
      "geometry": {
        "type": "Polygon",
        "coordinates": [
          [
            [
              -118.28061401696627,
              33.92080193913161
            ],
            [
              -118.2785176913778,
              33.92080193913161
            ],
            [
              -118.2785176913778,
              33.92251289929865
            ],
            [
              -118.28061401696627,
              33.92251289929865
            ],
            [
              -118.28061401696627,
              33.92080193913161
            ]
          ]
        ]
      }
    },
    {
      "type": "Feature",
      "properties": {
        "layerType": "BUILDING_3D",
        "id": "SOUTHEAST_BLD_35",
        "name": "Structure #35",
        "height": 13,
        "min_height": 0,
        "render_height": 13,
        "render_min_height": 0,
        "division": "Southeast Division",
        "bureau": "South Bureau",
        "extrusionColor": "#1e293b"
      },
      "geometry": {
        "type": "Polygon",
        "coordinates": [
          [
            [
              -118.27739404933797,
              33.92080039693146
            ],
            [
              -118.27475790330283,
              33.92080039693146
            ],
            [
              -118.27475790330283,
              33.92296405656425
            ],
            [
              -118.27739404933797,
              33.92296405656425
            ],
            [
              -118.27739404933797,
              33.92080039693146
            ]
          ]
        ]
      }
    },
    {
      "type": "Feature",
      "properties": {
        "layerType": "BUILDING_3D",
        "id": "SOUTHEAST_BLD_37",
        "name": "Structure #37",
        "height": 23,
        "min_height": 0,
        "render_height": 23,
        "render_min_height": 0,
        "division": "Southeast Division",
        "bureau": "South Bureau",
        "extrusionColor": "#1e293b"
      },
      "geometry": {
        "type": "Polygon",
        "coordinates": [
          [
            [
              -118.26760331464723,
              33.92148775962519
            ],
            [
              -118.26565885169654,
              33.92148775962519
            ],
            [
              -118.26565885169654,
              33.92356159578727
            ],
            [
              -118.26760331464723,
              33.92356159578727
            ],
            [
              -118.26760331464723,
              33.92148775962519
            ]
          ]
        ]
      }
    },
    {
      "type": "Feature",
      "properties": {
        "layerType": "BUILDING_3D",
        "id": "SOUTHEAST_BLD_38",
        "name": "Structure #38",
        "height": 10,
        "min_height": 0,
        "render_height": 10,
        "render_min_height": 0,
        "division": "Southeast Division",
        "bureau": "South Bureau",
        "extrusionColor": "#1e293b"
      },
      "geometry": {
        "type": "Polygon",
        "coordinates": [
          [
            [
              -118.26333737776267,
              33.920780679677826
            ],
            [
              -118.26014213389814,
              33.920780679677826
            ],
            [
              -118.26014213389814,
              33.92282607030942
            ],
            [
              -118.26333737776267,
              33.92282607030942
            ],
            [
              -118.26333737776267,
              33.920780679677826
            ]
          ]
        ]
      }
    },
    {
      "type": "Feature",
      "properties": {
        "layerType": "BUILDING_3D",
        "id": "SOUTHEAST_BLD_39",
        "name": "Structure #39",
        "height": 30,
        "min_height": 0,
        "render_height": 30,
        "render_min_height": 0,
        "division": "Southeast Division",
        "bureau": "South Bureau",
        "extrusionColor": "#1e293b"
      },
      "geometry": {
        "type": "Polygon",
        "coordinates": [
          [
            [
              -118.2600934713112,
              33.92192982531138
            ],
            [
              -118.25694205463438,
              33.92192982531138
            ],
            [
              -118.25694205463438,
              33.922975812547946
            ],
            [
              -118.2600934713112,
              33.922975812547946
            ],
            [
              -118.2600934713112,
              33.92192982531138
            ]
          ]
        ]
      }
    },
    {
      "type": "Feature",
      "properties": {
        "layerType": "BUILDING_3D",
        "id": "SOUTHEAST_BLD_40",
        "name": "Structure #40",
        "height": 23,
        "min_height": 0,
        "render_height": 23,
        "render_min_height": 0,
        "division": "Southeast Division",
        "bureau": "South Bureau",
        "extrusionColor": "#1e293b"
      },
      "geometry": {
        "type": "Polygon",
        "coordinates": [
          [
            [
              -118.25398960248322,
              33.92135968614552
            ],
            [
              -118.25237800733353,
              33.92135968614552
            ],
            [
              -118.25237800733353,
              33.92350043886502
            ],
            [
              -118.25398960248322,
              33.92350043886502
            ],
            [
              -118.25398960248322,
              33.92135968614552
            ]
          ]
        ]
      }
    },
    {
      "type": "Feature",
      "properties": {
        "layerType": "BUILDING_3D",
        "id": "SOUTHEAST_BLD_41",
        "name": "Structure #41",
        "height": 30,
        "min_height": 0,
        "render_height": 30,
        "render_min_height": 0,
        "division": "Southeast Division",
        "bureau": "South Bureau",
        "extrusionColor": "#1e293b"
      },
      "geometry": {
        "type": "Polygon",
        "coordinates": [
          [
            [
              -118.2505347057906,
              33.92060211260257
            ],
            [
              -118.24723636085982,
              33.92060211260257
            ],
            [
              -118.24723636085982,
              33.92265896697594
            ],
            [
              -118.2505347057906,
              33.92265896697594
            ],
            [
              -118.2505347057906,
              33.92060211260257
            ]
          ]
        ]
      }
    },
    {
      "type": "Feature",
      "properties": {
        "layerType": "BUILDING_3D",
        "id": "SOUTHEAST_BLD_42",
        "name": "Structure #42",
        "height": 30,
        "min_height": 0,
        "render_height": 30,
        "render_min_height": 0,
        "division": "Southeast Division",
        "bureau": "South Bureau",
        "extrusionColor": "#1e293b"
      },
      "geometry": {
        "type": "Polygon",
        "coordinates": [
          [
            [
              -118.247368596879,
              33.92197802309561
            ],
            [
              -118.2441995175482,
              33.92197802309561
            ],
            [
              -118.2441995175482,
              33.92303468125558
            ],
            [
              -118.247368596879,
              33.92303468125558
            ],
            [
              -118.247368596879,
              33.92197802309561
            ]
          ]
        ]
      }
    },
    {
      "type": "Feature",
      "properties": {
        "layerType": "BUILDING_3D",
        "id": "SOUTHEAST_BLD_44",
        "name": "Structure #44",
        "height": 30,
        "min_height": 0,
        "render_height": 30,
        "render_min_height": 0,
        "division": "Southeast Division",
        "bureau": "South Bureau",
        "extrusionColor": "#1e293b"
      },
      "geometry": {
        "type": "Polygon",
        "coordinates": [
          [
            [
              -118.23735310289584,
              33.920761335244535
            ],
            [
              -118.23438970350821,
              33.920761335244535
            ],
            [
              -118.23438970350821,
              33.92251681781141
            ],
            [
              -118.23735310289584,
              33.92251681781141
            ],
            [
              -118.23735310289584,
              33.920761335244535
            ]
          ]
        ]
      }
    },
    {
      "type": "Feature",
      "properties": {
        "layerType": "BUILDING_3D",
        "id": "SOUTHEAST_BLD_45",
        "name": "Structure #45",
        "height": 30,
        "min_height": 0,
        "render_height": 30,
        "render_min_height": 0,
        "division": "Southeast Division",
        "bureau": "South Bureau",
        "extrusionColor": "#1e293b"
      },
      "geometry": {
        "type": "Polygon",
        "coordinates": [
          [
            [
              -118.23412327606768,
              33.92186415533944
            ],
            [
              -118.23141853255724,
              33.92186415533944
            ],
            [
              -118.23141853255724,
              33.92280072094771
            ],
            [
              -118.23412327606768,
              33.92280072094771
            ],
            [
              -118.23412327606768,
              33.92186415533944
            ]
          ]
        ]
      }
    },
    {
      "type": "Feature",
      "properties": {
        "layerType": "BUILDING_3D",
        "id": "SOUTHEAST_BLD_47",
        "name": "Structure #47",
        "height": 25,
        "min_height": 0,
        "render_height": 25,
        "render_min_height": 0,
        "division": "Southeast Division",
        "bureau": "South Bureau",
        "extrusionColor": "#1e293b"
      },
      "geometry": {
        "type": "Polygon",
        "coordinates": [
          [
            [
              -118.28987691703557,
              33.92372234184292
            ],
            [
              -118.28660882668106,
              33.92372234184292
            ],
            [
              -118.28660882668106,
              33.92498866313031
            ],
            [
              -118.28987691703557,
              33.92498866313031
            ],
            [
              -118.28987691703557,
              33.92372234184292
            ]
          ]
        ]
      }
    },
    {
      "type": "Feature",
      "properties": {
        "layerType": "BUILDING_3D",
        "id": "SOUTHEAST_BLD_48",
        "name": "Structure #48",
        "height": 9,
        "min_height": 0,
        "render_height": 9,
        "render_min_height": 0,
        "division": "Southeast Division",
        "bureau": "South Bureau",
        "extrusionColor": "#1e293b"
      },
      "geometry": {
        "type": "Polygon",
        "coordinates": [
          [
            [
              -118.28589446590128,
              33.924214612479204
            ],
            [
              -118.28394339310292,
              33.924214612479204
            ],
            [
              -118.28394339310292,
              33.92639167365817
            ],
            [
              -118.28589446590128,
              33.92639167365817
            ],
            [
              -118.28589446590128,
              33.924214612479204
            ]
          ]
        ]
      }
    },
    {
      "type": "Feature",
      "properties": {
        "layerType": "BUILDING_3D",
        "id": "SOUTHEAST_BLD_50",
        "name": "Structure #50",
        "height": 30,
        "min_height": 0,
        "render_height": 30,
        "render_min_height": 0,
        "division": "Southeast Division",
        "bureau": "South Bureau",
        "extrusionColor": "#1e293b"
      },
      "geometry": {
        "type": "Polygon",
        "coordinates": [
          [
            [
              -118.27658791758051,
              33.92446858108341
            ],
            [
              -118.27510369927546,
              33.92446858108341
            ],
            [
              -118.27510369927546,
              33.926227216802936
            ],
            [
              -118.27658791758051,
              33.926227216802936
            ],
            [
              -118.27658791758051,
              33.92446858108341
            ]
          ]
        ]
      }
    },
    {
      "type": "Feature",
      "properties": {
        "layerType": "BUILDING_3D",
        "id": "SOUTHEAST_BLD_51",
        "name": "Structure #51",
        "height": 23,
        "min_height": 0,
        "render_height": 23,
        "render_min_height": 0,
        "division": "Southeast Division",
        "bureau": "South Bureau",
        "extrusionColor": "#1e293b"
      },
      "geometry": {
        "type": "Polygon",
        "coordinates": [
          [
            [
              -118.27174470470113,
              33.923910257815656
            ],
            [
              -118.26903510299992,
              33.923910257815656
            ],
            [
              -118.26903510299992,
              33.92484354580882
            ],
            [
              -118.27174470470113,
              33.92484354580882
            ],
            [
              -118.27174470470113,
              33.923910257815656
            ]
          ]
        ]
      }
    },
    {
      "type": "Feature",
      "properties": {
        "layerType": "BUILDING_3D",
        "id": "SOUTHEAST_BLD_52",
        "name": "Structure #52",
        "height": 30,
        "min_height": 0,
        "render_height": 30,
        "render_min_height": 0,
        "division": "Southeast Division",
        "bureau": "South Bureau",
        "extrusionColor": "#1e293b"
      },
      "geometry": {
        "type": "Polygon",
        "coordinates": [
          [
            [
              -118.26827160277291,
              33.923994880839594
            ],
            [
              -118.26683364793901,
              33.923994880839594
            ],
            [
              -118.26683364793901,
              33.92603143631165
            ],
            [
              -118.26827160277291,
              33.92603143631165
            ],
            [
              -118.26827160277291,
              33.923994880839594
            ]
          ]
        ]
      }
    },
    {
      "type": "Feature",
      "properties": {
        "layerType": "BUILDING_3D",
        "id": "SOUTHEAST_BLD_54",
        "name": "Structure #54",
        "height": 16,
        "min_height": 0,
        "render_height": 16,
        "render_min_height": 0,
        "division": "Southeast Division",
        "bureau": "South Bureau",
        "extrusionColor": "#1e293b"
      },
      "geometry": {
        "type": "Polygon",
        "coordinates": [
          [
            [
              -118.26019885479381,
              33.9244166560396
            ],
            [
              -118.25764708413861,
              33.9244166560396
            ],
            [
              -118.25764708413861,
              33.92605433271571
            ],
            [
              -118.26019885479381,
              33.92605433271571
            ],
            [
              -118.26019885479381,
              33.9244166560396
            ]
          ]
        ]
      }
    },
    {
      "type": "Feature",
      "properties": {
        "layerType": "BUILDING_3D",
        "id": "SOUTHEAST_BLD_56",
        "name": "Structure #56",
        "height": 21,
        "min_height": 0,
        "render_height": 21,
        "render_min_height": 0,
        "division": "Southeast Division",
        "bureau": "South Bureau",
        "extrusionColor": "#1e293b"
      },
      "geometry": {
        "type": "Polygon",
        "coordinates": [
          [
            [
              -118.250553124999,
              33.9244677144894
            ],
            [
              -118.24817737528603,
              33.9244677144894
            ],
            [
              -118.24817737528603,
              33.92536506819237
            ],
            [
              -118.250553124999,
              33.92536506819237
            ],
            [
              -118.250553124999,
              33.9244677144894
            ]
          ]
        ]
      }
    },
    {
      "type": "Feature",
      "properties": {
        "layerType": "BUILDING_3D",
        "id": "SOUTHEAST_BLD_57",
        "name": "Structure #57",
        "height": 16,
        "min_height": 0,
        "render_height": 16,
        "render_min_height": 0,
        "division": "Southeast Division",
        "bureau": "South Bureau",
        "extrusionColor": "#1e293b"
      },
      "geometry": {
        "type": "Polygon",
        "coordinates": [
          [
            [
              -118.24574603989781,
              33.92390385921569
            ],
            [
              -118.24436345048879,
              33.92390385921569
            ],
            [
              -118.24436345048879,
              33.92577576548624
            ],
            [
              -118.24574603989781,
              33.92577576548624
            ],
            [
              -118.24574603989781,
              33.92390385921569
            ]
          ]
        ]
      }
    },
    {
      "type": "Feature",
      "properties": {
        "layerType": "BUILDING_3D",
        "id": "SOUTHEAST_BLD_58",
        "name": "Structure #58",
        "height": 22,
        "min_height": 0,
        "render_height": 22,
        "render_min_height": 0,
        "division": "Southeast Division",
        "bureau": "South Bureau",
        "extrusionColor": "#1e293b"
      },
      "geometry": {
        "type": "Polygon",
        "coordinates": [
          [
            [
              -118.24228146135657,
              33.92355109644835
            ],
            [
              -118.2393973391027,
              33.92355109644835
            ],
            [
              -118.2393973391027,
              33.9250971694764
            ],
            [
              -118.24228146135657,
              33.9250971694764
            ],
            [
              -118.24228146135657,
              33.92355109644835
            ]
          ]
        ]
      }
    },
    {
      "type": "Feature",
      "properties": {
        "layerType": "BUILDING_3D",
        "id": "SOUTHEAST_BLD_59",
        "name": "Structure #59",
        "height": 8,
        "min_height": 0,
        "render_height": 8,
        "render_min_height": 0,
        "division": "Southeast Division",
        "bureau": "South Bureau",
        "extrusionColor": "#1e293b"
      },
      "geometry": {
        "type": "Polygon",
        "coordinates": [
          [
            [
              -118.2384916439907,
              33.92410858233162
            ],
            [
              -118.23610954628822,
              33.92410858233162
            ],
            [
              -118.23610954628822,
              33.92609896770126
            ],
            [
              -118.2384916439907,
              33.92609896770126
            ],
            [
              -118.2384916439907,
              33.92410858233162
            ]
          ]
        ]
      }
    },
    {
      "type": "Feature",
      "properties": {
        "layerType": "BUILDING_3D",
        "id": "SOUTHEAST_BLD_61",
        "name": "Structure #61",
        "height": 21,
        "min_height": 0,
        "render_height": 21,
        "render_min_height": 0,
        "division": "Southeast Division",
        "bureau": "South Bureau",
        "extrusionColor": "#1e293b"
      },
      "geometry": {
        "type": "Polygon",
        "coordinates": [
          [
            [
              -118.2935128805022,
              33.927564701568464
            ],
            [
              -118.29215576317385,
              33.927564701568464
            ],
            [
              -118.29215576317385,
              33.928457415022955
            ],
            [
              -118.2935128805022,
              33.928457415022955
            ],
            [
              -118.2935128805022,
              33.927564701568464
            ]
          ]
        ]
      }
    },
    {
      "type": "Feature",
      "properties": {
        "layerType": "BUILDING_3D",
        "id": "SOUTHEAST_BLD_62",
        "name": "Structure #62",
        "height": 24,
        "min_height": 0,
        "render_height": 24,
        "render_min_height": 0,
        "division": "Southeast Division",
        "bureau": "South Bureau",
        "extrusionColor": "#1e293b"
      },
      "geometry": {
        "type": "Polygon",
        "coordinates": [
          [
            [
              -118.28864105239822,
              33.92615466746126
            ],
            [
              -118.28726561240907,
              33.92615466746126
            ],
            [
              -118.28726561240907,
              33.928092146687405
            ],
            [
              -118.28864105239822,
              33.928092146687405
            ],
            [
              -118.28864105239822,
              33.92615466746126
            ]
          ]
        ]
      }
    },
    {
      "type": "Feature",
      "properties": {
        "layerType": "BUILDING_3D",
        "id": "SOUTHEAST_BLD_63",
        "name": "Structure #63",
        "height": 13,
        "min_height": 0,
        "render_height": 13,
        "render_min_height": 0,
        "division": "Southeast Division",
        "bureau": "South Bureau",
        "extrusionColor": "#1e293b"
      },
      "geometry": {
        "type": "Polygon",
        "coordinates": [
          [
            [
              -118.28648021605969,
              33.926046990311164
            ],
            [
              -118.28349506288163,
              33.926046990311164
            ],
            [
              -118.28349506288163,
              33.928218851216016
            ],
            [
              -118.28648021605969,
              33.928218851216016
            ],
            [
              -118.28648021605969,
              33.926046990311164
            ]
          ]
        ]
      }
    },
    {
      "type": "Feature",
      "properties": {
        "layerType": "BUILDING_3D",
        "id": "SOUTHEAST_BLD_66",
        "name": "Structure #66",
        "height": 8,
        "min_height": 0,
        "render_height": 8,
        "render_min_height": 0,
        "division": "Southeast Division",
        "bureau": "South Bureau",
        "extrusionColor": "#1e293b"
      },
      "geometry": {
        "type": "Polygon",
        "coordinates": [
          [
            [
              -118.27156064076432,
              33.9266892195717
            ],
            [
              -118.2692319865754,
              33.9266892195717
            ],
            [
              -118.2692319865754,
              33.928168187476544
            ],
            [
              -118.27156064076432,
              33.928168187476544
            ],
            [
              -118.27156064076432,
              33.9266892195717
            ]
          ]
        ]
      }
    },
    {
      "type": "Feature",
      "properties": {
        "layerType": "BUILDING_3D",
        "id": "SOUTHEAST_BLD_67",
        "name": "Structure #67",
        "height": 30,
        "min_height": 0,
        "render_height": 30,
        "render_min_height": 0,
        "division": "Southeast Division",
        "bureau": "South Bureau",
        "extrusionColor": "#1e293b"
      },
      "geometry": {
        "type": "Polygon",
        "coordinates": [
          [
            [
              -118.26832327651175,
              33.92720163501919
            ],
            [
              -118.2660445704065,
              33.92720163501919
            ],
            [
              -118.2660445704065,
              33.928054082792386
            ],
            [
              -118.26832327651175,
              33.928054082792386
            ],
            [
              -118.26832327651175,
              33.92720163501919
            ]
          ]
        ]
      }
    },
    {
      "type": "Feature",
      "properties": {
        "layerType": "BUILDING_3D",
        "id": "SOUTHEAST_BLD_68",
        "name": "Structure #68",
        "height": 12,
        "min_height": 0,
        "render_height": 12,
        "render_min_height": 0,
        "division": "Southeast Division",
        "bureau": "South Bureau",
        "extrusionColor": "#1e293b"
      },
      "geometry": {
        "type": "Polygon",
        "coordinates": [
          [
            [
              -118.2632004438223,
              33.92684773422544
            ],
            [
              -118.26188704280877,
              33.92684773422544
            ],
            [
              -118.26188704280877,
              33.92835611442231
            ],
            [
              -118.2632004438223,
              33.92835611442231
            ],
            [
              -118.2632004438223,
              33.92684773422544
            ]
          ]
        ]
      }
    },
    {
      "type": "Feature",
      "properties": {
        "layerType": "BUILDING_3D",
        "id": "SOUTHEAST_BLD_69",
        "name": "Structure #69",
        "height": 18,
        "min_height": 0,
        "render_height": 18,
        "render_min_height": 0,
        "division": "Southeast Division",
        "bureau": "South Bureau",
        "extrusionColor": "#1e293b"
      },
      "geometry": {
        "type": "Polygon",
        "coordinates": [
          [
            [
              -118.25941237986007,
              33.926513268935146
            ],
            [
              -118.25708835703824,
              33.926513268935146
            ],
            [
              -118.25708835703824,
              33.927688147501975
            ],
            [
              -118.25941237986007,
              33.927688147501975
            ],
            [
              -118.25941237986007,
              33.926513268935146
            ]
          ]
        ]
      }
    },
    {
      "type": "Feature",
      "properties": {
        "layerType": "BUILDING_3D",
        "id": "SOUTHEAST_BLD_70",
        "name": "Structure #70",
        "height": 16,
        "min_height": 0,
        "render_height": 16,
        "render_min_height": 0,
        "division": "Southeast Division",
        "bureau": "South Bureau",
        "extrusionColor": "#1e293b"
      },
      "geometry": {
        "type": "Polygon",
        "coordinates": [
          [
            [
              -118.25559437082585,
              33.92680991700722
            ],
            [
              -118.25378418755251,
              33.92680991700722
            ],
            [
              -118.25378418755251,
              33.92844099130777
            ],
            [
              -118.25559437082585,
              33.92844099130777
            ],
            [
              -118.25559437082585,
              33.92680991700722
            ]
          ]
        ]
      }
    },
    {
      "type": "Feature",
      "properties": {
        "layerType": "BUILDING_3D",
        "id": "SOUTHEAST_BLD_72",
        "name": "Structure #72",
        "height": 16,
        "min_height": 0,
        "render_height": 16,
        "render_min_height": 0,
        "division": "Southeast Division",
        "bureau": "South Bureau",
        "extrusionColor": "#1e293b"
      },
      "geometry": {
        "type": "Polygon",
        "coordinates": [
          [
            [
              -118.24679202772595,
              33.92693124802385
            ],
            [
              -118.2444583457034,
              33.92693124802385
            ],
            [
              -118.2444583457034,
              33.928515970857035
            ],
            [
              -118.24679202772595,
              33.928515970857035
            ],
            [
              -118.24679202772595,
              33.92693124802385
            ]
          ]
        ]
      }
    },
    {
      "type": "Feature",
      "properties": {
        "layerType": "BUILDING_3D",
        "id": "SOUTHEAST_BLD_73",
        "name": "Structure #73",
        "height": 24,
        "min_height": 0,
        "render_height": 24,
        "render_min_height": 0,
        "division": "Southeast Division",
        "bureau": "South Bureau",
        "extrusionColor": "#1e293b"
      },
      "geometry": {
        "type": "Polygon",
        "coordinates": [
          [
            [
              -118.24195037341511,
              33.92685842139322
            ],
            [
              -118.23950872638324,
              33.92685842139322
            ],
            [
              -118.23950872638324,
              33.92840251763019
            ],
            [
              -118.24195037341511,
              33.92840251763019
            ],
            [
              -118.24195037341511,
              33.92685842139322
            ]
          ]
        ]
      }
    },
    {
      "type": "Feature",
      "properties": {
        "layerType": "BUILDING_3D",
        "id": "SOUTHEAST_BLD_74",
        "name": "Structure #74",
        "height": 12,
        "min_height": 0,
        "render_height": 12,
        "render_min_height": 0,
        "division": "Southeast Division",
        "bureau": "South Bureau",
        "extrusionColor": "#1e293b"
      },
      "geometry": {
        "type": "Polygon",
        "coordinates": [
          [
            [
              -118.23772924703859,
              33.926618630596856
            ],
            [
              -118.23535019505867,
              33.926618630596856
            ],
            [
              -118.23535019505867,
              33.928754425936255
            ],
            [
              -118.23772924703859,
              33.928754425936255
            ],
            [
              -118.23772924703859,
              33.926618630596856
            ]
          ]
        ]
      }
    },
    {
      "type": "Feature",
      "properties": {
        "layerType": "BUILDING_3D",
        "id": "SOUTHEAST_BLD_75",
        "name": "Structure #75",
        "height": 15,
        "min_height": 0,
        "render_height": 15,
        "render_min_height": 0,
        "division": "Southeast Division",
        "bureau": "South Bureau",
        "extrusionColor": "#1e293b"
      },
      "geometry": {
        "type": "Polygon",
        "coordinates": [
          [
            [
              -118.23376536915448,
              33.92705205371871
            ],
            [
              -118.23047466226119,
              33.92705205371871
            ],
            [
              -118.23047466226119,
              33.92825600026045
            ],
            [
              -118.23376536915448,
              33.92825600026045
            ],
            [
              -118.23376536915448,
              33.92705205371871
            ]
          ]
        ]
      }
    },
    {
      "type": "Feature",
      "properties": {
        "layerType": "BUILDING_3D",
        "id": "SOUTHEAST_BLD_76",
        "name": "Structure #76",
        "height": 13,
        "min_height": 0,
        "render_height": 13,
        "render_min_height": 0,
        "division": "Southeast Division",
        "bureau": "South Bureau",
        "extrusionColor": "#1e293b"
      },
      "geometry": {
        "type": "Polygon",
        "coordinates": [
          [
            [
              -118.29376424315932,
              33.93023977831233
            ],
            [
              -118.2919092736728,
              33.93023977831233
            ],
            [
              -118.2919092736728,
              33.93163999423071
            ],
            [
              -118.29376424315932,
              33.93163999423071
            ],
            [
              -118.29376424315932,
              33.93023977831233
            ]
          ]
        ]
      }
    },
    {
      "type": "Feature",
      "properties": {
        "layerType": "BUILDING_3D",
        "id": "SOUTHEAST_BLD_77",
        "name": "Structure #77",
        "height": 14,
        "min_height": 0,
        "render_height": 14,
        "render_min_height": 0,
        "division": "Southeast Division",
        "bureau": "South Bureau",
        "extrusionColor": "#1e293b"
      },
      "geometry": {
        "type": "Polygon",
        "coordinates": [
          [
            [
              -118.28885278600767,
              33.92954619033144
            ],
            [
              -118.28669541629638,
              33.92954619033144
            ],
            [
              -118.28669541629638,
              33.93084262413533
            ],
            [
              -118.28885278600767,
              33.93084262413533
            ],
            [
              -118.28885278600767,
              33.92954619033144
            ]
          ]
        ]
      }
    },
    {
      "type": "Feature",
      "properties": {
        "layerType": "BUILDING_3D",
        "id": "SOUTHEAST_BLD_78",
        "name": "Structure #78",
        "height": 30,
        "min_height": 0,
        "render_height": 30,
        "render_min_height": 0,
        "division": "Southeast Division",
        "bureau": "South Bureau",
        "extrusionColor": "#1e293b"
      },
      "geometry": {
        "type": "Polygon",
        "coordinates": [
          [
            [
              -118.28558809193379,
              33.92968206406464
            ],
            [
              -118.28359062355446,
              33.92968206406464
            ],
            [
              -118.28359062355446,
              33.93102078140476
            ],
            [
              -118.28558809193379,
              33.93102078140476
            ],
            [
              -118.28558809193379,
              33.92968206406464
            ]
          ]
        ]
      }
    },
    {
      "type": "Feature",
      "properties": {
        "layerType": "BUILDING_3D",
        "id": "SOUTHEAST_BLD_79",
        "name": "Structure #79",
        "height": 25,
        "min_height": 0,
        "render_height": 25,
        "render_min_height": 0,
        "division": "Southeast Division",
        "bureau": "South Bureau",
        "extrusionColor": "#1e293b"
      },
      "geometry": {
        "type": "Polygon",
        "coordinates": [
          [
            [
              -118.28104541240411,
              33.929167863999
            ],
            [
              -118.27898279605786,
              33.929167863999
            ],
            [
              -118.27898279605786,
              33.93136893008723
            ],
            [
              -118.28104541240411,
              33.93136893008723
            ],
            [
              -118.28104541240411,
              33.929167863999
            ]
          ]
        ]
      }
    },
    {
      "type": "Feature",
      "properties": {
        "layerType": "BUILDING_3D",
        "id": "SOUTHEAST_BLD_80",
        "name": "Structure #80",
        "height": 14,
        "min_height": 0,
        "render_height": 14,
        "render_min_height": 0,
        "division": "Southeast Division",
        "bureau": "South Bureau",
        "extrusionColor": "#1e293b"
      },
      "geometry": {
        "type": "Polygon",
        "coordinates": [
          [
            [
              -118.2775043280608,
              33.92919566381027
            ],
            [
              -118.27411305586561,
              33.92919566381027
            ],
            [
              -118.27411305586561,
              33.93140878393391
            ],
            [
              -118.2775043280608,
              33.93140878393391
            ],
            [
              -118.2775043280608,
              33.92919566381027
            ]
          ]
        ]
      }
    },
    {
      "type": "Feature",
      "properties": {
        "layerType": "BUILDING_3D",
        "id": "SOUTHEAST_BLD_81",
        "name": "Structure #81",
        "height": 19,
        "min_height": 0,
        "render_height": 19,
        "render_min_height": 0,
        "division": "Southeast Division",
        "bureau": "South Bureau",
        "extrusionColor": "#1e293b"
      },
      "geometry": {
        "type": "Polygon",
        "coordinates": [
          [
            [
              -118.27312816242566,
              33.9303313951472
            ],
            [
              -118.26971831808702,
              33.9303313951472
            ],
            [
              -118.26971831808702,
              33.93165281059397
            ],
            [
              -118.27312816242566,
              33.93165281059397
            ],
            [
              -118.27312816242566,
              33.9303313951472
            ]
          ]
        ]
      }
    },
    {
      "type": "Feature",
      "properties": {
        "layerType": "BUILDING_3D",
        "id": "SOUTHEAST_BLD_82",
        "name": "Structure #82",
        "height": 17,
        "min_height": 0,
        "render_height": 17,
        "render_min_height": 0,
        "division": "Southeast Division",
        "bureau": "South Bureau",
        "extrusionColor": "#1e293b"
      },
      "geometry": {
        "type": "Polygon",
        "coordinates": [
          [
            [
              -118.26704496155098,
              33.93011905022088
            ],
            [
              -118.26500900293671,
              33.93011905022088
            ],
            [
              -118.26500900293671,
              33.93188444197695
            ],
            [
              -118.26704496155098,
              33.93188444197695
            ],
            [
              -118.26704496155098,
              33.93011905022088
            ]
          ]
        ]
      }
    },
    {
      "type": "Feature",
      "properties": {
        "layerType": "BUILDING_3D",
        "id": "SOUTHEAST_BLD_83",
        "name": "Structure #83",
        "height": 30,
        "min_height": 0,
        "render_height": 30,
        "render_min_height": 0,
        "division": "Southeast Division",
        "bureau": "South Bureau",
        "extrusionColor": "#1e293b"
      },
      "geometry": {
        "type": "Polygon",
        "coordinates": [
          [
            [
              -118.26303879669672,
              33.92948025188768
            ],
            [
              -118.26031878569478,
              33.92948025188768
            ],
            [
              -118.26031878569478,
              33.93109651282714
            ],
            [
              -118.26303879669672,
              33.93109651282714
            ],
            [
              -118.26303879669672,
              33.92948025188768
            ]
          ]
        ]
      }
    },
    {
      "type": "Feature",
      "properties": {
        "layerType": "BUILDING_3D",
        "id": "SOUTHEAST_BLD_84",
        "name": "Structure #84",
        "height": 30,
        "min_height": 0,
        "render_height": 30,
        "render_min_height": 0,
        "division": "Southeast Division",
        "bureau": "South Bureau",
        "extrusionColor": "#1e293b"
      },
      "geometry": {
        "type": "Polygon",
        "coordinates": [
          [
            [
              -118.25968968598046,
              33.92967056270562
            ],
            [
              -118.25719944690339,
              33.92967056270562
            ],
            [
              -118.25719944690339,
              33.93161656410408
            ],
            [
              -118.25968968598046,
              33.93161656410408
            ],
            [
              -118.25968968598046,
              33.92967056270562
            ]
          ]
        ]
      }
    },
    {
      "type": "Feature",
      "properties": {
        "layerType": "BUILDING_3D",
        "id": "SOUTHEAST_BLD_85",
        "name": "Structure #85",
        "height": 16,
        "min_height": 0,
        "render_height": 16,
        "render_min_height": 0,
        "division": "Southeast Division",
        "bureau": "South Bureau",
        "extrusionColor": "#1e293b"
      },
      "geometry": {
        "type": "Polygon",
        "coordinates": [
          [
            [
              -118.25506313301653,
              33.92956207336043
            ],
            [
              -118.25206484938036,
              33.92956207336043
            ],
            [
              -118.25206484938036,
              33.931486444142706
            ],
            [
              -118.25506313301653,
              33.931486444142706
            ],
            [
              -118.25506313301653,
              33.92956207336043
            ]
          ]
        ]
      }
    },
    {
      "type": "Feature",
      "properties": {
        "layerType": "BUILDING_3D",
        "id": "SOUTHEAST_BLD_86",
        "name": "Structure #86",
        "height": 24,
        "min_height": 0,
        "render_height": 24,
        "render_min_height": 0,
        "division": "Southeast Division",
        "bureau": "South Bureau",
        "extrusionColor": "#1e293b"
      },
      "geometry": {
        "type": "Polygon",
        "coordinates": [
          [
            [
              -118.25089695363728,
              33.93003378610024
            ],
            [
              -118.24793199717273,
              33.93003378610024
            ],
            [
              -118.24793199717273,
              33.93154231613731
            ],
            [
              -118.25089695363728,
              33.93154231613731
            ],
            [
              -118.25089695363728,
              33.93003378610024
            ]
          ]
        ]
      }
    },
    {
      "type": "Feature",
      "properties": {
        "layerType": "BUILDING_3D",
        "id": "SOUTHEAST_BLD_87",
        "name": "Structure #87",
        "height": 23,
        "min_height": 0,
        "render_height": 23,
        "render_min_height": 0,
        "division": "Southeast Division",
        "bureau": "South Bureau",
        "extrusionColor": "#1e293b"
      },
      "geometry": {
        "type": "Polygon",
        "coordinates": [
          [
            [
              -118.24583683326777,
              33.929702354205425
            ],
            [
              -118.24351257958104,
              33.929702354205425
            ],
            [
              -118.24351257958104,
              33.931839139046225
            ],
            [
              -118.24583683326777,
              33.931839139046225
            ],
            [
              -118.24583683326777,
              33.929702354205425
            ]
          ]
        ]
      }
    },
    {
      "type": "Feature",
      "properties": {
        "layerType": "BUILDING_3D",
        "id": "SOUTHEAST_BLD_88",
        "name": "Structure #88",
        "height": 20,
        "min_height": 0,
        "render_height": 20,
        "render_min_height": 0,
        "division": "Southeast Division",
        "bureau": "South Bureau",
        "extrusionColor": "#1e293b"
      },
      "geometry": {
        "type": "Polygon",
        "coordinates": [
          [
            [
              -118.24201415055757,
              33.92942832331558
            ],
            [
              -118.23872191909916,
              33.92942832331558
            ],
            [
              -118.23872191909916,
              33.93144782474374
            ],
            [
              -118.24201415055757,
              33.93144782474374
            ],
            [
              -118.24201415055757,
              33.92942832331558
            ]
          ]
        ]
      }
    },
    {
      "type": "Feature",
      "properties": {
        "layerType": "BUILDING_3D",
        "id": "SOUTHEAST_BLD_89",
        "name": "Structure #89",
        "height": 18,
        "min_height": 0,
        "render_height": 18,
        "render_min_height": 0,
        "division": "Southeast Division",
        "bureau": "South Bureau",
        "extrusionColor": "#1e293b"
      },
      "geometry": {
        "type": "Polygon",
        "coordinates": [
          [
            [
              -118.23810302778044,
              33.930023800514185
            ],
            [
              -118.2349914996541,
              33.930023800514185
            ],
            [
              -118.2349914996541,
              33.93185755523108
            ],
            [
              -118.23810302778044,
              33.93185755523108
            ],
            [
              -118.23810302778044,
              33.930023800514185
            ]
          ]
        ]
      }
    },
    {
      "type": "Feature",
      "properties": {
        "layerType": "BUILDING_3D",
        "id": "SOUTHEAST_BLD_90",
        "name": "Structure #90",
        "height": 24,
        "min_height": 0,
        "render_height": 24,
        "render_min_height": 0,
        "division": "Southeast Division",
        "bureau": "South Bureau",
        "extrusionColor": "#1e293b"
      },
      "geometry": {
        "type": "Polygon",
        "coordinates": [
          [
            [
              -118.23285221846703,
              33.93000030023732
            ],
            [
              -118.23002687786618,
              33.93000030023732
            ],
            [
              -118.23002687786618,
              33.931693402047735
            ],
            [
              -118.23285221846703,
              33.931693402047735
            ],
            [
              -118.23285221846703,
              33.93000030023732
            ]
          ]
        ]
      }
    },
    {
      "type": "Feature",
      "properties": {
        "layerType": "BUILDING_3D",
        "id": "SOUTHEAST_BLD_91",
        "name": "Structure #91",
        "height": 30,
        "min_height": 0,
        "render_height": 30,
        "render_min_height": 0,
        "division": "Southeast Division",
        "bureau": "South Bureau",
        "extrusionColor": "#1e293b"
      },
      "geometry": {
        "type": "Polygon",
        "coordinates": [
          [
            [
              -118.2935550929677,
              33.93242747798088
            ],
            [
              -118.29094646203015,
              33.93242747798088
            ],
            [
              -118.29094646203015,
              33.934594029566156
            ],
            [
              -118.2935550929677,
              33.934594029566156
            ],
            [
              -118.2935550929677,
              33.93242747798088
            ]
          ]
        ]
      }
    },
    {
      "type": "Feature",
      "properties": {
        "layerType": "BUILDING_3D",
        "id": "SOUTHEAST_BLD_92",
        "name": "Structure #92",
        "height": 15,
        "min_height": 0,
        "render_height": 15,
        "render_min_height": 0,
        "division": "Southeast Division",
        "bureau": "South Bureau",
        "extrusionColor": "#1e293b"
      },
      "geometry": {
        "type": "Polygon",
        "coordinates": [
          [
            [
              -118.28981544133316,
              33.932861452799536
            ],
            [
              -118.28647734703881,
              33.932861452799536
            ],
            [
              -118.28647734703881,
              33.93393501009714
            ],
            [
              -118.28981544133316,
              33.93393501009714
            ],
            [
              -118.28981544133316,
              33.932861452799536
            ]
          ]
        ]
      }
    },
    {
      "type": "Feature",
      "properties": {
        "layerType": "BUILDING_3D",
        "id": "SOUTHEAST_BLD_93",
        "name": "Structure #93",
        "height": 16,
        "min_height": 0,
        "render_height": 16,
        "render_min_height": 0,
        "division": "Southeast Division",
        "bureau": "South Bureau",
        "extrusionColor": "#1e293b"
      },
      "geometry": {
        "type": "Polygon",
        "coordinates": [
          [
            [
              -118.28481346531628,
              33.9330611706092
            ],
            [
              -118.28315939185033,
              33.9330611706092
            ],
            [
              -118.28315939185033,
              33.934492811927235
            ],
            [
              -118.28481346531628,
              33.934492811927235
            ],
            [
              -118.28481346531628,
              33.9330611706092
            ]
          ]
        ]
      }
    },
    {
      "type": "Feature",
      "properties": {
        "layerType": "BUILDING_3D",
        "id": "SOUTHEAST_BLD_94",
        "name": "Structure #94",
        "height": 20,
        "min_height": 0,
        "render_height": 20,
        "render_min_height": 0,
        "division": "Southeast Division",
        "bureau": "South Bureau",
        "extrusionColor": "#1e293b"
      },
      "geometry": {
        "type": "Polygon",
        "coordinates": [
          [
            [
              -118.28017241861694,
              33.93214477817756
            ],
            [
              -118.2779666305121,
              33.93214477817756
            ],
            [
              -118.2779666305121,
              33.933660413498615
            ],
            [
              -118.28017241861694,
              33.933660413498615
            ],
            [
              -118.28017241861694,
              33.93214477817756
            ]
          ]
        ]
      }
    },
    {
      "type": "Feature",
      "properties": {
        "layerType": "BUILDING_3D",
        "id": "SOUTHEAST_BLD_95",
        "name": "Structure #95",
        "height": 30,
        "min_height": 0,
        "render_height": 30,
        "render_min_height": 0,
        "division": "Southeast Division",
        "bureau": "South Bureau",
        "extrusionColor": "#1e293b"
      },
      "geometry": {
        "type": "Polygon",
        "coordinates": [
          [
            [
              -118.27725100843755,
              33.93228912124171
            ],
            [
              -118.2749158073503,
              33.93228912124171
            ],
            [
              -118.2749158073503,
              33.93408900486716
            ],
            [
              -118.27725100843755,
              33.93408900486716
            ],
            [
              -118.27725100843755,
              33.93228912124171
            ]
          ]
        ]
      }
    },
    {
      "type": "Feature",
      "properties": {
        "layerType": "BUILDING_3D",
        "id": "SOUTHEAST_BLD_97",
        "name": "Structure #97",
        "height": 25,
        "min_height": 0,
        "render_height": 25,
        "render_min_height": 0,
        "division": "Southeast Division",
        "bureau": "South Bureau",
        "extrusionColor": "#1e293b"
      },
      "geometry": {
        "type": "Polygon",
        "coordinates": [
          [
            [
              -118.26853070786828,
              33.932473169712786
            ],
            [
              -118.26521297039213,
              33.932473169712786
            ],
            [
              -118.26521297039213,
              33.93449414408794
            ],
            [
              -118.26853070786828,
              33.93449414408794
            ],
            [
              -118.26853070786828,
              33.932473169712786
            ]
          ]
        ]
      }
    },
    {
      "type": "Feature",
      "properties": {
        "layerType": "BUILDING_3D",
        "id": "SOUTHEAST_BLD_98",
        "name": "Structure #98",
        "height": 11,
        "min_height": 0,
        "render_height": 11,
        "render_min_height": 0,
        "division": "Southeast Division",
        "bureau": "South Bureau",
        "extrusionColor": "#1e293b"
      },
      "geometry": {
        "type": "Polygon",
        "coordinates": [
          [
            [
              -118.2637450422203,
              33.93267781432436
            ],
            [
              -118.26063124466451,
              33.93267781432436
            ],
            [
              -118.26063124466451,
              33.93485502843935
            ],
            [
              -118.2637450422203,
              33.93485502843935
            ],
            [
              -118.2637450422203,
              33.93267781432436
            ]
          ]
        ]
      }
    },
    {
      "type": "Feature",
      "properties": {
        "layerType": "BUILDING_3D",
        "id": "SOUTHEAST_BLD_99",
        "name": "Structure #99",
        "height": 11,
        "min_height": 0,
        "render_height": 11,
        "render_min_height": 0,
        "division": "Southeast Division",
        "bureau": "South Bureau",
        "extrusionColor": "#1e293b"
      },
      "geometry": {
        "type": "Polygon",
        "coordinates": [
          [
            [
              -118.25909640459655,
              33.9331116187181
            ],
            [
              -118.25574188210827,
              33.9331116187181
            ],
            [
              -118.25574188210827,
              33.934209440282146
            ],
            [
              -118.25909640459655,
              33.934209440282146
            ],
            [
              -118.25909640459655,
              33.9331116187181
            ]
          ]
        ]
      }
    },
    {
      "type": "Feature",
      "properties": {
        "layerType": "BUILDING_3D",
        "id": "SOUTHEAST_BLD_100",
        "name": "Structure #100",
        "height": 30,
        "min_height": 0,
        "render_height": 30,
        "render_min_height": 0,
        "division": "Southeast Division",
        "bureau": "South Bureau",
        "extrusionColor": "#1e293b"
      },
      "geometry": {
        "type": "Polygon",
        "coordinates": [
          [
            [
              -118.25409469116026,
              33.93320898871697
            ],
            [
              -118.25240323275047,
              33.93320898871697
            ],
            [
              -118.25240323275047,
              33.93436205386702
            ],
            [
              -118.25409469116026,
              33.93436205386702
            ],
            [
              -118.25409469116026,
              33.93320898871697
            ]
          ]
        ]
      }
    },
    {
      "type": "Feature",
      "properties": {
        "layerType": "BUILDING_3D",
        "id": "SOUTHEAST_BLD_101",
        "name": "Structure #101",
        "height": 13,
        "min_height": 0,
        "render_height": 13,
        "render_min_height": 0,
        "division": "Southeast Division",
        "bureau": "South Bureau",
        "extrusionColor": "#1e293b"
      },
      "geometry": {
        "type": "Polygon",
        "coordinates": [
          [
            [
              -118.24961133590274,
              33.93181357276413
            ],
            [
              -118.24783476144934,
              33.93181357276413
            ],
            [
              -118.24783476144934,
              33.934030441738344
            ],
            [
              -118.24961133590274,
              33.934030441738344
            ],
            [
              -118.24961133590274,
              33.93181357276413
            ]
          ]
        ]
      }
    },
    {
      "type": "Feature",
      "properties": {
        "layerType": "BUILDING_3D",
        "id": "SOUTHEAST_BLD_102",
        "name": "Structure #102",
        "height": 30,
        "min_height": 0,
        "render_height": 30,
        "render_min_height": 0,
        "division": "Southeast Division",
        "bureau": "South Bureau",
        "extrusionColor": "#1e293b"
      },
      "geometry": {
        "type": "Polygon",
        "coordinates": [
          [
            [
              -118.24742797677824,
              33.93234717430091
            ],
            [
              -118.24401235643278,
              33.93234717430091
            ],
            [
              -118.24401235643278,
              33.93358522993916
            ],
            [
              -118.24742797677824,
              33.93358522993916
            ],
            [
              -118.24742797677824,
              33.93234717430091
            ]
          ]
        ]
      }
    },
    {
      "type": "Feature",
      "properties": {
        "layerType": "BUILDING_3D",
        "id": "SOUTHEAST_BLD_104",
        "name": "Structure #104",
        "height": 9,
        "min_height": 0,
        "render_height": 9,
        "render_min_height": 0,
        "division": "Southeast Division",
        "bureau": "South Bureau",
        "extrusionColor": "#1e293b"
      },
      "geometry": {
        "type": "Polygon",
        "coordinates": [
          [
            [
              -118.23703190439628,
              33.93254521236735
            ],
            [
              -118.23431643638432,
              33.93254521236735
            ],
            [
              -118.23431643638432,
              33.93352317665386
            ],
            [
              -118.23703190439628,
              33.93352317665386
            ],
            [
              -118.23703190439628,
              33.93254521236735
            ]
          ]
        ]
      }
    },
    {
      "type": "Feature",
      "properties": {
        "layerType": "BUILDING_3D",
        "id": "SOUTHEAST_BLD_105",
        "name": "Structure #105",
        "height": 30,
        "min_height": 0,
        "render_height": 30,
        "render_min_height": 0,
        "division": "Southeast Division",
        "bureau": "South Bureau",
        "extrusionColor": "#1e293b"
      },
      "geometry": {
        "type": "Polygon",
        "coordinates": [
          [
            [
              -118.23330070983401,
              33.9329577758161
            ],
            [
              -118.2317939204148,
              33.9329577758161
            ],
            [
              -118.2317939204148,
              33.93394963327324
            ],
            [
              -118.23330070983401,
              33.93394963327324
            ],
            [
              -118.23330070983401,
              33.9329577758161
            ]
          ]
        ]
      }
    },
    {
      "type": "Feature",
      "properties": {
        "layerType": "BUILDING_3D",
        "id": "SOUTHEAST_BLD_106",
        "name": "Structure #106",
        "height": 8,
        "min_height": 0,
        "render_height": 8,
        "render_min_height": 0,
        "division": "Southeast Division",
        "bureau": "South Bureau",
        "extrusionColor": "#1e293b"
      },
      "geometry": {
        "type": "Polygon",
        "coordinates": [
          [
            [
              -118.29333172318704,
              33.93493586549503
            ],
            [
              -118.29180352799384,
              33.93493586549503
            ],
            [
              -118.29180352799384,
              33.936341377363384
            ],
            [
              -118.29333172318704,
              33.936341377363384
            ],
            [
              -118.29333172318704,
              33.93493586549503
            ]
          ]
        ]
      }
    },
    {
      "type": "Feature",
      "properties": {
        "layerType": "BUILDING_3D",
        "id": "SOUTHEAST_BLD_107",
        "name": "Structure #107",
        "height": 17,
        "min_height": 0,
        "render_height": 17,
        "render_min_height": 0,
        "division": "Southeast Division",
        "bureau": "South Bureau",
        "extrusionColor": "#1e293b"
      },
      "geometry": {
        "type": "Polygon",
        "coordinates": [
          [
            [
              -118.2902839998299,
              33.935224920348375
            ],
            [
              -118.2881184704327,
              33.935224920348375
            ],
            [
              -118.2881184704327,
              33.93607455158303
            ],
            [
              -118.2902839998299,
              33.93607455158303
            ],
            [
              -118.2902839998299,
              33.935224920348375
            ]
          ]
        ]
      }
    },
    {
      "type": "Feature",
      "properties": {
        "layerType": "BUILDING_3D",
        "id": "SOUTHEAST_BLD_110",
        "name": "Structure #110",
        "height": 22,
        "min_height": 0,
        "render_height": 22,
        "render_min_height": 0,
        "division": "Southeast Division",
        "bureau": "South Bureau",
        "extrusionColor": "#1e293b"
      },
      "geometry": {
        "type": "Polygon",
        "coordinates": [
          [
            [
              -118.27705638424962,
              33.93537391165036
            ],
            [
              -118.27566245075116,
              33.93537391165036
            ],
            [
              -118.27566245075116,
              33.936895819259206
            ],
            [
              -118.27705638424962,
              33.936895819259206
            ],
            [
              -118.27705638424962,
              33.93537391165036
            ]
          ]
        ]
      }
    },
    {
      "type": "Feature",
      "properties": {
        "layerType": "BUILDING_3D",
        "id": "SOUTHEAST_BLD_112",
        "name": "Structure #112",
        "height": 11,
        "min_height": 0,
        "render_height": 11,
        "render_min_height": 0,
        "division": "Southeast Division",
        "bureau": "South Bureau",
        "extrusionColor": "#1e293b"
      },
      "geometry": {
        "type": "Polygon",
        "coordinates": [
          [
            [
              -118.26914487428247,
              33.935041961718134
            ],
            [
              -118.26610483211998,
              33.935041961718134
            ],
            [
              -118.26610483211998,
              33.93710559045602
            ],
            [
              -118.26914487428247,
              33.93710559045602
            ],
            [
              -118.26914487428247,
              33.935041961718134
            ]
          ]
        ]
      }
    },
    {
      "type": "Feature",
      "properties": {
        "layerType": "BUILDING_3D",
        "id": "SOUTHEAST_BLD_114",
        "name": "Structure #114",
        "height": 12,
        "min_height": 0,
        "render_height": 12,
        "render_min_height": 0,
        "division": "Southeast Division",
        "bureau": "South Bureau",
        "extrusionColor": "#1e293b"
      },
      "geometry": {
        "type": "Polygon",
        "coordinates": [
          [
            [
              -118.25848365497893,
              33.935464209726184
            ],
            [
              -118.25679894422774,
              33.935464209726184
            ],
            [
              -118.25679894422774,
              33.93755009625442
            ],
            [
              -118.25848365497893,
              33.93755009625442
            ],
            [
              -118.25848365497893,
              33.935464209726184
            ]
          ]
        ]
      }
    },
    {
      "type": "Feature",
      "properties": {
        "layerType": "BUILDING_3D",
        "id": "SOUTHEAST_BLD_115",
        "name": "Structure #115",
        "height": 13,
        "min_height": 0,
        "render_height": 13,
        "render_min_height": 0,
        "division": "Southeast Division",
        "bureau": "South Bureau",
        "extrusionColor": "#1e293b"
      },
      "geometry": {
        "type": "Polygon",
        "coordinates": [
          [
            [
              -118.25480329168114,
              33.93515125350442
            ],
            [
              -118.25158948132652,
              33.93515125350442
            ],
            [
              -118.25158948132652,
              33.93631075381412
            ],
            [
              -118.25480329168114,
              33.93631075381412
            ],
            [
              -118.25480329168114,
              33.93515125350442
            ]
          ]
        ]
      }
    },
    {
      "type": "Feature",
      "properties": {
        "layerType": "BUILDING_3D",
        "id": "SOUTHEAST_BLD_116",
        "name": "Structure #116",
        "height": 30,
        "min_height": 0,
        "render_height": 30,
        "render_min_height": 0,
        "division": "Southeast Division",
        "bureau": "South Bureau",
        "extrusionColor": "#1e293b"
      },
      "geometry": {
        "type": "Polygon",
        "coordinates": [
          [
            [
              -118.25095214274874,
              33.93587205161276
            ],
            [
              -118.24916565338269,
              33.93587205161276
            ],
            [
              -118.24916565338269,
              33.937177866832414
            ],
            [
              -118.25095214274874,
              33.937177866832414
            ],
            [
              -118.25095214274874,
              33.93587205161276
            ]
          ]
        ]
      }
    },
    {
      "type": "Feature",
      "properties": {
        "layerType": "BUILDING_3D",
        "id": "SOUTHEAST_BLD_118",
        "name": "Structure #118",
        "height": 30,
        "min_height": 0,
        "render_height": 30,
        "render_min_height": 0,
        "division": "Southeast Division",
        "bureau": "South Bureau",
        "extrusionColor": "#1e293b"
      },
      "geometry": {
        "type": "Polygon",
        "coordinates": [
          [
            [
              -118.24239440910293,
              33.93505298518865
            ],
            [
              -118.2402272079114,
              33.93505298518865
            ],
            [
              -118.2402272079114,
              33.9367488191628
            ],
            [
              -118.24239440910293,
              33.9367488191628
            ],
            [
              -118.24239440910293,
              33.93505298518865
            ]
          ]
        ]
      }
    },
    {
      "type": "Feature",
      "properties": {
        "layerType": "BUILDING_3D",
        "id": "SOUTHEAST_BLD_119",
        "name": "Structure #119",
        "height": 15,
        "min_height": 0,
        "render_height": 15,
        "render_min_height": 0,
        "division": "Southeast Division",
        "bureau": "South Bureau",
        "extrusionColor": "#1e293b"
      },
      "geometry": {
        "type": "Polygon",
        "coordinates": [
          [
            [
              -118.2381035487464,
              33.9354546546951
            ],
            [
              -118.23549070825287,
              33.9354546546951
            ],
            [
              -118.23549070825287,
              33.9365084003884
            ],
            [
              -118.2381035487464,
              33.9365084003884
            ],
            [
              -118.2381035487464,
              33.9354546546951
            ]
          ]
        ]
      }
    },
    {
      "type": "Feature",
      "properties": {
        "layerType": "BUILDING_3D",
        "id": "SOUTHEAST_BLD_120",
        "name": "Structure #120",
        "height": 25,
        "min_height": 0,
        "render_height": 25,
        "render_min_height": 0,
        "division": "Southeast Division",
        "bureau": "South Bureau",
        "extrusionColor": "#1e293b"
      },
      "geometry": {
        "type": "Polygon",
        "coordinates": [
          [
            [
              -118.23315134684015,
              33.935505053104634
            ],
            [
              -118.23152779792011,
              33.935505053104634
            ],
            [
              -118.23152779792011,
              33.93692078125402
            ],
            [
              -118.23315134684015,
              33.93692078125402
            ],
            [
              -118.23315134684015,
              33.935505053104634
            ]
          ]
        ]
      }
    },
    {
      "type": "Feature",
      "properties": {
        "layerType": "BUILDING_3D",
        "id": "SOUTHEAST_BLD_121",
        "name": "Structure #121",
        "height": 12,
        "min_height": 0,
        "render_height": 12,
        "render_min_height": 0,
        "division": "Southeast Division",
        "bureau": "South Bureau",
        "extrusionColor": "#1e293b"
      },
      "geometry": {
        "type": "Polygon",
        "coordinates": [
          [
            [
              -118.29374036262398,
              33.93739218234445
            ],
            [
              -118.29155909258641,
              33.93739218234445
            ],
            [
              -118.29155909258641,
              33.939631310764824
            ],
            [
              -118.29374036262398,
              33.939631310764824
            ],
            [
              -118.29374036262398,
              33.93739218234445
            ]
          ]
        ]
      }
    },
    {
      "type": "Feature",
      "properties": {
        "layerType": "BUILDING_3D",
        "id": "SOUTHEAST_BLD_122",
        "name": "Structure #122",
        "height": 15,
        "min_height": 0,
        "render_height": 15,
        "render_min_height": 0,
        "division": "Southeast Division",
        "bureau": "South Bureau",
        "extrusionColor": "#1e293b"
      },
      "geometry": {
        "type": "Polygon",
        "coordinates": [
          [
            [
              -118.29083278572115,
              33.93821130442113
            ],
            [
              -118.28738286934014,
              33.93821130442113
            ],
            [
              -118.28738286934014,
              33.939391360617876
            ],
            [
              -118.29083278572115,
              33.939391360617876
            ],
            [
              -118.29083278572115,
              33.93821130442113
            ]
          ]
        ]
      }
    },
    {
      "type": "Feature",
      "properties": {
        "layerType": "BUILDING_3D",
        "id": "SOUTHEAST_BLD_124",
        "name": "Structure #124",
        "height": 11,
        "min_height": 0,
        "render_height": 11,
        "render_min_height": 0,
        "division": "Southeast Division",
        "bureau": "South Bureau",
        "extrusionColor": "#1e293b"
      },
      "geometry": {
        "type": "Polygon",
        "coordinates": [
          [
            [
              -118.28010666665406,
              33.93767013821249
            ],
            [
              -118.27785346713634,
              33.93767013821249
            ],
            [
              -118.27785346713634,
              33.9395554517023
            ],
            [
              -118.28010666665406,
              33.9395554517023
            ],
            [
              -118.28010666665406,
              33.93767013821249
            ]
          ]
        ]
      }
    },
    {
      "type": "Feature",
      "properties": {
        "layerType": "BUILDING_3D",
        "id": "SOUTHEAST_BLD_125",
        "name": "Structure #125",
        "height": 30,
        "min_height": 0,
        "render_height": 30,
        "render_min_height": 0,
        "division": "Southeast Division",
        "bureau": "South Bureau",
        "extrusionColor": "#1e293b"
      },
      "geometry": {
        "type": "Polygon",
        "coordinates": [
          [
            [
              -118.27740452779112,
              33.93826736888673
            ],
            [
              -118.27449974848831,
              33.93826736888673
            ],
            [
              -118.27449974848831,
              33.9394099921509
            ],
            [
              -118.27740452779112,
              33.9394099921509
            ],
            [
              -118.27740452779112,
              33.93826736888673
            ]
          ]
        ]
      }
    },
    {
      "type": "Feature",
      "properties": {
        "layerType": "BUILDING_3D",
        "id": "SOUTHEAST_BLD_126",
        "name": "Structure #126",
        "height": 25,
        "min_height": 0,
        "render_height": 25,
        "render_min_height": 0,
        "division": "Southeast Division",
        "bureau": "South Bureau",
        "extrusionColor": "#1e293b"
      },
      "geometry": {
        "type": "Polygon",
        "coordinates": [
          [
            [
              -118.27215101682638,
              33.93824472389253
            ],
            [
              -118.27039053061195,
              33.93824472389253
            ],
            [
              -118.27039053061195,
              33.94010927769117
            ],
            [
              -118.27215101682638,
              33.94010927769117
            ],
            [
              -118.27215101682638,
              33.93824472389253
            ]
          ]
        ]
      }
    },
    {
      "type": "Feature",
      "properties": {
        "layerType": "BUILDING_3D",
        "id": "SOUTHEAST_BLD_127",
        "name": "Structure #127",
        "height": 19,
        "min_height": 0,
        "render_height": 19,
        "render_min_height": 0,
        "division": "Southeast Division",
        "bureau": "South Bureau",
        "extrusionColor": "#1e293b"
      },
      "geometry": {
        "type": "Polygon",
        "coordinates": [
          [
            [
              -118.26785257355819,
              33.93745818380293
            ],
            [
              -118.26497977955732,
              33.93745818380293
            ],
            [
              -118.26497977955732,
              33.939707513419734
            ],
            [
              -118.26785257355819,
              33.939707513419734
            ],
            [
              -118.26785257355819,
              33.93745818380293
            ]
          ]
        ]
      }
    },
    {
      "type": "Feature",
      "properties": {
        "layerType": "BUILDING_3D",
        "id": "SOUTHEAST_BLD_128",
        "name": "Structure #128",
        "height": 21,
        "min_height": 0,
        "render_height": 21,
        "render_min_height": 0,
        "division": "Southeast Division",
        "bureau": "South Bureau",
        "extrusionColor": "#1e293b"
      },
      "geometry": {
        "type": "Polygon",
        "coordinates": [
          [
            [
              -118.26473109458512,
              33.93827039483684
            ],
            [
              -118.26126546080515,
              33.93827039483684
            ],
            [
              -118.26126546080515,
              33.940050391240966
            ],
            [
              -118.26473109458512,
              33.940050391240966
            ],
            [
              -118.26473109458512,
              33.93827039483684
            ]
          ]
        ]
      }
    },
    {
      "type": "Feature",
      "properties": {
        "layerType": "BUILDING_3D",
        "id": "SOUTHEAST_BLD_129",
        "name": "Structure #129",
        "height": 20,
        "min_height": 0,
        "render_height": 20,
        "render_min_height": 0,
        "division": "Southeast Division",
        "bureau": "South Bureau",
        "extrusionColor": "#1e293b"
      },
      "geometry": {
        "type": "Polygon",
        "coordinates": [
          [
            [
              -118.25914635462175,
              33.938531460760856
            ],
            [
              -118.25640384164356,
              33.938531460760856
            ],
            [
              -118.25640384164356,
              33.94040496662602
            ],
            [
              -118.25914635462175,
              33.94040496662602
            ],
            [
              -118.25914635462175,
              33.938531460760856
            ]
          ]
        ]
      }
    },
    {
      "type": "Feature",
      "properties": {
        "layerType": "BUILDING_3D",
        "id": "SOUTHEAST_BLD_130",
        "name": "Structure #130",
        "height": 19,
        "min_height": 0,
        "render_height": 19,
        "render_min_height": 0,
        "division": "Southeast Division",
        "bureau": "South Bureau",
        "extrusionColor": "#1e293b"
      },
      "geometry": {
        "type": "Polygon",
        "coordinates": [
          [
            [
              -118.25441078638327,
              33.93819617080705
            ],
            [
              -118.2515241995688,
              33.93819617080705
            ],
            [
              -118.2515241995688,
              33.93998932343954
            ],
            [
              -118.25441078638327,
              33.93998932343954
            ],
            [
              -118.25441078638327,
              33.93819617080705
            ]
          ]
        ]
      }
    },
    {
      "type": "Feature",
      "properties": {
        "layerType": "BUILDING_3D",
        "id": "SOUTHEAST_BLD_131",
        "name": "Structure #131",
        "height": 30,
        "min_height": 0,
        "render_height": 30,
        "render_min_height": 0,
        "division": "Southeast Division",
        "bureau": "South Bureau",
        "extrusionColor": "#1e293b"
      },
      "geometry": {
        "type": "Polygon",
        "coordinates": [
          [
            [
              -118.25059404794173,
              33.93829364980349
            ],
            [
              -118.2478312646265,
              33.93829364980349
            ],
            [
              -118.2478312646265,
              33.940041459580776
            ],
            [
              -118.25059404794173,
              33.940041459580776
            ],
            [
              -118.25059404794173,
              33.93829364980349
            ]
          ]
        ]
      }
    },
    {
      "type": "Feature",
      "properties": {
        "layerType": "BUILDING_3D",
        "id": "SOUTHEAST_BLD_132",
        "name": "Structure #132",
        "height": 16,
        "min_height": 0,
        "render_height": 16,
        "render_min_height": 0,
        "division": "Southeast Division",
        "bureau": "South Bureau",
        "extrusionColor": "#1e293b"
      },
      "geometry": {
        "type": "Polygon",
        "coordinates": [
          [
            [
              -118.24611052474722,
              33.938260040398426
            ],
            [
              -118.2434176030163,
              33.938260040398426
            ],
            [
              -118.2434176030163,
              33.93994650381355
            ],
            [
              -118.24611052474722,
              33.93994650381355
            ],
            [
              -118.24611052474722,
              33.938260040398426
            ]
          ]
        ]
      }
    },
    {
      "type": "Feature",
      "properties": {
        "layerType": "BUILDING_3D",
        "id": "SOUTHEAST_BLD_133",
        "name": "Structure #133",
        "height": 9,
        "min_height": 0,
        "render_height": 9,
        "render_min_height": 0,
        "division": "Southeast Division",
        "bureau": "South Bureau",
        "extrusionColor": "#1e293b"
      },
      "geometry": {
        "type": "Polygon",
        "coordinates": [
          [
            [
              -118.24182897479353,
              33.938312692017334
            ],
            [
              -118.2392305719021,
              33.938312692017334
            ],
            [
              -118.2392305719021,
              33.93982130362633
            ],
            [
              -118.24182897479353,
              33.93982130362633
            ],
            [
              -118.24182897479353,
              33.938312692017334
            ]
          ]
        ]
      }
    },
    {
      "type": "Feature",
      "properties": {
        "layerType": "BUILDING_3D",
        "id": "SOUTHEAST_BLD_134",
        "name": "Structure #134",
        "height": 15,
        "min_height": 0,
        "render_height": 15,
        "render_min_height": 0,
        "division": "Southeast Division",
        "bureau": "South Bureau",
        "extrusionColor": "#1e293b"
      },
      "geometry": {
        "type": "Polygon",
        "coordinates": [
          [
            [
              -118.23741451896589,
              33.938520577097066
            ],
            [
              -118.23509013959796,
              33.938520577097066
            ],
            [
              -118.23509013959796,
              33.93951526436713
            ],
            [
              -118.23741451896589,
              33.93951526436713
            ],
            [
              -118.23741451896589,
              33.938520577097066
            ]
          ]
        ]
      }
    },
    {
      "type": "Feature",
      "properties": {
        "layerType": "BUILDING_3D",
        "id": "SOUTHEAST_BLD_135",
        "name": "Structure #135",
        "height": 13,
        "min_height": 0,
        "render_height": 13,
        "render_min_height": 0,
        "division": "Southeast Division",
        "bureau": "South Bureau",
        "extrusionColor": "#1e293b"
      },
      "geometry": {
        "type": "Polygon",
        "coordinates": [
          [
            [
              -118.23276088862083,
              33.93817007975367
            ],
            [
              -118.23122833341954,
              33.93817007975367
            ],
            [
              -118.23122833341954,
              33.93958119882074
            ],
            [
              -118.23276088862083,
              33.93958119882074
            ],
            [
              -118.23276088862083,
              33.93817007975367
            ]
          ]
        ]
      }
    },
    {
      "type": "Feature",
      "properties": {
        "layerType": "BUILDING_3D",
        "id": "SOUTHEAST_BLD_136",
        "name": "Structure #136",
        "height": 18,
        "min_height": 0,
        "render_height": 18,
        "render_min_height": 0,
        "division": "Southeast Division",
        "bureau": "South Bureau",
        "extrusionColor": "#1e293b"
      },
      "geometry": {
        "type": "Polygon",
        "coordinates": [
          [
            [
              -118.29396758082397,
              33.94064508153775
            ],
            [
              -118.29179341218732,
              33.94064508153775
            ],
            [
              -118.29179341218732,
              33.941908918094356
            ],
            [
              -118.29396758082397,
              33.941908918094356
            ],
            [
              -118.29396758082397,
              33.94064508153775
            ]
          ]
        ]
      }
    },
    {
      "type": "Feature",
      "properties": {
        "layerType": "BUILDING_3D",
        "id": "SOUTHEAST_BLD_137",
        "name": "Structure #137",
        "height": 9,
        "min_height": 0,
        "render_height": 9,
        "render_min_height": 0,
        "division": "Southeast Division",
        "bureau": "South Bureau",
        "extrusionColor": "#1e293b"
      },
      "geometry": {
        "type": "Polygon",
        "coordinates": [
          [
            [
              -118.29015424474184,
              33.94076624636669
            ],
            [
              -118.28820700026944,
              33.94076624636669
            ],
            [
              -118.28820700026944,
              33.94245404414062
            ],
            [
              -118.29015424474184,
              33.94245404414062
            ],
            [
              -118.29015424474184,
              33.94076624636669
            ]
          ]
        ]
      }
    },
    {
      "type": "Feature",
      "properties": {
        "layerType": "BUILDING_3D",
        "id": "SOUTHEAST_BLD_139",
        "name": "Structure #139",
        "height": 16,
        "min_height": 0,
        "render_height": 16,
        "render_min_height": 0,
        "division": "Southeast Division",
        "bureau": "South Bureau",
        "extrusionColor": "#1e293b"
      },
      "geometry": {
        "type": "Polygon",
        "coordinates": [
          [
            [
              -118.28089797812551,
              33.94122421028981
            ],
            [
              -118.27946643071864,
              33.94122421028981
            ],
            [
              -118.27946643071864,
              33.94243876614846
            ],
            [
              -118.28089797812551,
              33.94243876614846
            ],
            [
              -118.28089797812551,
              33.94122421028981
            ]
          ]
        ]
      }
    },
    {
      "type": "Feature",
      "properties": {
        "layerType": "BUILDING_3D",
        "id": "SOUTHEAST_BLD_140",
        "name": "Structure #140",
        "height": 21,
        "min_height": 0,
        "render_height": 21,
        "render_min_height": 0,
        "division": "Southeast Division",
        "bureau": "South Bureau",
        "extrusionColor": "#1e293b"
      },
      "geometry": {
        "type": "Polygon",
        "coordinates": [
          [
            [
              -118.2762619574794,
              33.94047551626193
            ],
            [
              -118.27439064178607,
              33.94047551626193
            ],
            [
              -118.27439064178607,
              33.94197359066058
            ],
            [
              -118.2762619574794,
              33.94197359066058
            ],
            [
              -118.2762619574794,
              33.94047551626193
            ]
          ]
        ]
      }
    },
    {
      "type": "Feature",
      "properties": {
        "layerType": "BUILDING_3D",
        "id": "SOUTHEAST_BLD_141",
        "name": "Structure #141",
        "height": 17,
        "min_height": 0,
        "render_height": 17,
        "render_min_height": 0,
        "division": "Southeast Division",
        "bureau": "South Bureau",
        "extrusionColor": "#1e293b"
      },
      "geometry": {
        "type": "Polygon",
        "coordinates": [
          [
            [
              -118.27308216753718,
              33.9404842965396
            ],
            [
              -118.27077402327853,
              33.9404842965396
            ],
            [
              -118.27077402327853,
              33.94242149283425
            ],
            [
              -118.27308216753718,
              33.94242149283425
            ],
            [
              -118.27308216753718,
              33.9404842965396
            ]
          ]
        ]
      }
    },
    {
      "type": "Feature",
      "properties": {
        "layerType": "BUILDING_3D",
        "id": "SOUTHEAST_BLD_143",
        "name": "Structure #143",
        "height": 12,
        "min_height": 0,
        "render_height": 12,
        "render_min_height": 0,
        "division": "Southeast Division",
        "bureau": "South Bureau",
        "extrusionColor": "#1e293b"
      },
      "geometry": {
        "type": "Polygon",
        "coordinates": [
          [
            [
              -118.26379107936565,
              33.94149466043255
            ],
            [
              -118.26132922315385,
              33.94149466043255
            ],
            [
              -118.26132922315385,
              33.9425673536389
            ],
            [
              -118.26379107936565,
              33.9425673536389
            ],
            [
              -118.26379107936565,
              33.94149466043255
            ]
          ]
        ]
      }
    },
    {
      "type": "Feature",
      "properties": {
        "layerType": "BUILDING_3D",
        "id": "SOUTHEAST_BLD_144",
        "name": "Structure #144",
        "height": 22,
        "min_height": 0,
        "render_height": 22,
        "render_min_height": 0,
        "division": "Southeast Division",
        "bureau": "South Bureau",
        "extrusionColor": "#1e293b"
      },
      "geometry": {
        "type": "Polygon",
        "coordinates": [
          [
            [
              -118.25851193059282,
              33.94114243915985
            ],
            [
              -118.25685918846747,
              33.94114243915985
            ],
            [
              -118.25685918846747,
              33.94237660382932
            ],
            [
              -118.25851193059282,
              33.94237660382932
            ],
            [
              -118.25851193059282,
              33.94114243915985
            ]
          ]
        ]
      }
    },
    {
      "type": "Feature",
      "properties": {
        "layerType": "BUILDING_3D",
        "id": "SOUTHEAST_BLD_145",
        "name": "Structure #145",
        "height": 25,
        "min_height": 0,
        "render_height": 25,
        "render_min_height": 0,
        "division": "Southeast Division",
        "bureau": "South Bureau",
        "extrusionColor": "#1e293b"
      },
      "geometry": {
        "type": "Polygon",
        "coordinates": [
          [
            [
              -118.25472127892408,
              33.94036233346177
            ],
            [
              -118.25281975113705,
              33.94036233346177
            ],
            [
              -118.25281975113705,
              33.9423164756684
            ],
            [
              -118.25472127892408,
              33.9423164756684
            ],
            [
              -118.25472127892408,
              33.94036233346177
            ]
          ]
        ]
      }
    },
    {
      "type": "Feature",
      "properties": {
        "layerType": "BUILDING_3D",
        "id": "SOUTHEAST_BLD_146",
        "name": "Structure #146",
        "height": 9,
        "min_height": 0,
        "render_height": 9,
        "render_min_height": 0,
        "division": "Southeast Division",
        "bureau": "South Bureau",
        "extrusionColor": "#1e293b"
      },
      "geometry": {
        "type": "Polygon",
        "coordinates": [
          [
            [
              -118.25158988622186,
              33.940371442317215
            ],
            [
              -118.24857905971092,
              33.940371442317215
            ],
            [
              -118.24857905971092,
              33.94256572115394
            ],
            [
              -118.25158988622186,
              33.94256572115394
            ],
            [
              -118.25158988622186,
              33.940371442317215
            ]
          ]
        ]
      }
    },
    {
      "type": "Feature",
      "properties": {
        "layerType": "BUILDING_3D",
        "id": "SOUTHEAST_BLD_148",
        "name": "Structure #148",
        "height": 10,
        "min_height": 0,
        "render_height": 10,
        "render_min_height": 0,
        "division": "Southeast Division",
        "bureau": "South Bureau",
        "extrusionColor": "#1e293b"
      },
      "geometry": {
        "type": "Polygon",
        "coordinates": [
          [
            [
              -118.24104203253167,
              33.94119896118974
            ],
            [
              -118.2396206450508,
              33.94119896118974
            ],
            [
              -118.2396206450508,
              33.94327438494902
            ],
            [
              -118.24104203253167,
              33.94327438494902
            ],
            [
              -118.24104203253167,
              33.94119896118974
            ]
          ]
        ]
      }
    },
    {
      "type": "Feature",
      "properties": {
        "layerType": "BUILDING_3D",
        "id": "SOUTHEAST_BLD_149",
        "name": "Structure #149",
        "height": 8,
        "min_height": 0,
        "render_height": 8,
        "render_min_height": 0,
        "division": "Southeast Division",
        "bureau": "South Bureau",
        "extrusionColor": "#1e293b"
      },
      "geometry": {
        "type": "Polygon",
        "coordinates": [
          [
            [
              -118.23730085979655,
              33.940700471486636
            ],
            [
              -118.23410316985631,
              33.940700471486636
            ],
            [
              -118.23410316985631,
              33.94173808474349
            ],
            [
              -118.23730085979655,
              33.94173808474349
            ],
            [
              -118.23730085979655,
              33.940700471486636
            ]
          ]
        ]
      }
    },
    {
      "type": "Feature",
      "properties": {
        "layerType": "BUILDING_3D",
        "id": "SOUTHEAST_BLD_150",
        "name": "Structure #150",
        "height": 30,
        "min_height": 0,
        "render_height": 30,
        "render_min_height": 0,
        "division": "Southeast Division",
        "bureau": "South Bureau",
        "extrusionColor": "#1e293b"
      },
      "geometry": {
        "type": "Polygon",
        "coordinates": [
          [
            [
              -118.23373556985763,
              33.94170072113875
            ],
            [
              -118.23213687683966,
              33.94170072113875
            ],
            [
              -118.23213687683966,
              33.9425824568761
            ],
            [
              -118.23373556985763,
              33.9425824568761
            ],
            [
              -118.23373556985763,
              33.94170072113875
            ]
          ]
        ]
      }
    },
    {
      "type": "Feature",
      "properties": {
        "layerType": "BUILDING_3D",
        "id": "SOUTHEAST_BLD_152",
        "name": "Structure #152",
        "height": 30,
        "min_height": 0,
        "render_height": 30,
        "render_min_height": 0,
        "division": "Southeast Division",
        "bureau": "South Bureau",
        "extrusionColor": "#1e293b"
      },
      "geometry": {
        "type": "Polygon",
        "coordinates": [
          [
            [
              -118.28980759569669,
              33.94295045075279
            ],
            [
              -118.2884478288079,
              33.94295045075279
            ],
            [
              -118.2884478288079,
              33.94504782642697
            ],
            [
              -118.28980759569669,
              33.94504782642697
            ],
            [
              -118.28980759569669,
              33.94295045075279
            ]
          ]
        ]
      }
    },
    {
      "type": "Feature",
      "properties": {
        "layerType": "BUILDING_3D",
        "id": "SOUTHEAST_BLD_156",
        "name": "Structure #156",
        "height": 30,
        "min_height": 0,
        "render_height": 30,
        "render_min_height": 0,
        "division": "Southeast Division",
        "bureau": "South Bureau",
        "extrusionColor": "#1e293b"
      },
      "geometry": {
        "type": "Polygon",
        "coordinates": [
          [
            [
              -118.27316347486274,
              33.9442388717874
            ],
            [
              -118.27084920914606,
              33.9442388717874
            ],
            [
              -118.27084920914606,
              33.94575386200784
            ],
            [
              -118.27316347486274,
              33.94575386200784
            ],
            [
              -118.27316347486274,
              33.9442388717874
            ]
          ]
        ]
      }
    },
    {
      "type": "Feature",
      "properties": {
        "layerType": "BUILDING_3D",
        "id": "SOUTHEAST_BLD_158",
        "name": "Structure #158",
        "height": 30,
        "min_height": 0,
        "render_height": 30,
        "render_min_height": 0,
        "division": "Southeast Division",
        "bureau": "South Bureau",
        "extrusionColor": "#1e293b"
      },
      "geometry": {
        "type": "Polygon",
        "coordinates": [
          [
            [
              -118.26355481214694,
              33.943878769106796
            ],
            [
              -118.2615556960397,
              33.943878769106796
            ],
            [
              -118.2615556960397,
              33.94513271524591
            ],
            [
              -118.26355481214694,
              33.94513271524591
            ],
            [
              -118.26355481214694,
              33.943878769106796
            ]
          ]
        ]
      }
    },
    {
      "type": "Feature",
      "properties": {
        "layerType": "BUILDING_3D",
        "id": "SOUTHEAST_BLD_159",
        "name": "Structure #159",
        "height": 14,
        "min_height": 0,
        "render_height": 14,
        "render_min_height": 0,
        "division": "Southeast Division",
        "bureau": "South Bureau",
        "extrusionColor": "#1e293b"
      },
      "geometry": {
        "type": "Polygon",
        "coordinates": [
          [
            [
              -118.25917197056138,
              33.94383773574537
            ],
            [
              -118.25723996465815,
              33.94383773574537
            ],
            [
              -118.25723996465815,
              33.94482576944292
            ],
            [
              -118.25917197056138,
              33.94482576944292
            ],
            [
              -118.25917197056138,
              33.94383773574537
            ]
          ]
        ]
      }
    },
    {
      "type": "Feature",
      "properties": {
        "layerType": "BUILDING_3D",
        "id": "SOUTHEAST_BLD_160",
        "name": "Structure #160",
        "height": 13,
        "min_height": 0,
        "render_height": 13,
        "render_min_height": 0,
        "division": "Southeast Division",
        "bureau": "South Bureau",
        "extrusionColor": "#1e293b"
      },
      "geometry": {
        "type": "Polygon",
        "coordinates": [
          [
            [
              -118.25490185899974,
              33.94363060750367
            ],
            [
              -118.25337955522869,
              33.94363060750367
            ],
            [
              -118.25337955522869,
              33.94496320631891
            ],
            [
              -118.25490185899974,
              33.94496320631891
            ],
            [
              -118.25490185899974,
              33.94363060750367
            ]
          ]
        ]
      }
    },
    {
      "type": "Feature",
      "properties": {
        "layerType": "BUILDING_3D",
        "id": "SOUTHEAST_BLD_161",
        "name": "Structure #161",
        "height": 23,
        "min_height": 0,
        "render_height": 23,
        "render_min_height": 0,
        "division": "Southeast Division",
        "bureau": "South Bureau",
        "extrusionColor": "#1e293b"
      },
      "geometry": {
        "type": "Polygon",
        "coordinates": [
          [
            [
              -118.25088765658694,
              33.9434329788357
            ],
            [
              -118.24883446730124,
              33.9434329788357
            ],
            [
              -118.24883446730124,
              33.944735375080384
            ],
            [
              -118.25088765658694,
              33.944735375080384
            ],
            [
              -118.25088765658694,
              33.9434329788357
            ]
          ]
        ]
      }
    },
    {
      "type": "Feature",
      "properties": {
        "layerType": "BUILDING_3D",
        "id": "SOUTHEAST_BLD_162",
        "name": "Structure #162",
        "height": 15,
        "min_height": 0,
        "render_height": 15,
        "render_min_height": 0,
        "division": "Southeast Division",
        "bureau": "South Bureau",
        "extrusionColor": "#1e293b"
      },
      "geometry": {
        "type": "Polygon",
        "coordinates": [
          [
            [
              -118.24685881779389,
              33.943333647380065
            ],
            [
              -118.24485216283911,
              33.943333647380065
            ],
            [
              -118.24485216283911,
              33.94538601072431
            ],
            [
              -118.24685881779389,
              33.94538601072431
            ],
            [
              -118.24685881779389,
              33.943333647380065
            ]
          ]
        ]
      }
    },
    {
      "type": "Feature",
      "properties": {
        "layerType": "BUILDING_3D",
        "id": "SOUTHEAST_BLD_164",
        "name": "Structure #164",
        "height": 14,
        "min_height": 0,
        "render_height": 14,
        "render_min_height": 0,
        "division": "Southeast Division",
        "bureau": "South Bureau",
        "extrusionColor": "#1e293b"
      },
      "geometry": {
        "type": "Polygon",
        "coordinates": [
          [
            [
              -118.23787284089289,
              33.944354953722936
            ],
            [
              -118.2357298445128,
              33.944354953722936
            ],
            [
              -118.2357298445128,
              33.94551632762787
            ],
            [
              -118.23787284089289,
              33.94551632762787
            ],
            [
              -118.23787284089289,
              33.944354953722936
            ]
          ]
        ]
      }
    },
    {
      "type": "Feature",
      "properties": {
        "layerType": "BUILDING_3D",
        "id": "SOUTHEAST_BLD_165",
        "name": "Structure #165",
        "height": 12,
        "min_height": 0,
        "render_height": 12,
        "render_min_height": 0,
        "division": "Southeast Division",
        "bureau": "South Bureau",
        "extrusionColor": "#1e293b"
      },
      "geometry": {
        "type": "Polygon",
        "coordinates": [
          [
            [
              -118.2324382935232,
              33.943738128380936
            ],
            [
              -118.23064891743262,
              33.943738128380936
            ],
            [
              -118.23064891743262,
              33.94507479093685
            ],
            [
              -118.2324382935232,
              33.94507479093685
            ],
            [
              -118.2324382935232,
              33.943738128380936
            ]
          ]
        ]
      }
    },
    {
      "type": "Feature",
      "properties": {
        "layerType": "BUILDING_3D",
        "id": "SOUTHEAST_BLD_166",
        "name": "Structure #166",
        "height": 30,
        "min_height": 0,
        "render_height": 30,
        "render_min_height": 0,
        "division": "Southeast Division",
        "bureau": "South Bureau",
        "extrusionColor": "#1e293b"
      },
      "geometry": {
        "type": "Polygon",
        "coordinates": [
          [
            [
              -118.2940553281242,
              33.94645683735157
            ],
            [
              -118.29199587766767,
              33.94645683735157
            ],
            [
              -118.29199587766767,
              33.94761386089633
            ],
            [
              -118.2940553281242,
              33.94761386089633
            ],
            [
              -118.2940553281242,
              33.94645683735157
            ]
          ]
        ]
      }
    },
    {
      "type": "Feature",
      "properties": {
        "layerType": "BUILDING_3D",
        "id": "SOUTHEAST_BLD_167",
        "name": "Structure #167",
        "height": 19,
        "min_height": 0,
        "render_height": 19,
        "render_min_height": 0,
        "division": "Southeast Division",
        "bureau": "South Bureau",
        "extrusionColor": "#1e293b"
      },
      "geometry": {
        "type": "Polygon",
        "coordinates": [
          [
            [
              -118.28986650245092,
              33.94652096431324
            ],
            [
              -118.2880838291375,
              33.94652096431324
            ],
            [
              -118.2880838291375,
              33.947830195776234
            ],
            [
              -118.28986650245092,
              33.947830195776234
            ],
            [
              -118.28986650245092,
              33.94652096431324
            ]
          ]
        ]
      }
    },
    {
      "type": "Feature",
      "properties": {
        "layerType": "BUILDING_3D",
        "id": "SOUTHEAST_BLD_168",
        "name": "Structure #168",
        "height": 17,
        "min_height": 0,
        "render_height": 17,
        "render_min_height": 0,
        "division": "Southeast Division",
        "bureau": "South Bureau",
        "extrusionColor": "#1e293b"
      },
      "geometry": {
        "type": "Polygon",
        "coordinates": [
          [
            [
              -118.28543436609517,
              33.946174623537736
            ],
            [
              -118.28341717984107,
              33.946174623537736
            ],
            [
              -118.28341717984107,
              33.94788911413388
            ],
            [
              -118.28543436609517,
              33.94788911413388
            ],
            [
              -118.28543436609517,
              33.946174623537736
            ]
          ]
        ]
      }
    },
    {
      "type": "Feature",
      "properties": {
        "layerType": "BUILDING_3D",
        "id": "SOUTHEAST_BLD_169",
        "name": "Structure #169",
        "height": 9,
        "min_height": 0,
        "render_height": 9,
        "render_min_height": 0,
        "division": "Southeast Division",
        "bureau": "South Bureau",
        "extrusionColor": "#1e293b"
      },
      "geometry": {
        "type": "Polygon",
        "coordinates": [
          [
            [
              -118.28163465410482,
              33.94634653693279
            ],
            [
              -118.27899306859372,
              33.94634653693279
            ],
            [
              -118.27899306859372,
              33.94796073340801
            ],
            [
              -118.28163465410482,
              33.94796073340801
            ],
            [
              -118.28163465410482,
              33.94634653693279
            ]
          ]
        ]
      }
    },
    {
      "type": "Feature",
      "properties": {
        "layerType": "BUILDING_3D",
        "id": "SOUTHEAST_BLD_170",
        "name": "Structure #170",
        "height": 16,
        "min_height": 0,
        "render_height": 16,
        "render_min_height": 0,
        "division": "Southeast Division",
        "bureau": "South Bureau",
        "extrusionColor": "#1e293b"
      },
      "geometry": {
        "type": "Polygon",
        "coordinates": [
          [
            [
              -118.27703644679985,
              33.94698288262219
            ],
            [
              -118.27454938852694,
              33.94698288262219
            ],
            [
              -118.27454938852694,
              33.94797280233164
            ],
            [
              -118.27703644679985,
              33.94797280233164
            ],
            [
              -118.27703644679985,
              33.94698288262219
            ]
          ]
        ]
      }
    },
    {
      "type": "Feature",
      "properties": {
        "layerType": "BUILDING_3D",
        "id": "SOUTHEAST_BLD_171",
        "name": "Structure #171",
        "height": 17,
        "min_height": 0,
        "render_height": 17,
        "render_min_height": 0,
        "division": "Southeast Division",
        "bureau": "South Bureau",
        "extrusionColor": "#1e293b"
      },
      "geometry": {
        "type": "Polygon",
        "coordinates": [
          [
            [
              -118.27172266973766,
              33.946637709672466
            ],
            [
              -118.27019746011125,
              33.946637709672466
            ],
            [
              -118.27019746011125,
              33.94815750468788
            ],
            [
              -118.27172266973766,
              33.94815750468788
            ],
            [
              -118.27172266973766,
              33.946637709672466
            ]
          ]
        ]
      }
    },
    {
      "type": "Feature",
      "properties": {
        "layerType": "BUILDING_3D",
        "id": "SOUTHEAST_BLD_172",
        "name": "Structure #172",
        "height": 20,
        "min_height": 0,
        "render_height": 20,
        "render_min_height": 0,
        "division": "Southeast Division",
        "bureau": "South Bureau",
        "extrusionColor": "#1e293b"
      },
      "geometry": {
        "type": "Polygon",
        "coordinates": [
          [
            [
              -118.26792115843058,
              33.946113809219774
            ],
            [
              -118.26557954833275,
              33.946113809219774
            ],
            [
              -118.26557954833275,
              33.94768256231534
            ],
            [
              -118.26792115843058,
              33.94768256231534
            ],
            [
              -118.26792115843058,
              33.946113809219774
            ]
          ]
        ]
      }
    },
    {
      "type": "Feature",
      "properties": {
        "layerType": "BUILDING_3D",
        "id": "SOUTHEAST_BLD_173",
        "name": "Structure #173",
        "height": 21,
        "min_height": 0,
        "render_height": 21,
        "render_min_height": 0,
        "division": "Southeast Division",
        "bureau": "South Bureau",
        "extrusionColor": "#1e293b"
      },
      "geometry": {
        "type": "Polygon",
        "coordinates": [
          [
            [
              -118.26439501986879,
              33.94640035614679
            ],
            [
              -118.26197797806229,
              33.94640035614679
            ],
            [
              -118.26197797806229,
              33.94824381587788
            ],
            [
              -118.26439501986879,
              33.94824381587788
            ],
            [
              -118.26439501986879,
              33.94640035614679
            ]
          ]
        ]
      }
    },
    {
      "type": "Feature",
      "properties": {
        "layerType": "BUILDING_3D",
        "id": "SOUTHEAST_BLD_175",
        "name": "Structure #175",
        "height": 25,
        "min_height": 0,
        "render_height": 25,
        "render_min_height": 0,
        "division": "Southeast Division",
        "bureau": "South Bureau",
        "extrusionColor": "#1e293b"
      },
      "geometry": {
        "type": "Polygon",
        "coordinates": [
          [
            [
              -118.25528456088244,
              33.946464799481525
            ],
            [
              -118.25232817222715,
              33.946464799481525
            ],
            [
              -118.25232817222715,
              33.948697236088215
            ],
            [
              -118.25528456088244,
              33.948697236088215
            ],
            [
              -118.25528456088244,
              33.946464799481525
            ]
          ]
        ]
      }
    },
    {
      "type": "Feature",
      "properties": {
        "layerType": "BUILDING_3D",
        "id": "SOUTHEAST_BLD_176",
        "name": "Structure #176",
        "height": 14,
        "min_height": 0,
        "render_height": 14,
        "render_min_height": 0,
        "division": "Southeast Division",
        "bureau": "South Bureau",
        "extrusionColor": "#1e293b"
      },
      "geometry": {
        "type": "Polygon",
        "coordinates": [
          [
            [
              -118.2508542348729,
              33.946526443731024
            ],
            [
              -118.24741462884187,
              33.946526443731024
            ],
            [
              -118.24741462884187,
              33.948756152180245
            ],
            [
              -118.2508542348729,
              33.948756152180245
            ],
            [
              -118.2508542348729,
              33.946526443731024
            ]
          ]
        ]
      }
    },
    {
      "type": "Feature",
      "properties": {
        "layerType": "BUILDING_3D",
        "id": "SOUTHEAST_BLD_177",
        "name": "Structure #177",
        "height": 14,
        "min_height": 0,
        "render_height": 14,
        "render_min_height": 0,
        "division": "Southeast Division",
        "bureau": "South Bureau",
        "extrusionColor": "#1e293b"
      },
      "geometry": {
        "type": "Polygon",
        "coordinates": [
          [
            [
              -118.24642592373294,
              33.94720713311267
            ],
            [
              -118.24299052108526,
              33.94720713311267
            ],
            [
              -118.24299052108526,
              33.94857726545804
            ],
            [
              -118.24642592373294,
              33.94857726545804
            ],
            [
              -118.24642592373294,
              33.94720713311267
            ]
          ]
        ]
      }
    },
    {
      "type": "Feature",
      "properties": {
        "layerType": "BUILDING_3D",
        "id": "SOUTHEAST_BLD_178",
        "name": "Structure #178",
        "height": 19,
        "min_height": 0,
        "render_height": 19,
        "render_min_height": 0,
        "division": "Southeast Division",
        "bureau": "South Bureau",
        "extrusionColor": "#1e293b"
      },
      "geometry": {
        "type": "Polygon",
        "coordinates": [
          [
            [
              -118.24104382453753,
              33.94720601665973
            ],
            [
              -118.23893280581281,
              33.94720601665973
            ],
            [
              -118.23893280581281,
              33.94857401685902
            ],
            [
              -118.24104382453753,
              33.94857401685902
            ],
            [
              -118.24104382453753,
              33.94720601665973
            ]
          ]
        ]
      }
    },
    {
      "type": "Feature",
      "properties": {
        "layerType": "BUILDING_3D",
        "id": "SOUTHEAST_BLD_179",
        "name": "Structure #179",
        "height": 30,
        "min_height": 0,
        "render_height": 30,
        "render_min_height": 0,
        "division": "Southeast Division",
        "bureau": "South Bureau",
        "extrusionColor": "#1e293b"
      },
      "geometry": {
        "type": "Polygon",
        "coordinates": [
          [
            [
              -118.23671221136873,
              33.9463321125833
            ],
            [
              -118.23460447772833,
              33.9463321125833
            ],
            [
              -118.23460447772833,
              33.9480725991693
            ],
            [
              -118.23671221136873,
              33.9480725991693
            ],
            [
              -118.23671221136873,
              33.9463321125833
            ]
          ]
        ]
      }
    },
    {
      "type": "Feature",
      "properties": {
        "layerType": "BUILDING_3D",
        "id": "SOUTHEAST_BLD_180",
        "name": "Structure #180",
        "height": 30,
        "min_height": 0,
        "render_height": 30,
        "render_min_height": 0,
        "division": "Southeast Division",
        "bureau": "South Bureau",
        "extrusionColor": "#1e293b"
      },
      "geometry": {
        "type": "Polygon",
        "coordinates": [
          [
            [
              -118.23372533764945,
              33.9465366862602
            ],
            [
              -118.23104369905766,
              33.9465366862602
            ],
            [
              -118.23104369905766,
              33.94786461405867
            ],
            [
              -118.23372533764945,
              33.94786461405867
            ],
            [
              -118.23372533764945,
              33.9465366862602
            ]
          ]
        ]
      }
    },
    {
      "type": "Feature",
      "properties": {
        "layerType": "BUILDING_3D",
        "id": "SOUTHEAST_BLD_181",
        "name": "Structure #181",
        "height": 16,
        "min_height": 0,
        "render_height": 16,
        "render_min_height": 0,
        "division": "Southeast Division",
        "bureau": "South Bureau",
        "extrusionColor": "#1e293b"
      },
      "geometry": {
        "type": "Polygon",
        "coordinates": [
          [
            [
              -118.29407680931762,
              33.94941664220199
            ],
            [
              -118.29203081685775,
              33.94941664220199
            ],
            [
              -118.29203081685775,
              33.95120563633562
            ],
            [
              -118.29407680931762,
              33.95120563633562
            ],
            [
              -118.29407680931762,
              33.94941664220199
            ]
          ]
        ]
      }
    },
    {
      "type": "Feature",
      "properties": {
        "layerType": "BUILDING_3D",
        "id": "SOUTHEAST_BLD_182",
        "name": "Structure #182",
        "height": 22,
        "min_height": 0,
        "render_height": 22,
        "render_min_height": 0,
        "division": "Southeast Division",
        "bureau": "South Bureau",
        "extrusionColor": "#1e293b"
      },
      "geometry": {
        "type": "Polygon",
        "coordinates": [
          [
            [
              -118.28963954386657,
              33.9492406370967
            ],
            [
              -118.28688316771994,
              33.9492406370967
            ],
            [
              -118.28688316771994,
              33.950721547380844
            ],
            [
              -118.28963954386657,
              33.950721547380844
            ],
            [
              -118.28963954386657,
              33.9492406370967
            ]
          ]
        ]
      }
    },
    {
      "type": "Feature",
      "properties": {
        "layerType": "BUILDING_3D",
        "id": "SOUTHEAST_BLD_183",
        "name": "Structure #183",
        "height": 15,
        "min_height": 0,
        "render_height": 15,
        "render_min_height": 0,
        "division": "Southeast Division",
        "bureau": "South Bureau",
        "extrusionColor": "#1e293b"
      },
      "geometry": {
        "type": "Polygon",
        "coordinates": [
          [
            [
              -118.28557738876952,
              33.94934283214794
            ],
            [
              -118.28329568996136,
              33.94934283214794
            ],
            [
              -118.28329568996136,
              33.95135705846587
            ],
            [
              -118.28557738876952,
              33.95135705846587
            ],
            [
              -118.28557738876952,
              33.94934283214794
            ]
          ]
        ]
      }
    },
    {
      "type": "Feature",
      "properties": {
        "layerType": "BUILDING_3D",
        "id": "SOUTHEAST_BLD_184",
        "name": "Structure #184",
        "height": 14,
        "min_height": 0,
        "render_height": 14,
        "render_min_height": 0,
        "division": "Southeast Division",
        "bureau": "South Bureau",
        "extrusionColor": "#1e293b"
      },
      "geometry": {
        "type": "Polygon",
        "coordinates": [
          [
            [
              -118.28108659935725,
              33.94938954894794
            ],
            [
              -118.27798319880816,
              33.94938954894794
            ],
            [
              -118.27798319880816,
              33.9508174075067
            ],
            [
              -118.28108659935725,
              33.9508174075067
            ],
            [
              -118.28108659935725,
              33.94938954894794
            ]
          ]
        ]
      }
    },
    {
      "type": "Feature",
      "properties": {
        "layerType": "BUILDING_3D",
        "id": "SOUTHEAST_BLD_185",
        "name": "Structure #185",
        "height": 13,
        "min_height": 0,
        "render_height": 13,
        "render_min_height": 0,
        "division": "Southeast Division",
        "bureau": "South Bureau",
        "extrusionColor": "#1e293b"
      },
      "geometry": {
        "type": "Polygon",
        "coordinates": [
          [
            [
              -118.2766812875469,
              33.94986646750737
            ],
            [
              -118.2744813276934,
              33.94986646750737
            ],
            [
              -118.2744813276934,
              33.951193794601316
            ],
            [
              -118.2766812875469,
              33.951193794601316
            ],
            [
              -118.2766812875469,
              33.94986646750737
            ]
          ]
        ]
      }
    },
    {
      "type": "Feature",
      "properties": {
        "layerType": "BUILDING_3D",
        "id": "SOUTHEAST_BLD_186",
        "name": "Structure #186",
        "height": 16,
        "min_height": 0,
        "render_height": 16,
        "render_min_height": 0,
        "division": "Southeast Division",
        "bureau": "South Bureau",
        "extrusionColor": "#1e293b"
      },
      "geometry": {
        "type": "Polygon",
        "coordinates": [
          [
            [
              -118.27161314635902,
              33.949425452275996
            ],
            [
              -118.26956807942909,
              33.949425452275996
            ],
            [
              -118.26956807942909,
              33.95069662141801
            ],
            [
              -118.27161314635902,
              33.95069662141801
            ],
            [
              -118.27161314635902,
              33.949425452275996
            ]
          ]
        ]
      }
    },
    {
      "type": "Feature",
      "properties": {
        "layerType": "BUILDING_3D",
        "id": "SOUTHEAST_BLD_187",
        "name": "Structure #187",
        "height": 12,
        "min_height": 0,
        "render_height": 12,
        "render_min_height": 0,
        "division": "Southeast Division",
        "bureau": "South Bureau",
        "extrusionColor": "#1e293b"
      },
      "geometry": {
        "type": "Polygon",
        "coordinates": [
          [
            [
              -118.26795930315996,
              33.949227272208454
            ],
            [
              -118.26600076107448,
              33.949227272208454
            ],
            [
              -118.26600076107448,
              33.95073395114186
            ],
            [
              -118.26795930315996,
              33.95073395114186
            ],
            [
              -118.26795930315996,
              33.949227272208454
            ]
          ]
        ]
      }
    },
    {
      "type": "Feature",
      "properties": {
        "layerType": "BUILDING_3D",
        "id": "SOUTHEAST_BLD_188",
        "name": "Structure #188",
        "height": 11,
        "min_height": 0,
        "render_height": 11,
        "render_min_height": 0,
        "division": "Southeast Division",
        "bureau": "South Bureau",
        "extrusionColor": "#1e293b"
      },
      "geometry": {
        "type": "Polygon",
        "coordinates": [
          [
            [
              -118.26393131393068,
              33.949326370433674
            ],
            [
              -118.26160991231477,
              33.949326370433674
            ],
            [
              -118.26160991231477,
              33.95054500019355
            ],
            [
              -118.26393131393068,
              33.95054500019355
            ],
            [
              -118.26393131393068,
              33.949326370433674
            ]
          ]
        ]
      }
    },
    {
      "type": "Feature",
      "properties": {
        "layerType": "BUILDING_3D",
        "id": "SOUTHEAST_BLD_189",
        "name": "Structure #189",
        "height": 17,
        "min_height": 0,
        "render_height": 17,
        "render_min_height": 0,
        "division": "Southeast Division",
        "bureau": "South Bureau",
        "extrusionColor": "#1e293b"
      },
      "geometry": {
        "type": "Polygon",
        "coordinates": [
          [
            [
              -118.25944529592441,
              33.94956015427441
            ],
            [
              -118.25756770340548,
              33.94956015427441
            ],
            [
              -118.25756770340548,
              33.950688032019045
            ],
            [
              -118.25944529592441,
              33.950688032019045
            ],
            [
              -118.25944529592441,
              33.94956015427441
            ]
          ]
        ]
      }
    },
    {
      "type": "Feature",
      "properties": {
        "layerType": "BUILDING_3D",
        "id": "SOUTHEAST_BLD_190",
        "name": "Structure #190",
        "height": 25,
        "min_height": 0,
        "render_height": 25,
        "render_min_height": 0,
        "division": "Southeast Division",
        "bureau": "South Bureau",
        "extrusionColor": "#1e293b"
      },
      "geometry": {
        "type": "Polygon",
        "coordinates": [
          [
            [
              -118.25475176230314,
              33.94910766593864
            ],
            [
              -118.2530139951114,
              33.94910766593864
            ],
            [
              -118.2530139951114,
              33.95067964167717
            ],
            [
              -118.25475176230314,
              33.95067964167717
            ],
            [
              -118.25475176230314,
              33.94910766593864
            ]
          ]
        ]
      }
    },
    {
      "type": "Feature",
      "properties": {
        "layerType": "BUILDING_3D",
        "id": "SOUTHEAST_BLD_191",
        "name": "Structure #191",
        "height": 13,
        "min_height": 0,
        "render_height": 13,
        "render_min_height": 0,
        "division": "Southeast Division",
        "bureau": "South Bureau",
        "extrusionColor": "#1e293b"
      },
      "geometry": {
        "type": "Polygon",
        "coordinates": [
          [
            [
              -118.25111559618344,
              33.94871790072256
            ],
            [
              -118.24869358911963,
              33.94871790072256
            ],
            [
              -118.24869358911963,
              33.95092420366887
            ],
            [
              -118.25111559618344,
              33.95092420366887
            ],
            [
              -118.25111559618344,
              33.94871790072256
            ]
          ]
        ]
      }
    },
    {
      "type": "Feature",
      "properties": {
        "layerType": "BUILDING_3D",
        "id": "SOUTHEAST_BLD_192",
        "name": "Structure #192",
        "height": 10,
        "min_height": 0,
        "render_height": 10,
        "render_min_height": 0,
        "division": "Southeast Division",
        "bureau": "South Bureau",
        "extrusionColor": "#1e293b"
      },
      "geometry": {
        "type": "Polygon",
        "coordinates": [
          [
            [
              -118.24738278999783,
              33.9495223739911
            ],
            [
              -118.24398344916204,
              33.9495223739911
            ],
            [
              -118.24398344916204,
              33.950830287190556
            ],
            [
              -118.24738278999783,
              33.950830287190556
            ],
            [
              -118.24738278999783,
              33.9495223739911
            ]
          ]
        ]
      }
    },
    {
      "type": "Feature",
      "properties": {
        "layerType": "BUILDING_3D",
        "id": "SOUTHEAST_BLD_193",
        "name": "Structure #193",
        "height": 20,
        "min_height": 0,
        "render_height": 20,
        "render_min_height": 0,
        "division": "Southeast Division",
        "bureau": "South Bureau",
        "extrusionColor": "#1e293b"
      },
      "geometry": {
        "type": "Polygon",
        "coordinates": [
          [
            [
              -118.24180997192482,
              33.95015889347511
            ],
            [
              -118.23979481677307,
              33.95015889347511
            ],
            [
              -118.23979481677307,
              33.95120869123898
            ],
            [
              -118.24180997192482,
              33.95120869123898
            ],
            [
              -118.24180997192482,
              33.95015889347511
            ]
          ]
        ]
      }
    },
    {
      "type": "Feature",
      "properties": {
        "layerType": "BUILDING_3D",
        "id": "SOUTHEAST_BLD_194",
        "name": "Structure #194",
        "height": 9,
        "min_height": 0,
        "render_height": 9,
        "render_min_height": 0,
        "division": "Southeast Division",
        "bureau": "South Bureau",
        "extrusionColor": "#1e293b"
      },
      "geometry": {
        "type": "Polygon",
        "coordinates": [
          [
            [
              -118.2364959270902,
              33.949041779739844
            ],
            [
              -118.23487846090589,
              33.949041779739844
            ],
            [
              -118.23487846090589,
              33.950888381379286
            ],
            [
              -118.2364959270902,
              33.950888381379286
            ],
            [
              -118.2364959270902,
              33.949041779739844
            ]
          ]
        ]
      }
    },
    {
      "type": "Feature",
      "properties": {
        "layerType": "BUILDING_3D",
        "id": "SOUTHEAST_BLD_195",
        "name": "Structure #195",
        "height": 30,
        "min_height": 0,
        "render_height": 30,
        "render_min_height": 0,
        "division": "Southeast Division",
        "bureau": "South Bureau",
        "extrusionColor": "#1e293b"
      },
      "geometry": {
        "type": "Polygon",
        "coordinates": [
          [
            [
              -118.23388377640083,
              33.94929623568467
            ],
            [
              -118.23103864202304,
              33.94929623568467
            ],
            [
              -118.23103864202304,
              33.95022094073751
            ],
            [
              -118.23388377640083,
              33.95022094073751
            ],
            [
              -118.23388377640083,
              33.94929623568467
            ]
          ]
        ]
      }
    },
    {
      "type": "Feature",
      "properties": {
        "layerType": "BUILDING_3D",
        "id": "SOUTHEAST_BLD_196",
        "name": "Structure #196",
        "height": 14,
        "min_height": 0,
        "render_height": 14,
        "render_min_height": 0,
        "division": "Southeast Division",
        "bureau": "South Bureau",
        "extrusionColor": "#1e293b"
      },
      "geometry": {
        "type": "Polygon",
        "coordinates": [
          [
            [
              -118.29415839242658,
              33.95253626097534
            ],
            [
              -118.2927336616785,
              33.95253626097534
            ],
            [
              -118.2927336616785,
              33.95388080164776
            ],
            [
              -118.29415839242658,
              33.95388080164776
            ],
            [
              -118.29415839242658,
              33.95253626097534
            ]
          ]
        ]
      }
    },
    {
      "type": "Feature",
      "properties": {
        "layerType": "BUILDING_3D",
        "id": "SOUTHEAST_BLD_198",
        "name": "Structure #198",
        "height": 25,
        "min_height": 0,
        "render_height": 25,
        "render_min_height": 0,
        "division": "Southeast Division",
        "bureau": "South Bureau",
        "extrusionColor": "#1e293b"
      },
      "geometry": {
        "type": "Polygon",
        "coordinates": [
          [
            [
              -118.28595361358444,
              33.951894345757005
            ],
            [
              -118.2839134838853,
              33.951894345757005
            ],
            [
              -118.2839134838853,
              33.953719419318865
            ],
            [
              -118.28595361358444,
              33.953719419318865
            ],
            [
              -118.28595361358444,
              33.951894345757005
            ]
          ]
        ]
      }
    },
    {
      "type": "Feature",
      "properties": {
        "layerType": "BUILDING_3D",
        "id": "SOUTHEAST_BLD_200",
        "name": "Structure #200",
        "height": 20,
        "min_height": 0,
        "render_height": 20,
        "render_min_height": 0,
        "division": "Southeast Division",
        "bureau": "South Bureau",
        "extrusionColor": "#1e293b"
      },
      "geometry": {
        "type": "Polygon",
        "coordinates": [
          [
            [
              -118.27750768164529,
              33.95252469486703
            ],
            [
              -118.27404144416943,
              33.95252469486703
            ],
            [
              -118.27404144416943,
              33.953857922831936
            ],
            [
              -118.27750768164529,
              33.953857922831936
            ],
            [
              -118.27750768164529,
              33.95252469486703
            ]
          ]
        ]
      }
    },
    {
      "type": "Feature",
      "properties": {
        "layerType": "BUILDING_3D",
        "id": "SOUTHEAST_BLD_201",
        "name": "Structure #201",
        "height": 22,
        "min_height": 0,
        "render_height": 22,
        "render_min_height": 0,
        "division": "Southeast Division",
        "bureau": "South Bureau",
        "extrusionColor": "#1e293b"
      },
      "geometry": {
        "type": "Polygon",
        "coordinates": [
          [
            [
              -118.27185084050117,
              33.952601611493336
            ],
            [
              -118.26979668185894,
              33.952601611493336
            ],
            [
              -118.26979668185894,
              33.954460442808525
            ],
            [
              -118.27185084050117,
              33.954460442808525
            ],
            [
              -118.27185084050117,
              33.952601611493336
            ]
          ]
        ]
      }
    },
    {
      "type": "Feature",
      "properties": {
        "layerType": "BUILDING_3D",
        "id": "SOUTHEAST_BLD_202",
        "name": "Structure #202",
        "height": 9,
        "min_height": 0,
        "render_height": 9,
        "render_min_height": 0,
        "division": "Southeast Division",
        "bureau": "South Bureau",
        "extrusionColor": "#1e293b"
      },
      "geometry": {
        "type": "Polygon",
        "coordinates": [
          [
            [
              -118.26739899858805,
              33.95181743537827
            ],
            [
              -118.26453502145057,
              33.95181743537827
            ],
            [
              -118.26453502145057,
              33.95377822936559
            ],
            [
              -118.26739899858805,
              33.95377822936559
            ],
            [
              -118.26739899858805,
              33.95181743537827
            ]
          ]
        ]
      }
    },
    {
      "type": "Feature",
      "properties": {
        "layerType": "BUILDING_3D",
        "id": "SOUTHEAST_BLD_203",
        "name": "Structure #203",
        "height": 30,
        "min_height": 0,
        "render_height": 30,
        "render_min_height": 0,
        "division": "Southeast Division",
        "bureau": "South Bureau",
        "extrusionColor": "#1e293b"
      },
      "geometry": {
        "type": "Polygon",
        "coordinates": [
          [
            [
              -118.26427387734311,
              33.95274702889327
            ],
            [
              -118.26125280216264,
              33.95274702889327
            ],
            [
              -118.26125280216264,
              33.953689601211025
            ],
            [
              -118.26427387734311,
              33.953689601211025
            ],
            [
              -118.26427387734311,
              33.95274702889327
            ]
          ]
        ]
      }
    },
    {
      "type": "Feature",
      "properties": {
        "layerType": "BUILDING_3D",
        "id": "SOUTHEAST_BLD_204",
        "name": "Structure #204",
        "height": 12,
        "min_height": 0,
        "render_height": 12,
        "render_min_height": 0,
        "division": "Southeast Division",
        "bureau": "South Bureau",
        "extrusionColor": "#1e293b"
      },
      "geometry": {
        "type": "Polygon",
        "coordinates": [
          [
            [
              -118.2585082814089,
              33.95250503195027
            ],
            [
              -118.25705602183783,
              33.95250503195027
            ],
            [
              -118.25705602183783,
              33.95409473842943
            ],
            [
              -118.2585082814089,
              33.95409473842943
            ],
            [
              -118.2585082814089,
              33.95250503195027
            ]
          ]
        ]
      }
    },
    {
      "type": "Feature",
      "properties": {
        "layerType": "BUILDING_3D",
        "id": "SOUTHEAST_BLD_205",
        "name": "Structure #205",
        "height": 20,
        "min_height": 0,
        "render_height": 20,
        "render_min_height": 0,
        "division": "Southeast Division",
        "bureau": "South Bureau",
        "extrusionColor": "#1e293b"
      },
      "geometry": {
        "type": "Polygon",
        "coordinates": [
          [
            [
              -118.25454780262477,
              33.95188144318168
            ],
            [
              -118.2520984770865,
              33.95188144318168
            ],
            [
              -118.2520984770865,
              33.953089172526724
            ],
            [
              -118.25454780262477,
              33.953089172526724
            ],
            [
              -118.25454780262477,
              33.95188144318168
            ]
          ]
        ]
      }
    },
    {
      "type": "Feature",
      "properties": {
        "layerType": "BUILDING_3D",
        "id": "SOUTHEAST_BLD_206",
        "name": "Structure #206",
        "height": 8,
        "min_height": 0,
        "render_height": 8,
        "render_min_height": 0,
        "division": "Southeast Division",
        "bureau": "South Bureau",
        "extrusionColor": "#1e293b"
      },
      "geometry": {
        "type": "Polygon",
        "coordinates": [
          [
            [
              -118.25117525791268,
              33.95207860508836
            ],
            [
              -118.24931446010697,
              33.95207860508836
            ],
            [
              -118.24931446010697,
              33.95392742527831
            ],
            [
              -118.25117525791268,
              33.95392742527831
            ],
            [
              -118.25117525791268,
              33.95207860508836
            ]
          ]
        ]
      }
    },
    {
      "type": "Feature",
      "properties": {
        "layerType": "BUILDING_3D",
        "id": "SOUTHEAST_BLD_208",
        "name": "Structure #208",
        "height": 14,
        "min_height": 0,
        "render_height": 14,
        "render_min_height": 0,
        "division": "Southeast Division",
        "bureau": "South Bureau",
        "extrusionColor": "#1e293b"
      },
      "geometry": {
        "type": "Polygon",
        "coordinates": [
          [
            [
              -118.2419343545982,
              33.952171597968835
            ],
            [
              -118.24056836891269,
              33.952171597968835
            ],
            [
              -118.24056836891269,
              33.95424901433508
            ],
            [
              -118.2419343545982,
              33.95424901433508
            ],
            [
              -118.2419343545982,
              33.952171597968835
            ]
          ]
        ]
      }
    },
    {
      "type": "Feature",
      "properties": {
        "layerType": "BUILDING_3D",
        "id": "SOUTHEAST_BLD_209",
        "name": "Structure #209",
        "height": 12,
        "min_height": 0,
        "render_height": 12,
        "render_min_height": 0,
        "division": "Southeast Division",
        "bureau": "South Bureau",
        "extrusionColor": "#1e293b"
      },
      "geometry": {
        "type": "Polygon",
        "coordinates": [
          [
            [
              -118.23772820461099,
              33.95176009457529
            ],
            [
              -118.23452744458001,
              33.95176009457529
            ],
            [
              -118.23452744458001,
              33.953120929021196
            ],
            [
              -118.23772820461099,
              33.953120929021196
            ],
            [
              -118.23772820461099,
              33.95176009457529
            ]
          ]
        ]
      }
    },
    {
      "type": "Feature",
      "properties": {
        "layerType": "BUILDING_3D",
        "id": "SOUTHEAST_BLD_210",
        "name": "Structure #210",
        "height": 18,
        "min_height": 0,
        "render_height": 18,
        "render_min_height": 0,
        "division": "Southeast Division",
        "bureau": "South Bureau",
        "extrusionColor": "#1e293b"
      },
      "geometry": {
        "type": "Polygon",
        "coordinates": [
          [
            [
              -118.23402889132103,
              33.95279737124881
            ],
            [
              -118.23193219824881,
              33.95279737124881
            ],
            [
              -118.23193219824881,
              33.9539889949372
            ],
            [
              -118.23402889132103,
              33.9539889949372
            ],
            [
              -118.23402889132103,
              33.95279737124881
            ]
          ]
        ]
      }
    },
    {
      "type": "Feature",
      "properties": {
        "layerType": "BUILDING_3D",
        "id": "SOUTHEAST_BLD_212",
        "name": "Structure #212",
        "height": 30,
        "min_height": 0,
        "render_height": 30,
        "render_min_height": 0,
        "division": "Southeast Division",
        "bureau": "South Bureau",
        "extrusionColor": "#1e293b"
      },
      "geometry": {
        "type": "Polygon",
        "coordinates": [
          [
            [
              -118.29003735509725,
              33.95463127215792
            ],
            [
              -118.28742126932055,
              33.95463127215792
            ],
            [
              -118.28742126932055,
              33.956362825743504
            ],
            [
              -118.29003735509725,
              33.956362825743504
            ],
            [
              -118.29003735509725,
              33.95463127215792
            ]
          ]
        ]
      }
    },
    {
      "type": "Feature",
      "properties": {
        "layerType": "BUILDING_3D",
        "id": "SOUTHEAST_BLD_213",
        "name": "Structure #213",
        "height": 22,
        "min_height": 0,
        "render_height": 22,
        "render_min_height": 0,
        "division": "Southeast Division",
        "bureau": "South Bureau",
        "extrusionColor": "#1e293b"
      },
      "geometry": {
        "type": "Polygon",
        "coordinates": [
          [
            [
              -118.28593848437892,
              33.95519867281923
            ],
            [
              -118.28327060922483,
              33.95519867281923
            ],
            [
              -118.28327060922483,
              33.956605531641195
            ],
            [
              -118.28593848437892,
              33.956605531641195
            ],
            [
              -118.28593848437892,
              33.95519867281923
            ]
          ]
        ]
      }
    },
    {
      "type": "Feature",
      "properties": {
        "layerType": "BUILDING_3D",
        "id": "SOUTHEAST_BLD_214",
        "name": "Structure #214",
        "height": 25,
        "min_height": 0,
        "render_height": 25,
        "render_min_height": 0,
        "division": "Southeast Division",
        "bureau": "South Bureau",
        "extrusionColor": "#1e293b"
      },
      "geometry": {
        "type": "Polygon",
        "coordinates": [
          [
            [
              -118.28073093373038,
              33.954925860105334
            ],
            [
              -118.2785633290269,
              33.954925860105334
            ],
            [
              -118.2785633290269,
              33.956932125631596
            ],
            [
              -118.28073093373038,
              33.956932125631596
            ],
            [
              -118.28073093373038,
              33.954925860105334
            ]
          ]
        ]
      }
    },
    {
      "type": "Feature",
      "properties": {
        "layerType": "BUILDING_3D",
        "id": "SOUTHEAST_BLD_215",
        "name": "Structure #215",
        "height": 13,
        "min_height": 0,
        "render_height": 13,
        "render_min_height": 0,
        "division": "Southeast Division",
        "bureau": "South Bureau",
        "extrusionColor": "#1e293b"
      },
      "geometry": {
        "type": "Polygon",
        "coordinates": [
          [
            [
              -118.27681793405993,
              33.95455940049723
            ],
            [
              -118.27372679902687,
              33.95455940049723
            ],
            [
              -118.27372679902687,
              33.95677907361792
            ],
            [
              -118.27681793405993,
              33.95677907361792
            ],
            [
              -118.27681793405993,
              33.95455940049723
            ]
          ]
        ]
      }
    },
    {
      "type": "Feature",
      "properties": {
        "layerType": "BUILDING_3D",
        "id": "SOUTHEAST_BLD_216",
        "name": "Structure #216",
        "height": 19,
        "min_height": 0,
        "render_height": 19,
        "render_min_height": 0,
        "division": "Southeast Division",
        "bureau": "South Bureau",
        "extrusionColor": "#1e293b"
      },
      "geometry": {
        "type": "Polygon",
        "coordinates": [
          [
            [
              -118.27304921997464,
              33.9555298322638
            ],
            [
              -118.26962927916648,
              33.9555298322638
            ],
            [
              -118.26962927916648,
              33.95676769257822
            ],
            [
              -118.27304921997464,
              33.95676769257822
            ],
            [
              -118.27304921997464,
              33.9555298322638
            ]
          ]
        ]
      }
    },
    {
      "type": "Feature",
      "properties": {
        "layerType": "BUILDING_3D",
        "id": "SOUTHEAST_BLD_217",
        "name": "Structure #217",
        "height": 21,
        "min_height": 0,
        "render_height": 21,
        "render_min_height": 0,
        "division": "Southeast Division",
        "bureau": "South Bureau",
        "extrusionColor": "#1e293b"
      },
      "geometry": {
        "type": "Polygon",
        "coordinates": [
          [
            [
              -118.26722070288245,
              33.95543233481968
            ],
            [
              -118.26531348106467,
              33.95543233481968
            ],
            [
              -118.26531348106467,
              33.95720664217341
            ],
            [
              -118.26722070288245,
              33.95720664217341
            ],
            [
              -118.26722070288245,
              33.95543233481968
            ]
          ]
        ]
      }
    },
    {
      "type": "Feature",
      "properties": {
        "layerType": "BUILDING_3D",
        "id": "SOUTHEAST_BLD_218",
        "name": "Structure #218",
        "height": 8,
        "min_height": 0,
        "render_height": 8,
        "render_min_height": 0,
        "division": "Southeast Division",
        "bureau": "South Bureau",
        "extrusionColor": "#1e293b"
      },
      "geometry": {
        "type": "Polygon",
        "coordinates": [
          [
            [
              -118.26303758783338,
              33.954586459315614
            ],
            [
              -118.2603038402069,
              33.954586459315614
            ],
            [
              -118.2603038402069,
              33.95648161718747
            ],
            [
              -118.26303758783338,
              33.95648161718747
            ],
            [
              -118.26303758783338,
              33.954586459315614
            ]
          ]
        ]
      }
    },
    {
      "type": "Feature",
      "properties": {
        "layerType": "BUILDING_3D",
        "id": "SOUTHEAST_BLD_219",
        "name": "Structure #219",
        "height": 30,
        "min_height": 0,
        "render_height": 30,
        "render_min_height": 0,
        "division": "Southeast Division",
        "bureau": "South Bureau",
        "extrusionColor": "#1e293b"
      },
      "geometry": {
        "type": "Polygon",
        "coordinates": [
          [
            [
              -118.26000752935077,
              33.95553893360104
            ],
            [
              -118.25708758240746,
              33.95553893360104
            ],
            [
              -118.25708758240746,
              33.95638745816492
            ],
            [
              -118.26000752935077,
              33.95638745816492
            ],
            [
              -118.26000752935077,
              33.95553893360104
            ]
          ]
        ]
      }
    },
    {
      "type": "Feature",
      "properties": {
        "layerType": "BUILDING_3D",
        "id": "SOUTHEAST_BLD_220",
        "name": "Structure #220",
        "height": 15,
        "min_height": 0,
        "render_height": 15,
        "render_min_height": 0,
        "division": "Southeast Division",
        "bureau": "South Bureau",
        "extrusionColor": "#1e293b"
      },
      "geometry": {
        "type": "Polygon",
        "coordinates": [
          [
            [
              -118.25420668008137,
              33.95560832072471
            ],
            [
              -118.25289932371628,
              33.95560832072471
            ],
            [
              -118.25289932371628,
              33.956511431870254
            ],
            [
              -118.25420668008137,
              33.956511431870254
            ],
            [
              -118.25420668008137,
              33.95560832072471
            ]
          ]
        ]
      }
    },
    {
      "type": "Feature",
      "properties": {
        "layerType": "BUILDING_3D",
        "id": "SOUTHEAST_BLD_221",
        "name": "Structure #221",
        "height": 14,
        "min_height": 0,
        "render_height": 14,
        "render_min_height": 0,
        "division": "Southeast Division",
        "bureau": "South Bureau",
        "extrusionColor": "#1e293b"
      },
      "geometry": {
        "type": "Polygon",
        "coordinates": [
          [
            [
              -118.24976643917971,
              33.954512728447945
            ],
            [
              -118.24837497904436,
              33.954512728447945
            ],
            [
              -118.24837497904436,
              33.95593241085425
            ],
            [
              -118.24976643917971,
              33.95593241085425
            ],
            [
              -118.24976643917971,
              33.954512728447945
            ]
          ]
        ]
      }
    },
    {
      "type": "Feature",
      "properties": {
        "layerType": "BUILDING_3D",
        "id": "SOUTHEAST_BLD_222",
        "name": "Structure #222",
        "height": 18,
        "min_height": 0,
        "render_height": 18,
        "render_min_height": 0,
        "division": "Southeast Division",
        "bureau": "South Bureau",
        "extrusionColor": "#1e293b"
      },
      "geometry": {
        "type": "Polygon",
        "coordinates": [
          [
            [
              -118.24712112950243,
              33.954595293152764
            ],
            [
              -118.24493376698013,
              33.954595293152764
            ],
            [
              -118.24493376698013,
              33.955937184680096
            ],
            [
              -118.24712112950243,
              33.955937184680096
            ],
            [
              -118.24712112950243,
              33.954595293152764
            ]
          ]
        ]
      }
    },
    {
      "type": "Feature",
      "properties": {
        "layerType": "BUILDING_3D",
        "id": "SOUTHEAST_BLD_225",
        "name": "Structure #225",
        "height": 20,
        "min_height": 0,
        "render_height": 20,
        "render_min_height": 0,
        "division": "Southeast Division",
        "bureau": "South Bureau",
        "extrusionColor": "#1e293b"
      },
      "geometry": {
        "type": "Polygon",
        "coordinates": [
          [
            [
              -118.23338496507584,
              33.95498859156703
            ],
            [
              -118.23145369047752,
              33.95498859156703
            ],
            [
              -118.23145369047752,
              33.95678196191554
            ],
            [
              -118.23338496507584,
              33.95678196191554
            ],
            [
              -118.23338496507584,
              33.95498859156703
            ]
          ]
        ]
      }
    },
    {
      "type": "Feature",
      "properties": {
        "layerType": "BUILDING_3D",
        "id": "SOUTHEAST_BLD_226",
        "name": "Structure #226",
        "height": 15,
        "min_height": 0,
        "render_height": 15,
        "render_min_height": 0,
        "division": "Southeast Division",
        "bureau": "South Bureau",
        "extrusionColor": "#1e293b"
      },
      "geometry": {
        "type": "Polygon",
        "coordinates": [
          [
            [
              -118.2940546144745,
              33.95743907018406
            ],
            [
              -118.29129149571531,
              33.95743907018406
            ],
            [
              -118.29129149571531,
              33.9592789842065
            ],
            [
              -118.2940546144745,
              33.9592789842065
            ],
            [
              -118.2940546144745,
              33.95743907018406
            ]
          ]
        ]
      }
    },
    {
      "type": "Feature",
      "properties": {
        "layerType": "BUILDING_3D",
        "id": "SOUTHEAST_BLD_227",
        "name": "Structure #227",
        "height": 21,
        "min_height": 0,
        "render_height": 21,
        "render_min_height": 0,
        "division": "Southeast Division",
        "bureau": "South Bureau",
        "extrusionColor": "#1e293b"
      },
      "geometry": {
        "type": "Polygon",
        "coordinates": [
          [
            [
              -118.29027906223494,
              33.958086195676266
            ],
            [
              -118.2874442317411,
              33.958086195676266
            ],
            [
              -118.2874442317411,
              33.95949569688134
            ],
            [
              -118.29027906223494,
              33.95949569688134
            ],
            [
              -118.29027906223494,
              33.958086195676266
            ]
          ]
        ]
      }
    },
    {
      "type": "Feature",
      "properties": {
        "layerType": "BUILDING_3D",
        "id": "SOUTHEAST_BLD_228",
        "name": "Structure #228",
        "height": 16,
        "min_height": 0,
        "render_height": 16,
        "render_min_height": 0,
        "division": "Southeast Division",
        "bureau": "South Bureau",
        "extrusionColor": "#1e293b"
      },
      "geometry": {
        "type": "Polygon",
        "coordinates": [
          [
            [
              -118.28494867629138,
              33.957881943944344
            ],
            [
              -118.2827770003606,
              33.957881943944344
            ],
            [
              -118.2827770003606,
              33.95977441849156
            ],
            [
              -118.28494867629138,
              33.95977441849156
            ],
            [
              -118.28494867629138,
              33.957881943944344
            ]
          ]
        ]
      }
    },
    {
      "type": "Feature",
      "properties": {
        "layerType": "BUILDING_3D",
        "id": "SOUTHEAST_BLD_229",
        "name": "Structure #229",
        "height": 12,
        "min_height": 0,
        "render_height": 12,
        "render_min_height": 0,
        "division": "Southeast Division",
        "bureau": "South Bureau",
        "extrusionColor": "#1e293b"
      },
      "geometry": {
        "type": "Polygon",
        "coordinates": [
          [
            [
              -118.2809300419228,
              33.957723728126005
            ],
            [
              -118.27801422928707,
              33.957723728126005
            ],
            [
              -118.27801422928707,
              33.95924397380211
            ],
            [
              -118.2809300419228,
              33.95924397380211
            ],
            [
              -118.2809300419228,
              33.957723728126005
            ]
          ]
        ]
      }
    },
    {
      "type": "Feature",
      "properties": {
        "layerType": "BUILDING_3D",
        "id": "SOUTHEAST_BLD_230",
        "name": "Structure #230",
        "height": 10,
        "min_height": 0,
        "render_height": 10,
        "render_min_height": 0,
        "division": "Southeast Division",
        "bureau": "South Bureau",
        "extrusionColor": "#1e293b"
      },
      "geometry": {
        "type": "Polygon",
        "coordinates": [
          [
            [
              -118.2768404781466,
              33.95828832312149
            ],
            [
              -118.27449817369748,
              33.95828832312149
            ],
            [
              -118.27449817369748,
              33.95945213615408
            ],
            [
              -118.2768404781466,
              33.95945213615408
            ],
            [
              -118.2768404781466,
              33.95828832312149
            ]
          ]
        ]
      }
    },
    {
      "type": "Feature",
      "properties": {
        "layerType": "BUILDING_3D",
        "id": "SOUTHEAST_BLD_231",
        "name": "Structure #231",
        "height": 12,
        "min_height": 0,
        "render_height": 12,
        "render_min_height": 0,
        "division": "Southeast Division",
        "bureau": "South Bureau",
        "extrusionColor": "#1e293b"
      },
      "geometry": {
        "type": "Polygon",
        "coordinates": [
          [
            [
              -118.27163725030172,
              33.958055037531956
            ],
            [
              -118.2698441161478,
              33.958055037531956
            ],
            [
              -118.2698441161478,
              33.95908985554981
            ],
            [
              -118.27163725030172,
              33.95908985554981
            ],
            [
              -118.27163725030172,
              33.958055037531956
            ]
          ]
        ]
      }
    },
    {
      "type": "Feature",
      "properties": {
        "layerType": "BUILDING_3D",
        "id": "SOUTHEAST_BLD_232",
        "name": "Structure #232",
        "height": 12,
        "min_height": 0,
        "render_height": 12,
        "render_min_height": 0,
        "division": "Southeast Division",
        "bureau": "South Bureau",
        "extrusionColor": "#1e293b"
      },
      "geometry": {
        "type": "Polygon",
        "coordinates": [
          [
            [
              -118.2676633495804,
              33.95769506632435
            ],
            [
              -118.26606896330102,
              33.95769506632435
            ],
            [
              -118.26606896330102,
              33.95887953452781
            ],
            [
              -118.2676633495804,
              33.95887953452781
            ],
            [
              -118.2676633495804,
              33.95769506632435
            ]
          ]
        ]
      }
    },
    {
      "type": "Feature",
      "properties": {
        "layerType": "BUILDING_3D",
        "id": "SOUTHEAST_BLD_233",
        "name": "Structure #233",
        "height": 24,
        "min_height": 0,
        "render_height": 24,
        "render_min_height": 0,
        "division": "Southeast Division",
        "bureau": "South Bureau",
        "extrusionColor": "#1e293b"
      },
      "geometry": {
        "type": "Polygon",
        "coordinates": [
          [
            [
              -118.26388463855213,
              33.95759043847189
            ],
            [
              -118.26205968013494,
              33.95759043847189
            ],
            [
              -118.26205968013494,
              33.95877777035668
            ],
            [
              -118.26388463855213,
              33.95877777035668
            ],
            [
              -118.26388463855213,
              33.95759043847189
            ]
          ]
        ]
      }
    },
    {
      "type": "Feature",
      "properties": {
        "layerType": "BUILDING_3D",
        "id": "SOUTHEAST_BLD_234",
        "name": "Structure #234",
        "height": 14,
        "min_height": 0,
        "render_height": 14,
        "render_min_height": 0,
        "division": "Southeast Division",
        "bureau": "South Bureau",
        "extrusionColor": "#1e293b"
      },
      "geometry": {
        "type": "Polygon",
        "coordinates": [
          [
            [
              -118.25971250961368,
              33.957227768880855
            ],
            [
              -118.257883139006,
              33.957227768880855
            ],
            [
              -118.257883139006,
              33.9593798802447
            ],
            [
              -118.25971250961368,
              33.9593798802447
            ],
            [
              -118.25971250961368,
              33.957227768880855
            ]
          ]
        ]
      }
    },
    {
      "type": "Feature",
      "properties": {
        "layerType": "BUILDING_3D",
        "id": "SOUTHEAST_BLD_236",
        "name": "Structure #236",
        "height": 10,
        "min_height": 0,
        "render_height": 10,
        "render_min_height": 0,
        "division": "Southeast Division",
        "bureau": "South Bureau",
        "extrusionColor": "#1e293b"
      },
      "geometry": {
        "type": "Polygon",
        "coordinates": [
          [
            [
              -118.25095845165087,
              33.958359853496574
            ],
            [
              -118.24892788871016,
              33.958359853496574
            ],
            [
              -118.24892788871016,
              33.95979602468559
            ],
            [
              -118.25095845165087,
              33.95979602468559
            ],
            [
              -118.25095845165087,
              33.958359853496574
            ]
          ]
        ]
      }
    },
    {
      "type": "Feature",
      "properties": {
        "layerType": "BUILDING_3D",
        "id": "SOUTHEAST_BLD_237",
        "name": "Structure #237",
        "height": 17,
        "min_height": 0,
        "render_height": 17,
        "render_min_height": 0,
        "division": "Southeast Division",
        "bureau": "South Bureau",
        "extrusionColor": "#1e293b"
      },
      "geometry": {
        "type": "Polygon",
        "coordinates": [
          [
            [
              -118.24552704053862,
              33.95788580051153
            ],
            [
              -118.24331427307702,
              33.95788580051153
            ],
            [
              -118.24331427307702,
              33.95893536100383
            ],
            [
              -118.24552704053862,
              33.95893536100383
            ],
            [
              -118.24552704053862,
              33.95788580051153
            ]
          ]
        ]
      }
    },
    {
      "type": "Feature",
      "properties": {
        "layerType": "BUILDING_3D",
        "id": "SOUTHEAST_BLD_238",
        "name": "Structure #238",
        "height": 30,
        "min_height": 0,
        "render_height": 30,
        "render_min_height": 0,
        "division": "Southeast Division",
        "bureau": "South Bureau",
        "extrusionColor": "#1e293b"
      },
      "geometry": {
        "type": "Polygon",
        "coordinates": [
          [
            [
              -118.24192409995261,
              33.95772407432363
            ],
            [
              -118.24030699934225,
              33.95772407432363
            ],
            [
              -118.24030699934225,
              33.9592862995788
            ],
            [
              -118.24192409995261,
              33.9592862995788
            ],
            [
              -118.24192409995261,
              33.95772407432363
            ]
          ]
        ]
      }
    },
    {
      "type": "Feature",
      "properties": {
        "layerType": "BUILDING_3D",
        "id": "SOUTHEAST_BLD_239",
        "name": "Structure #239",
        "height": 24,
        "min_height": 0,
        "render_height": 24,
        "render_min_height": 0,
        "division": "Southeast Division",
        "bureau": "South Bureau",
        "extrusionColor": "#1e293b"
      },
      "geometry": {
        "type": "Polygon",
        "coordinates": [
          [
            [
              -118.23783994474583,
              33.95767809644439
            ],
            [
              -118.23543296064896,
              33.95767809644439
            ],
            [
              -118.23543296064896,
              33.95871370034329
            ],
            [
              -118.23783994474583,
              33.95871370034329
            ],
            [
              -118.23783994474583,
              33.95767809644439
            ]
          ]
        ]
      }
    },
    {
      "type": "Feature",
      "properties": {
        "layerType": "BUILDING_3D",
        "id": "SOUTHEAST_BLD_240",
        "name": "Structure #240",
        "height": 25,
        "min_height": 0,
        "render_height": 25,
        "render_min_height": 0,
        "division": "Southeast Division",
        "bureau": "South Bureau",
        "extrusionColor": "#1e293b"
      },
      "geometry": {
        "type": "Polygon",
        "coordinates": [
          [
            [
              -118.2335774514042,
              33.95753506841796
            ],
            [
              -118.2319818542859,
              33.95753506841796
            ],
            [
              -118.2319818542859,
              33.95967699199033
            ],
            [
              -118.2335774514042,
              33.95967699199033
            ],
            [
              -118.2335774514042,
              33.95753506841796
            ]
          ]
        ]
      }
    }
  ]
}