{
  "type": "FeatureCollection",
  "name": "Topanga Division (LAPD DIV-21) - Full 3D Building & Boundary GeoJSON",
  "crs": {
    "type": "name",
    "properties": {
      "name": "urn:ogc:def:crs:OGC:1.3:CRS84"
    }
  },
  "metadata": {
    "divisionId": "DIV-21",
    "divisionName": "Topanga Division",
    "bureau": "Valley Bureau",
    "code": "TOPANGA",
    "station": {
      "name": "Topanga Community Police Station",
      "address": "21501 Schoenborn St, Canoga Park, CA 91304",
      "phone": "(818) 756-4800",
      "lat": 34.2245,
      "lng": -118.6015
    },
    "center": [
      -118.6,
      34.2
    ],
    "totalBuildings": 236,
    "fususOneCompatible": true,
    "optimization": "100% Comprehensive 3D Building Extrusions + Division Perimeter"
  },
  "features": [
    {
      "type": "Feature",
      "properties": {
        "layerType": "BOUNDARY",
        "id": "TOPANGA_BOUNDARY",
        "name": "Topanga Division Official Perimeter",
        "bureau": "Valley Bureau",
        "division": "Topanga Division",
        "strokeColor": "#00f3ff",
        "strokeWidth": 3,
        "fillColor": "#00f3ff",
        "fillOpacity": 0.08
      },
      "geometry": {
        "type": "Polygon",
        "coordinates": [
          [
            [
              -118.65,
              34.15
            ],
            [
              -118.57,
              34.15
            ],
            [
              -118.57,
              34.24
            ],
            [
              -118.65,
              34.24
            ],
            [
              -118.65,
              34.15
            ]
          ]
        ]
      }
    },
    {
      "type": "Feature",
      "properties": {
        "layerType": "STATION",
        "id": "TOPANGA_STATION",
        "name": "Topanga Community Police Station",
        "address": "21501 Schoenborn St, Canoga Park, CA 91304",
        "phone": "(818) 756-4800",
        "division": "Topanga Division",
        "bureau": "Valley Bureau",
        "icon": "police-station",
        "markerColor": "#3b82f6"
      },
      "geometry": {
        "type": "Point",
        "coordinates": [
          -118.6015,
          34.2245
        ]
      }
    },
    {
      "type": "Feature",
      "properties": {
        "layerType": "BUILDING_3D",
        "id": "TOPANGA_LM_1",
        "name": "Warner Center Towers Complex",
        "height": 110,
        "min_height": 0,
        "render_height": 110,
        "render_min_height": 0,
        "division": "Topanga Division",
        "bureau": "Valley Bureau",
        "extrusionColor": "#00f3ff"
      },
      "geometry": {
        "type": "Polygon",
        "coordinates": [
          [
            [
              -118.6053,
              34.179399999999994
            ],
            [
              -118.6017,
              34.179399999999994
            ],
            [
              -118.6017,
              34.183
            ],
            [
              -118.6053,
              34.183
            ],
            [
              -118.6053,
              34.179399999999994
            ]
          ]
        ]
      }
    },
    {
      "type": "Feature",
      "properties": {
        "layerType": "BUILDING_3D",
        "id": "TOPANGA_LM_2",
        "name": "Westfield Topanga Mall Plaza",
        "height": 38,
        "min_height": 0,
        "render_height": 38,
        "render_min_height": 0,
        "division": "Topanga Division",
        "bureau": "Valley Bureau",
        "extrusionColor": "#00f3ff"
      },
      "geometry": {
        "type": "Polygon",
        "coordinates": [
          [
            [
              -118.60730000000001,
              34.189699999999995
            ],
            [
              -118.6037,
              34.189699999999995
            ],
            [
              -118.6037,
              34.1933
            ],
            [
              -118.60730000000001,
              34.1933
            ],
            [
              -118.60730000000001,
              34.189699999999995
            ]
          ]
        ]
      }
    },
    {
      "type": "Feature",
      "properties": {
        "layerType": "BUILDING_3D",
        "id": "TOPANGA_BLD_1",
        "name": "Structure #1",
        "height": 17,
        "min_height": 0,
        "render_height": 17,
        "render_min_height": 0,
        "division": "Topanga Division",
        "bureau": "Valley Bureau",
        "extrusionColor": "#1e293b"
      },
      "geometry": {
        "type": "Polygon",
        "coordinates": [
          [
            [
              -118.64890560569343,
              34.14963727671293
            ],
            [
              -118.64519965994818,
              34.14963727671293
            ],
            [
              -118.64519965994818,
              34.15347191524187
            ],
            [
              -118.64890560569343,
              34.15347191524187
            ],
            [
              -118.64890560569343,
              34.14963727671293
            ]
          ]
        ]
      }
    },
    {
      "type": "Feature",
      "properties": {
        "layerType": "BUILDING_3D",
        "id": "TOPANGA_BLD_2",
        "name": "Structure #2",
        "height": 13,
        "min_height": 0,
        "render_height": 13,
        "render_min_height": 0,
        "division": "Topanga Division",
        "bureau": "Valley Bureau",
        "extrusionColor": "#1e293b"
      },
      "geometry": {
        "type": "Polygon",
        "coordinates": [
          [
            [
              -118.64563550427019,
              34.152049518356826
            ],
            [
              -118.64202643271355,
              34.152049518356826
            ],
            [
              -118.64202643271355,
              34.15485058941008
            ],
            [
              -118.64563550427019,
              34.15485058941008
            ],
            [
              -118.64563550427019,
              34.152049518356826
            ]
          ]
        ]
      }
    },
    {
      "type": "Feature",
      "properties": {
        "layerType": "BUILDING_3D",
        "id": "TOPANGA_BLD_4",
        "name": "Structure #4",
        "height": 36,
        "min_height": 0,
        "render_height": 36,
        "render_min_height": 0,
        "division": "Topanga Division",
        "bureau": "Valley Bureau",
        "extrusionColor": "#1e293b"
      },
      "geometry": {
        "type": "Polygon",
        "coordinates": [
          [
            [
              -118.63374847974686,
              34.150678235217555
            ],
            [
              -118.6316770057625,
              34.150678235217555
            ],
            [
              -118.6316770057625,
              34.15440347846764
            ],
            [
              -118.63374847974686,
              34.15440347846764
            ],
            [
              -118.63374847974686,
              34.150678235217555
            ]
          ]
        ]
      }
    },
    {
      "type": "Feature",
      "properties": {
        "layerType": "BUILDING_3D",
        "id": "TOPANGA_BLD_5",
        "name": "Topanga Division High-Rise Tower #5",
        "height": 86,
        "min_height": 0,
        "render_height": 86,
        "render_min_height": 0,
        "division": "Topanga Division",
        "bureau": "Valley Bureau",
        "extrusionColor": "#00f3ff"
      },
      "geometry": {
        "type": "Polygon",
        "coordinates": [
          [
            [
              -118.63053813155994,
              34.150937866074635
            ],
            [
              -118.62703202026574,
              34.150937866074635
            ],
            [
              -118.62703202026574,
              34.153183639698774
            ],
            [
              -118.63053813155994,
              34.153183639698774
            ],
            [
              -118.63053813155994,
              34.150937866074635
            ]
          ]
        ]
      }
    },
    {
      "type": "Feature",
      "properties": {
        "layerType": "BUILDING_3D",
        "id": "TOPANGA_BLD_6",
        "name": "Structure #6",
        "height": 20,
        "min_height": 0,
        "render_height": 20,
        "render_min_height": 0,
        "division": "Topanga Division",
        "bureau": "Valley Bureau",
        "extrusionColor": "#1e293b"
      },
      "geometry": {
        "type": "Polygon",
        "coordinates": [
          [
            [
              -118.6255878907533,
              34.15242696310616
            ],
            [
              -118.62347422145997,
              34.15242696310616
            ],
            [
              -118.62347422145997,
              34.15413342609397
            ],
            [
              -118.6255878907533,
              34.15413342609397
            ],
            [
              -118.6255878907533,
              34.15242696310616
            ]
          ]
        ]
      }
    },
    {
      "type": "Feature",
      "properties": {
        "layerType": "BUILDING_3D",
        "id": "TOPANGA_BLD_7",
        "name": "Structure #7",
        "height": 21,
        "min_height": 0,
        "render_height": 21,
        "render_min_height": 0,
        "division": "Topanga Division",
        "bureau": "Valley Bureau",
        "extrusionColor": "#1e293b"
      },
      "geometry": {
        "type": "Polygon",
        "coordinates": [
          [
            [
              -118.61948050531186,
              34.150460887284886
            ],
            [
              -118.6178744224998,
              34.150460887284886
            ],
            [
              -118.6178744224998,
              34.15373235051374
            ],
            [
              -118.61948050531186,
              34.15373235051374
            ],
            [
              -118.61948050531186,
              34.150460887284886
            ]
          ]
        ]
      }
    },
    {
      "type": "Feature",
      "properties": {
        "layerType": "BUILDING_3D",
        "id": "TOPANGA_BLD_8",
        "name": "Topanga Division High-Rise Tower #8",
        "height": 94,
        "min_height": 0,
        "render_height": 94,
        "render_min_height": 0,
        "division": "Topanga Division",
        "bureau": "Valley Bureau",
        "extrusionColor": "#00f3ff"
      },
      "geometry": {
        "type": "Polygon",
        "coordinates": [
          [
            [
              -118.61662504726128,
              34.14996948533395
            ],
            [
              -118.61354602304588,
              34.14996948533395
            ],
            [
              -118.61354602304588,
              34.15336085544656
            ],
            [
              -118.61662504726128,
              34.15336085544656
            ],
            [
              -118.61662504726128,
              34.14996948533395
            ]
          ]
        ]
      }
    },
    {
      "type": "Feature",
      "properties": {
        "layerType": "BUILDING_3D",
        "id": "TOPANGA_BLD_9",
        "name": "Structure #9",
        "height": 22,
        "min_height": 0,
        "render_height": 22,
        "render_min_height": 0,
        "division": "Topanga Division",
        "bureau": "Valley Bureau",
        "extrusionColor": "#1e293b"
      },
      "geometry": {
        "type": "Polygon",
        "coordinates": [
          [
            [
              -118.61238166086217,
              34.151634715576165
            ],
            [
              -118.60918978310913,
              34.151634715576165
            ],
            [
              -118.60918978310913,
              34.15419962559001
            ],
            [
              -118.61238166086217,
              34.15419962559001
            ],
            [
              -118.61238166086217,
              34.151634715576165
            ]
          ]
        ]
      }
    },
    {
      "type": "Feature",
      "properties": {
        "layerType": "BUILDING_3D",
        "id": "TOPANGA_BLD_11",
        "name": "Structure #11",
        "height": 20,
        "min_height": 0,
        "render_height": 20,
        "render_min_height": 0,
        "division": "Topanga Division",
        "bureau": "Valley Bureau",
        "extrusionColor": "#1e293b"
      },
      "geometry": {
        "type": "Polygon",
        "coordinates": [
          [
            [
              -118.60175380734897,
              34.15108422144377
            ],
            [
              -118.59845683530499,
              34.15108422144377
            ],
            [
              -118.59845683530499,
              34.15361963457839
            ],
            [
              -118.60175380734897,
              34.15361963457839
            ],
            [
              -118.60175380734897,
              34.15108422144377
            ]
          ]
        ]
      }
    },
    {
      "type": "Feature",
      "properties": {
        "layerType": "BUILDING_3D",
        "id": "TOPANGA_BLD_12",
        "name": "Structure #12",
        "height": 8,
        "min_height": 0,
        "render_height": 8,
        "render_min_height": 0,
        "division": "Topanga Division",
        "bureau": "Valley Bureau",
        "extrusionColor": "#1e293b"
      },
      "geometry": {
        "type": "Polygon",
        "coordinates": [
          [
            [
              -118.59721485040588,
              34.15147176406197
            ],
            [
              -118.59482857922033,
              34.15147176406197
            ],
            [
              -118.59482857922033,
              34.15473308841281
            ],
            [
              -118.59721485040588,
              34.15473308841281
            ],
            [
              -118.59721485040588,
              34.15147176406197
            ]
          ]
        ]
      }
    },
    {
      "type": "Feature",
      "properties": {
        "layerType": "BUILDING_3D",
        "id": "TOPANGA_BLD_13",
        "name": "Structure #13",
        "height": 12,
        "min_height": 0,
        "render_height": 12,
        "render_min_height": 0,
        "division": "Topanga Division",
        "bureau": "Valley Bureau",
        "extrusionColor": "#1e293b"
      },
      "geometry": {
        "type": "Polygon",
        "coordinates": [
          [
            [
              -118.59214422205932,
              34.15153702040102
            ],
            [
              -118.58907474031736,
              34.15153702040102
            ],
            [
              -118.58907474031736,
              34.15311964061438
            ],
            [
              -118.59214422205932,
              34.15311964061438
            ],
            [
              -118.59214422205932,
              34.15153702040102
            ]
          ]
        ]
      }
    },
    {
      "type": "Feature",
      "properties": {
        "layerType": "BUILDING_3D",
        "id": "TOPANGA_BLD_14",
        "name": "Structure #14",
        "height": 8,
        "min_height": 0,
        "render_height": 8,
        "render_min_height": 0,
        "division": "Topanga Division",
        "bureau": "Valley Bureau",
        "extrusionColor": "#1e293b"
      },
      "geometry": {
        "type": "Polygon",
        "coordinates": [
          [
            [
              -118.5873769219755,
              34.15186717990186
            ],
            [
              -118.5858873970688,
              34.15186717990186
            ],
            [
              -118.5858873970688,
              34.15395093905949
            ],
            [
              -118.5873769219755,
              34.15395093905949
            ],
            [
              -118.5873769219755,
              34.15186717990186
            ]
          ]
        ]
      }
    },
    {
      "type": "Feature",
      "properties": {
        "layerType": "BUILDING_3D",
        "id": "TOPANGA_BLD_15",
        "name": "Structure #15",
        "height": 23,
        "min_height": 0,
        "render_height": 23,
        "render_min_height": 0,
        "division": "Topanga Division",
        "bureau": "Valley Bureau",
        "extrusionColor": "#1e293b"
      },
      "geometry": {
        "type": "Polygon",
        "coordinates": [
          [
            [
              -118.58236030126882,
              34.15078463508236
            ],
            [
              -118.5803991161793,
              34.15078463508236
            ],
            [
              -118.5803991161793,
              34.152347557259006
            ],
            [
              -118.58236030126882,
              34.152347557259006
            ],
            [
              -118.58236030126882,
              34.15078463508236
            ]
          ]
        ]
      }
    },
    {
      "type": "Feature",
      "properties": {
        "layerType": "BUILDING_3D",
        "id": "TOPANGA_BLD_16",
        "name": "Structure #16",
        "height": 18,
        "min_height": 0,
        "render_height": 18,
        "render_min_height": 0,
        "division": "Topanga Division",
        "bureau": "Valley Bureau",
        "extrusionColor": "#1e293b"
      },
      "geometry": {
        "type": "Polygon",
        "coordinates": [
          [
            [
              -118.57867328462835,
              34.15011559357676
            ],
            [
              -118.57720229905034,
              34.15011559357676
            ],
            [
              -118.57720229905034,
              34.15381842107544
            ],
            [
              -118.57867328462835,
              34.15381842107544
            ],
            [
              -118.57867328462835,
              34.15011559357676
            ]
          ]
        ]
      }
    },
    {
      "type": "Feature",
      "properties": {
        "layerType": "BUILDING_3D",
        "id": "TOPANGA_BLD_18",
        "name": "Structure #18",
        "height": 12,
        "min_height": 0,
        "render_height": 12,
        "render_min_height": 0,
        "division": "Topanga Division",
        "bureau": "Valley Bureau",
        "extrusionColor": "#1e293b"
      },
      "geometry": {
        "type": "Polygon",
        "coordinates": [
          [
            [
              -118.64994540279548,
              34.156529970832736
            ],
            [
              -118.64713631439736,
              34.156529970832736
            ],
            [
              -118.64713631439736,
              34.15999455316515
            ],
            [
              -118.64994540279548,
              34.15999455316515
            ],
            [
              -118.64994540279548,
              34.156529970832736
            ]
          ]
        ]
      }
    },
    {
      "type": "Feature",
      "properties": {
        "layerType": "BUILDING_3D",
        "id": "TOPANGA_BLD_20",
        "name": "Topanga Division High-Rise Tower #20",
        "height": 75,
        "min_height": 0,
        "render_height": 75,
        "render_min_height": 0,
        "division": "Topanga Division",
        "bureau": "Valley Bureau",
        "extrusionColor": "#0ea5e9"
      },
      "geometry": {
        "type": "Polygon",
        "coordinates": [
          [
            [
              -118.63904787720323,
              34.1572976330607
            ],
            [
              -118.63706934606564,
              34.1572976330607
            ],
            [
              -118.63706934606564,
              34.158845698671165
            ],
            [
              -118.63904787720323,
              34.158845698671165
            ],
            [
              -118.63904787720323,
              34.1572976330607
            ]
          ]
        ]
      }
    },
    {
      "type": "Feature",
      "properties": {
        "layerType": "BUILDING_3D",
        "id": "TOPANGA_BLD_21",
        "name": "Structure #21",
        "height": 18,
        "min_height": 0,
        "render_height": 18,
        "render_min_height": 0,
        "division": "Topanga Division",
        "bureau": "Valley Bureau",
        "extrusionColor": "#1e293b"
      },
      "geometry": {
        "type": "Polygon",
        "coordinates": [
          [
            [
              -118.6337198747664,
              34.1553197665565
            ],
            [
              -118.63226287183892,
              34.1553197665565
            ],
            [
              -118.63226287183892,
              34.15864373637737
            ],
            [
              -118.6337198747664,
              34.15864373637737
            ],
            [
              -118.6337198747664,
              34.1553197665565
            ]
          ]
        ]
      }
    },
    {
      "type": "Feature",
      "properties": {
        "layerType": "BUILDING_3D",
        "id": "TOPANGA_BLD_22",
        "name": "Structure #22",
        "height": 12,
        "min_height": 0,
        "render_height": 12,
        "render_min_height": 0,
        "division": "Topanga Division",
        "bureau": "Valley Bureau",
        "extrusionColor": "#1e293b"
      },
      "geometry": {
        "type": "Polygon",
        "coordinates": [
          [
            [
              -118.63087551382918,
              34.15507020402942
            ],
            [
              -118.62774707164482,
              34.15507020402942
            ],
            [
              -118.62774707164482,
              34.15800670094732
            ],
            [
              -118.63087551382918,
              34.15800670094732
            ],
            [
              -118.63087551382918,
              34.15507020402942
            ]
          ]
        ]
      }
    },
    {
      "type": "Feature",
      "properties": {
        "layerType": "BUILDING_3D",
        "id": "TOPANGA_BLD_23",
        "name": "Structure #23",
        "height": 8,
        "min_height": 0,
        "render_height": 8,
        "render_min_height": 0,
        "division": "Topanga Division",
        "bureau": "Valley Bureau",
        "extrusionColor": "#1e293b"
      },
      "geometry": {
        "type": "Polygon",
        "coordinates": [
          [
            [
              -118.62640451385467,
              34.156908275247346
            ],
            [
              -118.62364075204958,
              34.156908275247346
            ],
            [
              -118.62364075204958,
              34.159010076466046
            ],
            [
              -118.62640451385467,
              34.159010076466046
            ],
            [
              -118.62640451385467,
              34.156908275247346
            ]
          ]
        ]
      }
    },
    {
      "type": "Feature",
      "properties": {
        "layerType": "BUILDING_3D",
        "id": "TOPANGA_BLD_25",
        "name": "Structure #25",
        "height": 19,
        "min_height": 0,
        "render_height": 19,
        "render_min_height": 0,
        "division": "Topanga Division",
        "bureau": "Valley Bureau",
        "extrusionColor": "#1e293b"
      },
      "geometry": {
        "type": "Polygon",
        "coordinates": [
          [
            [
              -118.61533086114505,
              34.15593121180342
            ],
            [
              -118.61380006114328,
              34.15593121180342
            ],
            [
              -118.61380006114328,
              34.1580316701465
            ],
            [
              -118.61533086114505,
              34.1580316701465
            ],
            [
              -118.61533086114505,
              34.15593121180342
            ]
          ]
        ]
      }
    },
    {
      "type": "Feature",
      "properties": {
        "layerType": "BUILDING_3D",
        "id": "TOPANGA_BLD_26",
        "name": "Structure #26",
        "height": 9,
        "min_height": 0,
        "render_height": 9,
        "render_min_height": 0,
        "division": "Topanga Division",
        "bureau": "Valley Bureau",
        "extrusionColor": "#1e293b"
      },
      "geometry": {
        "type": "Polygon",
        "coordinates": [
          [
            [
              -118.61147650653795,
              34.15503802929369
            ],
            [
              -118.609499604568,
              34.15503802929369
            ],
            [
              -118.609499604568,
              34.1581643307093
            ],
            [
              -118.61147650653795,
              34.1581643307093
            ],
            [
              -118.61147650653795,
              34.15503802929369
            ]
          ]
        ]
      }
    },
    {
      "type": "Feature",
      "properties": {
        "layerType": "BUILDING_3D",
        "id": "TOPANGA_BLD_27",
        "name": "Structure #27",
        "height": 25,
        "min_height": 0,
        "render_height": 25,
        "render_min_height": 0,
        "division": "Topanga Division",
        "bureau": "Valley Bureau",
        "extrusionColor": "#1e293b"
      },
      "geometry": {
        "type": "Polygon",
        "coordinates": [
          [
            [
              -118.60761126654711,
              34.15613643898054
            ],
            [
              -118.60466886521476,
              34.15613643898054
            ],
            [
              -118.60466886521476,
              34.15782429436838
            ],
            [
              -118.60761126654711,
              34.15782429436838
            ],
            [
              -118.60761126654711,
              34.15613643898054
            ]
          ]
        ]
      }
    },
    {
      "type": "Feature",
      "properties": {
        "layerType": "BUILDING_3D",
        "id": "TOPANGA_BLD_29",
        "name": "Structure #29",
        "height": 16,
        "min_height": 0,
        "render_height": 16,
        "render_min_height": 0,
        "division": "Topanga Division",
        "bureau": "Valley Bureau",
        "extrusionColor": "#1e293b"
      },
      "geometry": {
        "type": "Polygon",
        "coordinates": [
          [
            [
              -118.5974541006047,
              34.15541881183179
            ],
            [
              -118.5937439396165,
              34.15541881183179
            ],
            [
              -118.5937439396165,
              34.15788175678875
            ],
            [
              -118.5974541006047,
              34.15788175678875
            ],
            [
              -118.5974541006047,
              34.15541881183179
            ]
          ]
        ]
      }
    },
    {
      "type": "Feature",
      "properties": {
        "layerType": "BUILDING_3D",
        "id": "TOPANGA_BLD_30",
        "name": "Structure #30",
        "height": 8,
        "min_height": 0,
        "render_height": 8,
        "render_min_height": 0,
        "division": "Topanga Division",
        "bureau": "Valley Bureau",
        "extrusionColor": "#1e293b"
      },
      "geometry": {
        "type": "Polygon",
        "coordinates": [
          [
            [
              -118.59313523592301,
              34.15708873125222
            ],
            [
              -118.59081717008117,
              34.15708873125222
            ],
            [
              -118.59081717008117,
              34.15981854242771
            ],
            [
              -118.59313523592301,
              34.15981854242771
            ],
            [
              -118.59313523592301,
              34.15708873125222
            ]
          ]
        ]
      }
    },
    {
      "type": "Feature",
      "properties": {
        "layerType": "BUILDING_3D",
        "id": "TOPANGA_BLD_32",
        "name": "Topanga Division High-Rise Tower #32",
        "height": 66,
        "min_height": 0,
        "render_height": 66,
        "render_min_height": 0,
        "division": "Topanga Division",
        "bureau": "Valley Bureau",
        "extrusionColor": "#0ea5e9"
      },
      "geometry": {
        "type": "Polygon",
        "coordinates": [
          [
            [
              -118.58272899789289,
              34.1567167556123
            ],
            [
              -118.58123268499544,
              34.1567167556123
            ],
            [
              -118.58123268499544,
              34.158250942268474
            ],
            [
              -118.58272899789289,
              34.158250942268474
            ],
            [
              -118.58272899789289,
              34.1567167556123
            ]
          ]
        ]
      }
    },
    {
      "type": "Feature",
      "properties": {
        "layerType": "BUILDING_3D",
        "id": "TOPANGA_BLD_33",
        "name": "Structure #33",
        "height": 16,
        "min_height": 0,
        "render_height": 16,
        "render_min_height": 0,
        "division": "Topanga Division",
        "bureau": "Valley Bureau",
        "extrusionColor": "#1e293b"
      },
      "geometry": {
        "type": "Polygon",
        "coordinates": [
          [
            [
              -118.57779599471783,
              34.155469888687456
            ],
            [
              -118.57635205433556,
              34.155469888687456
            ],
            [
              -118.57635205433556,
              34.15767384323819
            ],
            [
              -118.57779599471783,
              34.15767384323819
            ],
            [
              -118.57779599471783,
              34.155469888687456
            ]
          ]
        ]
      }
    },
    {
      "type": "Feature",
      "properties": {
        "layerType": "BUILDING_3D",
        "id": "TOPANGA_BLD_34",
        "name": "Structure #34",
        "height": 23,
        "min_height": 0,
        "render_height": 23,
        "render_min_height": 0,
        "division": "Topanga Division",
        "bureau": "Valley Bureau",
        "extrusionColor": "#1e293b"
      },
      "geometry": {
        "type": "Polygon",
        "coordinates": [
          [
            [
              -118.5742636341765,
              34.155200321087975
            ],
            [
              -118.5721893240111,
              34.155200321087975
            ],
            [
              -118.5721893240111,
              34.157854377561904
            ],
            [
              -118.5742636341765,
              34.157854377561904
            ],
            [
              -118.5742636341765,
              34.155200321087975
            ]
          ]
        ]
      }
    },
    {
      "type": "Feature",
      "properties": {
        "layerType": "BUILDING_3D",
        "id": "TOPANGA_BLD_37",
        "name": "Structure #37",
        "height": 22,
        "min_height": 0,
        "render_height": 22,
        "render_min_height": 0,
        "division": "Topanga Division",
        "bureau": "Valley Bureau",
        "extrusionColor": "#1e293b"
      },
      "geometry": {
        "type": "Polygon",
        "coordinates": [
          [
            [
              -118.63955364510753,
              34.161447746551225
            ],
            [
              -118.63706142279057,
              34.161447746551225
            ],
            [
              -118.63706142279057,
              34.16490688376772
            ],
            [
              -118.63955364510753,
              34.16490688376772
            ],
            [
              -118.63955364510753,
              34.161447746551225
            ]
          ]
        ]
      }
    },
    {
      "type": "Feature",
      "properties": {
        "layerType": "BUILDING_3D",
        "id": "TOPANGA_BLD_38",
        "name": "Structure #38",
        "height": 9,
        "min_height": 0,
        "render_height": 9,
        "render_min_height": 0,
        "division": "Topanga Division",
        "bureau": "Valley Bureau",
        "extrusionColor": "#1e293b"
      },
      "geometry": {
        "type": "Polygon",
        "coordinates": [
          [
            [
              -118.63451976795179,
              34.16066972334597
            ],
            [
              -118.63126410939509,
              34.16066972334597
            ],
            [
              -118.63126410939509,
              34.16416705459287
            ],
            [
              -118.63451976795179,
              34.16416705459287
            ],
            [
              -118.63451976795179,
              34.16066972334597
            ]
          ]
        ]
      }
    },
    {
      "type": "Feature",
      "properties": {
        "layerType": "BUILDING_3D",
        "id": "TOPANGA_BLD_39",
        "name": "Structure #39",
        "height": 9,
        "min_height": 0,
        "render_height": 9,
        "render_min_height": 0,
        "division": "Topanga Division",
        "bureau": "Valley Bureau",
        "extrusionColor": "#1e293b"
      },
      "geometry": {
        "type": "Polygon",
        "coordinates": [
          [
            [
              -118.63054614273321,
              34.162242123518226
            ],
            [
              -118.62725453685377,
              34.162242123518226
            ],
            [
              -118.62725453685377,
              34.16389249602817
            ],
            [
              -118.63054614273321,
              34.16389249602817
            ],
            [
              -118.63054614273321,
              34.162242123518226
            ]
          ]
        ]
      }
    },
    {
      "type": "Feature",
      "properties": {
        "layerType": "BUILDING_3D",
        "id": "TOPANGA_BLD_40",
        "name": "Structure #40",
        "height": 16,
        "min_height": 0,
        "render_height": 16,
        "render_min_height": 0,
        "division": "Topanga Division",
        "bureau": "Valley Bureau",
        "extrusionColor": "#1e293b"
      },
      "geometry": {
        "type": "Polygon",
        "coordinates": [
          [
            [
              -118.62436035433579,
              34.16226408868954
            ],
            [
              -118.62280706256173,
              34.16226408868954
            ],
            [
              -118.62280706256173,
              34.163931641305496
            ],
            [
              -118.62436035433579,
              34.163931641305496
            ],
            [
              -118.62436035433579,
              34.16226408868954
            ]
          ]
        ]
      }
    },
    {
      "type": "Feature",
      "properties": {
        "layerType": "BUILDING_3D",
        "id": "TOPANGA_BLD_41",
        "name": "Structure #41",
        "height": 11,
        "min_height": 0,
        "render_height": 11,
        "render_min_height": 0,
        "division": "Topanga Division",
        "bureau": "Valley Bureau",
        "extrusionColor": "#1e293b"
      },
      "geometry": {
        "type": "Polygon",
        "coordinates": [
          [
            [
              -118.61963379888043,
              34.16027016335774
            ],
            [
              -118.61806433759482,
              34.16027016335774
            ],
            [
              -118.61806433759482,
              34.16297043265817
            ],
            [
              -118.61963379888043,
              34.16297043265817
            ],
            [
              -118.61963379888043,
              34.16027016335774
            ]
          ]
        ]
      }
    },
    {
      "type": "Feature",
      "properties": {
        "layerType": "BUILDING_3D",
        "id": "TOPANGA_BLD_42",
        "name": "Structure #42",
        "height": 24,
        "min_height": 0,
        "render_height": 24,
        "render_min_height": 0,
        "division": "Topanga Division",
        "bureau": "Valley Bureau",
        "extrusionColor": "#1e293b"
      },
      "geometry": {
        "type": "Polygon",
        "coordinates": [
          [
            [
              -118.6168045521339,
              34.16061928346447
            ],
            [
              -118.61426312220406,
              34.16061928346447
            ],
            [
              -118.61426312220406,
              34.16264880072107
            ],
            [
              -118.6168045521339,
              34.16264880072107
            ],
            [
              -118.6168045521339,
              34.16061928346447
            ]
          ]
        ]
      }
    },
    {
      "type": "Feature",
      "properties": {
        "layerType": "BUILDING_3D",
        "id": "TOPANGA_BLD_45",
        "name": "Structure #45",
        "height": 24,
        "min_height": 0,
        "render_height": 24,
        "render_min_height": 0,
        "division": "Topanga Division",
        "bureau": "Valley Bureau",
        "extrusionColor": "#1e293b"
      },
      "geometry": {
        "type": "Polygon",
        "coordinates": [
          [
            [
              -118.60199944182422,
              34.16202314690195
            ],
            [
              -118.60026199101289,
              34.16202314690195
            ],
            [
              -118.60026199101289,
              34.16454601283696
            ],
            [
              -118.60199944182422,
              34.16454601283696
            ],
            [
              -118.60199944182422,
              34.16202314690195
            ]
          ]
        ]
      }
    },
    {
      "type": "Feature",
      "properties": {
        "layerType": "BUILDING_3D",
        "id": "TOPANGA_BLD_46",
        "name": "Structure #46",
        "height": 8,
        "min_height": 0,
        "render_height": 8,
        "render_min_height": 0,
        "division": "Topanga Division",
        "bureau": "Valley Bureau",
        "extrusionColor": "#1e293b"
      },
      "geometry": {
        "type": "Polygon",
        "coordinates": [
          [
            [
              -118.59633115585699,
              34.15986928000992
            ],
            [
              -118.59395669380051,
              34.15986928000992
            ],
            [
              -118.59395669380051,
              34.16368438636932
            ],
            [
              -118.59633115585699,
              34.16368438636932
            ],
            [
              -118.59633115585699,
              34.15986928000992
            ]
          ]
        ]
      }
    },
    {
      "type": "Feature",
      "properties": {
        "layerType": "BUILDING_3D",
        "id": "TOPANGA_BLD_47",
        "name": "Structure #47",
        "height": 37,
        "min_height": 0,
        "render_height": 37,
        "render_min_height": 0,
        "division": "Topanga Division",
        "bureau": "Valley Bureau",
        "extrusionColor": "#1e293b"
      },
      "geometry": {
        "type": "Polygon",
        "coordinates": [
          [
            [
              -118.5936524423436,
              34.16156003239584
            ],
            [
              -118.59006175400535,
              34.16156003239584
            ],
            [
              -118.59006175400535,
              34.16307655310017
            ],
            [
              -118.5936524423436,
              34.16307655310017
            ],
            [
              -118.5936524423436,
              34.16156003239584
            ]
          ]
        ]
      }
    },
    {
      "type": "Feature",
      "properties": {
        "layerType": "BUILDING_3D",
        "id": "TOPANGA_BLD_49",
        "name": "Structure #49",
        "height": 11,
        "min_height": 0,
        "render_height": 11,
        "render_min_height": 0,
        "division": "Topanga Division",
        "bureau": "Valley Bureau",
        "extrusionColor": "#1e293b"
      },
      "geometry": {
        "type": "Polygon",
        "coordinates": [
          [
            [
              -118.58177499528479,
              34.160652839357645
            ],
            [
              -118.5801504916093,
              34.160652839357645
            ],
            [
              -118.5801504916093,
              34.16237359376927
            ],
            [
              -118.58177499528479,
              34.16237359376927
            ],
            [
              -118.58177499528479,
              34.160652839357645
            ]
          ]
        ]
      }
    },
    {
      "type": "Feature",
      "properties": {
        "layerType": "BUILDING_3D",
        "id": "TOPANGA_BLD_50",
        "name": "Topanga Division High-Rise Tower #50",
        "height": 80,
        "min_height": 0,
        "render_height": 80,
        "render_min_height": 0,
        "division": "Topanga Division",
        "bureau": "Valley Bureau",
        "extrusionColor": "#0ea5e9"
      },
      "geometry": {
        "type": "Polygon",
        "coordinates": [
          [
            [
              -118.57879732766338,
              34.160703587326125
            ],
            [
              -118.5771777940995,
              34.160703587326125
            ],
            [
              -118.5771777940995,
              34.16265806892223
            ],
            [
              -118.57879732766338,
              34.16265806892223
            ],
            [
              -118.57879732766338,
              34.160703587326125
            ]
          ]
        ]
      }
    },
    {
      "type": "Feature",
      "properties": {
        "layerType": "BUILDING_3D",
        "id": "TOPANGA_BLD_56",
        "name": "Structure #56",
        "height": 21,
        "min_height": 0,
        "render_height": 21,
        "render_min_height": 0,
        "division": "Topanga Division",
        "bureau": "Valley Bureau",
        "extrusionColor": "#1e293b"
      },
      "geometry": {
        "type": "Polygon",
        "coordinates": [
          [
            [
              -118.63082537466138,
              34.16628224973622
            ],
            [
              -118.62763810639879,
              34.16628224973622
            ],
            [
              -118.62763810639879,
              34.16930201438502
            ],
            [
              -118.63082537466138,
              34.16930201438502
            ],
            [
              -118.63082537466138,
              34.16628224973622
            ]
          ]
        ]
      }
    },
    {
      "type": "Feature",
      "properties": {
        "layerType": "BUILDING_3D",
        "id": "TOPANGA_BLD_57",
        "name": "Structure #57",
        "height": 8,
        "min_height": 0,
        "render_height": 8,
        "render_min_height": 0,
        "division": "Topanga Division",
        "bureau": "Valley Bureau",
        "extrusionColor": "#1e293b"
      },
      "geometry": {
        "type": "Polygon",
        "coordinates": [
          [
            [
              -118.62526376495416,
              34.166344438055596
            ],
            [
              -118.62242163351999,
              34.166344438055596
            ],
            [
              -118.62242163351999,
              34.16967391799081
            ],
            [
              -118.62526376495416,
              34.16967391799081
            ],
            [
              -118.62526376495416,
              34.166344438055596
            ]
          ]
        ]
      }
    },
    {
      "type": "Feature",
      "properties": {
        "layerType": "BUILDING_3D",
        "id": "TOPANGA_BLD_58",
        "name": "Structure #58",
        "height": 10,
        "min_height": 0,
        "render_height": 10,
        "render_min_height": 0,
        "division": "Topanga Division",
        "bureau": "Valley Bureau",
        "extrusionColor": "#1e293b"
      },
      "geometry": {
        "type": "Polygon",
        "coordinates": [
          [
            [
              -118.62049935241828,
              34.166953790537235
            ],
            [
              -118.61736572424394,
              34.166953790537235
            ],
            [
              -118.61736572424394,
              34.168477832900834
            ],
            [
              -118.62049935241828,
              34.168477832900834
            ],
            [
              -118.62049935241828,
              34.166953790537235
            ]
          ]
        ]
      }
    },
    {
      "type": "Feature",
      "properties": {
        "layerType": "BUILDING_3D",
        "id": "TOPANGA_BLD_59",
        "name": "Structure #59",
        "height": 10,
        "min_height": 0,
        "render_height": 10,
        "render_min_height": 0,
        "division": "Topanga Division",
        "bureau": "Valley Bureau",
        "extrusionColor": "#1e293b"
      },
      "geometry": {
        "type": "Polygon",
        "coordinates": [
          [
            [
              -118.6152199618473,
              34.16703871628321
            ],
            [
              -118.6137855690345,
              34.16703871628321
            ],
            [
              -118.6137855690345,
              34.16888845161315
            ],
            [
              -118.6152199618473,
              34.16888845161315
            ],
            [
              -118.6152199618473,
              34.16703871628321
            ]
          ]
        ]
      }
    },
    {
      "type": "Feature",
      "properties": {
        "layerType": "BUILDING_3D",
        "id": "TOPANGA_BLD_60",
        "name": "Structure #60",
        "height": 12,
        "min_height": 0,
        "render_height": 12,
        "render_min_height": 0,
        "division": "Topanga Division",
        "bureau": "Valley Bureau",
        "extrusionColor": "#1e293b"
      },
      "geometry": {
        "type": "Polygon",
        "coordinates": [
          [
            [
              -118.61043414938051,
              34.16558060911067
            ],
            [
              -118.60869322201115,
              34.16558060911067
            ],
            [
              -118.60869322201115,
              34.16745785867108
            ],
            [
              -118.61043414938051,
              34.16745785867108
            ],
            [
              -118.61043414938051,
              34.16558060911067
            ]
          ]
        ]
      }
    },
    {
      "type": "Feature",
      "properties": {
        "layerType": "BUILDING_3D",
        "id": "TOPANGA_BLD_61",
        "name": "Structure #61",
        "height": 15,
        "min_height": 0,
        "render_height": 15,
        "render_min_height": 0,
        "division": "Topanga Division",
        "bureau": "Valley Bureau",
        "extrusionColor": "#1e293b"
      },
      "geometry": {
        "type": "Polygon",
        "coordinates": [
          [
            [
              -118.60710060318995,
              34.16573711954362
            ],
            [
              -118.60533378007428,
              34.16573711954362
            ],
            [
              -118.60533378007428,
              34.16782245698428
            ],
            [
              -118.60710060318995,
              34.16782245698428
            ],
            [
              -118.60710060318995,
              34.16573711954362
            ]
          ]
        ]
      }
    },
    {
      "type": "Feature",
      "properties": {
        "layerType": "BUILDING_3D",
        "id": "TOPANGA_BLD_65",
        "name": "Structure #65",
        "height": 23,
        "min_height": 0,
        "render_height": 23,
        "render_min_height": 0,
        "division": "Topanga Division",
        "bureau": "Valley Bureau",
        "extrusionColor": "#1e293b"
      },
      "geometry": {
        "type": "Polygon",
        "coordinates": [
          [
            [
              -118.58796123889105,
              34.165830051734915
            ],
            [
              -118.58537765206539,
              34.165830051734915
            ],
            [
              -118.58537765206539,
              34.16760822560151
            ],
            [
              -118.58796123889105,
              34.16760822560151
            ],
            [
              -118.58796123889105,
              34.165830051734915
            ]
          ]
        ]
      }
    },
    {
      "type": "Feature",
      "properties": {
        "layerType": "BUILDING_3D",
        "id": "TOPANGA_BLD_66",
        "name": "Structure #66",
        "height": 9,
        "min_height": 0,
        "render_height": 9,
        "render_min_height": 0,
        "division": "Topanga Division",
        "bureau": "Valley Bureau",
        "extrusionColor": "#1e293b"
      },
      "geometry": {
        "type": "Polygon",
        "coordinates": [
          [
            [
              -118.58333642189655,
              34.16564160621234
            ],
            [
              -118.58166284649269,
              34.16564160621234
            ],
            [
              -118.58166284649269,
              34.169350491391306
            ],
            [
              -118.58333642189655,
              34.169350491391306
            ],
            [
              -118.58333642189655,
              34.16564160621234
            ]
          ]
        ]
      }
    },
    {
      "type": "Feature",
      "properties": {
        "layerType": "BUILDING_3D",
        "id": "TOPANGA_BLD_68",
        "name": "Structure #68",
        "height": 25,
        "min_height": 0,
        "render_height": 25,
        "render_min_height": 0,
        "division": "Topanga Division",
        "bureau": "Valley Bureau",
        "extrusionColor": "#1e293b"
      },
      "geometry": {
        "type": "Polygon",
        "coordinates": [
          [
            [
              -118.57391970286737,
              34.16683618784302
            ],
            [
              -118.57224963530997,
              34.16683618784302
            ],
            [
              -118.57224963530997,
              34.169698028443335
            ],
            [
              -118.57391970286737,
              34.169698028443335
            ],
            [
              -118.57391970286737,
              34.16683618784302
            ]
          ]
        ]
      }
    },
    {
      "type": "Feature",
      "properties": {
        "layerType": "BUILDING_3D",
        "id": "TOPANGA_BLD_70",
        "name": "Topanga Division High-Rise Tower #70",
        "height": 65,
        "min_height": 0,
        "render_height": 65,
        "render_min_height": 0,
        "division": "Topanga Division",
        "bureau": "Valley Bureau",
        "extrusionColor": "#0ea5e9"
      },
      "geometry": {
        "type": "Polygon",
        "coordinates": [
          [
            [
              -118.64553533217173,
              34.17072249580973
            ],
            [
              -118.64181608914822,
              34.17072249580973
            ],
            [
              -118.64181608914822,
              34.17445644915077
            ],
            [
              -118.64553533217173,
              34.17445644915077
            ],
            [
              -118.64553533217173,
              34.17072249580973
            ]
          ]
        ]
      }
    },
    {
      "type": "Feature",
      "properties": {
        "layerType": "BUILDING_3D",
        "id": "TOPANGA_BLD_72",
        "name": "Structure #72",
        "height": 20,
        "min_height": 0,
        "render_height": 20,
        "render_min_height": 0,
        "division": "Topanga Division",
        "bureau": "Valley Bureau",
        "extrusionColor": "#1e293b"
      },
      "geometry": {
        "type": "Polygon",
        "coordinates": [
          [
            [
              -118.63358570469686,
              34.171985757706494
            ],
            [
              -118.63166350646551,
              34.171985757706494
            ],
            [
              -118.63166350646551,
              34.17458856763916
            ],
            [
              -118.63358570469686,
              34.17458856763916
            ],
            [
              -118.63358570469686,
              34.171985757706494
            ]
          ]
        ]
      }
    },
    {
      "type": "Feature",
      "properties": {
        "layerType": "BUILDING_3D",
        "id": "TOPANGA_BLD_73",
        "name": "Topanga Division High-Rise Tower #73",
        "height": 79,
        "min_height": 0,
        "render_height": 79,
        "render_min_height": 0,
        "division": "Topanga Division",
        "bureau": "Valley Bureau",
        "extrusionColor": "#0ea5e9"
      },
      "geometry": {
        "type": "Polygon",
        "coordinates": [
          [
            [
              -118.6293075221586,
              34.1702934035562
            ],
            [
              -118.62685781869254,
              34.1702934035562
            ],
            [
              -118.62685781869254,
              34.17357433343709
            ],
            [
              -118.6293075221586,
              34.17357433343709
            ],
            [
              -118.6293075221586,
              34.1702934035562
            ]
          ]
        ]
      }
    },
    {
      "type": "Feature",
      "properties": {
        "layerType": "BUILDING_3D",
        "id": "TOPANGA_BLD_74",
        "name": "Structure #74",
        "height": 48,
        "min_height": 0,
        "render_height": 48,
        "render_min_height": 0,
        "division": "Topanga Division",
        "bureau": "Valley Bureau",
        "extrusionColor": "#0ea5e9"
      },
      "geometry": {
        "type": "Polygon",
        "coordinates": [
          [
            [
              -118.62619444371181,
              34.170538621635295
            ],
            [
              -118.62310650970626,
              34.170538621635295
            ],
            [
              -118.62310650970626,
              34.17422587425698
            ],
            [
              -118.62619444371181,
              34.17422587425698
            ],
            [
              -118.62619444371181,
              34.170538621635295
            ]
          ]
        ]
      }
    },
    {
      "type": "Feature",
      "properties": {
        "layerType": "BUILDING_3D",
        "id": "TOPANGA_BLD_75",
        "name": "Structure #75",
        "height": 12,
        "min_height": 0,
        "render_height": 12,
        "render_min_height": 0,
        "division": "Topanga Division",
        "bureau": "Valley Bureau",
        "extrusionColor": "#1e293b"
      },
      "geometry": {
        "type": "Polygon",
        "coordinates": [
          [
            [
              -118.62125776787266,
              34.17140436879487
            ],
            [
              -118.61778741246403,
              34.17140436879487
            ],
            [
              -118.61778741246403,
              34.174445119014536
            ],
            [
              -118.62125776787266,
              34.174445119014536
            ],
            [
              -118.62125776787266,
              34.17140436879487
            ]
          ]
        ]
      }
    },
    {
      "type": "Feature",
      "properties": {
        "layerType": "BUILDING_3D",
        "id": "TOPANGA_BLD_76",
        "name": "Structure #76",
        "height": 16,
        "min_height": 0,
        "render_height": 16,
        "render_min_height": 0,
        "division": "Topanga Division",
        "bureau": "Valley Bureau",
        "extrusionColor": "#1e293b"
      },
      "geometry": {
        "type": "Polygon",
        "coordinates": [
          [
            [
              -118.61573706466366,
              34.17221842610166
            ],
            [
              -118.61287518210396,
              34.17221842610166
            ],
            [
              -118.61287518210396,
              34.17428117809305
            ],
            [
              -118.61573706466366,
              34.17428117809305
            ],
            [
              -118.61573706466366,
              34.17221842610166
            ]
          ]
        ]
      }
    },
    {
      "type": "Feature",
      "properties": {
        "layerType": "BUILDING_3D",
        "id": "TOPANGA_BLD_77",
        "name": "Structure #77",
        "height": 9,
        "min_height": 0,
        "render_height": 9,
        "render_min_height": 0,
        "division": "Topanga Division",
        "bureau": "Valley Bureau",
        "extrusionColor": "#1e293b"
      },
      "geometry": {
        "type": "Polygon",
        "coordinates": [
          [
            [
              -118.61026501072784,
              34.171377815297205
            ],
            [
              -118.6083235970889,
              34.171377815297205
            ],
            [
              -118.6083235970889,
              34.174087385054264
            ],
            [
              -118.61026501072784,
              34.174087385054264
            ],
            [
              -118.61026501072784,
              34.171377815297205
            ]
          ]
        ]
      }
    },
    {
      "type": "Feature",
      "properties": {
        "layerType": "BUILDING_3D",
        "id": "TOPANGA_BLD_78",
        "name": "Topanga Division High-Rise Tower #78",
        "height": 58,
        "min_height": 0,
        "render_height": 58,
        "render_min_height": 0,
        "division": "Topanga Division",
        "bureau": "Valley Bureau",
        "extrusionColor": "#0ea5e9"
      },
      "geometry": {
        "type": "Polygon",
        "coordinates": [
          [
            [
              -118.60635029148499,
              34.17108972789717
            ],
            [
              -118.60380010818422,
              34.17108972789717
            ],
            [
              -118.60380010818422,
              34.17281067528906
            ],
            [
              -118.60635029148499,
              34.17281067528906
            ],
            [
              -118.60635029148499,
              34.17108972789717
            ]
          ]
        ]
      }
    },
    {
      "type": "Feature",
      "properties": {
        "layerType": "BUILDING_3D",
        "id": "TOPANGA_BLD_79",
        "name": "Structure #79",
        "height": 14,
        "min_height": 0,
        "render_height": 14,
        "render_min_height": 0,
        "division": "Topanga Division",
        "bureau": "Valley Bureau",
        "extrusionColor": "#1e293b"
      },
      "geometry": {
        "type": "Polygon",
        "coordinates": [
          [
            [
              -118.60191555021443,
              34.1714042657156
            ],
            [
              -118.60029583502207,
              34.1714042657156
            ],
            [
              -118.60029583502207,
              34.17353104589569
            ],
            [
              -118.60191555021443,
              34.17353104589569
            ],
            [
              -118.60191555021443,
              34.1714042657156
            ]
          ]
        ]
      }
    },
    {
      "type": "Feature",
      "properties": {
        "layerType": "BUILDING_3D",
        "id": "TOPANGA_BLD_80",
        "name": "Structure #80",
        "height": 11,
        "min_height": 0,
        "render_height": 11,
        "render_min_height": 0,
        "division": "Topanga Division",
        "bureau": "Valley Bureau",
        "extrusionColor": "#1e293b"
      },
      "geometry": {
        "type": "Polygon",
        "coordinates": [
          [
            [
              -118.59691363226767,
              34.17048515470196
            ],
            [
              -118.59491195680405,
              34.17048515470196
            ],
            [
              -118.59491195680405,
              34.17286836112505
            ],
            [
              -118.59691363226767,
              34.17286836112505
            ],
            [
              -118.59691363226767,
              34.17048515470196
            ]
          ]
        ]
      }
    },
    {
      "type": "Feature",
      "properties": {
        "layerType": "BUILDING_3D",
        "id": "TOPANGA_BLD_81",
        "name": "Structure #81",
        "height": 12,
        "min_height": 0,
        "render_height": 12,
        "render_min_height": 0,
        "division": "Topanga Division",
        "bureau": "Valley Bureau",
        "extrusionColor": "#1e293b"
      },
      "geometry": {
        "type": "Polygon",
        "coordinates": [
          [
            [
              -118.59307279557463,
              34.170999237493604
            ],
            [
              -118.59082977776465,
              34.170999237493604
            ],
            [
              -118.59082977776465,
              34.17300361079454
            ],
            [
              -118.59307279557463,
              34.17300361079454
            ],
            [
              -118.59307279557463,
              34.170999237493604
            ]
          ]
        ]
      }
    },
    {
      "type": "Feature",
      "properties": {
        "layerType": "BUILDING_3D",
        "id": "TOPANGA_BLD_83",
        "name": "Structure #83",
        "height": 23,
        "min_height": 0,
        "render_height": 23,
        "render_min_height": 0,
        "division": "Topanga Division",
        "bureau": "Valley Bureau",
        "extrusionColor": "#1e293b"
      },
      "geometry": {
        "type": "Polygon",
        "coordinates": [
          [
            [
              -118.58306855105018,
              34.17049074476457
            ],
            [
              -118.58101320868916,
              34.17049074476457
            ],
            [
              -118.58101320868916,
              34.17331625251692
            ],
            [
              -118.58306855105018,
              34.17331625251692
            ],
            [
              -118.58306855105018,
              34.17049074476457
            ]
          ]
        ]
      }
    },
    {
      "type": "Feature",
      "properties": {
        "layerType": "BUILDING_3D",
        "id": "TOPANGA_BLD_84",
        "name": "Structure #84",
        "height": 25,
        "min_height": 0,
        "render_height": 25,
        "render_min_height": 0,
        "division": "Topanga Division",
        "bureau": "Valley Bureau",
        "extrusionColor": "#1e293b"
      },
      "geometry": {
        "type": "Polygon",
        "coordinates": [
          [
            [
              -118.5789498872804,
              34.17025534177018
            ],
            [
              -118.57629058586642,
              34.17025534177018
            ],
            [
              -118.57629058586642,
              34.17383874024353
            ],
            [
              -118.5789498872804,
              34.17383874024353
            ],
            [
              -118.5789498872804,
              34.17025534177018
            ]
          ]
        ]
      }
    },
    {
      "type": "Feature",
      "properties": {
        "layerType": "BUILDING_3D",
        "id": "TOPANGA_BLD_85",
        "name": "Structure #85",
        "height": 23,
        "min_height": 0,
        "render_height": 23,
        "render_min_height": 0,
        "division": "Topanga Division",
        "bureau": "Valley Bureau",
        "extrusionColor": "#1e293b"
      },
      "geometry": {
        "type": "Polygon",
        "coordinates": [
          [
            [
              -118.57446556068689,
              34.17057694323541
            ],
            [
              -118.57109295035903,
              34.17057694323541
            ],
            [
              -118.57109295035903,
              34.17454386916835
            ],
            [
              -118.57446556068689,
              34.17454386916835
            ],
            [
              -118.57446556068689,
              34.17057694323541
            ]
          ]
        ]
      }
    },
    {
      "type": "Feature",
      "properties": {
        "layerType": "BUILDING_3D",
        "id": "TOPANGA_BLD_86",
        "name": "Structure #86",
        "height": 12,
        "min_height": 0,
        "render_height": 12,
        "render_min_height": 0,
        "division": "Topanga Division",
        "bureau": "Valley Bureau",
        "extrusionColor": "#1e293b"
      },
      "geometry": {
        "type": "Polygon",
        "coordinates": [
          [
            [
              -118.64945699460196,
              34.176361265582806
            ],
            [
              -118.64572341725332,
              34.176361265582806
            ],
            [
              -118.64572341725332,
              34.17997217197456
            ],
            [
              -118.64945699460196,
              34.17997217197456
            ],
            [
              -118.64945699460196,
              34.176361265582806
            ]
          ]
        ]
      }
    },
    {
      "type": "Feature",
      "properties": {
        "layerType": "BUILDING_3D",
        "id": "TOPANGA_BLD_87",
        "name": "Structure #87",
        "height": 14,
        "min_height": 0,
        "render_height": 14,
        "render_min_height": 0,
        "division": "Topanga Division",
        "bureau": "Valley Bureau",
        "extrusionColor": "#1e293b"
      },
      "geometry": {
        "type": "Polygon",
        "coordinates": [
          [
            [
              -118.6440129265103,
              34.17740406386602
            ],
            [
              -118.64061442637689,
              34.17740406386602
            ],
            [
              -118.64061442637689,
              34.179543017626685
            ],
            [
              -118.6440129265103,
              34.179543017626685
            ],
            [
              -118.6440129265103,
              34.17740406386602
            ]
          ]
        ]
      }
    },
    {
      "type": "Feature",
      "properties": {
        "layerType": "BUILDING_3D",
        "id": "TOPANGA_BLD_88",
        "name": "Structure #88",
        "height": 11,
        "min_height": 0,
        "render_height": 11,
        "render_min_height": 0,
        "division": "Topanga Division",
        "bureau": "Valley Bureau",
        "extrusionColor": "#1e293b"
      },
      "geometry": {
        "type": "Polygon",
        "coordinates": [
          [
            [
              -118.63832558694963,
              34.176986325465265
            ],
            [
              -118.63631245399841,
              34.176986325465265
            ],
            [
              -118.63631245399841,
              34.17939112476154
            ],
            [
              -118.63832558694963,
              34.17939112476154
            ],
            [
              -118.63832558694963,
              34.176986325465265
            ]
          ]
        ]
      }
    },
    {
      "type": "Feature",
      "properties": {
        "layerType": "BUILDING_3D",
        "id": "TOPANGA_BLD_89",
        "name": "Topanga Division High-Rise Tower #89",
        "height": 93,
        "min_height": 0,
        "render_height": 93,
        "render_min_height": 0,
        "division": "Topanga Division",
        "bureau": "Valley Bureau",
        "extrusionColor": "#00f3ff"
      },
      "geometry": {
        "type": "Polygon",
        "coordinates": [
          [
            [
              -118.63401287015034,
              34.17599955954442
            ],
            [
              -118.63174952963621,
              34.17599955954442
            ],
            [
              -118.63174952963621,
              34.17802276647264
            ],
            [
              -118.63401287015034,
              34.17802276647264
            ],
            [
              -118.63401287015034,
              34.17599955954442
            ]
          ]
        ]
      }
    },
    {
      "type": "Feature",
      "properties": {
        "layerType": "BUILDING_3D",
        "id": "TOPANGA_BLD_90",
        "name": "Structure #90",
        "height": 22,
        "min_height": 0,
        "render_height": 22,
        "render_min_height": 0,
        "division": "Topanga Division",
        "bureau": "Valley Bureau",
        "extrusionColor": "#1e293b"
      },
      "geometry": {
        "type": "Polygon",
        "coordinates": [
          [
            [
              -118.63023570866409,
              34.17579637936343
            ],
            [
              -118.62833151390811,
              34.17579637936343
            ],
            [
              -118.62833151390811,
              34.178651299510605
            ],
            [
              -118.63023570866409,
              34.178651299510605
            ],
            [
              -118.63023570866409,
              34.17579637936343
            ]
          ]
        ]
      }
    },
    {
      "type": "Feature",
      "properties": {
        "layerType": "BUILDING_3D",
        "id": "TOPANGA_BLD_91",
        "name": "Structure #91",
        "height": 15,
        "min_height": 0,
        "render_height": 15,
        "render_min_height": 0,
        "division": "Topanga Division",
        "bureau": "Valley Bureau",
        "extrusionColor": "#1e293b"
      },
      "geometry": {
        "type": "Polygon",
        "coordinates": [
          [
            [
              -118.62572105471676,
              34.17517298133067
            ],
            [
              -118.62303407104883,
              34.17517298133067
            ],
            [
              -118.62303407104883,
              34.17866414975449
            ],
            [
              -118.62572105471676,
              34.17866414975449
            ],
            [
              -118.62572105471676,
              34.17517298133067
            ]
          ]
        ]
      }
    },
    {
      "type": "Feature",
      "properties": {
        "layerType": "BUILDING_3D",
        "id": "TOPANGA_BLD_92",
        "name": "Structure #92",
        "height": 8,
        "min_height": 0,
        "render_height": 8,
        "render_min_height": 0,
        "division": "Topanga Division",
        "bureau": "Valley Bureau",
        "extrusionColor": "#1e293b"
      },
      "geometry": {
        "type": "Polygon",
        "coordinates": [
          [
            [
              -118.62160189992407,
              34.176345199660425
            ],
            [
              -118.61831609434871,
              34.176345199660425
            ],
            [
              -118.61831609434871,
              34.178822672575045
            ],
            [
              -118.62160189992407,
              34.178822672575045
            ],
            [
              -118.62160189992407,
              34.176345199660425
            ]
          ]
        ]
      }
    },
    {
      "type": "Feature",
      "properties": {
        "layerType": "BUILDING_3D",
        "id": "TOPANGA_BLD_93",
        "name": "Structure #93",
        "height": 10,
        "min_height": 0,
        "render_height": 10,
        "render_min_height": 0,
        "division": "Topanga Division",
        "bureau": "Valley Bureau",
        "extrusionColor": "#1e293b"
      },
      "geometry": {
        "type": "Polygon",
        "coordinates": [
          [
            [
              -118.61579275326078,
              34.17733842090358
            ],
            [
              -118.61346101404702,
              34.17733842090358
            ],
            [
              -118.61346101404702,
              34.178847448574516
            ],
            [
              -118.61579275326078,
              34.178847448574516
            ],
            [
              -118.61579275326078,
              34.17733842090358
            ]
          ]
        ]
      }
    },
    {
      "type": "Feature",
      "properties": {
        "layerType": "BUILDING_3D",
        "id": "TOPANGA_BLD_94",
        "name": "Structure #94",
        "height": 9,
        "min_height": 0,
        "render_height": 9,
        "render_min_height": 0,
        "division": "Topanga Division",
        "bureau": "Valley Bureau",
        "extrusionColor": "#1e293b"
      },
      "geometry": {
        "type": "Polygon",
        "coordinates": [
          [
            [
              -118.61015207444369,
              34.17633829004104
            ],
            [
              -118.60873181310633,
              34.17633829004104
            ],
            [
              -118.60873181310633,
              34.17822566662236
            ],
            [
              -118.61015207444369,
              34.17822566662236
            ],
            [
              -118.61015207444369,
              34.17633829004104
            ]
          ]
        ]
      }
    },
    {
      "type": "Feature",
      "properties": {
        "layerType": "BUILDING_3D",
        "id": "TOPANGA_BLD_95",
        "name": "Structure #95",
        "height": 8,
        "min_height": 0,
        "render_height": 8,
        "render_min_height": 0,
        "division": "Topanga Division",
        "bureau": "Valley Bureau",
        "extrusionColor": "#1e293b"
      },
      "geometry": {
        "type": "Polygon",
        "coordinates": [
          [
            [
              -118.60638749172608,
              34.17567426363074
            ],
            [
              -118.60461113729662,
              34.17567426363074
            ],
            [
              -118.60461113729662,
              34.17734018064276
            ],
            [
              -118.60638749172608,
              34.17734018064276
            ],
            [
              -118.60638749172608,
              34.17567426363074
            ]
          ]
        ]
      }
    },
    {
      "type": "Feature",
      "properties": {
        "layerType": "BUILDING_3D",
        "id": "TOPANGA_BLD_96",
        "name": "Structure #96",
        "height": 12,
        "min_height": 0,
        "render_height": 12,
        "render_min_height": 0,
        "division": "Topanga Division",
        "bureau": "Valley Bureau",
        "extrusionColor": "#1e293b"
      },
      "geometry": {
        "type": "Polygon",
        "coordinates": [
          [
            [
              -118.60230657540636,
              34.176056440376456
            ],
            [
              -118.60073865351269,
              34.176056440376456
            ],
            [
              -118.60073865351269,
              34.17756336215366
            ],
            [
              -118.60230657540636,
              34.17756336215366
            ],
            [
              -118.60230657540636,
              34.176056440376456
            ]
          ]
        ]
      }
    },
    {
      "type": "Feature",
      "properties": {
        "layerType": "BUILDING_3D",
        "id": "TOPANGA_BLD_101",
        "name": "Structure #101",
        "height": 16,
        "min_height": 0,
        "render_height": 16,
        "render_min_height": 0,
        "division": "Topanga Division",
        "bureau": "Valley Bureau",
        "extrusionColor": "#1e293b"
      },
      "geometry": {
        "type": "Polygon",
        "coordinates": [
          [
            [
              -118.57854174769244,
              34.17746991061271
            ],
            [
              -118.576075656124,
              34.17746991061271
            ],
            [
              -118.576075656124,
              34.17951682257621
            ],
            [
              -118.57854174769244,
              34.17951682257621
            ],
            [
              -118.57854174769244,
              34.17746991061271
            ]
          ]
        ]
      }
    },
    {
      "type": "Feature",
      "properties": {
        "layerType": "BUILDING_3D",
        "id": "TOPANGA_BLD_102",
        "name": "Structure #102",
        "height": 11,
        "min_height": 0,
        "render_height": 11,
        "render_min_height": 0,
        "division": "Topanga Division",
        "bureau": "Valley Bureau",
        "extrusionColor": "#1e293b"
      },
      "geometry": {
        "type": "Polygon",
        "coordinates": [
          [
            [
              -118.5723812605998,
              34.17607258625372
            ],
            [
              -118.57045475522239,
              34.17607258625372
            ],
            [
              -118.57045475522239,
              34.178719769412616
            ],
            [
              -118.5723812605998,
              34.178719769412616
            ],
            [
              -118.5723812605998,
              34.17607258625372
            ]
          ]
        ]
      }
    },
    {
      "type": "Feature",
      "properties": {
        "layerType": "BUILDING_3D",
        "id": "TOPANGA_BLD_103",
        "name": "Topanga Division High-Rise Tower #103",
        "height": 81,
        "min_height": 0,
        "render_height": 81,
        "render_min_height": 0,
        "division": "Topanga Division",
        "bureau": "Valley Bureau",
        "extrusionColor": "#00f3ff"
      },
      "geometry": {
        "type": "Polygon",
        "coordinates": [
          [
            [
              -118.64899050705532,
              34.18094528964643
            ],
            [
              -118.64649904055284,
              34.18094528964643
            ],
            [
              -118.64649904055284,
              34.182929769495175
            ],
            [
              -118.64899050705532,
              34.182929769495175
            ],
            [
              -118.64899050705532,
              34.18094528964643
            ]
          ]
        ]
      }
    },
    {
      "type": "Feature",
      "properties": {
        "layerType": "BUILDING_3D",
        "id": "TOPANGA_BLD_104",
        "name": "Structure #104",
        "height": 19,
        "min_height": 0,
        "render_height": 19,
        "render_min_height": 0,
        "division": "Topanga Division",
        "bureau": "Valley Bureau",
        "extrusionColor": "#1e293b"
      },
      "geometry": {
        "type": "Polygon",
        "coordinates": [
          [
            [
              -118.64440443327395,
              34.180513235250565
            ],
            [
              -118.64253668753396,
              34.180513235250565
            ],
            [
              -118.64253668753396,
              34.184322257803665
            ],
            [
              -118.64440443327395,
              34.184322257803665
            ],
            [
              -118.64440443327395,
              34.180513235250565
            ]
          ]
        ]
      }
    },
    {
      "type": "Feature",
      "properties": {
        "layerType": "BUILDING_3D",
        "id": "TOPANGA_BLD_105",
        "name": "Structure #105",
        "height": 12,
        "min_height": 0,
        "render_height": 12,
        "render_min_height": 0,
        "division": "Topanga Division",
        "bureau": "Valley Bureau",
        "extrusionColor": "#1e293b"
      },
      "geometry": {
        "type": "Polygon",
        "coordinates": [
          [
            [
              -118.64010519035241,
              34.18033767919598
            ],
            [
              -118.63652022794949,
              34.18033767919598
            ],
            [
              -118.63652022794949,
              34.183437488562014
            ],
            [
              -118.64010519035241,
              34.183437488562014
            ],
            [
              -118.64010519035241,
              34.18033767919598
            ]
          ]
        ]
      }
    },
    {
      "type": "Feature",
      "properties": {
        "layerType": "BUILDING_3D",
        "id": "TOPANGA_BLD_106",
        "name": "Structure #106",
        "height": 12,
        "min_height": 0,
        "render_height": 12,
        "render_min_height": 0,
        "division": "Topanga Division",
        "bureau": "Valley Bureau",
        "extrusionColor": "#1e293b"
      },
      "geometry": {
        "type": "Polygon",
        "coordinates": [
          [
            [
              -118.63556453722731,
              34.18228902207421
            ],
            [
              -118.6326470695887,
              34.18228902207421
            ],
            [
              -118.6326470695887,
              34.18440541401075
            ],
            [
              -118.63556453722731,
              34.18440541401075
            ],
            [
              -118.63556453722731,
              34.18228902207421
            ]
          ]
        ]
      }
    },
    {
      "type": "Feature",
      "properties": {
        "layerType": "BUILDING_3D",
        "id": "TOPANGA_BLD_108",
        "name": "Structure #108",
        "height": 39,
        "min_height": 0,
        "render_height": 39,
        "render_min_height": 0,
        "division": "Topanga Division",
        "bureau": "Valley Bureau",
        "extrusionColor": "#1e293b"
      },
      "geometry": {
        "type": "Polygon",
        "coordinates": [
          [
            [
              -118.62483573134321,
              34.18028317154407
            ],
            [
              -118.62287279102324,
              34.18028317154407
            ],
            [
              -118.62287279102324,
              34.183703055554396
            ],
            [
              -118.62483573134321,
              34.183703055554396
            ],
            [
              -118.62483573134321,
              34.18028317154407
            ]
          ]
        ]
      }
    },
    {
      "type": "Feature",
      "properties": {
        "layerType": "BUILDING_3D",
        "id": "TOPANGA_BLD_109",
        "name": "Structure #109",
        "height": 10,
        "min_height": 0,
        "render_height": 10,
        "render_min_height": 0,
        "division": "Topanga Division",
        "bureau": "Valley Bureau",
        "extrusionColor": "#1e293b"
      },
      "geometry": {
        "type": "Polygon",
        "coordinates": [
          [
            [
              -118.62149819148793,
              34.18120442463536
            ],
            [
              -118.61827947712528,
              34.18120442463536
            ],
            [
              -118.61827947712528,
              34.18273257390856
            ],
            [
              -118.62149819148793,
              34.18273257390856
            ],
            [
              -118.62149819148793,
              34.18120442463536
            ]
          ]
        ]
      }
    },
    {
      "type": "Feature",
      "properties": {
        "layerType": "BUILDING_3D",
        "id": "TOPANGA_BLD_110",
        "name": "Structure #110",
        "height": 19,
        "min_height": 0,
        "render_height": 19,
        "render_min_height": 0,
        "division": "Topanga Division",
        "bureau": "Valley Bureau",
        "extrusionColor": "#1e293b"
      },
      "geometry": {
        "type": "Polygon",
        "coordinates": [
          [
            [
              -118.615925247402,
              34.18213256451284
            ],
            [
              -118.61448698926253,
              34.18213256451284
            ],
            [
              -118.61448698926253,
              34.18393924990367
            ],
            [
              -118.615925247402,
              34.18393924990367
            ],
            [
              -118.615925247402,
              34.18213256451284
            ]
          ]
        ]
      }
    },
    {
      "type": "Feature",
      "properties": {
        "layerType": "BUILDING_3D",
        "id": "TOPANGA_BLD_111",
        "name": "Structure #111",
        "height": 22,
        "min_height": 0,
        "render_height": 22,
        "render_min_height": 0,
        "division": "Topanga Division",
        "bureau": "Valley Bureau",
        "extrusionColor": "#1e293b"
      },
      "geometry": {
        "type": "Polygon",
        "coordinates": [
          [
            [
              -118.61034582163497,
              34.17998892196019
            ],
            [
              -118.60864541185536,
              34.17998892196019
            ],
            [
              -118.60864541185536,
              34.18305611687694
            ],
            [
              -118.61034582163497,
              34.18305611687694
            ],
            [
              -118.61034582163497,
              34.17998892196019
            ]
          ]
        ]
      }
    },
    {
      "type": "Feature",
      "properties": {
        "layerType": "BUILDING_3D",
        "id": "TOPANGA_BLD_112",
        "name": "Structure #112",
        "height": 19,
        "min_height": 0,
        "render_height": 19,
        "render_min_height": 0,
        "division": "Topanga Division",
        "bureau": "Valley Bureau",
        "extrusionColor": "#1e293b"
      },
      "geometry": {
        "type": "Polygon",
        "coordinates": [
          [
            [
              -118.60765748521393,
              34.17998410603112
            ],
            [
              -118.60477071352759,
              34.17998410603112
            ],
            [
              -118.60477071352759,
              34.1835065905942
            ],
            [
              -118.60765748521393,
              34.1835065905942
            ],
            [
              -118.60765748521393,
              34.17998410603112
            ]
          ]
        ]
      }
    },
    {
      "type": "Feature",
      "properties": {
        "layerType": "BUILDING_3D",
        "id": "TOPANGA_BLD_115",
        "name": "Structure #115",
        "height": 8,
        "min_height": 0,
        "render_height": 8,
        "render_min_height": 0,
        "division": "Topanga Division",
        "bureau": "Valley Bureau",
        "extrusionColor": "#1e293b"
      },
      "geometry": {
        "type": "Polygon",
        "coordinates": [
          [
            [
              -118.59137412873476,
              34.181757553641404
            ],
            [
              -118.58981554157025,
              34.181757553641404
            ],
            [
              -118.58981554157025,
              34.1838964633142
            ],
            [
              -118.59137412873476,
              34.1838964633142
            ],
            [
              -118.59137412873476,
              34.181757553641404
            ]
          ]
        ]
      }
    },
    {
      "type": "Feature",
      "properties": {
        "layerType": "BUILDING_3D",
        "id": "TOPANGA_BLD_116",
        "name": "Structure #116",
        "height": 17,
        "min_height": 0,
        "render_height": 17,
        "render_min_height": 0,
        "division": "Topanga Division",
        "bureau": "Valley Bureau",
        "extrusionColor": "#1e293b"
      },
      "geometry": {
        "type": "Polygon",
        "coordinates": [
          [
            [
              -118.58716936127867,
              34.18083804475502
            ],
            [
              -118.58515626982192,
              34.18083804475502
            ],
            [
              -118.58515626982192,
              34.18241155342467
            ],
            [
              -118.58716936127867,
              34.18241155342467
            ],
            [
              -118.58716936127867,
              34.18083804475502
            ]
          ]
        ]
      }
    },
    {
      "type": "Feature",
      "properties": {
        "layerType": "BUILDING_3D",
        "id": "TOPANGA_BLD_117",
        "name": "Structure #117",
        "height": 21,
        "min_height": 0,
        "render_height": 21,
        "render_min_height": 0,
        "division": "Topanga Division",
        "bureau": "Valley Bureau",
        "extrusionColor": "#1e293b"
      },
      "geometry": {
        "type": "Polygon",
        "coordinates": [
          [
            [
              -118.58332889905411,
              34.18061299143491
            ],
            [
              -118.58184794971795,
              34.18061299143491
            ],
            [
              -118.58184794971795,
              34.18340926404157
            ],
            [
              -118.58332889905411,
              34.18340926404157
            ],
            [
              -118.58332889905411,
              34.18061299143491
            ]
          ]
        ]
      }
    },
    {
      "type": "Feature",
      "properties": {
        "layerType": "BUILDING_3D",
        "id": "TOPANGA_BLD_119",
        "name": "Structure #119",
        "height": 18,
        "min_height": 0,
        "render_height": 18,
        "render_min_height": 0,
        "division": "Topanga Division",
        "bureau": "Valley Bureau",
        "extrusionColor": "#1e293b"
      },
      "geometry": {
        "type": "Polygon",
        "coordinates": [
          [
            [
              -118.57480589516899,
              34.181700874754775
            ],
            [
              -118.5716716447167,
              34.181700874754775
            ],
            [
              -118.5716716447167,
              34.18337316141589
            ],
            [
              -118.57480589516899,
              34.18337316141589
            ],
            [
              -118.57480589516899,
              34.181700874754775
            ]
          ]
        ]
      }
    },
    {
      "type": "Feature",
      "properties": {
        "layerType": "BUILDING_3D",
        "id": "TOPANGA_BLD_121",
        "name": "Structure #121",
        "height": 22,
        "min_height": 0,
        "render_height": 22,
        "render_min_height": 0,
        "division": "Topanga Division",
        "bureau": "Valley Bureau",
        "extrusionColor": "#1e293b"
      },
      "geometry": {
        "type": "Polygon",
        "coordinates": [
          [
            [
              -118.64389552235279,
              34.18487490494611
            ],
            [
              -118.6411132063353,
              34.18487490494611
            ],
            [
              -118.6411132063353,
              34.188400753711676
            ],
            [
              -118.64389552235279,
              34.188400753711676
            ],
            [
              -118.64389552235279,
              34.18487490494611
            ]
          ]
        ]
      }
    },
    {
      "type": "Feature",
      "properties": {
        "layerType": "BUILDING_3D",
        "id": "TOPANGA_BLD_122",
        "name": "Structure #122",
        "height": 23,
        "min_height": 0,
        "render_height": 23,
        "render_min_height": 0,
        "division": "Topanga Division",
        "bureau": "Valley Bureau",
        "extrusionColor": "#1e293b"
      },
      "geometry": {
        "type": "Polygon",
        "coordinates": [
          [
            [
              -118.64070597181542,
              34.18593488804758
            ],
            [
              -118.63738752591841,
              34.18593488804758
            ],
            [
              -118.63738752591841,
              34.189395049182124
            ],
            [
              -118.64070597181542,
              34.189395049182124
            ],
            [
              -118.64070597181542,
              34.18593488804758
            ]
          ]
        ]
      }
    },
    {
      "type": "Feature",
      "properties": {
        "layerType": "BUILDING_3D",
        "id": "TOPANGA_BLD_124",
        "name": "Structure #124",
        "height": 20,
        "min_height": 0,
        "render_height": 20,
        "render_min_height": 0,
        "division": "Topanga Division",
        "bureau": "Valley Bureau",
        "extrusionColor": "#1e293b"
      },
      "geometry": {
        "type": "Polygon",
        "coordinates": [
          [
            [
              -118.62995089035806,
              34.18663417518388
            ],
            [
              -118.62652783150085,
              34.18663417518388
            ],
            [
              -118.62652783150085,
              34.18950208263138
            ],
            [
              -118.62995089035806,
              34.18950208263138
            ],
            [
              -118.62995089035806,
              34.18663417518388
            ]
          ]
        ]
      }
    },
    {
      "type": "Feature",
      "properties": {
        "layerType": "BUILDING_3D",
        "id": "TOPANGA_BLD_125",
        "name": "Structure #125",
        "height": 12,
        "min_height": 0,
        "render_height": 12,
        "render_min_height": 0,
        "division": "Topanga Division",
        "bureau": "Valley Bureau",
        "extrusionColor": "#1e293b"
      },
      "geometry": {
        "type": "Polygon",
        "coordinates": [
          [
            [
              -118.6249325410034,
              34.186620646701556
            ],
            [
              -118.62223333399399,
              34.186620646701556
            ],
            [
              -118.62223333399399,
              34.189798553355686
            ],
            [
              -118.6249325410034,
              34.189798553355686
            ],
            [
              -118.6249325410034,
              34.186620646701556
            ]
          ]
        ]
      }
    },
    {
      "type": "Feature",
      "properties": {
        "layerType": "BUILDING_3D",
        "id": "TOPANGA_BLD_126",
        "name": "Structure #126",
        "height": 12,
        "min_height": 0,
        "render_height": 12,
        "render_min_height": 0,
        "division": "Topanga Division",
        "bureau": "Valley Bureau",
        "extrusionColor": "#1e293b"
      },
      "geometry": {
        "type": "Polygon",
        "coordinates": [
          [
            [
              -118.62023939133971,
              34.186516878713284
            ],
            [
              -118.61724842037111,
              34.186516878713284
            ],
            [
              -118.61724842037111,
              34.18867177320269
            ],
            [
              -118.62023939133971,
              34.18867177320269
            ],
            [
              -118.62023939133971,
              34.186516878713284
            ]
          ]
        ]
      }
    },
    {
      "type": "Feature",
      "properties": {
        "layerType": "BUILDING_3D",
        "id": "TOPANGA_BLD_127",
        "name": "Structure #127",
        "height": 47,
        "min_height": 0,
        "render_height": 47,
        "render_min_height": 0,
        "division": "Topanga Division",
        "bureau": "Valley Bureau",
        "extrusionColor": "#0ea5e9"
      },
      "geometry": {
        "type": "Polygon",
        "coordinates": [
          [
            [
              -118.61563117297572,
              34.18676433486682
            ],
            [
              -118.6136030369857,
              34.18676433486682
            ],
            [
              -118.6136030369857,
              34.18892031577978
            ],
            [
              -118.61563117297572,
              34.18892031577978
            ],
            [
              -118.61563117297572,
              34.18676433486682
            ]
          ]
        ]
      }
    },
    {
      "type": "Feature",
      "properties": {
        "layerType": "BUILDING_3D",
        "id": "TOPANGA_BLD_128",
        "name": "Structure #128",
        "height": 12,
        "min_height": 0,
        "render_height": 12,
        "render_min_height": 0,
        "division": "Topanga Division",
        "bureau": "Valley Bureau",
        "extrusionColor": "#1e293b"
      },
      "geometry": {
        "type": "Polygon",
        "coordinates": [
          [
            [
              -118.61069239071358,
              34.18581252444742
            ],
            [
              -118.60866323220725,
              34.18581252444742
            ],
            [
              -118.60866323220725,
              34.18823530673564
            ],
            [
              -118.61069239071358,
              34.18823530673564
            ],
            [
              -118.61069239071358,
              34.18581252444742
            ]
          ]
        ]
      }
    },
    {
      "type": "Feature",
      "properties": {
        "layerType": "BUILDING_3D",
        "id": "TOPANGA_BLD_129",
        "name": "Structure #129",
        "height": 19,
        "min_height": 0,
        "render_height": 19,
        "render_min_height": 0,
        "division": "Topanga Division",
        "bureau": "Valley Bureau",
        "extrusionColor": "#1e293b"
      },
      "geometry": {
        "type": "Polygon",
        "coordinates": [
          [
            [
              -118.60688232993184,
              34.18599485888356
            ],
            [
              -118.60460206424881,
              34.18599485888356
            ],
            [
              -118.60460206424881,
              34.18805471057718
            ],
            [
              -118.60688232993184,
              34.18805471057718
            ],
            [
              -118.60688232993184,
              34.18599485888356
            ]
          ]
        ]
      }
    },
    {
      "type": "Feature",
      "properties": {
        "layerType": "BUILDING_3D",
        "id": "TOPANGA_BLD_130",
        "name": "Structure #130",
        "height": 9,
        "min_height": 0,
        "render_height": 9,
        "render_min_height": 0,
        "division": "Topanga Division",
        "bureau": "Valley Bureau",
        "extrusionColor": "#1e293b"
      },
      "geometry": {
        "type": "Polygon",
        "coordinates": [
          [
            [
              -118.60200483869782,
              34.18566559809544
            ],
            [
              -118.60006615475088,
              34.18566559809544
            ],
            [
              -118.60006615475088,
              34.18881085356571
            ],
            [
              -118.60200483869782,
              34.18881085356571
            ],
            [
              -118.60200483869782,
              34.18566559809544
            ]
          ]
        ]
      }
    },
    {
      "type": "Feature",
      "properties": {
        "layerType": "BUILDING_3D",
        "id": "TOPANGA_BLD_131",
        "name": "Structure #131",
        "height": 19,
        "min_height": 0,
        "render_height": 19,
        "render_min_height": 0,
        "division": "Topanga Division",
        "bureau": "Valley Bureau",
        "extrusionColor": "#1e293b"
      },
      "geometry": {
        "type": "Polygon",
        "coordinates": [
          [
            [
              -118.59760884885135,
              34.18609268927486
            ],
            [
              -118.59464860840875,
              34.18609268927486
            ],
            [
              -118.59464860840875,
              34.187803073434935
            ],
            [
              -118.59760884885135,
              34.187803073434935
            ],
            [
              -118.59760884885135,
              34.18609268927486
            ]
          ]
        ]
      }
    },
    {
      "type": "Feature",
      "properties": {
        "layerType": "BUILDING_3D",
        "id": "TOPANGA_BLD_132",
        "name": "Structure #132",
        "height": 14,
        "min_height": 0,
        "render_height": 14,
        "render_min_height": 0,
        "division": "Topanga Division",
        "bureau": "Valley Bureau",
        "extrusionColor": "#1e293b"
      },
      "geometry": {
        "type": "Polygon",
        "coordinates": [
          [
            [
              -118.59250099832956,
              34.18623469264971
            ],
            [
              -118.59089122500241,
              34.18623469264971
            ],
            [
              -118.59089122500241,
              34.189397716102725
            ],
            [
              -118.59250099832956,
              34.189397716102725
            ],
            [
              -118.59250099832956,
              34.18623469264971
            ]
          ]
        ]
      }
    },
    {
      "type": "Feature",
      "properties": {
        "layerType": "BUILDING_3D",
        "id": "TOPANGA_BLD_133",
        "name": "Structure #133",
        "height": 15,
        "min_height": 0,
        "render_height": 15,
        "render_min_height": 0,
        "division": "Topanga Division",
        "bureau": "Valley Bureau",
        "extrusionColor": "#1e293b"
      },
      "geometry": {
        "type": "Polygon",
        "coordinates": [
          [
            [
              -118.58766146574145,
              34.18543262927166
            ],
            [
              -118.58468450249156,
              34.18543262927166
            ],
            [
              -118.58468450249156,
              34.187903985384466
            ],
            [
              -118.58766146574145,
              34.187903985384466
            ],
            [
              -118.58766146574145,
              34.18543262927166
            ]
          ]
        ]
      }
    },
    {
      "type": "Feature",
      "properties": {
        "layerType": "BUILDING_3D",
        "id": "TOPANGA_BLD_134",
        "name": "Structure #134",
        "height": 19,
        "min_height": 0,
        "render_height": 19,
        "render_min_height": 0,
        "division": "Topanga Division",
        "bureau": "Valley Bureau",
        "extrusionColor": "#1e293b"
      },
      "geometry": {
        "type": "Polygon",
        "coordinates": [
          [
            [
              -118.58371046656785,
              34.186571437782014
            ],
            [
              -118.58138448434403,
              34.186571437782014
            ],
            [
              -118.58138448434403,
              34.18908939974279
            ],
            [
              -118.58371046656785,
              34.18908939974279
            ],
            [
              -118.58371046656785,
              34.186571437782014
            ]
          ]
        ]
      }
    },
    {
      "type": "Feature",
      "properties": {
        "layerType": "BUILDING_3D",
        "id": "TOPANGA_BLD_136",
        "name": "Structure #136",
        "height": 8,
        "min_height": 0,
        "render_height": 8,
        "render_min_height": 0,
        "division": "Topanga Division",
        "bureau": "Valley Bureau",
        "extrusionColor": "#1e293b"
      },
      "geometry": {
        "type": "Polygon",
        "coordinates": [
          [
            [
              -118.5740189761454,
              34.18563973595948
            ],
            [
              -118.57110651112,
              34.18563973595948
            ],
            [
              -118.57110651112,
              34.18898900317776
            ],
            [
              -118.5740189761454,
              34.18898900317776
            ],
            [
              -118.5740189761454,
              34.18563973595948
            ]
          ]
        ]
      }
    },
    {
      "type": "Feature",
      "properties": {
        "layerType": "BUILDING_3D",
        "id": "TOPANGA_BLD_137",
        "name": "Structure #137",
        "height": 8,
        "min_height": 0,
        "render_height": 8,
        "render_min_height": 0,
        "division": "Topanga Division",
        "bureau": "Valley Bureau",
        "extrusionColor": "#1e293b"
      },
      "geometry": {
        "type": "Polygon",
        "coordinates": [
          [
            [
              -118.64939789556755,
              34.19202549909649
            ],
            [
              -118.64624564406799,
              34.19202549909649
            ],
            [
              -118.64624564406799,
              34.19352569144668
            ],
            [
              -118.64939789556755,
              34.19352569144668
            ],
            [
              -118.64939789556755,
              34.19202549909649
            ]
          ]
        ]
      }
    },
    {
      "type": "Feature",
      "properties": {
        "layerType": "BUILDING_3D",
        "id": "TOPANGA_BLD_138",
        "name": "Structure #138",
        "height": 17,
        "min_height": 0,
        "render_height": 17,
        "render_min_height": 0,
        "division": "Topanga Division",
        "bureau": "Valley Bureau",
        "extrusionColor": "#1e293b"
      },
      "geometry": {
        "type": "Polygon",
        "coordinates": [
          [
            [
              -118.64338776555626,
              34.19222134509079
            ],
            [
              -118.6419758198149,
              34.19222134509079
            ],
            [
              -118.6419758198149,
              34.19373748245847
            ],
            [
              -118.64338776555626,
              34.19373748245847
            ],
            [
              -118.64338776555626,
              34.19222134509079
            ]
          ]
        ]
      }
    },
    {
      "type": "Feature",
      "properties": {
        "layerType": "BUILDING_3D",
        "id": "TOPANGA_BLD_139",
        "name": "Structure #139",
        "height": 24,
        "min_height": 0,
        "render_height": 24,
        "render_min_height": 0,
        "division": "Topanga Division",
        "bureau": "Valley Bureau",
        "extrusionColor": "#1e293b"
      },
      "geometry": {
        "type": "Polygon",
        "coordinates": [
          [
            [
              -118.63849755756162,
              34.190076207116334
            ],
            [
              -118.63707060474498,
              34.190076207116334
            ],
            [
              -118.63707060474498,
              34.19292410064398
            ],
            [
              -118.63849755756162,
              34.19292410064398
            ],
            [
              -118.63849755756162,
              34.190076207116334
            ]
          ]
        ]
      }
    },
    {
      "type": "Feature",
      "properties": {
        "layerType": "BUILDING_3D",
        "id": "TOPANGA_BLD_140",
        "name": "Structure #140",
        "height": 14,
        "min_height": 0,
        "render_height": 14,
        "render_min_height": 0,
        "division": "Topanga Division",
        "bureau": "Valley Bureau",
        "extrusionColor": "#1e293b"
      },
      "geometry": {
        "type": "Polygon",
        "coordinates": [
          [
            [
              -118.63581062859639,
              34.18960461557975
            ],
            [
              -118.63313025821743,
              34.18960461557975
            ],
            [
              -118.63313025821743,
              34.19342120420853
            ],
            [
              -118.63581062859639,
              34.19342120420853
            ],
            [
              -118.63581062859639,
              34.18960461557975
            ]
          ]
        ]
      }
    },
    {
      "type": "Feature",
      "properties": {
        "layerType": "BUILDING_3D",
        "id": "TOPANGA_BLD_143",
        "name": "Structure #143",
        "height": 11,
        "min_height": 0,
        "render_height": 11,
        "render_min_height": 0,
        "division": "Topanga Division",
        "bureau": "Valley Bureau",
        "extrusionColor": "#1e293b"
      },
      "geometry": {
        "type": "Polygon",
        "coordinates": [
          [
            [
              -118.62039697445626,
              34.19139646843205
            ],
            [
              -118.6168203979616,
              34.19139646843205
            ],
            [
              -118.6168203979616,
              34.193118128672815
            ],
            [
              -118.62039697445626,
              34.193118128672815
            ],
            [
              -118.62039697445626,
              34.19139646843205
            ]
          ]
        ]
      }
    },
    {
      "type": "Feature",
      "properties": {
        "layerType": "BUILDING_3D",
        "id": "TOPANGA_BLD_144",
        "name": "Topanga Division High-Rise Tower #144",
        "height": 80,
        "min_height": 0,
        "render_height": 80,
        "render_min_height": 0,
        "division": "Topanga Division",
        "bureau": "Valley Bureau",
        "extrusionColor": "#0ea5e9"
      },
      "geometry": {
        "type": "Polygon",
        "coordinates": [
          [
            [
              -118.61574450029924,
              34.192322780997905
            ],
            [
              -118.61412411419029,
              34.192322780997905
            ],
            [
              -118.61412411419029,
              34.19435739904299
            ],
            [
              -118.61574450029924,
              34.19435739904299
            ],
            [
              -118.61574450029924,
              34.192322780997905
            ]
          ]
        ]
      }
    },
    {
      "type": "Feature",
      "properties": {
        "layerType": "BUILDING_3D",
        "id": "TOPANGA_BLD_145",
        "name": "Structure #145",
        "height": 19,
        "min_height": 0,
        "render_height": 19,
        "render_min_height": 0,
        "division": "Topanga Division",
        "bureau": "Valley Bureau",
        "extrusionColor": "#1e293b"
      },
      "geometry": {
        "type": "Polygon",
        "coordinates": [
          [
            [
              -118.61016679435491,
              34.19026031130023
            ],
            [
              -118.60825185972425,
              34.19026031130023
            ],
            [
              -118.60825185972425,
              34.193094345084994
            ],
            [
              -118.61016679435491,
              34.193094345084994
            ],
            [
              -118.61016679435491,
              34.19026031130023
            ]
          ]
        ]
      }
    },
    {
      "type": "Feature",
      "properties": {
        "layerType": "BUILDING_3D",
        "id": "TOPANGA_BLD_146",
        "name": "Structure #146",
        "height": 43,
        "min_height": 0,
        "render_height": 43,
        "render_min_height": 0,
        "division": "Topanga Division",
        "bureau": "Valley Bureau",
        "extrusionColor": "#0ea5e9"
      },
      "geometry": {
        "type": "Polygon",
        "coordinates": [
          [
            [
              -118.60740205995272,
              34.190383510640885
            ],
            [
              -118.60473473403765,
              34.190383510640885
            ],
            [
              -118.60473473403765,
              34.193471878231264
            ],
            [
              -118.60740205995272,
              34.193471878231264
            ],
            [
              -118.60740205995272,
              34.190383510640885
            ]
          ]
        ]
      }
    },
    {
      "type": "Feature",
      "properties": {
        "layerType": "BUILDING_3D",
        "id": "TOPANGA_BLD_148",
        "name": "Structure #148",
        "height": 21,
        "min_height": 0,
        "render_height": 21,
        "render_min_height": 0,
        "division": "Topanga Division",
        "bureau": "Valley Bureau",
        "extrusionColor": "#1e293b"
      },
      "geometry": {
        "type": "Polygon",
        "coordinates": [
          [
            [
              -118.59676690205012,
              34.19181383846279
            ],
            [
              -118.59487125883868,
              34.19181383846279
            ],
            [
              -118.59487125883868,
              34.19372754968181
            ],
            [
              -118.59676690205012,
              34.19372754968181
            ],
            [
              -118.59676690205012,
              34.19181383846279
            ]
          ]
        ]
      }
    },
    {
      "type": "Feature",
      "properties": {
        "layerType": "BUILDING_3D",
        "id": "TOPANGA_BLD_149",
        "name": "Structure #149",
        "height": 13,
        "min_height": 0,
        "render_height": 13,
        "render_min_height": 0,
        "division": "Topanga Division",
        "bureau": "Valley Bureau",
        "extrusionColor": "#1e293b"
      },
      "geometry": {
        "type": "Polygon",
        "coordinates": [
          [
            [
              -118.59182226968207,
              34.19021636378415
            ],
            [
              -118.59002112971123,
              34.19021636378415
            ],
            [
              -118.59002112971123,
              34.193606229675304
            ],
            [
              -118.59182226968207,
              34.193606229675304
            ],
            [
              -118.59182226968207,
              34.19021636378415
            ]
          ]
        ]
      }
    },
    {
      "type": "Feature",
      "properties": {
        "layerType": "BUILDING_3D",
        "id": "TOPANGA_BLD_150",
        "name": "Structure #150",
        "height": 19,
        "min_height": 0,
        "render_height": 19,
        "render_min_height": 0,
        "division": "Topanga Division",
        "bureau": "Valley Bureau",
        "extrusionColor": "#1e293b"
      },
      "geometry": {
        "type": "Polygon",
        "coordinates": [
          [
            [
              -118.58861989290902,
              34.19068538454857
            ],
            [
              -118.58542943089383,
              34.19068538454857
            ],
            [
              -118.58542943089383,
              34.19297655340186
            ],
            [
              -118.58861989290902,
              34.19297655340186
            ],
            [
              -118.58861989290902,
              34.19068538454857
            ]
          ]
        ]
      }
    },
    {
      "type": "Feature",
      "properties": {
        "layerType": "BUILDING_3D",
        "id": "TOPANGA_BLD_151",
        "name": "Structure #151",
        "height": 23,
        "min_height": 0,
        "render_height": 23,
        "render_min_height": 0,
        "division": "Topanga Division",
        "bureau": "Valley Bureau",
        "extrusionColor": "#1e293b"
      },
      "geometry": {
        "type": "Polygon",
        "coordinates": [
          [
            [
              -118.5834725792484,
              34.19145921538575
            ],
            [
              -118.58131618503353,
              34.19145921538575
            ],
            [
              -118.58131618503353,
              34.1945645700401
            ],
            [
              -118.5834725792484,
              34.1945645700401
            ],
            [
              -118.5834725792484,
              34.19145921538575
            ]
          ]
        ]
      }
    },
    {
      "type": "Feature",
      "properties": {
        "layerType": "BUILDING_3D",
        "id": "TOPANGA_BLD_153",
        "name": "Structure #153",
        "height": 12,
        "min_height": 0,
        "render_height": 12,
        "render_min_height": 0,
        "division": "Topanga Division",
        "bureau": "Valley Bureau",
        "extrusionColor": "#1e293b"
      },
      "geometry": {
        "type": "Polygon",
        "coordinates": [
          [
            [
              -118.57444476462977,
              34.19145655677484
            ],
            [
              -118.57095206344998,
              34.19145655677484
            ],
            [
              -118.57095206344998,
              34.19411201067213
            ],
            [
              -118.57444476462977,
              34.19411201067213
            ],
            [
              -118.57444476462977,
              34.19145655677484
            ]
          ]
        ]
      }
    },
    {
      "type": "Feature",
      "properties": {
        "layerType": "BUILDING_3D",
        "id": "TOPANGA_BLD_154",
        "name": "Structure #154",
        "height": 21,
        "min_height": 0,
        "render_height": 21,
        "render_min_height": 0,
        "division": "Topanga Division",
        "bureau": "Valley Bureau",
        "extrusionColor": "#1e293b"
      },
      "geometry": {
        "type": "Polygon",
        "coordinates": [
          [
            [
              -118.64862912303545,
              34.197179011512574
            ],
            [
              -118.64612987230859,
              34.197179011512574
            ],
            [
              -118.64612987230859,
              34.19935858049307
            ],
            [
              -118.64862912303545,
              34.19935858049307
            ],
            [
              -118.64862912303545,
              34.197179011512574
            ]
          ]
        ]
      }
    },
    {
      "type": "Feature",
      "properties": {
        "layerType": "BUILDING_3D",
        "id": "TOPANGA_BLD_155",
        "name": "Structure #155",
        "height": 22,
        "min_height": 0,
        "render_height": 22,
        "render_min_height": 0,
        "division": "Topanga Division",
        "bureau": "Valley Bureau",
        "extrusionColor": "#1e293b"
      },
      "geometry": {
        "type": "Polygon",
        "coordinates": [
          [
            [
              -118.64324328328227,
              34.19575231187527
            ],
            [
              -118.64119192424182,
              34.19575231187527
            ],
            [
              -118.64119192424182,
              34.1990964143604
            ],
            [
              -118.64324328328227,
              34.1990964143604
            ],
            [
              -118.64324328328227,
              34.19575231187527
            ]
          ]
        ]
      }
    },
    {
      "type": "Feature",
      "properties": {
        "layerType": "BUILDING_3D",
        "id": "TOPANGA_BLD_156",
        "name": "Structure #156",
        "height": 46,
        "min_height": 0,
        "render_height": 46,
        "render_min_height": 0,
        "division": "Topanga Division",
        "bureau": "Valley Bureau",
        "extrusionColor": "#0ea5e9"
      },
      "geometry": {
        "type": "Polygon",
        "coordinates": [
          [
            [
              -118.63988017705859,
              34.195287737847345
            ],
            [
              -118.63673278648434,
              34.195287737847345
            ],
            [
              -118.63673278648434,
              34.198799572521445
            ],
            [
              -118.63988017705859,
              34.198799572521445
            ],
            [
              -118.63988017705859,
              34.195287737847345
            ]
          ]
        ]
      }
    },
    {
      "type": "Feature",
      "properties": {
        "layerType": "BUILDING_3D",
        "id": "TOPANGA_BLD_157",
        "name": "Structure #157",
        "height": 11,
        "min_height": 0,
        "render_height": 11,
        "render_min_height": 0,
        "division": "Topanga Division",
        "bureau": "Valley Bureau",
        "extrusionColor": "#1e293b"
      },
      "geometry": {
        "type": "Polygon",
        "coordinates": [
          [
            [
              -118.63561154084957,
              34.19684866210812
            ],
            [
              -118.63230628468571,
              34.19684866210812
            ],
            [
              -118.63230628468571,
              34.19910190186808
            ],
            [
              -118.63561154084957,
              34.19910190186808
            ],
            [
              -118.63561154084957,
              34.19684866210812
            ]
          ]
        ]
      }
    },
    {
      "type": "Feature",
      "properties": {
        "layerType": "BUILDING_3D",
        "id": "TOPANGA_BLD_158",
        "name": "Structure #158",
        "height": 12,
        "min_height": 0,
        "render_height": 12,
        "render_min_height": 0,
        "division": "Topanga Division",
        "bureau": "Valley Bureau",
        "extrusionColor": "#1e293b"
      },
      "geometry": {
        "type": "Polygon",
        "coordinates": [
          [
            [
              -118.62943655331001,
              34.19709789624087
            ],
            [
              -118.62731585706534,
              34.19709789624087
            ],
            [
              -118.62731585706534,
              34.1991210392377
            ],
            [
              -118.62943655331001,
              34.1991210392377
            ],
            [
              -118.62943655331001,
              34.19709789624087
            ]
          ]
        ]
      }
    },
    {
      "type": "Feature",
      "properties": {
        "layerType": "BUILDING_3D",
        "id": "TOPANGA_BLD_159",
        "name": "Structure #159",
        "height": 21,
        "min_height": 0,
        "render_height": 21,
        "render_min_height": 0,
        "division": "Topanga Division",
        "bureau": "Valley Bureau",
        "extrusionColor": "#1e293b"
      },
      "geometry": {
        "type": "Polygon",
        "coordinates": [
          [
            [
              -118.62449609765565,
              34.19605897619508
            ],
            [
              -118.62259196307039,
              34.19605897619508
            ],
            [
              -118.62259196307039,
              34.19814620742087
            ],
            [
              -118.62449609765565,
              34.19814620742087
            ],
            [
              -118.62449609765565,
              34.19605897619508
            ]
          ]
        ]
      }
    },
    {
      "type": "Feature",
      "properties": {
        "layerType": "BUILDING_3D",
        "id": "TOPANGA_BLD_160",
        "name": "Structure #160",
        "height": 21,
        "min_height": 0,
        "render_height": 21,
        "render_min_height": 0,
        "division": "Topanga Division",
        "bureau": "Valley Bureau",
        "extrusionColor": "#1e293b"
      },
      "geometry": {
        "type": "Polygon",
        "coordinates": [
          [
            [
              -118.62076802240463,
              34.195247549638495
            ],
            [
              -118.61880356948623,
              34.195247549638495
            ],
            [
              -118.61880356948623,
              34.19858947915644
            ],
            [
              -118.62076802240463,
              34.19858947915644
            ],
            [
              -118.62076802240463,
              34.195247549638495
            ]
          ]
        ]
      }
    },
    {
      "type": "Feature",
      "properties": {
        "layerType": "BUILDING_3D",
        "id": "TOPANGA_BLD_161",
        "name": "Structure #161",
        "height": 8,
        "min_height": 0,
        "render_height": 8,
        "render_min_height": 0,
        "division": "Topanga Division",
        "bureau": "Valley Bureau",
        "extrusionColor": "#1e293b"
      },
      "geometry": {
        "type": "Polygon",
        "coordinates": [
          [
            [
              -118.61682583563436,
              34.195276723827654
            ],
            [
              -118.6136804902057,
              34.195276723827654
            ],
            [
              -118.6136804902057,
              34.19866284613361
            ],
            [
              -118.61682583563436,
              34.19866284613361
            ],
            [
              -118.61682583563436,
              34.195276723827654
            ]
          ]
        ]
      }
    },
    {
      "type": "Feature",
      "properties": {
        "layerType": "BUILDING_3D",
        "id": "TOPANGA_BLD_162",
        "name": "Structure #162",
        "height": 15,
        "min_height": 0,
        "render_height": 15,
        "render_min_height": 0,
        "division": "Topanga Division",
        "bureau": "Valley Bureau",
        "extrusionColor": "#1e293b"
      },
      "geometry": {
        "type": "Polygon",
        "coordinates": [
          [
            [
              -118.61209249522103,
              34.197204575515165
            ],
            [
              -118.60890555658013,
              34.197204575515165
            ],
            [
              -118.60890555658013,
              34.198742511713554
            ],
            [
              -118.61209249522103,
              34.198742511713554
            ],
            [
              -118.61209249522103,
              34.197204575515165
            ]
          ]
        ]
      }
    },
    {
      "type": "Feature",
      "properties": {
        "layerType": "BUILDING_3D",
        "id": "TOPANGA_BLD_163",
        "name": "Structure #163",
        "height": 10,
        "min_height": 0,
        "render_height": 10,
        "render_min_height": 0,
        "division": "Topanga Division",
        "bureau": "Valley Bureau",
        "extrusionColor": "#1e293b"
      },
      "geometry": {
        "type": "Polygon",
        "coordinates": [
          [
            [
              -118.60557216422103,
              34.196770379813216
            ],
            [
              -118.60412469485783,
              34.196770379813216
            ],
            [
              -118.60412469485783,
              34.199247415876314
            ],
            [
              -118.60557216422103,
              34.199247415876314
            ],
            [
              -118.60557216422103,
              34.196770379813216
            ]
          ]
        ]
      }
    },
    {
      "type": "Feature",
      "properties": {
        "layerType": "BUILDING_3D",
        "id": "TOPANGA_BLD_164",
        "name": "Structure #164",
        "height": 13,
        "min_height": 0,
        "render_height": 13,
        "render_min_height": 0,
        "division": "Topanga Division",
        "bureau": "Valley Bureau",
        "extrusionColor": "#1e293b"
      },
      "geometry": {
        "type": "Polygon",
        "coordinates": [
          [
            [
              -118.60127493664638,
              34.19561679857529
            ],
            [
              -118.598943608587,
              34.19561679857529
            ],
            [
              -118.598943608587,
              34.19744389934213
            ],
            [
              -118.60127493664638,
              34.19744389934213
            ],
            [
              -118.60127493664638,
              34.19561679857529
            ]
          ]
        ]
      }
    },
    {
      "type": "Feature",
      "properties": {
        "layerType": "BUILDING_3D",
        "id": "TOPANGA_BLD_165",
        "name": "Structure #165",
        "height": 18,
        "min_height": 0,
        "render_height": 18,
        "render_min_height": 0,
        "division": "Topanga Division",
        "bureau": "Valley Bureau",
        "extrusionColor": "#1e293b"
      },
      "geometry": {
        "type": "Polygon",
        "coordinates": [
          [
            [
              -118.59765477781148,
              34.19614072578339
            ],
            [
              -118.59593515356035,
              34.19614072578339
            ],
            [
              -118.59593515356035,
              34.198422531917565
            ],
            [
              -118.59765477781148,
              34.198422531917565
            ],
            [
              -118.59765477781148,
              34.19614072578339
            ]
          ]
        ]
      }
    },
    {
      "type": "Feature",
      "properties": {
        "layerType": "BUILDING_3D",
        "id": "TOPANGA_BLD_167",
        "name": "Structure #167",
        "height": 25,
        "min_height": 0,
        "render_height": 25,
        "render_min_height": 0,
        "division": "Topanga Division",
        "bureau": "Valley Bureau",
        "extrusionColor": "#1e293b"
      },
      "geometry": {
        "type": "Polygon",
        "coordinates": [
          [
            [
              -118.58852951172804,
              34.19561177929189
            ],
            [
              -118.58580144241128,
              34.19561177929189
            ],
            [
              -118.58580144241128,
              34.198639110522784
            ],
            [
              -118.58852951172804,
              34.198639110522784
            ],
            [
              -118.58852951172804,
              34.19561177929189
            ]
          ]
        ]
      }
    },
    {
      "type": "Feature",
      "properties": {
        "layerType": "BUILDING_3D",
        "id": "TOPANGA_BLD_169",
        "name": "Structure #169",
        "height": 22,
        "min_height": 0,
        "render_height": 22,
        "render_min_height": 0,
        "division": "Topanga Division",
        "bureau": "Valley Bureau",
        "extrusionColor": "#1e293b"
      },
      "geometry": {
        "type": "Polygon",
        "coordinates": [
          [
            [
              -118.57881386587604,
              34.19675490047529
            ],
            [
              -118.57508004674656,
              34.19675490047529
            ],
            [
              -118.57508004674656,
              34.19868882949415
            ],
            [
              -118.57881386587604,
              34.19868882949415
            ],
            [
              -118.57881386587604,
              34.19675490047529
            ]
          ]
        ]
      }
    },
    {
      "type": "Feature",
      "properties": {
        "layerType": "BUILDING_3D",
        "id": "TOPANGA_BLD_170",
        "name": "Structure #170",
        "height": 13,
        "min_height": 0,
        "render_height": 13,
        "render_min_height": 0,
        "division": "Topanga Division",
        "bureau": "Valley Bureau",
        "extrusionColor": "#1e293b"
      },
      "geometry": {
        "type": "Polygon",
        "coordinates": [
          [
            [
              -118.57305421131737,
              34.196725737867396
            ],
            [
              -118.57123404282903,
              34.196725737867396
            ],
            [
              -118.57123404282903,
              34.20022175465273
            ],
            [
              -118.57305421131737,
              34.20022175465273
            ],
            [
              -118.57305421131737,
              34.196725737867396
            ]
          ]
        ]
      }
    },
    {
      "type": "Feature",
      "properties": {
        "layerType": "BUILDING_3D",
        "id": "TOPANGA_BLD_171",
        "name": "Structure #171",
        "height": 20,
        "min_height": 0,
        "render_height": 20,
        "render_min_height": 0,
        "division": "Topanga Division",
        "bureau": "Valley Bureau",
        "extrusionColor": "#1e293b"
      },
      "geometry": {
        "type": "Polygon",
        "coordinates": [
          [
            [
              -118.64837577612482,
              34.20070719811512
            ],
            [
              -118.64508540738566,
              34.20070719811512
            ],
            [
              -118.64508540738566,
              34.20298708831506
            ],
            [
              -118.64837577612482,
              34.20298708831506
            ],
            [
              -118.64837577612482,
              34.20070719811512
            ]
          ]
        ]
      }
    },
    {
      "type": "Feature",
      "properties": {
        "layerType": "BUILDING_3D",
        "id": "TOPANGA_BLD_172",
        "name": "Topanga Division High-Rise Tower #172",
        "height": 77,
        "min_height": 0,
        "render_height": 77,
        "render_min_height": 0,
        "division": "Topanga Division",
        "bureau": "Valley Bureau",
        "extrusionColor": "#0ea5e9"
      },
      "geometry": {
        "type": "Polygon",
        "coordinates": [
          [
            [
              -118.64462851942108,
              34.201472049540634
            ],
            [
              -118.64248274040935,
              34.201472049540634
            ],
            [
              -118.64248274040935,
              34.204721577315915
            ],
            [
              -118.64462851942108,
              34.204721577315915
            ],
            [
              -118.64462851942108,
              34.201472049540634
            ]
          ]
        ]
      }
    },
    {
      "type": "Feature",
      "properties": {
        "layerType": "BUILDING_3D",
        "id": "TOPANGA_BLD_174",
        "name": "Structure #174",
        "height": 14,
        "min_height": 0,
        "render_height": 14,
        "render_min_height": 0,
        "division": "Topanga Division",
        "bureau": "Valley Bureau",
        "extrusionColor": "#1e293b"
      },
      "geometry": {
        "type": "Polygon",
        "coordinates": [
          [
            [
              -118.63478216106112,
              34.20140260293407
            ],
            [
              -118.63298459252015,
              34.20140260293407
            ],
            [
              -118.63298459252015,
              34.20439664150639
            ],
            [
              -118.63478216106112,
              34.20439664150639
            ],
            [
              -118.63478216106112,
              34.20140260293407
            ]
          ]
        ]
      }
    },
    {
      "type": "Feature",
      "properties": {
        "layerType": "BUILDING_3D",
        "id": "TOPANGA_BLD_175",
        "name": "Structure #175",
        "height": 9,
        "min_height": 0,
        "render_height": 9,
        "render_min_height": 0,
        "division": "Topanga Division",
        "bureau": "Valley Bureau",
        "extrusionColor": "#1e293b"
      },
      "geometry": {
        "type": "Polygon",
        "coordinates": [
          [
            [
              -118.62985637370913,
              34.200645706112354
            ],
            [
              -118.62703845505281,
              34.200645706112354
            ],
            [
              -118.62703845505281,
              34.20301016040729
            ],
            [
              -118.62985637370913,
              34.20301016040729
            ],
            [
              -118.62985637370913,
              34.200645706112354
            ]
          ]
        ]
      }
    },
    {
      "type": "Feature",
      "properties": {
        "layerType": "BUILDING_3D",
        "id": "TOPANGA_BLD_176",
        "name": "Structure #176",
        "height": 8,
        "min_height": 0,
        "render_height": 8,
        "render_min_height": 0,
        "division": "Topanga Division",
        "bureau": "Valley Bureau",
        "extrusionColor": "#1e293b"
      },
      "geometry": {
        "type": "Polygon",
        "coordinates": [
          [
            [
              -118.62586286483544,
              34.20185913861329
            ],
            [
              -118.62363749608726,
              34.20185913861329
            ],
            [
              -118.62363749608726,
              34.20353132310244
            ],
            [
              -118.62586286483544,
              34.20353132310244
            ],
            [
              -118.62586286483544,
              34.20185913861329
            ]
          ]
        ]
      }
    },
    {
      "type": "Feature",
      "properties": {
        "layerType": "BUILDING_3D",
        "id": "TOPANGA_BLD_178",
        "name": "Structure #178",
        "height": 17,
        "min_height": 0,
        "render_height": 17,
        "render_min_height": 0,
        "division": "Topanga Division",
        "bureau": "Valley Bureau",
        "extrusionColor": "#1e293b"
      },
      "geometry": {
        "type": "Polygon",
        "coordinates": [
          [
            [
              -118.61570370242409,
              34.200187788030334
            ],
            [
              -118.6142886487553,
              34.200187788030334
            ],
            [
              -118.6142886487553,
              34.20308770715231
            ],
            [
              -118.61570370242409,
              34.20308770715231
            ],
            [
              -118.61570370242409,
              34.200187788030334
            ]
          ]
        ]
      }
    },
    {
      "type": "Feature",
      "properties": {
        "layerType": "BUILDING_3D",
        "id": "TOPANGA_BLD_179",
        "name": "Structure #179",
        "height": 9,
        "min_height": 0,
        "render_height": 9,
        "render_min_height": 0,
        "division": "Topanga Division",
        "bureau": "Valley Bureau",
        "extrusionColor": "#1e293b"
      },
      "geometry": {
        "type": "Polygon",
        "coordinates": [
          [
            [
              -118.61217619950087,
              34.20010593720437
            ],
            [
              -118.60944686385666,
              34.20010593720437
            ],
            [
              -118.60944686385666,
              34.202899654032564
            ],
            [
              -118.61217619950087,
              34.202899654032564
            ],
            [
              -118.61217619950087,
              34.20010593720437
            ]
          ]
        ]
      }
    },
    {
      "type": "Feature",
      "properties": {
        "layerType": "BUILDING_3D",
        "id": "TOPANGA_BLD_182",
        "name": "Structure #182",
        "height": 18,
        "min_height": 0,
        "render_height": 18,
        "render_min_height": 0,
        "division": "Topanga Division",
        "bureau": "Valley Bureau",
        "extrusionColor": "#1e293b"
      },
      "geometry": {
        "type": "Polygon",
        "coordinates": [
          [
            [
              -118.59659548414271,
              34.19999114653538
            ],
            [
              -118.59510338933953,
              34.19999114653538
            ],
            [
              -118.59510338933953,
              34.20334534559545
            ],
            [
              -118.59659548414271,
              34.20334534559545
            ],
            [
              -118.59659548414271,
              34.19999114653538
            ]
          ]
        ]
      }
    },
    {
      "type": "Feature",
      "properties": {
        "layerType": "BUILDING_3D",
        "id": "TOPANGA_BLD_183",
        "name": "Structure #183",
        "height": 16,
        "min_height": 0,
        "render_height": 16,
        "render_min_height": 0,
        "division": "Topanga Division",
        "bureau": "Valley Bureau",
        "extrusionColor": "#1e293b"
      },
      "geometry": {
        "type": "Polygon",
        "coordinates": [
          [
            [
              -118.59353774443728,
              34.20005967509534
            ],
            [
              -118.59038085120427,
              34.20005967509534
            ],
            [
              -118.59038085120427,
              34.203076886070086
            ],
            [
              -118.59353774443728,
              34.203076886070086
            ],
            [
              -118.59353774443728,
              34.20005967509534
            ]
          ]
        ]
      }
    },
    {
      "type": "Feature",
      "properties": {
        "layerType": "BUILDING_3D",
        "id": "TOPANGA_BLD_186",
        "name": "Structure #186",
        "height": 25,
        "min_height": 0,
        "render_height": 25,
        "render_min_height": 0,
        "division": "Topanga Division",
        "bureau": "Valley Bureau",
        "extrusionColor": "#1e293b"
      },
      "geometry": {
        "type": "Polygon",
        "coordinates": [
          [
            [
              -118.57829634845541,
              34.20132299671079
            ],
            [
              -118.57541891031201,
              34.20132299671079
            ],
            [
              -118.57541891031201,
              34.203470857665856
            ],
            [
              -118.57829634845541,
              34.203470857665856
            ],
            [
              -118.57829634845541,
              34.20132299671079
            ]
          ]
        ]
      }
    },
    {
      "type": "Feature",
      "properties": {
        "layerType": "BUILDING_3D",
        "id": "TOPANGA_BLD_187",
        "name": "Structure #187",
        "height": 24,
        "min_height": 0,
        "render_height": 24,
        "render_min_height": 0,
        "division": "Topanga Division",
        "bureau": "Valley Bureau",
        "extrusionColor": "#1e293b"
      },
      "geometry": {
        "type": "Polygon",
        "coordinates": [
          [
            [
              -118.57346070897808,
              34.200771937646785
            ],
            [
              -118.57143919278508,
              34.200771937646785
            ],
            [
              -118.57143919278508,
              34.20471970719699
            ],
            [
              -118.57346070897808,
              34.20471970719699
            ],
            [
              -118.57346070897808,
              34.200771937646785
            ]
          ]
        ]
      }
    },
    {
      "type": "Feature",
      "properties": {
        "layerType": "BUILDING_3D",
        "id": "TOPANGA_BLD_188",
        "name": "Structure #188",
        "height": 20,
        "min_height": 0,
        "render_height": 20,
        "render_min_height": 0,
        "division": "Topanga Division",
        "bureau": "Valley Bureau",
        "extrusionColor": "#1e293b"
      },
      "geometry": {
        "type": "Polygon",
        "coordinates": [
          [
            [
              -118.6492734704501,
              34.20514964808666
            ],
            [
              -118.64555792263813,
              34.20514964808666
            ],
            [
              -118.64555792263813,
              34.20888692944145
            ],
            [
              -118.6492734704501,
              34.20888692944145
            ],
            [
              -118.6492734704501,
              34.20514964808666
            ]
          ]
        ]
      }
    },
    {
      "type": "Feature",
      "properties": {
        "layerType": "BUILDING_3D",
        "id": "TOPANGA_BLD_189",
        "name": "Structure #189",
        "height": 18,
        "min_height": 0,
        "render_height": 18,
        "render_min_height": 0,
        "division": "Topanga Division",
        "bureau": "Valley Bureau",
        "extrusionColor": "#1e293b"
      },
      "geometry": {
        "type": "Polygon",
        "coordinates": [
          [
            [
              -118.64515327238904,
              34.20681238331472
            ],
            [
              -118.64163583111393,
              34.20681238331472
            ],
            [
              -118.64163583111393,
              34.21010404796562
            ],
            [
              -118.64515327238904,
              34.21010404796562
            ],
            [
              -118.64515327238904,
              34.20681238331472
            ]
          ]
        ]
      }
    },
    {
      "type": "Feature",
      "properties": {
        "layerType": "BUILDING_3D",
        "id": "TOPANGA_BLD_190",
        "name": "Structure #190",
        "height": 11,
        "min_height": 0,
        "render_height": 11,
        "render_min_height": 0,
        "division": "Topanga Division",
        "bureau": "Valley Bureau",
        "extrusionColor": "#1e293b"
      },
      "geometry": {
        "type": "Polygon",
        "coordinates": [
          [
            [
              -118.63888246276262,
              34.206798719103105
            ],
            [
              -118.63578442544413,
              34.206798719103105
            ],
            [
              -118.63578442544413,
              34.20978093106456
            ],
            [
              -118.63888246276262,
              34.20978093106456
            ],
            [
              -118.63888246276262,
              34.206798719103105
            ]
          ]
        ]
      }
    },
    {
      "type": "Feature",
      "properties": {
        "layerType": "BUILDING_3D",
        "id": "TOPANGA_BLD_191",
        "name": "Topanga Division High-Rise Tower #191",
        "height": 72,
        "min_height": 0,
        "render_height": 72,
        "render_min_height": 0,
        "division": "Topanga Division",
        "bureau": "Valley Bureau",
        "extrusionColor": "#0ea5e9"
      },
      "geometry": {
        "type": "Polygon",
        "coordinates": [
          [
            [
              -118.63418944084414,
              34.20694167858743
            ],
            [
              -118.63138265311572,
              34.20694167858743
            ],
            [
              -118.63138265311572,
              34.20892498485402
            ],
            [
              -118.63418944084414,
              34.20892498485402
            ],
            [
              -118.63418944084414,
              34.20694167858743
            ]
          ]
        ]
      }
    },
    {
      "type": "Feature",
      "properties": {
        "layerType": "BUILDING_3D",
        "id": "TOPANGA_BLD_192",
        "name": "Topanga Division High-Rise Tower #192",
        "height": 76,
        "min_height": 0,
        "render_height": 76,
        "render_min_height": 0,
        "division": "Topanga Division",
        "bureau": "Valley Bureau",
        "extrusionColor": "#0ea5e9"
      },
      "geometry": {
        "type": "Polygon",
        "coordinates": [
          [
            [
              -118.62934900838832,
              34.20588329666145
            ],
            [
              -118.62748236719622,
              34.20588329666145
            ],
            [
              -118.62748236719622,
              34.20948824247689
            ],
            [
              -118.62934900838832,
              34.20948824247689
            ],
            [
              -118.62934900838832,
              34.20588329666145
            ]
          ]
        ]
      }
    },
    {
      "type": "Feature",
      "properties": {
        "layerType": "BUILDING_3D",
        "id": "TOPANGA_BLD_193",
        "name": "Structure #193",
        "height": 18,
        "min_height": 0,
        "render_height": 18,
        "render_min_height": 0,
        "division": "Topanga Division",
        "bureau": "Valley Bureau",
        "extrusionColor": "#1e293b"
      },
      "geometry": {
        "type": "Polygon",
        "coordinates": [
          [
            [
              -118.62563925020099,
              34.20547788114964
            ],
            [
              -118.62224636002175,
              34.20547788114964
            ],
            [
              -118.62224636002175,
              34.20829540887693
            ],
            [
              -118.62563925020099,
              34.20829540887693
            ],
            [
              -118.62563925020099,
              34.20547788114964
            ]
          ]
        ]
      }
    },
    {
      "type": "Feature",
      "properties": {
        "layerType": "BUILDING_3D",
        "id": "TOPANGA_BLD_194",
        "name": "Structure #194",
        "height": 14,
        "min_height": 0,
        "render_height": 14,
        "render_min_height": 0,
        "division": "Topanga Division",
        "bureau": "Valley Bureau",
        "extrusionColor": "#1e293b"
      },
      "geometry": {
        "type": "Polygon",
        "coordinates": [
          [
            [
              -118.62131493538858,
              34.2067102105716
            ],
            [
              -118.61866314458642,
              34.2067102105716
            ],
            [
              -118.61866314458642,
              34.2096577027331
            ],
            [
              -118.62131493538858,
              34.2096577027331
            ],
            [
              -118.62131493538858,
              34.2067102105716
            ]
          ]
        ]
      }
    },
    {
      "type": "Feature",
      "properties": {
        "layerType": "BUILDING_3D",
        "id": "TOPANGA_BLD_196",
        "name": "Structure #196",
        "height": 16,
        "min_height": 0,
        "render_height": 16,
        "render_min_height": 0,
        "division": "Topanga Division",
        "bureau": "Valley Bureau",
        "extrusionColor": "#1e293b"
      },
      "geometry": {
        "type": "Polygon",
        "coordinates": [
          [
            [
              -118.61108012339173,
              34.20577950642942
            ],
            [
              -118.6088181877954,
              34.20577950642942
            ],
            [
              -118.6088181877954,
              34.20953648102896
            ],
            [
              -118.61108012339173,
              34.20953648102896
            ],
            [
              -118.61108012339173,
              34.20577950642942
            ]
          ]
        ]
      }
    },
    {
      "type": "Feature",
      "properties": {
        "layerType": "BUILDING_3D",
        "id": "TOPANGA_BLD_197",
        "name": "Structure #197",
        "height": 13,
        "min_height": 0,
        "render_height": 13,
        "render_min_height": 0,
        "division": "Topanga Division",
        "bureau": "Valley Bureau",
        "extrusionColor": "#1e293b"
      },
      "geometry": {
        "type": "Polygon",
        "coordinates": [
          [
            [
              -118.60691340571347,
              34.20585282173149
            ],
            [
              -118.6033774296198,
              34.20585282173149
            ],
            [
              -118.6033774296198,
              34.208592468782236
            ],
            [
              -118.60691340571347,
              34.208592468782236
            ],
            [
              -118.60691340571347,
              34.20585282173149
            ]
          ]
        ]
      }
    },
    {
      "type": "Feature",
      "properties": {
        "layerType": "BUILDING_3D",
        "id": "TOPANGA_BLD_198",
        "name": "Structure #198",
        "height": 14,
        "min_height": 0,
        "render_height": 14,
        "render_min_height": 0,
        "division": "Topanga Division",
        "bureau": "Valley Bureau",
        "extrusionColor": "#1e293b"
      },
      "geometry": {
        "type": "Polygon",
        "coordinates": [
          [
            [
              -118.60213852072329,
              34.207168115934806
            ],
            [
              -118.59956002938142,
              34.207168115934806
            ],
            [
              -118.59956002938142,
              34.20944304342446
            ],
            [
              -118.60213852072329,
              34.20944304342446
            ],
            [
              -118.60213852072329,
              34.207168115934806
            ]
          ]
        ]
      }
    },
    {
      "type": "Feature",
      "properties": {
        "layerType": "BUILDING_3D",
        "id": "TOPANGA_BLD_199",
        "name": "Structure #199",
        "height": 16,
        "min_height": 0,
        "render_height": 16,
        "render_min_height": 0,
        "division": "Topanga Division",
        "bureau": "Valley Bureau",
        "extrusionColor": "#1e293b"
      },
      "geometry": {
        "type": "Polygon",
        "coordinates": [
          [
            [
              -118.59619471441431,
              34.20625733702545
            ],
            [
              -118.59405360618874,
              34.20625733702545
            ],
            [
              -118.59405360618874,
              34.20872609825574
            ],
            [
              -118.59619471441431,
              34.20872609825574
            ],
            [
              -118.59619471441431,
              34.20625733702545
            ]
          ]
        ]
      }
    },
    {
      "type": "Feature",
      "properties": {
        "layerType": "BUILDING_3D",
        "id": "TOPANGA_BLD_200",
        "name": "Topanga Division High-Rise Tower #200",
        "height": 60,
        "min_height": 0,
        "render_height": 60,
        "render_min_height": 0,
        "division": "Topanga Division",
        "bureau": "Valley Bureau",
        "extrusionColor": "#0ea5e9"
      },
      "geometry": {
        "type": "Polygon",
        "coordinates": [
          [
            [
              -118.59234603574075,
              34.20575239399036
            ],
            [
              -118.59002249575931,
              34.20575239399036
            ],
            [
              -118.59002249575931,
              34.2084874899931
            ],
            [
              -118.59234603574075,
              34.2084874899931
            ],
            [
              -118.59234603574075,
              34.20575239399036
            ]
          ]
        ]
      }
    },
    {
      "type": "Feature",
      "properties": {
        "layerType": "BUILDING_3D",
        "id": "TOPANGA_BLD_201",
        "name": "Structure #201",
        "height": 14,
        "min_height": 0,
        "render_height": 14,
        "render_min_height": 0,
        "division": "Topanga Division",
        "bureau": "Valley Bureau",
        "extrusionColor": "#1e293b"
      },
      "geometry": {
        "type": "Polygon",
        "coordinates": [
          [
            [
              -118.58811539389143,
              34.20539045617625
            ],
            [
              -118.58554118588884,
              34.20539045617625
            ],
            [
              -118.58554118588884,
              34.209159561792205
            ],
            [
              -118.58811539389143,
              34.209159561792205
            ],
            [
              -118.58811539389143,
              34.20539045617625
            ]
          ]
        ]
      }
    },
    {
      "type": "Feature",
      "properties": {
        "layerType": "BUILDING_3D",
        "id": "TOPANGA_BLD_202",
        "name": "Structure #202",
        "height": 11,
        "min_height": 0,
        "render_height": 11,
        "render_min_height": 0,
        "division": "Topanga Division",
        "bureau": "Valley Bureau",
        "extrusionColor": "#1e293b"
      },
      "geometry": {
        "type": "Polygon",
        "coordinates": [
          [
            [
              -118.58375015889294,
              34.20625463109022
            ],
            [
              -118.58020276537204,
              34.20625463109022
            ],
            [
              -118.58020276537204,
              34.20872152251417
            ],
            [
              -118.58375015889294,
              34.20872152251417
            ],
            [
              -118.58375015889294,
              34.20625463109022
            ]
          ]
        ]
      }
    },
    {
      "type": "Feature",
      "properties": {
        "layerType": "BUILDING_3D",
        "id": "TOPANGA_BLD_203",
        "name": "Structure #203",
        "height": 18,
        "min_height": 0,
        "render_height": 18,
        "render_min_height": 0,
        "division": "Topanga Division",
        "bureau": "Valley Bureau",
        "extrusionColor": "#1e293b"
      },
      "geometry": {
        "type": "Polygon",
        "coordinates": [
          [
            [
              -118.5782309354445,
              34.20731756773877
            ],
            [
              -118.57590915528077,
              34.20731756773877
            ],
            [
              -118.57590915528077,
              34.20931300124677
            ],
            [
              -118.5782309354445,
              34.20931300124677
            ],
            [
              -118.5782309354445,
              34.20731756773877
            ]
          ]
        ]
      }
    },
    {
      "type": "Feature",
      "properties": {
        "layerType": "BUILDING_3D",
        "id": "TOPANGA_BLD_204",
        "name": "Structure #204",
        "height": 14,
        "min_height": 0,
        "render_height": 14,
        "render_min_height": 0,
        "division": "Topanga Division",
        "bureau": "Valley Bureau",
        "extrusionColor": "#1e293b"
      },
      "geometry": {
        "type": "Polygon",
        "coordinates": [
          [
            [
              -118.57252464212822,
              34.2058268051075
            ],
            [
              -118.57064658706186,
              34.2058268051075
            ],
            [
              -118.57064658706186,
              34.208720221170815
            ],
            [
              -118.57252464212822,
              34.208720221170815
            ],
            [
              -118.57252464212822,
              34.2058268051075
            ]
          ]
        ]
      }
    },
    {
      "type": "Feature",
      "properties": {
        "layerType": "BUILDING_3D",
        "id": "TOPANGA_BLD_205",
        "name": "Topanga Division High-Rise Tower #205",
        "height": 76,
        "min_height": 0,
        "render_height": 76,
        "render_min_height": 0,
        "division": "Topanga Division",
        "bureau": "Valley Bureau",
        "extrusionColor": "#0ea5e9"
      },
      "geometry": {
        "type": "Polygon",
        "coordinates": [
          [
            [
              -118.64922183048706,
              34.21068309282553
            ],
            [
              -118.64649861536866,
              34.21068309282553
            ],
            [
              -118.64649861536866,
              34.21310960078728
            ],
            [
              -118.64922183048706,
              34.21310960078728
            ],
            [
              -118.64922183048706,
              34.21068309282553
            ]
          ]
        ]
      }
    },
    {
      "type": "Feature",
      "properties": {
        "layerType": "BUILDING_3D",
        "id": "TOPANGA_BLD_206",
        "name": "Structure #206",
        "height": 18,
        "min_height": 0,
        "render_height": 18,
        "render_min_height": 0,
        "division": "Topanga Division",
        "bureau": "Valley Bureau",
        "extrusionColor": "#1e293b"
      },
      "geometry": {
        "type": "Polygon",
        "coordinates": [
          [
            [
              -118.64465120675244,
              34.211019067519814
            ],
            [
              -118.64236743455315,
              34.211019067519814
            ],
            [
              -118.64236743455315,
              34.21421039818149
            ],
            [
              -118.64465120675244,
              34.21421039818149
            ],
            [
              -118.64465120675244,
              34.211019067519814
            ]
          ]
        ]
      }
    },
    {
      "type": "Feature",
      "properties": {
        "layerType": "BUILDING_3D",
        "id": "TOPANGA_BLD_208",
        "name": "Structure #208",
        "height": 8,
        "min_height": 0,
        "render_height": 8,
        "render_min_height": 0,
        "division": "Topanga Division",
        "bureau": "Valley Bureau",
        "extrusionColor": "#1e293b"
      },
      "geometry": {
        "type": "Polygon",
        "coordinates": [
          [
            [
              -118.63516123894196,
              34.21095837599925
            ],
            [
              -118.63238472553918,
              34.21095837599925
            ],
            [
              -118.63238472553918,
              34.214747753059434
            ],
            [
              -118.63516123894196,
              34.214747753059434
            ],
            [
              -118.63516123894196,
              34.21095837599925
            ]
          ]
        ]
      }
    },
    {
      "type": "Feature",
      "properties": {
        "layerType": "BUILDING_3D",
        "id": "TOPANGA_BLD_209",
        "name": "Structure #209",
        "height": 15,
        "min_height": 0,
        "render_height": 15,
        "render_min_height": 0,
        "division": "Topanga Division",
        "bureau": "Valley Bureau",
        "extrusionColor": "#1e293b"
      },
      "geometry": {
        "type": "Polygon",
        "coordinates": [
          [
            [
              -118.63027446964777,
              34.21185726880414
            ],
            [
              -118.62670799712053,
              34.21185726880414
            ],
            [
              -118.62670799712053,
              34.213462803980605
            ],
            [
              -118.63027446964777,
              34.213462803980605
            ],
            [
              -118.63027446964777,
              34.21185726880414
            ]
          ]
        ]
      }
    },
    {
      "type": "Feature",
      "properties": {
        "layerType": "BUILDING_3D",
        "id": "TOPANGA_BLD_210",
        "name": "Structure #210",
        "height": 16,
        "min_height": 0,
        "render_height": 16,
        "render_min_height": 0,
        "division": "Topanga Division",
        "bureau": "Valley Bureau",
        "extrusionColor": "#1e293b"
      },
      "geometry": {
        "type": "Polygon",
        "coordinates": [
          [
            [
              -118.62472257053727,
              34.21205117760474
            ],
            [
              -118.62321147860649,
              34.21205117760474
            ],
            [
              -118.62321147860649,
              34.21461182569157
            ],
            [
              -118.62472257053727,
              34.21461182569157
            ],
            [
              -118.62472257053727,
              34.21205117760474
            ]
          ]
        ]
      }
    },
    {
      "type": "Feature",
      "properties": {
        "layerType": "BUILDING_3D",
        "id": "TOPANGA_BLD_211",
        "name": "Structure #211",
        "height": 19,
        "min_height": 0,
        "render_height": 19,
        "render_min_height": 0,
        "division": "Topanga Division",
        "bureau": "Valley Bureau",
        "extrusionColor": "#1e293b"
      },
      "geometry": {
        "type": "Polygon",
        "coordinates": [
          [
            [
              -118.61983418578379,
              34.210236370418116
            ],
            [
              -118.617424164055,
              34.210236370418116
            ],
            [
              -118.617424164055,
              34.21293248586423
            ],
            [
              -118.61983418578379,
              34.21293248586423
            ],
            [
              -118.61983418578379,
              34.210236370418116
            ]
          ]
        ]
      }
    },
    {
      "type": "Feature",
      "properties": {
        "layerType": "BUILDING_3D",
        "id": "TOPANGA_BLD_212",
        "name": "Topanga Division High-Rise Tower #212",
        "height": 103,
        "min_height": 0,
        "render_height": 103,
        "render_min_height": 0,
        "division": "Topanga Division",
        "bureau": "Valley Bureau",
        "extrusionColor": "#00f3ff"
      },
      "geometry": {
        "type": "Polygon",
        "coordinates": [
          [
            [
              -118.61683635725355,
              34.21082515999159
            ],
            [
              -118.61429883683367,
              34.21082515999159
            ],
            [
              -118.61429883683367,
              34.213871876947344
            ],
            [
              -118.61683635725355,
              34.213871876947344
            ],
            [
              -118.61683635725355,
              34.21082515999159
            ]
          ]
        ]
      }
    },
    {
      "type": "Feature",
      "properties": {
        "layerType": "BUILDING_3D",
        "id": "TOPANGA_BLD_214",
        "name": "Structure #214",
        "height": 21,
        "min_height": 0,
        "render_height": 21,
        "render_min_height": 0,
        "division": "Topanga Division",
        "bureau": "Valley Bureau",
        "extrusionColor": "#1e293b"
      },
      "geometry": {
        "type": "Polygon",
        "coordinates": [
          [
            [
              -118.60685419856178,
              34.210840126055054
            ],
            [
              -118.60381518053113,
              34.210840126055054
            ],
            [
              -118.60381518053113,
              34.21463462107415
            ],
            [
              -118.60685419856178,
              34.21463462107415
            ],
            [
              -118.60685419856178,
              34.210840126055054
            ]
          ]
        ]
      }
    },
    {
      "type": "Feature",
      "properties": {
        "layerType": "BUILDING_3D",
        "id": "TOPANGA_BLD_215",
        "name": "Structure #215",
        "height": 23,
        "min_height": 0,
        "render_height": 23,
        "render_min_height": 0,
        "division": "Topanga Division",
        "bureau": "Valley Bureau",
        "extrusionColor": "#1e293b"
      },
      "geometry": {
        "type": "Polygon",
        "coordinates": [
          [
            [
              -118.60215046959524,
              34.21121562273989
            ],
            [
              -118.5985791801655,
              34.21121562273989
            ],
            [
              -118.5985791801655,
              34.2145507079122
            ],
            [
              -118.60215046959524,
              34.2145507079122
            ],
            [
              -118.60215046959524,
              34.21121562273989
            ]
          ]
        ]
      }
    },
    {
      "type": "Feature",
      "properties": {
        "layerType": "BUILDING_3D",
        "id": "TOPANGA_BLD_216",
        "name": "Structure #216",
        "height": 22,
        "min_height": 0,
        "render_height": 22,
        "render_min_height": 0,
        "division": "Topanga Division",
        "bureau": "Valley Bureau",
        "extrusionColor": "#1e293b"
      },
      "geometry": {
        "type": "Polygon",
        "coordinates": [
          [
            [
              -118.59709117859775,
              34.21152296154979
            ],
            [
              -118.59395227490616,
              34.21152296154979
            ],
            [
              -118.59395227490616,
              34.215148230480764
            ],
            [
              -118.59709117859775,
              34.215148230480764
            ],
            [
              -118.59709117859775,
              34.21152296154979
            ]
          ]
        ]
      }
    },
    {
      "type": "Feature",
      "properties": {
        "layerType": "BUILDING_3D",
        "id": "TOPANGA_BLD_217",
        "name": "Structure #217",
        "height": 18,
        "min_height": 0,
        "render_height": 18,
        "render_min_height": 0,
        "division": "Topanga Division",
        "bureau": "Valley Bureau",
        "extrusionColor": "#1e293b"
      },
      "geometry": {
        "type": "Polygon",
        "coordinates": [
          [
            [
              -118.59209603618844,
              34.211245131638755
            ],
            [
              -118.58868401837104,
              34.211245131638755
            ],
            [
              -118.58868401837104,
              34.21469100463694
            ],
            [
              -118.59209603618844,
              34.21469100463694
            ],
            [
              -118.59209603618844,
              34.211245131638755
            ]
          ]
        ]
      }
    },
    {
      "type": "Feature",
      "properties": {
        "layerType": "BUILDING_3D",
        "id": "TOPANGA_BLD_218",
        "name": "Topanga Division High-Rise Tower #218",
        "height": 77,
        "min_height": 0,
        "render_height": 77,
        "render_min_height": 0,
        "division": "Topanga Division",
        "bureau": "Valley Bureau",
        "extrusionColor": "#0ea5e9"
      },
      "geometry": {
        "type": "Polygon",
        "coordinates": [
          [
            [
              -118.58765164081058,
              34.21169089952484
            ],
            [
              -118.58440846622406,
              34.21169089952484
            ],
            [
              -118.58440846622406,
              34.21470953076472
            ],
            [
              -118.58765164081058,
              34.21470953076472
            ],
            [
              -118.58765164081058,
              34.21169089952484
            ]
          ]
        ]
      }
    },
    {
      "type": "Feature",
      "properties": {
        "layerType": "BUILDING_3D",
        "id": "TOPANGA_BLD_219",
        "name": "Structure #219",
        "height": 18,
        "min_height": 0,
        "render_height": 18,
        "render_min_height": 0,
        "division": "Topanga Division",
        "bureau": "Valley Bureau",
        "extrusionColor": "#1e293b"
      },
      "geometry": {
        "type": "Polygon",
        "coordinates": [
          [
            [
              -118.5825262122119,
              34.21229539164114
            ],
            [
              -118.57968514751555,
              34.21229539164114
            ],
            [
              -118.57968514751555,
              34.21381800515595
            ],
            [
              -118.5825262122119,
              34.21381800515595
            ],
            [
              -118.5825262122119,
              34.21229539164114
            ]
          ]
        ]
      }
    },
    {
      "type": "Feature",
      "properties": {
        "layerType": "BUILDING_3D",
        "id": "TOPANGA_BLD_220",
        "name": "Structure #220",
        "height": 33,
        "min_height": 0,
        "render_height": 33,
        "render_min_height": 0,
        "division": "Topanga Division",
        "bureau": "Valley Bureau",
        "extrusionColor": "#1e293b"
      },
      "geometry": {
        "type": "Polygon",
        "coordinates": [
          [
            [
              -118.57725139610244,
              34.21122189265809
            ],
            [
              -118.57581834808852,
              34.21122189265809
            ],
            [
              -118.57581834808852,
              34.21420791732572
            ],
            [
              -118.57725139610244,
              34.21420791732572
            ],
            [
              -118.57725139610244,
              34.21122189265809
            ]
          ]
        ]
      }
    },
    {
      "type": "Feature",
      "properties": {
        "layerType": "BUILDING_3D",
        "id": "TOPANGA_BLD_221",
        "name": "Structure #221",
        "height": 8,
        "min_height": 0,
        "render_height": 8,
        "render_min_height": 0,
        "division": "Topanga Division",
        "bureau": "Valley Bureau",
        "extrusionColor": "#1e293b"
      },
      "geometry": {
        "type": "Polygon",
        "coordinates": [
          [
            [
              -118.57355586573357,
              34.21063996733853
            ],
            [
              -118.57074548957578,
              34.21063996733853
            ],
            [
              -118.57074548957578,
              34.21239621428516
            ],
            [
              -118.57355586573357,
              34.21239621428516
            ],
            [
              -118.57355586573357,
              34.21063996733853
            ]
          ]
        ]
      }
    },
    {
      "type": "Feature",
      "properties": {
        "layerType": "BUILDING_3D",
        "id": "TOPANGA_BLD_222",
        "name": "Structure #222",
        "height": 15,
        "min_height": 0,
        "render_height": 15,
        "render_min_height": 0,
        "division": "Topanga Division",
        "bureau": "Valley Bureau",
        "extrusionColor": "#1e293b"
      },
      "geometry": {
        "type": "Polygon",
        "coordinates": [
          [
            [
              -118.64939767779904,
              34.21689147636241
            ],
            [
              -118.64774473949632,
              34.21689147636241
            ],
            [
              -118.64774473949632,
              34.2184861631058
            ],
            [
              -118.64939767779904,
              34.2184861631058
            ],
            [
              -118.64939767779904,
              34.21689147636241
            ]
          ]
        ]
      }
    },
    {
      "type": "Feature",
      "properties": {
        "layerType": "BUILDING_3D",
        "id": "TOPANGA_BLD_224",
        "name": "Structure #224",
        "height": 9,
        "min_height": 0,
        "render_height": 9,
        "render_min_height": 0,
        "division": "Topanga Division",
        "bureau": "Valley Bureau",
        "extrusionColor": "#1e293b"
      },
      "geometry": {
        "type": "Polygon",
        "coordinates": [
          [
            [
              -118.64018526128447,
              34.21536139767772
            ],
            [
              -118.63778180213708,
              34.21536139767772
            ],
            [
              -118.63778180213708,
              34.21779010111171
            ],
            [
              -118.64018526128447,
              34.21779010111171
            ],
            [
              -118.64018526128447,
              34.21536139767772
            ]
          ]
        ]
      }
    },
    {
      "type": "Feature",
      "properties": {
        "layerType": "BUILDING_3D",
        "id": "TOPANGA_BLD_227",
        "name": "Structure #227",
        "height": 19,
        "min_height": 0,
        "render_height": 19,
        "render_min_height": 0,
        "division": "Topanga Division",
        "bureau": "Valley Bureau",
        "extrusionColor": "#1e293b"
      },
      "geometry": {
        "type": "Polygon",
        "coordinates": [
          [
            [
              -118.6254971824656,
              34.21547652107499
            ],
            [
              -118.62322194648088,
              34.21547652107499
            ],
            [
              -118.62322194648088,
              34.21777490699225
            ],
            [
              -118.6254971824656,
              34.21777490699225
            ],
            [
              -118.6254971824656,
              34.21547652107499
            ]
          ]
        ]
      }
    },
    {
      "type": "Feature",
      "properties": {
        "layerType": "BUILDING_3D",
        "id": "TOPANGA_BLD_228",
        "name": "Structure #228",
        "height": 8,
        "min_height": 0,
        "render_height": 8,
        "render_min_height": 0,
        "division": "Topanga Division",
        "bureau": "Valley Bureau",
        "extrusionColor": "#1e293b"
      },
      "geometry": {
        "type": "Polygon",
        "coordinates": [
          [
            [
              -118.62131621545883,
              34.21571429586447
            ],
            [
              -118.61915302871317,
              34.21571429586447
            ],
            [
              -118.61915302871317,
              34.21875360530953
            ],
            [
              -118.62131621545883,
              34.21875360530953
            ],
            [
              -118.62131621545883,
              34.21571429586447
            ]
          ]
        ]
      }
    },
    {
      "type": "Feature",
      "properties": {
        "layerType": "BUILDING_3D",
        "id": "TOPANGA_BLD_230",
        "name": "Structure #230",
        "height": 19,
        "min_height": 0,
        "render_height": 19,
        "render_min_height": 0,
        "division": "Topanga Division",
        "bureau": "Valley Bureau",
        "extrusionColor": "#1e293b"
      },
      "geometry": {
        "type": "Polygon",
        "coordinates": [
          [
            [
              -118.61104649954412,
              34.21655808495117
            ],
            [
              -118.60963357813343,
              34.21655808495117
            ],
            [
              -118.60963357813343,
              34.21890481016094
            ],
            [
              -118.61104649954412,
              34.21890481016094
            ],
            [
              -118.61104649954412,
              34.21655808495117
            ]
          ]
        ]
      }
    },
    {
      "type": "Feature",
      "properties": {
        "layerType": "BUILDING_3D",
        "id": "TOPANGA_BLD_231",
        "name": "Structure #231",
        "height": 16,
        "min_height": 0,
        "render_height": 16,
        "render_min_height": 0,
        "division": "Topanga Division",
        "bureau": "Valley Bureau",
        "extrusionColor": "#1e293b"
      },
      "geometry": {
        "type": "Polygon",
        "coordinates": [
          [
            [
              -118.60618062592832,
              34.21497977392314
            ],
            [
              -118.60397194337793,
              34.21497977392314
            ],
            [
              -118.60397194337793,
              34.218022192475026
            ],
            [
              -118.60618062592832,
              34.218022192475026
            ],
            [
              -118.60618062592832,
              34.21497977392314
            ]
          ]
        ]
      }
    },
    {
      "type": "Feature",
      "properties": {
        "layerType": "BUILDING_3D",
        "id": "TOPANGA_BLD_232",
        "name": "Structure #232",
        "height": 22,
        "min_height": 0,
        "render_height": 22,
        "render_min_height": 0,
        "division": "Topanga Division",
        "bureau": "Valley Bureau",
        "extrusionColor": "#1e293b"
      },
      "geometry": {
        "type": "Polygon",
        "coordinates": [
          [
            [
              -118.60296021277823,
              34.2158249009732
            ],
            [
              -118.6000967600235,
              34.2158249009732
            ],
            [
              -118.6000967600235,
              34.21852985936245
            ],
            [
              -118.60296021277823,
              34.21852985936245
            ],
            [
              -118.60296021277823,
              34.2158249009732
            ]
          ]
        ]
      }
    },
    {
      "type": "Feature",
      "properties": {
        "layerType": "BUILDING_3D",
        "id": "TOPANGA_BLD_234",
        "name": "Structure #234",
        "height": 11,
        "min_height": 0,
        "render_height": 11,
        "render_min_height": 0,
        "division": "Topanga Division",
        "bureau": "Valley Bureau",
        "extrusionColor": "#1e293b"
      },
      "geometry": {
        "type": "Polygon",
        "coordinates": [
          [
            [
              -118.5926138467299,
              34.21623260638855
            ],
            [
              -118.5892987465096,
              34.21623260638855
            ],
            [
              -118.5892987465096,
              34.21869532703425
            ],
            [
              -118.5926138467299,
              34.21869532703425
            ],
            [
              -118.5926138467299,
              34.21623260638855
            ]
          ]
        ]
      }
    },
    {
      "type": "Feature",
      "properties": {
        "layerType": "BUILDING_3D",
        "id": "TOPANGA_BLD_235",
        "name": "Structure #235",
        "height": 24,
        "min_height": 0,
        "render_height": 24,
        "render_min_height": 0,
        "division": "Topanga Division",
        "bureau": "Valley Bureau",
        "extrusionColor": "#1e293b"
      },
      "geometry": {
        "type": "Polygon",
        "coordinates": [
          [
            [
              -118.58766342928136,
              34.21715065907028
            ],
            [
              -118.585345574556,
              34.21715065907028
            ],
            [
              -118.585345574556,
              34.21908501130422
            ],
            [
              -118.58766342928136,
              34.21908501130422
            ],
            [
              -118.58766342928136,
              34.21715065907028
            ]
          ]
        ]
      }
    },
    {
      "type": "Feature",
      "properties": {
        "layerType": "BUILDING_3D",
        "id": "TOPANGA_BLD_236",
        "name": "Structure #236",
        "height": 24,
        "min_height": 0,
        "render_height": 24,
        "render_min_height": 0,
        "division": "Topanga Division",
        "bureau": "Valley Bureau",
        "extrusionColor": "#1e293b"
      },
      "geometry": {
        "type": "Polygon",
        "coordinates": [
          [
            [
              -118.58209349734562,
              34.215372951925865
            ],
            [
              -118.5802729305372,
              34.215372951925865
            ],
            [
              -118.5802729305372,
              34.21916740110725
            ],
            [
              -118.58209349734562,
              34.21916740110725
            ],
            [
              -118.58209349734562,
              34.215372951925865
            ]
          ]
        ]
      }
    },
    {
      "type": "Feature",
      "properties": {
        "layerType": "BUILDING_3D",
        "id": "TOPANGA_BLD_237",
        "name": "Structure #237",
        "height": 8,
        "min_height": 0,
        "render_height": 8,
        "render_min_height": 0,
        "division": "Topanga Division",
        "bureau": "Valley Bureau",
        "extrusionColor": "#1e293b"
      },
      "geometry": {
        "type": "Polygon",
        "coordinates": [
          [
            [
              -118.5790607511286,
              34.214974938864515
            ],
            [
              -118.57548950484022,
              34.214974938864515
            ],
            [
              -118.57548950484022,
              34.21872002470981
            ],
            [
              -118.5790607511286,
              34.21872002470981
            ],
            [
              -118.5790607511286,
              34.214974938864515
            ]
          ]
        ]
      }
    },
    {
      "type": "Feature",
      "properties": {
        "layerType": "BUILDING_3D",
        "id": "TOPANGA_BLD_238",
        "name": "Structure #238",
        "height": 15,
        "min_height": 0,
        "render_height": 15,
        "render_min_height": 0,
        "division": "Topanga Division",
        "bureau": "Valley Bureau",
        "extrusionColor": "#1e293b"
      },
      "geometry": {
        "type": "Polygon",
        "coordinates": [
          [
            [
              -118.57472946930399,
              34.21757314434004
            ],
            [
              -118.57120468262606,
              34.21757314434004
            ],
            [
              -118.57120468262606,
              34.21909797435018
            ],
            [
              -118.57472946930399,
              34.21909797435018
            ],
            [
              -118.57472946930399,
              34.21757314434004
            ]
          ]
        ]
      }
    },
    {
      "type": "Feature",
      "properties": {
        "layerType": "BUILDING_3D",
        "id": "TOPANGA_BLD_240",
        "name": "Structure #240",
        "height": 47,
        "min_height": 0,
        "render_height": 47,
        "render_min_height": 0,
        "division": "Topanga Division",
        "bureau": "Valley Bureau",
        "extrusionColor": "#0ea5e9"
      },
      "geometry": {
        "type": "Polygon",
        "coordinates": [
          [
            [
              -118.64339277200916,
              34.21967162389015
            ],
            [
              -118.64099109871792,
              34.21967162389015
            ],
            [
              -118.64099109871792,
              34.22336810412608
            ],
            [
              -118.64339277200916,
              34.22336810412608
            ],
            [
              -118.64339277200916,
              34.21967162389015
            ]
          ]
        ]
      }
    },
    {
      "type": "Feature",
      "properties": {
        "layerType": "BUILDING_3D",
        "id": "TOPANGA_BLD_241",
        "name": "Topanga Division High-Rise Tower #241",
        "height": 71,
        "min_height": 0,
        "render_height": 71,
        "render_min_height": 0,
        "division": "Topanga Division",
        "bureau": "Valley Bureau",
        "extrusionColor": "#0ea5e9"
      },
      "geometry": {
        "type": "Polygon",
        "coordinates": [
          [
            [
              -118.64089729516222,
              34.2214122900134
            ],
            [
              -118.63741825494016,
              34.2214122900134
            ],
            [
              -118.63741825494016,
              34.223270554581696
            ],
            [
              -118.64089729516222,
              34.223270554581696
            ],
            [
              -118.64089729516222,
              34.2214122900134
            ]
          ]
        ]
      }
    },
    {
      "type": "Feature",
      "properties": {
        "layerType": "BUILDING_3D",
        "id": "TOPANGA_BLD_243",
        "name": "Structure #243",
        "height": 23,
        "min_height": 0,
        "render_height": 23,
        "render_min_height": 0,
        "division": "Topanga Division",
        "bureau": "Valley Bureau",
        "extrusionColor": "#1e293b"
      },
      "geometry": {
        "type": "Polygon",
        "coordinates": [
          [
            [
              -118.6290698920865,
              34.220384441386756
            ],
            [
              -118.62715187885232,
              34.220384441386756
            ],
            [
              -118.62715187885232,
              34.22318878192253
            ],
            [
              -118.6290698920865,
              34.22318878192253
            ],
            [
              -118.6290698920865,
              34.220384441386756
            ]
          ]
        ]
      }
    },
    {
      "type": "Feature",
      "properties": {
        "layerType": "BUILDING_3D",
        "id": "TOPANGA_BLD_244",
        "name": "Topanga Division High-Rise Tower #244",
        "height": 81,
        "min_height": 0,
        "render_height": 81,
        "render_min_height": 0,
        "division": "Topanga Division",
        "bureau": "Valley Bureau",
        "extrusionColor": "#00f3ff"
      },
      "geometry": {
        "type": "Polygon",
        "coordinates": [
          [
            [
              -118.62610876104777,
              34.22013067094364
            ],
            [
              -118.62346938171997,
              34.22013067094364
            ],
            [
              -118.62346938171997,
              34.22372995155447
            ],
            [
              -118.62610876104777,
              34.22372995155447
            ],
            [
              -118.62610876104777,
              34.22013067094364
            ]
          ]
        ]
      }
    },
    {
      "type": "Feature",
      "properties": {
        "layerType": "BUILDING_3D",
        "id": "TOPANGA_BLD_246",
        "name": "Structure #246",
        "height": 11,
        "min_height": 0,
        "render_height": 11,
        "render_min_height": 0,
        "division": "Topanga Division",
        "bureau": "Valley Bureau",
        "extrusionColor": "#1e293b"
      },
      "geometry": {
        "type": "Polygon",
        "coordinates": [
          [
            [
              -118.61595565210806,
              34.22161966985204
            ],
            [
              -118.61337428214395,
              34.22161966985204
            ],
            [
              -118.61337428214395,
              34.22473917912529
            ],
            [
              -118.61595565210806,
              34.22473917912529
            ],
            [
              -118.61595565210806,
              34.22161966985204
            ]
          ]
        ]
      }
    },
    {
      "type": "Feature",
      "properties": {
        "layerType": "BUILDING_3D",
        "id": "TOPANGA_BLD_247",
        "name": "Structure #247",
        "height": 16,
        "min_height": 0,
        "render_height": 16,
        "render_min_height": 0,
        "division": "Topanga Division",
        "bureau": "Valley Bureau",
        "extrusionColor": "#1e293b"
      },
      "geometry": {
        "type": "Polygon",
        "coordinates": [
          [
            [
              -118.61082854602162,
              34.221509116766086
            ],
            [
              -118.60789253729385,
              34.221509116766086
            ],
            [
              -118.60789253729385,
              34.22347921217292
            ],
            [
              -118.61082854602162,
              34.22347921217292
            ],
            [
              -118.61082854602162,
              34.221509116766086
            ]
          ]
        ]
      }
    },
    {
      "type": "Feature",
      "properties": {
        "layerType": "BUILDING_3D",
        "id": "TOPANGA_BLD_248",
        "name": "Structure #248",
        "height": 13,
        "min_height": 0,
        "render_height": 13,
        "render_min_height": 0,
        "division": "Topanga Division",
        "bureau": "Valley Bureau",
        "extrusionColor": "#1e293b"
      },
      "geometry": {
        "type": "Polygon",
        "coordinates": [
          [
            [
              -118.60622671363193,
              34.22144017101191
            ],
            [
              -118.60437250619019,
              34.22144017101191
            ],
            [
              -118.60437250619019,
              34.224151043825294
            ],
            [
              -118.60622671363193,
              34.224151043825294
            ],
            [
              -118.60622671363193,
              34.22144017101191
            ]
          ]
        ]
      }
    },
    {
      "type": "Feature",
      "properties": {
        "layerType": "BUILDING_3D",
        "id": "TOPANGA_BLD_249",
        "name": "Structure #249",
        "height": 20,
        "min_height": 0,
        "render_height": 20,
        "render_min_height": 0,
        "division": "Topanga Division",
        "bureau": "Valley Bureau",
        "extrusionColor": "#1e293b"
      },
      "geometry": {
        "type": "Polygon",
        "coordinates": [
          [
            [
              -118.60158572140055,
              34.22072988771611
            ],
            [
              -118.59903431169384,
              34.22072988771611
            ],
            [
              -118.59903431169384,
              34.22302226493482
            ],
            [
              -118.60158572140055,
              34.22302226493482
            ],
            [
              -118.60158572140055,
              34.22072988771611
            ]
          ]
        ]
      }
    },
    {
      "type": "Feature",
      "properties": {
        "layerType": "BUILDING_3D",
        "id": "TOPANGA_BLD_250",
        "name": "Structure #250",
        "height": 19,
        "min_height": 0,
        "render_height": 19,
        "render_min_height": 0,
        "division": "Topanga Division",
        "bureau": "Valley Bureau",
        "extrusionColor": "#1e293b"
      },
      "geometry": {
        "type": "Polygon",
        "coordinates": [
          [
            [
              -118.59754834097306,
              34.220882554332725
            ],
            [
              -118.5953908094731,
              34.220882554332725
            ],
            [
              -118.5953908094731,
              34.22405484216869
            ],
            [
              -118.59754834097306,
              34.22405484216869
            ],
            [
              -118.59754834097306,
              34.220882554332725
            ]
          ]
        ]
      }
    },
    {
      "type": "Feature",
      "properties": {
        "layerType": "BUILDING_3D",
        "id": "TOPANGA_BLD_252",
        "name": "Structure #252",
        "height": 8,
        "min_height": 0,
        "render_height": 8,
        "render_min_height": 0,
        "division": "Topanga Division",
        "bureau": "Valley Bureau",
        "extrusionColor": "#1e293b"
      },
      "geometry": {
        "type": "Polygon",
        "coordinates": [
          [
            [
              -118.5882687119012,
              34.22085864211585
            ],
            [
              -118.58536159064003,
              34.22085864211585
            ],
            [
              -118.58536159064003,
              34.22481701842171
            ],
            [
              -118.5882687119012,
              34.22481701842171
            ],
            [
              -118.5882687119012,
              34.22085864211585
            ]
          ]
        ]
      }
    },
    {
      "type": "Feature",
      "properties": {
        "layerType": "BUILDING_3D",
        "id": "TOPANGA_BLD_253",
        "name": "Structure #253",
        "height": 14,
        "min_height": 0,
        "render_height": 14,
        "render_min_height": 0,
        "division": "Topanga Division",
        "bureau": "Valley Bureau",
        "extrusionColor": "#1e293b"
      },
      "geometry": {
        "type": "Polygon",
        "coordinates": [
          [
            [
              -118.58330951330274,
              34.221958969162266
            ],
            [
              -118.57958398266192,
              34.221958969162266
            ],
            [
              -118.57958398266192,
              34.22358313698171
            ],
            [
              -118.58330951330274,
              34.22358313698171
            ],
            [
              -118.58330951330274,
              34.221958969162266
            ]
          ]
        ]
      }
    },
    {
      "type": "Feature",
      "properties": {
        "layerType": "BUILDING_3D",
        "id": "TOPANGA_BLD_254",
        "name": "Structure #254",
        "height": 15,
        "min_height": 0,
        "render_height": 15,
        "render_min_height": 0,
        "division": "Topanga Division",
        "bureau": "Valley Bureau",
        "extrusionColor": "#1e293b"
      },
      "geometry": {
        "type": "Polygon",
        "coordinates": [
          [
            [
              -118.57756802902374,
              34.22223248747608
            ],
            [
              -118.5760394004878,
              34.22223248747608
            ],
            [
              -118.5760394004878,
              34.22470091461331
            ],
            [
              -118.57756802902374,
              34.22470091461331
            ],
            [
              -118.57756802902374,
              34.22223248747608
            ]
          ]
        ]
      }
    },
    {
      "type": "Feature",
      "properties": {
        "layerType": "BUILDING_3D",
        "id": "TOPANGA_BLD_255",
        "name": "Structure #255",
        "height": 15,
        "min_height": 0,
        "render_height": 15,
        "render_min_height": 0,
        "division": "Topanga Division",
        "bureau": "Valley Bureau",
        "extrusionColor": "#1e293b"
      },
      "geometry": {
        "type": "Polygon",
        "coordinates": [
          [
            [
              -118.57260471766956,
              34.22032931416246
            ],
            [
              -118.57028149212864,
              34.22032931416246
            ],
            [
              -118.57028149212864,
              34.22286935434864
            ],
            [
              -118.57260471766956,
              34.22286935434864
            ],
            [
              -118.57260471766956,
              34.22032931416246
            ]
          ]
        ]
      }
    },
    {
      "type": "Feature",
      "properties": {
        "layerType": "BUILDING_3D",
        "id": "TOPANGA_BLD_256",
        "name": "Topanga Division High-Rise Tower #256",
        "height": 82,
        "min_height": 0,
        "render_height": 82,
        "render_min_height": 0,
        "division": "Topanga Division",
        "bureau": "Valley Bureau",
        "extrusionColor": "#00f3ff"
      },
      "geometry": {
        "type": "Polygon",
        "coordinates": [
          [
            [
              -118.64969005725887,
              34.226038328114115
            ],
            [
              -118.64729943120129,
              34.226038328114115
            ],
            [
              -118.64729943120129,
              34.228511155305455
            ],
            [
              -118.64969005725887,
              34.228511155305455
            ],
            [
              -118.64969005725887,
              34.226038328114115
            ]
          ]
        ]
      }
    },
    {
      "type": "Feature",
      "properties": {
        "layerType": "BUILDING_3D",
        "id": "TOPANGA_BLD_258",
        "name": "Structure #258",
        "height": 18,
        "min_height": 0,
        "render_height": 18,
        "render_min_height": 0,
        "division": "Topanga Division",
        "bureau": "Valley Bureau",
        "extrusionColor": "#1e293b"
      },
      "geometry": {
        "type": "Polygon",
        "coordinates": [
          [
            [
              -118.63934483749716,
              34.225708486891286
            ],
            [
              -118.63744192551658,
              34.225708486891286
            ],
            [
              -118.63744192551658,
              34.22884803661487
            ],
            [
              -118.63934483749716,
              34.22884803661487
            ],
            [
              -118.63934483749716,
              34.225708486891286
            ]
          ]
        ]
      }
    },
    {
      "type": "Feature",
      "properties": {
        "layerType": "BUILDING_3D",
        "id": "TOPANGA_BLD_259",
        "name": "Structure #259",
        "height": 23,
        "min_height": 0,
        "render_height": 23,
        "render_min_height": 0,
        "division": "Topanga Division",
        "bureau": "Valley Bureau",
        "extrusionColor": "#1e293b"
      },
      "geometry": {
        "type": "Polygon",
        "coordinates": [
          [
            [
              -118.63521554174939,
              34.22543791341339
            ],
            [
              -118.63226067142129,
              34.22543791341339
            ],
            [
              -118.63226067142129,
              34.22839703695361
            ],
            [
              -118.63521554174939,
              34.22839703695361
            ],
            [
              -118.63521554174939,
              34.22543791341339
            ]
          ]
        ]
      }
    },
    {
      "type": "Feature",
      "properties": {
        "layerType": "BUILDING_3D",
        "id": "TOPANGA_BLD_260",
        "name": "Structure #260",
        "height": 8,
        "min_height": 0,
        "render_height": 8,
        "render_min_height": 0,
        "division": "Topanga Division",
        "bureau": "Valley Bureau",
        "extrusionColor": "#1e293b"
      },
      "geometry": {
        "type": "Polygon",
        "coordinates": [
          [
            [
              -118.6307643167874,
              34.22600692441967
            ],
            [
              -118.62797925933779,
              34.22600692441967
            ],
            [
              -118.62797925933779,
              34.22961635513807
            ],
            [
              -118.6307643167874,
              34.22961635513807
            ],
            [
              -118.6307643167874,
              34.22600692441967
            ]
          ]
        ]
      }
    },
    {
      "type": "Feature",
      "properties": {
        "layerType": "BUILDING_3D",
        "id": "TOPANGA_BLD_261",
        "name": "Structure #261",
        "height": 19,
        "min_height": 0,
        "render_height": 19,
        "render_min_height": 0,
        "division": "Topanga Division",
        "bureau": "Valley Bureau",
        "extrusionColor": "#1e293b"
      },
      "geometry": {
        "type": "Polygon",
        "coordinates": [
          [
            [
              -118.62552289466385,
              34.22687010976076
            ],
            [
              -118.62212578339947,
              34.22687010976076
            ],
            [
              -118.62212578339947,
              34.2284644879036
            ],
            [
              -118.62552289466385,
              34.2284644879036
            ],
            [
              -118.62552289466385,
              34.22687010976076
            ]
          ]
        ]
      }
    },
    {
      "type": "Feature",
      "properties": {
        "layerType": "BUILDING_3D",
        "id": "TOPANGA_BLD_262",
        "name": "Structure #262",
        "height": 8,
        "min_height": 0,
        "render_height": 8,
        "render_min_height": 0,
        "division": "Topanga Division",
        "bureau": "Valley Bureau",
        "extrusionColor": "#1e293b"
      },
      "geometry": {
        "type": "Polygon",
        "coordinates": [
          [
            [
              -118.6200046025781,
              34.22664736761511
            ],
            [
              -118.61850401138484,
              34.22664736761511
            ],
            [
              -118.61850401138484,
              34.229727721534324
            ],
            [
              -118.6200046025781,
              34.229727721534324
            ],
            [
              -118.6200046025781,
              34.22664736761511
            ]
          ]
        ]
      }
    },
    {
      "type": "Feature",
      "properties": {
        "layerType": "BUILDING_3D",
        "id": "TOPANGA_BLD_263",
        "name": "Structure #263",
        "height": 12,
        "min_height": 0,
        "render_height": 12,
        "render_min_height": 0,
        "division": "Topanga Division",
        "bureau": "Valley Bureau",
        "extrusionColor": "#1e293b"
      },
      "geometry": {
        "type": "Polygon",
        "coordinates": [
          [
            [
              -118.61550835989168,
              34.22577132907657
            ],
            [
              -118.61260920326181,
              34.22577132907657
            ],
            [
              -118.61260920326181,
              34.22737967595197
            ],
            [
              -118.61550835989168,
              34.22737967595197
            ],
            [
              -118.61550835989168,
              34.22577132907657
            ]
          ]
        ]
      }
    },
    {
      "type": "Feature",
      "properties": {
        "layerType": "BUILDING_3D",
        "id": "TOPANGA_BLD_264",
        "name": "Structure #264",
        "height": 21,
        "min_height": 0,
        "render_height": 21,
        "render_min_height": 0,
        "division": "Topanga Division",
        "bureau": "Valley Bureau",
        "extrusionColor": "#1e293b"
      },
      "geometry": {
        "type": "Polygon",
        "coordinates": [
          [
            [
              -118.61162698439853,
              34.22668401256514
            ],
            [
              -118.61011324616285,
              34.22668401256514
            ],
            [
              -118.61011324616285,
              34.22884455370562
            ],
            [
              -118.61162698439853,
              34.22884455370562
            ],
            [
              -118.61162698439853,
              34.22668401256514
            ]
          ]
        ]
      }
    },
    {
      "type": "Feature",
      "properties": {
        "layerType": "BUILDING_3D",
        "id": "TOPANGA_BLD_266",
        "name": "Structure #266",
        "height": 14,
        "min_height": 0,
        "render_height": 14,
        "render_min_height": 0,
        "division": "Topanga Division",
        "bureau": "Valley Bureau",
        "extrusionColor": "#1e293b"
      },
      "geometry": {
        "type": "Polygon",
        "coordinates": [
          [
            [
              -118.60303213369781,
              34.22518126376071
            ],
            [
              -118.59986353218395,
              34.22518126376071
            ],
            [
              -118.59986353218395,
              34.22887560206407
            ],
            [
              -118.60303213369781,
              34.22887560206407
            ],
            [
              -118.60303213369781,
              34.22518126376071
            ]
          ]
        ]
      }
    },
    {
      "type": "Feature",
      "properties": {
        "layerType": "BUILDING_3D",
        "id": "TOPANGA_BLD_268",
        "name": "Structure #268",
        "height": 8,
        "min_height": 0,
        "render_height": 8,
        "render_min_height": 0,
        "division": "Topanga Division",
        "bureau": "Valley Bureau",
        "extrusionColor": "#1e293b"
      },
      "geometry": {
        "type": "Polygon",
        "coordinates": [
          [
            [
              -118.59181186652418,
              34.226819557918
            ],
            [
              -118.58961248870068,
              34.226819557918
            ],
            [
              -118.58961248870068,
              34.22969138336739
            ],
            [
              -118.59181186652418,
              34.22969138336739
            ],
            [
              -118.59181186652418,
              34.226819557918
            ]
          ]
        ]
      }
    },
    {
      "type": "Feature",
      "properties": {
        "layerType": "BUILDING_3D",
        "id": "TOPANGA_BLD_269",
        "name": "Structure #269",
        "height": 24,
        "min_height": 0,
        "render_height": 24,
        "render_min_height": 0,
        "division": "Topanga Division",
        "bureau": "Valley Bureau",
        "extrusionColor": "#1e293b"
      },
      "geometry": {
        "type": "Polygon",
        "coordinates": [
          [
            [
              -118.58711100431248,
              34.226364581835
            ],
            [
              -118.58440810977186,
              34.226364581835
            ],
            [
              -118.58440810977186,
              34.22797436046497
            ],
            [
              -118.58711100431248,
              34.22797436046497
            ],
            [
              -118.58711100431248,
              34.226364581835
            ]
          ]
        ]
      }
    },
    {
      "type": "Feature",
      "properties": {
        "layerType": "BUILDING_3D",
        "id": "TOPANGA_BLD_270",
        "name": "Topanga Division High-Rise Tower #270",
        "height": 68,
        "min_height": 0,
        "render_height": 68,
        "render_min_height": 0,
        "division": "Topanga Division",
        "bureau": "Valley Bureau",
        "extrusionColor": "#0ea5e9"
      },
      "geometry": {
        "type": "Polygon",
        "coordinates": [
          [
            [
              -118.58283333474354,
              34.22573537638009
            ],
            [
              -118.58131824897414,
              34.22573537638009
            ],
            [
              -118.58131824897414,
              34.22945954433895
            ],
            [
              -118.58283333474354,
              34.22945954433895
            ],
            [
              -118.58283333474354,
              34.22573537638009
            ]
          ]
        ]
      }
    },
    {
      "type": "Feature",
      "properties": {
        "layerType": "BUILDING_3D",
        "id": "TOPANGA_BLD_271",
        "name": "Structure #271",
        "height": 16,
        "min_height": 0,
        "render_height": 16,
        "render_min_height": 0,
        "division": "Topanga Division",
        "bureau": "Valley Bureau",
        "extrusionColor": "#1e293b"
      },
      "geometry": {
        "type": "Polygon",
        "coordinates": [
          [
            [
              -118.57871964575992,
              34.224929324551795
            ],
            [
              -118.57521454650453,
              34.224929324551795
            ],
            [
              -118.57521454650453,
              34.228246321256165
            ],
            [
              -118.57871964575992,
              34.228246321256165
            ],
            [
              -118.57871964575992,
              34.224929324551795
            ]
          ]
        ]
      }
    },
    {
      "type": "Feature",
      "properties": {
        "layerType": "BUILDING_3D",
        "id": "TOPANGA_BLD_272",
        "name": "Structure #272",
        "height": 17,
        "min_height": 0,
        "render_height": 17,
        "render_min_height": 0,
        "division": "Topanga Division",
        "bureau": "Valley Bureau",
        "extrusionColor": "#1e293b"
      },
      "geometry": {
        "type": "Polygon",
        "coordinates": [
          [
            [
              -118.57477240042184,
              34.226935120626656
            ],
            [
              -118.57165052117065,
              34.226935120626656
            ],
            [
              -118.57165052117065,
              34.22962354810752
            ],
            [
              -118.57477240042184,
              34.22962354810752
            ],
            [
              -118.57477240042184,
              34.226935120626656
            ]
          ]
        ]
      }
    },
    {
      "type": "Feature",
      "properties": {
        "layerType": "BUILDING_3D",
        "id": "TOPANGA_BLD_274",
        "name": "Topanga Division High-Rise Tower #274",
        "height": 107,
        "min_height": 0,
        "render_height": 107,
        "render_min_height": 0,
        "division": "Topanga Division",
        "bureau": "Valley Bureau",
        "extrusionColor": "#00f3ff"
      },
      "geometry": {
        "type": "Polygon",
        "coordinates": [
          [
            [
              -118.64382237763466,
              34.231560396300516
            ],
            [
              -118.64120614497524,
              34.231560396300516
            ],
            [
              -118.64120614497524,
              34.23334108766887
            ],
            [
              -118.64382237763466,
              34.23334108766887
            ],
            [
              -118.64382237763466,
              34.231560396300516
            ]
          ]
        ]
      }
    },
    {
      "type": "Feature",
      "properties": {
        "layerType": "BUILDING_3D",
        "id": "TOPANGA_BLD_275",
        "name": "Structure #275",
        "height": 25,
        "min_height": 0,
        "render_height": 25,
        "render_min_height": 0,
        "division": "Topanga Division",
        "bureau": "Valley Bureau",
        "extrusionColor": "#1e293b"
      },
      "geometry": {
        "type": "Polygon",
        "coordinates": [
          [
            [
              -118.63911962701128,
              34.23058431227462
            ],
            [
              -118.63744368219402,
              34.23058431227462
            ],
            [
              -118.63744368219402,
              34.23446328324639
            ],
            [
              -118.63911962701128,
              34.23446328324639
            ],
            [
              -118.63911962701128,
              34.23058431227462
            ]
          ]
        ]
      }
    },
    {
      "type": "Feature",
      "properties": {
        "layerType": "BUILDING_3D",
        "id": "TOPANGA_BLD_276",
        "name": "Structure #276",
        "height": 23,
        "min_height": 0,
        "render_height": 23,
        "render_min_height": 0,
        "division": "Topanga Division",
        "bureau": "Valley Bureau",
        "extrusionColor": "#1e293b"
      },
      "geometry": {
        "type": "Polygon",
        "coordinates": [
          [
            [
              -118.63533241197683,
              34.229766143430645
            ],
            [
              -118.63168161576812,
              34.229766143430645
            ],
            [
              -118.63168161576812,
              34.233682962758714
            ],
            [
              -118.63533241197683,
              34.233682962758714
            ],
            [
              -118.63533241197683,
              34.229766143430645
            ]
          ]
        ]
      }
    },
    {
      "type": "Feature",
      "properties": {
        "layerType": "BUILDING_3D",
        "id": "TOPANGA_BLD_277",
        "name": "Structure #277",
        "height": 9,
        "min_height": 0,
        "render_height": 9,
        "render_min_height": 0,
        "division": "Topanga Division",
        "bureau": "Valley Bureau",
        "extrusionColor": "#1e293b"
      },
      "geometry": {
        "type": "Polygon",
        "coordinates": [
          [
            [
              -118.63139657088881,
              34.23158815214828
            ],
            [
              -118.62771015269767,
              34.23158815214828
            ],
            [
              -118.62771015269767,
              34.23521820140657
            ],
            [
              -118.63139657088881,
              34.23521820140657
            ],
            [
              -118.63139657088881,
              34.23158815214828
            ]
          ]
        ]
      }
    },
    {
      "type": "Feature",
      "properties": {
        "layerType": "BUILDING_3D",
        "id": "TOPANGA_BLD_279",
        "name": "Topanga Division High-Rise Tower #279",
        "height": 95,
        "min_height": 0,
        "render_height": 95,
        "render_min_height": 0,
        "division": "Topanga Division",
        "bureau": "Valley Bureau",
        "extrusionColor": "#00f3ff"
      },
      "geometry": {
        "type": "Polygon",
        "coordinates": [
          [
            [
              -118.61931592149047,
              34.23225042418142
            ],
            [
              -118.61775051528609,
              34.23225042418142
            ],
            [
              -118.61775051528609,
              34.23415765463184
            ],
            [
              -118.61931592149047,
              34.23415765463184
            ],
            [
              -118.61931592149047,
              34.23225042418142
            ]
          ]
        ]
      }
    },
    {
      "type": "Feature",
      "properties": {
        "layerType": "BUILDING_3D",
        "id": "TOPANGA_BLD_280",
        "name": "Topanga Division High-Rise Tower #280",
        "height": 76,
        "min_height": 0,
        "render_height": 76,
        "render_min_height": 0,
        "division": "Topanga Division",
        "bureau": "Valley Bureau",
        "extrusionColor": "#0ea5e9"
      },
      "geometry": {
        "type": "Polygon",
        "coordinates": [
          [
            [
              -118.61494077724102,
              34.23043456307262
            ],
            [
              -118.61314573681709,
              34.23043456307262
            ],
            [
              -118.61314573681709,
              34.23282662747482
            ],
            [
              -118.61494077724102,
              34.23282662747482
            ],
            [
              -118.61494077724102,
              34.23043456307262
            ]
          ]
        ]
      }
    },
    {
      "type": "Feature",
      "properties": {
        "layerType": "BUILDING_3D",
        "id": "TOPANGA_BLD_281",
        "name": "Topanga Division High-Rise Tower #281",
        "height": 98,
        "min_height": 0,
        "render_height": 98,
        "render_min_height": 0,
        "division": "Topanga Division",
        "bureau": "Valley Bureau",
        "extrusionColor": "#00f3ff"
      },
      "geometry": {
        "type": "Polygon",
        "coordinates": [
          [
            [
              -118.61194394063754,
              34.230058212044725
            ],
            [
              -118.60969258590605,
              34.230058212044725
            ],
            [
              -118.60969258590605,
              34.233593356675954
            ],
            [
              -118.61194394063754,
              34.233593356675954
            ],
            [
              -118.61194394063754,
              34.230058212044725
            ]
          ]
        ]
      }
    },
    {
      "type": "Feature",
      "properties": {
        "layerType": "BUILDING_3D",
        "id": "TOPANGA_BLD_284",
        "name": "Structure #284",
        "height": 15,
        "min_height": 0,
        "render_height": 15,
        "render_min_height": 0,
        "division": "Topanga Division",
        "bureau": "Valley Bureau",
        "extrusionColor": "#1e293b"
      },
      "geometry": {
        "type": "Polygon",
        "coordinates": [
          [
            [
              -118.59699713835809,
              34.23083779382516
            ],
            [
              -118.59358523207959,
              34.23083779382516
            ],
            [
              -118.59358523207959,
              34.234505996542566
            ],
            [
              -118.59699713835809,
              34.234505996542566
            ],
            [
              -118.59699713835809,
              34.23083779382516
            ]
          ]
        ]
      }
    },
    {
      "type": "Feature",
      "properties": {
        "layerType": "BUILDING_3D",
        "id": "TOPANGA_BLD_285",
        "name": "Structure #285",
        "height": 25,
        "min_height": 0,
        "render_height": 25,
        "render_min_height": 0,
        "division": "Topanga Division",
        "bureau": "Valley Bureau",
        "extrusionColor": "#1e293b"
      },
      "geometry": {
        "type": "Polygon",
        "coordinates": [
          [
            [
              -118.59274089992925,
              34.2319067230822
            ],
            [
              -118.58928847384229,
              34.2319067230822
            ],
            [
              -118.58928847384229,
              34.23449351759127
            ],
            [
              -118.59274089992925,
              34.23449351759127
            ],
            [
              -118.59274089992925,
              34.2319067230822
            ]
          ]
        ]
      }
    },
    {
      "type": "Feature",
      "properties": {
        "layerType": "BUILDING_3D",
        "id": "TOPANGA_BLD_286",
        "name": "Structure #286",
        "height": 9,
        "min_height": 0,
        "render_height": 9,
        "render_min_height": 0,
        "division": "Topanga Division",
        "bureau": "Valley Bureau",
        "extrusionColor": "#1e293b"
      },
      "geometry": {
        "type": "Polygon",
        "coordinates": [
          [
            [
              -118.58702896651086,
              34.231278894356116
            ],
            [
              -118.58459433638468,
              34.231278894356116
            ],
            [
              -118.58459433638468,
              34.23519022999174
            ],
            [
              -118.58702896651086,
              34.23519022999174
            ],
            [
              -118.58702896651086,
              34.231278894356116
            ]
          ]
        ]
      }
    },
    {
      "type": "Feature",
      "properties": {
        "layerType": "BUILDING_3D",
        "id": "TOPANGA_BLD_287",
        "name": "Structure #287",
        "height": 36,
        "min_height": 0,
        "render_height": 36,
        "render_min_height": 0,
        "division": "Topanga Division",
        "bureau": "Valley Bureau",
        "extrusionColor": "#1e293b"
      },
      "geometry": {
        "type": "Polygon",
        "coordinates": [
          [
            [
              -118.58291398178248,
              34.23151262045547
            ],
            [
              -118.57923272471366,
              34.23151262045547
            ],
            [
              -118.57923272471366,
              34.23322625075905
            ],
            [
              -118.58291398178248,
              34.23322625075905
            ],
            [
              -118.58291398178248,
              34.23151262045547
            ]
          ]
        ]
      }
    },
    {
      "type": "Feature",
      "properties": {
        "layerType": "BUILDING_3D",
        "id": "TOPANGA_BLD_288",
        "name": "Structure #288",
        "height": 33,
        "min_height": 0,
        "render_height": 33,
        "render_min_height": 0,
        "division": "Topanga Division",
        "bureau": "Valley Bureau",
        "extrusionColor": "#1e293b"
      },
      "geometry": {
        "type": "Polygon",
        "coordinates": [
          [
            [
              -118.57798812192426,
              34.23167245016174
            ],
            [
              -118.57637529340325,
              34.23167245016174
            ],
            [
              -118.57637529340325,
              34.235185686855246
            ],
            [
              -118.57798812192426,
              34.235185686855246
            ],
            [
              -118.57798812192426,
              34.23167245016174
            ]
          ]
        ]
      }
    },
    {
      "type": "Feature",
      "properties": {
        "layerType": "BUILDING_3D",
        "id": "TOPANGA_BLD_289",
        "name": "Structure #289",
        "height": 8,
        "min_height": 0,
        "render_height": 8,
        "render_min_height": 0,
        "division": "Topanga Division",
        "bureau": "Valley Bureau",
        "extrusionColor": "#1e293b"
      },
      "geometry": {
        "type": "Polygon",
        "coordinates": [
          [
            [
              -118.57313181161248,
              34.23081452888785
            ],
            [
              -118.56982523590094,
              34.23081452888785
            ],
            [
              -118.56982523590094,
              34.23252727959789
            ],
            [
              -118.57313181161248,
              34.23252727959789
            ],
            [
              -118.57313181161248,
              34.23081452888785
            ]
          ]
        ]
      }
    },
    {
      "type": "Feature",
      "properties": {
        "layerType": "BUILDING_3D",
        "id": "TOPANGA_BLD_290",
        "name": "Topanga Division High-Rise Tower #290",
        "height": 70,
        "min_height": 0,
        "render_height": 70,
        "render_min_height": 0,
        "division": "Topanga Division",
        "bureau": "Valley Bureau",
        "extrusionColor": "#0ea5e9"
      },
      "geometry": {
        "type": "Polygon",
        "coordinates": [
          [
            [
              -118.64923338457615,
              34.237303599517276
            ],
            [
              -118.64762138390788,
              34.237303599517276
            ],
            [
              -118.64762138390788,
              34.238917579192346
            ],
            [
              -118.64923338457615,
              34.238917579192346
            ],
            [
              -118.64923338457615,
              34.237303599517276
            ]
          ]
        ]
      }
    },
    {
      "type": "Feature",
      "properties": {
        "layerType": "BUILDING_3D",
        "id": "TOPANGA_BLD_292",
        "name": "Structure #292",
        "height": 17,
        "min_height": 0,
        "render_height": 17,
        "render_min_height": 0,
        "division": "Topanga Division",
        "bureau": "Valley Bureau",
        "extrusionColor": "#1e293b"
      },
      "geometry": {
        "type": "Polygon",
        "coordinates": [
          [
            [
              -118.64001214443896,
              34.23520379846256
            ],
            [
              -118.6380204191977,
              34.23520379846256
            ],
            [
              -118.6380204191977,
              34.23797856901755
            ],
            [
              -118.64001214443896,
              34.23797856901755
            ],
            [
              -118.64001214443896,
              34.23520379846256
            ]
          ]
        ]
      }
    },
    {
      "type": "Feature",
      "properties": {
        "layerType": "BUILDING_3D",
        "id": "TOPANGA_BLD_295",
        "name": "Structure #295",
        "height": 14,
        "min_height": 0,
        "render_height": 14,
        "render_min_height": 0,
        "division": "Topanga Division",
        "bureau": "Valley Bureau",
        "extrusionColor": "#1e293b"
      },
      "geometry": {
        "type": "Polygon",
        "coordinates": [
          [
            [
              -118.62591738623225,
              34.236139455896364
            ],
            [
              -118.62228060634378,
              34.236139455896364
            ],
            [
              -118.62228060634378,
              34.23903276101963
            ],
            [
              -118.62591738623225,
              34.23903276101963
            ],
            [
              -118.62591738623225,
              34.236139455896364
            ]
          ]
        ]
      }
    },
    {
      "type": "Feature",
      "properties": {
        "layerType": "BUILDING_3D",
        "id": "TOPANGA_BLD_296",
        "name": "Structure #296",
        "height": 14,
        "min_height": 0,
        "render_height": 14,
        "render_min_height": 0,
        "division": "Topanga Division",
        "bureau": "Valley Bureau",
        "extrusionColor": "#1e293b"
      },
      "geometry": {
        "type": "Polygon",
        "coordinates": [
          [
            [
              -118.62069227680341,
              34.237165872605246
            ],
            [
              -118.61796916609917,
              34.237165872605246
            ],
            [
              -118.61796916609917,
              34.23961665320513
            ],
            [
              -118.62069227680341,
              34.23961665320513
            ],
            [
              -118.62069227680341,
              34.237165872605246
            ]
          ]
        ]
      }
    },
    {
      "type": "Feature",
      "properties": {
        "layerType": "BUILDING_3D",
        "id": "TOPANGA_BLD_297",
        "name": "Structure #297",
        "height": 16,
        "min_height": 0,
        "render_height": 16,
        "render_min_height": 0,
        "division": "Topanga Division",
        "bureau": "Valley Bureau",
        "extrusionColor": "#1e293b"
      },
      "geometry": {
        "type": "Polygon",
        "coordinates": [
          [
            [
              -118.61502035519507,
              34.23638272671734
            ],
            [
              -118.61271373815987,
              34.23638272671734
            ],
            [
              -118.61271373815987,
              34.23884656147989
            ],
            [
              -118.61502035519507,
              34.23884656147989
            ],
            [
              -118.61502035519507,
              34.23638272671734
            ]
          ]
        ]
      }
    },
    {
      "type": "Feature",
      "properties": {
        "layerType": "BUILDING_3D",
        "id": "TOPANGA_BLD_298",
        "name": "Structure #298",
        "height": 49,
        "min_height": 0,
        "render_height": 49,
        "render_min_height": 0,
        "division": "Topanga Division",
        "bureau": "Valley Bureau",
        "extrusionColor": "#0ea5e9"
      },
      "geometry": {
        "type": "Polygon",
        "coordinates": [
          [
            [
              -118.61105155132486,
              34.23593986142004
            ],
            [
              -118.60873264801893,
              34.23593986142004
            ],
            [
              -118.60873264801893,
              34.238581387539774
            ],
            [
              -118.61105155132486,
              34.238581387539774
            ],
            [
              -118.61105155132486,
              34.23593986142004
            ]
          ]
        ]
      }
    },
    {
      "type": "Feature",
      "properties": {
        "layerType": "BUILDING_3D",
        "id": "TOPANGA_BLD_299",
        "name": "Structure #299",
        "height": 12,
        "min_height": 0,
        "render_height": 12,
        "render_min_height": 0,
        "division": "Topanga Division",
        "bureau": "Valley Bureau",
        "extrusionColor": "#1e293b"
      },
      "geometry": {
        "type": "Polygon",
        "coordinates": [
          [
            [
              -118.60676248336937,
              34.23604398223186
            ],
            [
              -118.60427634113903,
              34.23604398223186
            ],
            [
              -118.60427634113903,
              34.23849815338822
            ],
            [
              -118.60676248336937,
              34.23849815338822
            ],
            [
              -118.60676248336937,
              34.23604398223186
            ]
          ]
        ]
      }
    },
    {
      "type": "Feature",
      "properties": {
        "layerType": "BUILDING_3D",
        "id": "TOPANGA_BLD_300",
        "name": "Structure #300",
        "height": 20,
        "min_height": 0,
        "render_height": 20,
        "render_min_height": 0,
        "division": "Topanga Division",
        "bureau": "Valley Bureau",
        "extrusionColor": "#1e293b"
      },
      "geometry": {
        "type": "Polygon",
        "coordinates": [
          [
            [
              -118.60195860495826,
              34.23635696803102
            ],
            [
              -118.59964879681108,
              34.23635696803102
            ],
            [
              -118.59964879681108,
              34.23846947376056
            ],
            [
              -118.60195860495826,
              34.23846947376056
            ],
            [
              -118.60195860495826,
              34.23635696803102
            ]
          ]
        ]
      }
    },
    {
      "type": "Feature",
      "properties": {
        "layerType": "BUILDING_3D",
        "id": "TOPANGA_BLD_301",
        "name": "Structure #301",
        "height": 8,
        "min_height": 0,
        "render_height": 8,
        "render_min_height": 0,
        "division": "Topanga Division",
        "bureau": "Valley Bureau",
        "extrusionColor": "#1e293b"
      },
      "geometry": {
        "type": "Polygon",
        "coordinates": [
          [
            [
              -118.59695814773552,
              34.23562643870787
            ],
            [
              -118.59496990704888,
              34.23562643870787
            ],
            [
              -118.59496990704888,
              34.23890023514231
            ],
            [
              -118.59695814773552,
              34.23890023514231
            ],
            [
              -118.59695814773552,
              34.23562643870787
            ]
          ]
        ]
      }
    },
    {
      "type": "Feature",
      "properties": {
        "layerType": "BUILDING_3D",
        "id": "TOPANGA_BLD_302",
        "name": "Structure #302",
        "height": 24,
        "min_height": 0,
        "render_height": 24,
        "render_min_height": 0,
        "division": "Topanga Division",
        "bureau": "Valley Bureau",
        "extrusionColor": "#1e293b"
      },
      "geometry": {
        "type": "Polygon",
        "coordinates": [
          [
            [
              -118.5929398223926,
              34.2361788710178
            ],
            [
              -118.58985860221901,
              34.2361788710178
            ],
            [
              -118.58985860221901,
              34.23780113814948
            ],
            [
              -118.5929398223926,
              34.23780113814948
            ],
            [
              -118.5929398223926,
              34.2361788710178
            ]
          ]
        ]
      }
    },
    {
      "type": "Feature",
      "properties": {
        "layerType": "BUILDING_3D",
        "id": "TOPANGA_BLD_303",
        "name": "Structure #303",
        "height": 20,
        "min_height": 0,
        "render_height": 20,
        "render_min_height": 0,
        "division": "Topanga Division",
        "bureau": "Valley Bureau",
        "extrusionColor": "#1e293b"
      },
      "geometry": {
        "type": "Polygon",
        "coordinates": [
          [
            [
              -118.58771400374795,
              34.23602442311914
            ],
            [
              -118.58618716409461,
              34.23602442311914
            ],
            [
              -118.58618716409461,
              34.23981365117597
            ],
            [
              -118.58771400374795,
              34.23981365117597
            ],
            [
              -118.58771400374795,
              34.23602442311914
            ]
          ]
        ]
      }
    },
    {
      "type": "Feature",
      "properties": {
        "layerType": "BUILDING_3D",
        "id": "TOPANGA_BLD_304",
        "name": "Structure #304",
        "height": 24,
        "min_height": 0,
        "render_height": 24,
        "render_min_height": 0,
        "division": "Topanga Division",
        "bureau": "Valley Bureau",
        "extrusionColor": "#1e293b"
      },
      "geometry": {
        "type": "Polygon",
        "coordinates": [
          [
            [
              -118.58315348412316,
              34.23496820848308
            ],
            [
              -118.57958715183437,
              34.23496820848308
            ],
            [
              -118.57958715183437,
              34.23822741892762
            ],
            [
              -118.58315348412316,
              34.23822741892762
            ],
            [
              -118.58315348412316,
              34.23496820848308
            ]
          ]
        ]
      }
    },
    {
      "type": "Feature",
      "properties": {
        "layerType": "BUILDING_3D",
        "id": "TOPANGA_BLD_305",
        "name": "Structure #305",
        "height": 19,
        "min_height": 0,
        "render_height": 19,
        "render_min_height": 0,
        "division": "Topanga Division",
        "bureau": "Valley Bureau",
        "extrusionColor": "#1e293b"
      },
      "geometry": {
        "type": "Polygon",
        "coordinates": [
          [
            [
              -118.57944168613358,
              34.236441373980796
            ],
            [
              -118.57637419395047,
              34.236441373980796
            ],
            [
              -118.57637419395047,
              34.240221390910136
            ],
            [
              -118.57944168613358,
              34.240221390910136
            ],
            [
              -118.57944168613358,
              34.236441373980796
            ]
          ]
        ]
      }
    }
  ]
}