{
  "type": "FeatureCollection",
  "name": "Northeast Division (LAPD DIV-11) - Full 3D Building & Boundary GeoJSON",
  "crs": {
    "type": "name",
    "properties": {
      "name": "urn:ogc:def:crs:OGC:1.3:CRS84"
    }
  },
  "metadata": {
    "divisionId": "DIV-11",
    "divisionName": "Northeast Division",
    "bureau": "Central Bureau",
    "code": "NORTHEAST",
    "station": {
      "name": "Northeast Community Police Station",
      "address": "3353 San Fernando Rd, Los Angeles, CA 90065",
      "phone": "(323) 561-3211",
      "lat": 34.1141,
      "lng": -118.2415
    },
    "center": [
      -118.24,
      34.11
    ],
    "totalBuildings": 211,
    "fususOneCompatible": true,
    "optimization": "100% Comprehensive 3D Building Extrusions + Division Perimeter"
  },
  "features": [
    {
      "type": "Feature",
      "properties": {
        "layerType": "BOUNDARY",
        "id": "NORTHEAST_BOUNDARY",
        "name": "Northeast Division Official Perimeter",
        "bureau": "Central Bureau",
        "division": "Northeast Division",
        "strokeColor": "#00f3ff",
        "strokeWidth": 3,
        "fillColor": "#00f3ff",
        "fillOpacity": 0.08
      },
      "geometry": {
        "type": "Polygon",
        "coordinates": [
          [
            [
              -118.28,
              34.08
            ],
            [
              -118.19,
              34.08
            ],
            [
              -118.19,
              34.14
            ],
            [
              -118.28,
              34.14
            ],
            [
              -118.28,
              34.08
            ]
          ]
        ]
      }
    },
    {
      "type": "Feature",
      "properties": {
        "layerType": "STATION",
        "id": "NORTHEAST_STATION",
        "name": "Northeast Community Police Station",
        "address": "3353 San Fernando Rd, Los Angeles, CA 90065",
        "phone": "(323) 561-3211",
        "division": "Northeast Division",
        "bureau": "Central Bureau",
        "icon": "police-station",
        "markerColor": "#3b82f6"
      },
      "geometry": {
        "type": "Point",
        "coordinates": [
          -118.2415,
          34.1141
        ]
      }
    },
    {
      "type": "Feature",
      "properties": {
        "layerType": "BUILDING_3D",
        "id": "NORTHEAST_LM_1",
        "name": "Highland Park Station Tower",
        "height": 22,
        "min_height": 0,
        "render_height": 22,
        "render_min_height": 0,
        "division": "Northeast Division",
        "bureau": "Central Bureau",
        "extrusionColor": "#00f3ff"
      },
      "geometry": {
        "type": "Polygon",
        "coordinates": [
          [
            [
              -118.19500000000001,
              34.109399999999994
            ],
            [
              -118.1914,
              34.109399999999994
            ],
            [
              -118.1914,
              34.113
            ],
            [
              -118.19500000000001,
              34.113
            ],
            [
              -118.19500000000001,
              34.109399999999994
            ]
          ]
        ]
      }
    },
    {
      "type": "Feature",
      "properties": {
        "layerType": "BUILDING_3D",
        "id": "NORTHEAST_LM_2",
        "name": "Silver Lake Reservoir Gatehouse",
        "height": 16,
        "min_height": 0,
        "render_height": 16,
        "render_min_height": 0,
        "division": "Northeast Division",
        "bureau": "Central Bureau",
        "extrusionColor": "#00f3ff"
      },
      "geometry": {
        "type": "Polygon",
        "coordinates": [
          [
            [
              -118.2683,
              34.0867
            ],
            [
              -118.26469999999999,
              34.0867
            ],
            [
              -118.26469999999999,
              34.090300000000006
            ],
            [
              -118.2683,
              34.090300000000006
            ],
            [
              -118.2683,
              34.0867
            ]
          ]
        ]
      }
    },
    {
      "type": "Feature",
      "properties": {
        "layerType": "BUILDING_3D",
        "id": "NORTHEAST_BLD_1",
        "name": "Structure #1",
        "height": 20,
        "min_height": 0,
        "render_height": 20,
        "render_min_height": 0,
        "division": "Northeast Division",
        "bureau": "Central Bureau",
        "extrusionColor": "#1e293b"
      },
      "geometry": {
        "type": "Polygon",
        "coordinates": [
          [
            [
              -118.27888658142298,
              34.080921774833364
            ],
            [
              -118.2751934114293,
              34.080921774833364
            ],
            [
              -118.2751934114293,
              34.083772273277084
            ],
            [
              -118.27888658142298,
              34.083772273277084
            ],
            [
              -118.27888658142298,
              34.080921774833364
            ]
          ]
        ]
      }
    },
    {
      "type": "Feature",
      "properties": {
        "layerType": "BUILDING_3D",
        "id": "NORTHEAST_BLD_2",
        "name": "Structure #2",
        "height": 14,
        "min_height": 0,
        "render_height": 14,
        "render_min_height": 0,
        "division": "Northeast Division",
        "bureau": "Central Bureau",
        "extrusionColor": "#1e293b"
      },
      "geometry": {
        "type": "Polygon",
        "coordinates": [
          [
            [
              -118.27299233774995,
              34.08095829062654
            ],
            [
              -118.26871659008437,
              34.08095829062654
            ],
            [
              -118.26871659008437,
              34.083431090700046
            ],
            [
              -118.27299233774995,
              34.083431090700046
            ],
            [
              -118.27299233774995,
              34.08095829062654
            ]
          ]
        ]
      }
    },
    {
      "type": "Feature",
      "properties": {
        "layerType": "BUILDING_3D",
        "id": "NORTHEAST_BLD_3",
        "name": "Structure #3",
        "height": 18,
        "min_height": 0,
        "render_height": 18,
        "render_min_height": 0,
        "division": "Northeast Division",
        "bureau": "Central Bureau",
        "extrusionColor": "#1e293b"
      },
      "geometry": {
        "type": "Polygon",
        "coordinates": [
          [
            [
              -118.26731256406019,
              34.081603191160546
            ],
            [
              -118.26360336394994,
              34.081603191160546
            ],
            [
              -118.26360336394994,
              34.083407606349404
            ],
            [
              -118.26731256406019,
              34.083407606349404
            ],
            [
              -118.26731256406019,
              34.081603191160546
            ]
          ]
        ]
      }
    },
    {
      "type": "Feature",
      "properties": {
        "layerType": "BUILDING_3D",
        "id": "NORTHEAST_BLD_4",
        "name": "Structure #4",
        "height": 15,
        "min_height": 0,
        "render_height": 15,
        "render_min_height": 0,
        "division": "Northeast Division",
        "bureau": "Central Bureau",
        "extrusionColor": "#1e293b"
      },
      "geometry": {
        "type": "Polygon",
        "coordinates": [
          [
            [
              -118.26072021325918,
              34.08109478472183
            ],
            [
              -118.2580135904759,
              34.08109478472183
            ],
            [
              -118.2580135904759,
              34.08331169539578
            ],
            [
              -118.26072021325918,
              34.08331169539578
            ],
            [
              -118.26072021325918,
              34.08109478472183
            ]
          ]
        ]
      }
    },
    {
      "type": "Feature",
      "properties": {
        "layerType": "BUILDING_3D",
        "id": "NORTHEAST_BLD_5",
        "name": "Structure #5",
        "height": 43,
        "min_height": 0,
        "render_height": 43,
        "render_min_height": 0,
        "division": "Northeast Division",
        "bureau": "Central Bureau",
        "extrusionColor": "#0ea5e9"
      },
      "geometry": {
        "type": "Polygon",
        "coordinates": [
          [
            [
              -118.25585782291725,
              34.08071573462339
            ],
            [
              -118.25253245690632,
              34.08071573462339
            ],
            [
              -118.25253245690632,
              34.082621329678766
            ],
            [
              -118.25585782291725,
              34.082621329678766
            ],
            [
              -118.25585782291725,
              34.08071573462339
            ]
          ]
        ]
      }
    },
    {
      "type": "Feature",
      "properties": {
        "layerType": "BUILDING_3D",
        "id": "NORTHEAST_BLD_6",
        "name": "Structure #6",
        "height": 23,
        "min_height": 0,
        "render_height": 23,
        "render_min_height": 0,
        "division": "Northeast Division",
        "bureau": "Central Bureau",
        "extrusionColor": "#1e293b"
      },
      "geometry": {
        "type": "Polygon",
        "coordinates": [
          [
            [
              -118.25080139806492,
              34.08141095804345
            ],
            [
              -118.24794300548184,
              34.08141095804345
            ],
            [
              -118.24794300548184,
              34.08258609903487
            ],
            [
              -118.25080139806492,
              34.08258609903487
            ],
            [
              -118.25080139806492,
              34.08141095804345
            ]
          ]
        ]
      }
    },
    {
      "type": "Feature",
      "properties": {
        "layerType": "BUILDING_3D",
        "id": "NORTHEAST_BLD_7",
        "name": "Structure #7",
        "height": 22,
        "min_height": 0,
        "render_height": 22,
        "render_min_height": 0,
        "division": "Northeast Division",
        "bureau": "Central Bureau",
        "extrusionColor": "#1e293b"
      },
      "geometry": {
        "type": "Polygon",
        "coordinates": [
          [
            [
              -118.24413356293483,
              34.08036727091855
            ],
            [
              -118.24237085144769,
              34.08036727091855
            ],
            [
              -118.24237085144769,
              34.08313168117005
            ],
            [
              -118.24413356293483,
              34.08313168117005
            ],
            [
              -118.24413356293483,
              34.08036727091855
            ]
          ]
        ]
      }
    },
    {
      "type": "Feature",
      "properties": {
        "layerType": "BUILDING_3D",
        "id": "NORTHEAST_BLD_8",
        "name": "Structure #8",
        "height": 25,
        "min_height": 0,
        "render_height": 25,
        "render_min_height": 0,
        "division": "Northeast Division",
        "bureau": "Central Bureau",
        "extrusionColor": "#1e293b"
      },
      "geometry": {
        "type": "Polygon",
        "coordinates": [
          [
            [
              -118.24007409362217,
              34.07983469483791
            ],
            [
              -118.2359274782449,
              34.07983469483791
            ],
            [
              -118.2359274782449,
              34.08249553074836
            ],
            [
              -118.24007409362217,
              34.08249553074836
            ],
            [
              -118.24007409362217,
              34.07983469483791
            ]
          ]
        ]
      }
    },
    {
      "type": "Feature",
      "properties": {
        "layerType": "BUILDING_3D",
        "id": "NORTHEAST_BLD_9",
        "name": "Structure #9",
        "height": 20,
        "min_height": 0,
        "render_height": 20,
        "render_min_height": 0,
        "division": "Northeast Division",
        "bureau": "Central Bureau",
        "extrusionColor": "#1e293b"
      },
      "geometry": {
        "type": "Polygon",
        "coordinates": [
          [
            [
              -118.23524795774313,
              34.08094823767109
            ],
            [
              -118.23125670387745,
              34.08094823767109
            ],
            [
              -118.23125670387745,
              34.08392481873131
            ],
            [
              -118.23524795774313,
              34.08392481873131
            ],
            [
              -118.23524795774313,
              34.08094823767109
            ]
          ]
        ]
      }
    },
    {
      "type": "Feature",
      "properties": {
        "layerType": "BUILDING_3D",
        "id": "NORTHEAST_BLD_11",
        "name": "Structure #11",
        "height": 43,
        "min_height": 0,
        "render_height": 43,
        "render_min_height": 0,
        "division": "Northeast Division",
        "bureau": "Central Bureau",
        "extrusionColor": "#0ea5e9"
      },
      "geometry": {
        "type": "Polygon",
        "coordinates": [
          [
            [
              -118.22205324549988,
              34.08179522017534
            ],
            [
              -118.21838574831504,
              34.08179522017534
            ],
            [
              -118.21838574831504,
              34.08341730952101
            ],
            [
              -118.22205324549988,
              34.08341730952101
            ],
            [
              -118.22205324549988,
              34.08179522017534
            ]
          ]
        ]
      }
    },
    {
      "type": "Feature",
      "properties": {
        "layerType": "BUILDING_3D",
        "id": "NORTHEAST_BLD_12",
        "name": "Structure #12",
        "height": 23,
        "min_height": 0,
        "render_height": 23,
        "render_min_height": 0,
        "division": "Northeast Division",
        "bureau": "Central Bureau",
        "extrusionColor": "#1e293b"
      },
      "geometry": {
        "type": "Polygon",
        "coordinates": [
          [
            [
              -118.21543216973699,
              34.0809301056223
            ],
            [
              -118.21299903571848,
              34.0809301056223
            ],
            [
              -118.21299903571848,
              34.08343189137487
            ],
            [
              -118.21543216973699,
              34.08343189137487
            ],
            [
              -118.21543216973699,
              34.0809301056223
            ]
          ]
        ]
      }
    },
    {
      "type": "Feature",
      "properties": {
        "layerType": "BUILDING_3D",
        "id": "NORTHEAST_BLD_13",
        "name": "Structure #13",
        "height": 31,
        "min_height": 0,
        "render_height": 31,
        "render_min_height": 0,
        "division": "Northeast Division",
        "bureau": "Central Bureau",
        "extrusionColor": "#1e293b"
      },
      "geometry": {
        "type": "Polygon",
        "coordinates": [
          [
            [
              -118.21110484156655,
              34.08012948434716
            ],
            [
              -118.20735216293768,
              34.08012948434716
            ],
            [
              -118.20735216293768,
              34.08291585860591
            ],
            [
              -118.21110484156655,
              34.08291585860591
            ],
            [
              -118.21110484156655,
              34.08012948434716
            ]
          ]
        ]
      }
    },
    {
      "type": "Feature",
      "properties": {
        "layerType": "BUILDING_3D",
        "id": "NORTHEAST_BLD_14",
        "name": "Structure #14",
        "height": 9,
        "min_height": 0,
        "render_height": 9,
        "render_min_height": 0,
        "division": "Northeast Division",
        "bureau": "Central Bureau",
        "extrusionColor": "#1e293b"
      },
      "geometry": {
        "type": "Polygon",
        "coordinates": [
          [
            [
              -118.20668077347926,
              34.08117190185718
            ],
            [
              -118.20250121209114,
              34.08117190185718
            ],
            [
              -118.20250121209114,
              34.08328095534694
            ],
            [
              -118.20668077347926,
              34.08328095534694
            ],
            [
              -118.20668077347926,
              34.08117190185718
            ]
          ]
        ]
      }
    },
    {
      "type": "Feature",
      "properties": {
        "layerType": "BUILDING_3D",
        "id": "NORTHEAST_BLD_15",
        "name": "Structure #15",
        "height": 21,
        "min_height": 0,
        "render_height": 21,
        "render_min_height": 0,
        "division": "Northeast Division",
        "bureau": "Central Bureau",
        "extrusionColor": "#1e293b"
      },
      "geometry": {
        "type": "Polygon",
        "coordinates": [
          [
            [
              -118.19949214721422,
              34.08179454697973
            ],
            [
              -118.19632856697959,
              34.08179454697973
            ],
            [
              -118.19632856697959,
              34.08311365183426
            ],
            [
              -118.19949214721422,
              34.08311365183426
            ],
            [
              -118.19949214721422,
              34.08179454697973
            ]
          ]
        ]
      }
    },
    {
      "type": "Feature",
      "properties": {
        "layerType": "BUILDING_3D",
        "id": "NORTHEAST_BLD_16",
        "name": "Structure #16",
        "height": 9,
        "min_height": 0,
        "render_height": 9,
        "render_min_height": 0,
        "division": "Northeast Division",
        "bureau": "Central Bureau",
        "extrusionColor": "#1e293b"
      },
      "geometry": {
        "type": "Polygon",
        "coordinates": [
          [
            [
              -118.1929331795304,
              34.080657833013504
            ],
            [
              -118.1909545222486,
              34.080657833013504
            ],
            [
              -118.1909545222486,
              34.083166652570114
            ],
            [
              -118.1929331795304,
              34.083166652570114
            ],
            [
              -118.1929331795304,
              34.080657833013504
            ]
          ]
        ]
      }
    },
    {
      "type": "Feature",
      "properties": {
        "layerType": "BUILDING_3D",
        "id": "NORTHEAST_BLD_17",
        "name": "Structure #17",
        "height": 41,
        "min_height": 0,
        "render_height": 41,
        "render_min_height": 0,
        "division": "Northeast Division",
        "bureau": "Central Bureau",
        "extrusionColor": "#0ea5e9"
      },
      "geometry": {
        "type": "Polygon",
        "coordinates": [
          [
            [
              -118.27901325047975,
              34.084414069491736
            ],
            [
              -118.27525002114481,
              34.084414069491736
            ],
            [
              -118.27525002114481,
              34.0856464982755
            ],
            [
              -118.27901325047975,
              34.0856464982755
            ],
            [
              -118.27901325047975,
              34.084414069491736
            ]
          ]
        ]
      }
    },
    {
      "type": "Feature",
      "properties": {
        "layerType": "BUILDING_3D",
        "id": "NORTHEAST_BLD_18",
        "name": "Structure #18",
        "height": 21,
        "min_height": 0,
        "render_height": 21,
        "render_min_height": 0,
        "division": "Northeast Division",
        "bureau": "Central Bureau",
        "extrusionColor": "#1e293b"
      },
      "geometry": {
        "type": "Polygon",
        "coordinates": [
          [
            [
              -118.27337889576239,
              34.08510577036779
            ],
            [
              -118.27153025258676,
              34.08510577036779
            ],
            [
              -118.27153025258676,
              34.08685834092279
            ],
            [
              -118.27337889576239,
              34.08685834092279
            ],
            [
              -118.27337889576239,
              34.08510577036779
            ]
          ]
        ]
      }
    },
    {
      "type": "Feature",
      "properties": {
        "layerType": "BUILDING_3D",
        "id": "NORTHEAST_BLD_20",
        "name": "Structure #20",
        "height": 15,
        "min_height": 0,
        "render_height": 15,
        "render_min_height": 0,
        "division": "Northeast Division",
        "bureau": "Central Bureau",
        "extrusionColor": "#1e293b"
      },
      "geometry": {
        "type": "Polygon",
        "coordinates": [
          [
            [
              -118.26319706153323,
              34.08477054238343
            ],
            [
              -118.25942010938574,
              34.08477054238343
            ],
            [
              -118.25942010938574,
              34.085983570504574
            ],
            [
              -118.26319706153323,
              34.085983570504574
            ],
            [
              -118.26319706153323,
              34.08477054238343
            ]
          ]
        ]
      }
    },
    {
      "type": "Feature",
      "properties": {
        "layerType": "BUILDING_3D",
        "id": "NORTHEAST_BLD_22",
        "name": "Structure #22",
        "height": 25,
        "min_height": 0,
        "render_height": 25,
        "render_min_height": 0,
        "division": "Northeast Division",
        "bureau": "Central Bureau",
        "extrusionColor": "#1e293b"
      },
      "geometry": {
        "type": "Polygon",
        "coordinates": [
          [
            [
              -118.24995086741833,
              34.08410527552529
            ],
            [
              -118.24708100914566,
              34.08410527552529
            ],
            [
              -118.24708100914566,
              34.08578556946853
            ],
            [
              -118.24995086741833,
              34.08578556946853
            ],
            [
              -118.24995086741833,
              34.08410527552529
            ]
          ]
        ]
      }
    },
    {
      "type": "Feature",
      "properties": {
        "layerType": "BUILDING_3D",
        "id": "NORTHEAST_BLD_23",
        "name": "Structure #23",
        "height": 15,
        "min_height": 0,
        "render_height": 15,
        "render_min_height": 0,
        "division": "Northeast Division",
        "bureau": "Central Bureau",
        "extrusionColor": "#1e293b"
      },
      "geometry": {
        "type": "Polygon",
        "coordinates": [
          [
            [
              -118.24571708671206,
              34.08402374098376
            ],
            [
              -118.24319664579721,
              34.08402374098376
            ],
            [
              -118.24319664579721,
              34.086987441173754
            ],
            [
              -118.24571708671206,
              34.086987441173754
            ],
            [
              -118.24571708671206,
              34.08402374098376
            ]
          ]
        ]
      }
    },
    {
      "type": "Feature",
      "properties": {
        "layerType": "BUILDING_3D",
        "id": "NORTHEAST_BLD_25",
        "name": "Structure #25",
        "height": 9,
        "min_height": 0,
        "render_height": 9,
        "render_min_height": 0,
        "division": "Northeast Division",
        "bureau": "Central Bureau",
        "extrusionColor": "#1e293b"
      },
      "geometry": {
        "type": "Polygon",
        "coordinates": [
          [
            [
              -118.23406170910452,
              34.084857057509936
            ],
            [
              -118.2312305854317,
              34.084857057509936
            ],
            [
              -118.2312305854317,
              34.087834862794054
            ],
            [
              -118.23406170910452,
              34.087834862794054
            ],
            [
              -118.23406170910452,
              34.084857057509936
            ]
          ]
        ]
      }
    },
    {
      "type": "Feature",
      "properties": {
        "layerType": "BUILDING_3D",
        "id": "NORTHEAST_BLD_26",
        "name": "Structure #26",
        "height": 19,
        "min_height": 0,
        "render_height": 19,
        "render_min_height": 0,
        "division": "Northeast Division",
        "bureau": "Central Bureau",
        "extrusionColor": "#1e293b"
      },
      "geometry": {
        "type": "Polygon",
        "coordinates": [
          [
            [
              -118.2277144137351,
              34.084864877680396
            ],
            [
              -118.22324770580892,
              34.084864877680396
            ],
            [
              -118.22324770580892,
              34.086104987570614
            ],
            [
              -118.2277144137351,
              34.086104987570614
            ],
            [
              -118.2277144137351,
              34.084864877680396
            ]
          ]
        ]
      }
    },
    {
      "type": "Feature",
      "properties": {
        "layerType": "BUILDING_3D",
        "id": "NORTHEAST_BLD_27",
        "name": "Structure #27",
        "height": 39,
        "min_height": 0,
        "render_height": 39,
        "render_min_height": 0,
        "division": "Northeast Division",
        "bureau": "Central Bureau",
        "extrusionColor": "#1e293b"
      },
      "geometry": {
        "type": "Polygon",
        "coordinates": [
          [
            [
              -118.22207768347941,
              34.08519556517346
            ],
            [
              -118.22021751864408,
              34.08519556517346
            ],
            [
              -118.22021751864408,
              34.08751892328113
            ],
            [
              -118.22207768347941,
              34.08751892328113
            ],
            [
              -118.22207768347941,
              34.08519556517346
            ]
          ]
        ]
      }
    },
    {
      "type": "Feature",
      "properties": {
        "layerType": "BUILDING_3D",
        "id": "NORTHEAST_BLD_28",
        "name": "Structure #28",
        "height": 19,
        "min_height": 0,
        "render_height": 19,
        "render_min_height": 0,
        "division": "Northeast Division",
        "bureau": "Central Bureau",
        "extrusionColor": "#1e293b"
      },
      "geometry": {
        "type": "Polygon",
        "coordinates": [
          [
            [
              -118.21595665223981,
              34.083815159028596
            ],
            [
              -118.2124716150783,
              34.083815159028596
            ],
            [
              -118.2124716150783,
              34.086119016795756
            ],
            [
              -118.21595665223981,
              34.086119016795756
            ],
            [
              -118.21595665223981,
              34.083815159028596
            ]
          ]
        ]
      }
    },
    {
      "type": "Feature",
      "properties": {
        "layerType": "BUILDING_3D",
        "id": "NORTHEAST_BLD_29",
        "name": "Structure #29",
        "height": 30,
        "min_height": 0,
        "render_height": 30,
        "render_min_height": 0,
        "division": "Northeast Division",
        "bureau": "Central Bureau",
        "extrusionColor": "#1e293b"
      },
      "geometry": {
        "type": "Polygon",
        "coordinates": [
          [
            [
              -118.2124022614571,
              34.084680657332505
            ],
            [
              -118.20894647480637,
              34.084680657332505
            ],
            [
              -118.20894647480637,
              34.08698671563976
            ],
            [
              -118.2124022614571,
              34.08698671563976
            ],
            [
              -118.2124022614571,
              34.084680657332505
            ]
          ]
        ]
      }
    },
    {
      "type": "Feature",
      "properties": {
        "layerType": "BUILDING_3D",
        "id": "NORTHEAST_BLD_31",
        "name": "Structure #31",
        "height": 11,
        "min_height": 0,
        "render_height": 11,
        "render_min_height": 0,
        "division": "Northeast Division",
        "bureau": "Central Bureau",
        "extrusionColor": "#1e293b"
      },
      "geometry": {
        "type": "Polygon",
        "coordinates": [
          [
            [
              -118.19933845929313,
              34.08519600110743
            ],
            [
              -118.19695728206568,
              34.08519600110743
            ],
            [
              -118.19695728206568,
              34.08644369218418
            ],
            [
              -118.19933845929313,
              34.08644369218418
            ],
            [
              -118.19933845929313,
              34.08519600110743
            ]
          ]
        ]
      }
    },
    {
      "type": "Feature",
      "properties": {
        "layerType": "BUILDING_3D",
        "id": "NORTHEAST_BLD_32",
        "name": "Structure #32",
        "height": 15,
        "min_height": 0,
        "render_height": 15,
        "render_min_height": 0,
        "division": "Northeast Division",
        "bureau": "Central Bureau",
        "extrusionColor": "#1e293b"
      },
      "geometry": {
        "type": "Polygon",
        "coordinates": [
          [
            [
              -118.19345599833885,
              34.08450034745102
            ],
            [
              -118.1915844617237,
              34.08450034745102
            ],
            [
              -118.1915844617237,
              34.08598957492493
            ],
            [
              -118.19345599833885,
              34.08598957492493
            ],
            [
              -118.19345599833885,
              34.08450034745102
            ]
          ]
        ]
      }
    },
    {
      "type": "Feature",
      "properties": {
        "layerType": "BUILDING_3D",
        "id": "NORTHEAST_BLD_33",
        "name": "Structure #33",
        "height": 21,
        "min_height": 0,
        "render_height": 21,
        "render_min_height": 0,
        "division": "Northeast Division",
        "bureau": "Central Bureau",
        "extrusionColor": "#1e293b"
      },
      "geometry": {
        "type": "Polygon",
        "coordinates": [
          [
            [
              -118.27887447882345,
              34.08775901556911
            ],
            [
              -118.2766406376126,
              34.08775901556911
            ],
            [
              -118.2766406376126,
              34.08968729015371
            ],
            [
              -118.27887447882345,
              34.08968729015371
            ],
            [
              -118.27887447882345,
              34.08775901556911
            ]
          ]
        ]
      }
    },
    {
      "type": "Feature",
      "properties": {
        "layerType": "BUILDING_3D",
        "id": "NORTHEAST_BLD_34",
        "name": "Structure #34",
        "height": 8,
        "min_height": 0,
        "render_height": 8,
        "render_min_height": 0,
        "division": "Northeast Division",
        "bureau": "Central Bureau",
        "extrusionColor": "#1e293b"
      },
      "geometry": {
        "type": "Polygon",
        "coordinates": [
          [
            [
              -118.27398647664633,
              34.087656290966365
            ],
            [
              -118.27109406476943,
              34.087656290966365
            ],
            [
              -118.27109406476943,
              34.090176472991885
            ],
            [
              -118.27398647664633,
              34.090176472991885
            ],
            [
              -118.27398647664633,
              34.087656290966365
            ]
          ]
        ]
      }
    },
    {
      "type": "Feature",
      "properties": {
        "layerType": "BUILDING_3D",
        "id": "NORTHEAST_BLD_37",
        "name": "Structure #37",
        "height": 17,
        "min_height": 0,
        "render_height": 17,
        "render_min_height": 0,
        "division": "Northeast Division",
        "bureau": "Central Bureau",
        "extrusionColor": "#1e293b"
      },
      "geometry": {
        "type": "Polygon",
        "coordinates": [
          [
            [
              -118.25629957475378,
              34.087491774016875
            ],
            [
              -118.25197698838498,
              34.087491774016875
            ],
            [
              -118.25197698838498,
              34.089849890407216
            ],
            [
              -118.25629957475378,
              34.089849890407216
            ],
            [
              -118.25629957475378,
              34.087491774016875
            ]
          ]
        ]
      }
    },
    {
      "type": "Feature",
      "properties": {
        "layerType": "BUILDING_3D",
        "id": "NORTHEAST_BLD_38",
        "name": "Structure #38",
        "height": 19,
        "min_height": 0,
        "render_height": 19,
        "render_min_height": 0,
        "division": "Northeast Division",
        "bureau": "Central Bureau",
        "extrusionColor": "#1e293b"
      },
      "geometry": {
        "type": "Polygon",
        "coordinates": [
          [
            [
              -118.25188733897468,
              34.08897142758148
            ],
            [
              -118.24835016438917,
              34.08897142758148
            ],
            [
              -118.24835016438917,
              34.09108933121191
            ],
            [
              -118.25188733897468,
              34.09108933121191
            ],
            [
              -118.25188733897468,
              34.08897142758148
            ]
          ]
        ]
      }
    },
    {
      "type": "Feature",
      "properties": {
        "layerType": "BUILDING_3D",
        "id": "NORTHEAST_BLD_40",
        "name": "Structure #40",
        "height": 38,
        "min_height": 0,
        "render_height": 38,
        "render_min_height": 0,
        "division": "Northeast Division",
        "bureau": "Central Bureau",
        "extrusionColor": "#1e293b"
      },
      "geometry": {
        "type": "Polygon",
        "coordinates": [
          [
            [
              -118.23919363198719,
              34.08799576845522
            ],
            [
              -118.235721888676,
              34.08799576845522
            ],
            [
              -118.235721888676,
              34.090842877353474
            ],
            [
              -118.23919363198719,
              34.090842877353474
            ],
            [
              -118.23919363198719,
              34.08799576845522
            ]
          ]
        ]
      }
    },
    {
      "type": "Feature",
      "properties": {
        "layerType": "BUILDING_3D",
        "id": "NORTHEAST_BLD_41",
        "name": "Structure #41",
        "height": 18,
        "min_height": 0,
        "render_height": 18,
        "render_min_height": 0,
        "division": "Northeast Division",
        "bureau": "Central Bureau",
        "extrusionColor": "#1e293b"
      },
      "geometry": {
        "type": "Polygon",
        "coordinates": [
          [
            [
              -118.23425634731716,
              34.0884424590667
            ],
            [
              -118.22998568396979,
              34.0884424590667
            ],
            [
              -118.22998568396979,
              34.09071073379856
            ],
            [
              -118.23425634731716,
              34.09071073379856
            ],
            [
              -118.23425634731716,
              34.0884424590667
            ]
          ]
        ]
      }
    },
    {
      "type": "Feature",
      "properties": {
        "layerType": "BUILDING_3D",
        "id": "NORTHEAST_BLD_42",
        "name": "Structure #42",
        "height": 25,
        "min_height": 0,
        "render_height": 25,
        "render_min_height": 0,
        "division": "Northeast Division",
        "bureau": "Central Bureau",
        "extrusionColor": "#1e293b"
      },
      "geometry": {
        "type": "Polygon",
        "coordinates": [
          [
            [
              -118.22796131139995,
              34.08891322588171
            ],
            [
              -118.22455889930217,
              34.08891322588171
            ],
            [
              -118.22455889930217,
              34.091092148355486
            ],
            [
              -118.22796131139995,
              34.091092148355486
            ],
            [
              -118.22796131139995,
              34.08891322588171
            ]
          ]
        ]
      }
    },
    {
      "type": "Feature",
      "properties": {
        "layerType": "BUILDING_3D",
        "id": "NORTHEAST_BLD_43",
        "name": "Structure #43",
        "height": 9,
        "min_height": 0,
        "render_height": 9,
        "render_min_height": 0,
        "division": "Northeast Division",
        "bureau": "Central Bureau",
        "extrusionColor": "#1e293b"
      },
      "geometry": {
        "type": "Polygon",
        "coordinates": [
          [
            [
              -118.22163016117743,
              34.08804109714372
            ],
            [
              -118.21836177746677,
              34.08804109714372
            ],
            [
              -118.21836177746677,
              34.09103814242726
            ],
            [
              -118.22163016117743,
              34.09103814242726
            ],
            [
              -118.22163016117743,
              34.08804109714372
            ]
          ]
        ]
      }
    },
    {
      "type": "Feature",
      "properties": {
        "layerType": "BUILDING_3D",
        "id": "NORTHEAST_BLD_44",
        "name": "Structure #44",
        "height": 43,
        "min_height": 0,
        "render_height": 43,
        "render_min_height": 0,
        "division": "Northeast Division",
        "bureau": "Central Bureau",
        "extrusionColor": "#0ea5e9"
      },
      "geometry": {
        "type": "Polygon",
        "coordinates": [
          [
            [
              -118.2173133542844,
              34.08881281530104
            ],
            [
              -118.21281778635911,
              34.08881281530104
            ],
            [
              -118.21281778635911,
              34.09012346065698
            ],
            [
              -118.2173133542844,
              34.09012346065698
            ],
            [
              -118.2173133542844,
              34.08881281530104
            ]
          ]
        ]
      }
    },
    {
      "type": "Feature",
      "properties": {
        "layerType": "BUILDING_3D",
        "id": "NORTHEAST_BLD_45",
        "name": "Structure #45",
        "height": 24,
        "min_height": 0,
        "render_height": 24,
        "render_min_height": 0,
        "division": "Northeast Division",
        "bureau": "Central Bureau",
        "extrusionColor": "#1e293b"
      },
      "geometry": {
        "type": "Polygon",
        "coordinates": [
          [
            [
              -118.21053077704843,
              34.088714875762165
            ],
            [
              -118.20856480901452,
              34.088714875762165
            ],
            [
              -118.20856480901452,
              34.09153039669148
            ],
            [
              -118.21053077704843,
              34.09153039669148
            ],
            [
              -118.21053077704843,
              34.088714875762165
            ]
          ]
        ]
      }
    },
    {
      "type": "Feature",
      "properties": {
        "layerType": "BUILDING_3D",
        "id": "NORTHEAST_BLD_46",
        "name": "Structure #46",
        "height": 14,
        "min_height": 0,
        "render_height": 14,
        "render_min_height": 0,
        "division": "Northeast Division",
        "bureau": "Central Bureau",
        "extrusionColor": "#1e293b"
      },
      "geometry": {
        "type": "Polygon",
        "coordinates": [
          [
            [
              -118.20505268635675,
              34.08735811481062
            ],
            [
              -118.20082940496276,
              34.08735811481062
            ],
            [
              -118.20082940496276,
              34.0901889177589
            ],
            [
              -118.20505268635675,
              34.0901889177589
            ],
            [
              -118.20505268635675,
              34.08735811481062
            ]
          ]
        ]
      }
    },
    {
      "type": "Feature",
      "properties": {
        "layerType": "BUILDING_3D",
        "id": "NORTHEAST_BLD_47",
        "name": "Structure #47",
        "height": 41,
        "min_height": 0,
        "render_height": 41,
        "render_min_height": 0,
        "division": "Northeast Division",
        "bureau": "Central Bureau",
        "extrusionColor": "#0ea5e9"
      },
      "geometry": {
        "type": "Polygon",
        "coordinates": [
          [
            [
              -118.20146282778407,
              34.08908153438168
            ],
            [
              -118.19721662336164,
              34.08908153438168
            ],
            [
              -118.19721662336164,
              34.090873299105226
            ],
            [
              -118.20146282778407,
              34.090873299105226
            ],
            [
              -118.20146282778407,
              34.08908153438168
            ]
          ]
        ]
      }
    },
    {
      "type": "Feature",
      "properties": {
        "layerType": "BUILDING_3D",
        "id": "NORTHEAST_BLD_49",
        "name": "Structure #49",
        "height": 39,
        "min_height": 0,
        "render_height": 39,
        "render_min_height": 0,
        "division": "Northeast Division",
        "bureau": "Central Bureau",
        "extrusionColor": "#1e293b"
      },
      "geometry": {
        "type": "Polygon",
        "coordinates": [
          [
            [
              -118.27784430304452,
              34.09161773796256
            ],
            [
              -118.27468676987961,
              34.09161773796256
            ],
            [
              -118.27468676987961,
              34.09419908559513
            ],
            [
              -118.27784430304452,
              34.09419908559513
            ],
            [
              -118.27784430304452,
              34.09161773796256
            ]
          ]
        ]
      }
    },
    {
      "type": "Feature",
      "properties": {
        "layerType": "BUILDING_3D",
        "id": "NORTHEAST_BLD_50",
        "name": "Structure #50",
        "height": 34,
        "min_height": 0,
        "render_height": 34,
        "render_min_height": 0,
        "division": "Northeast Division",
        "bureau": "Central Bureau",
        "extrusionColor": "#1e293b"
      },
      "geometry": {
        "type": "Polygon",
        "coordinates": [
          [
            [
              -118.27382339305616,
              34.09173714611344
            ],
            [
              -118.26995137160732,
              34.09173714611344
            ],
            [
              -118.26995137160732,
              34.09458088926245
            ],
            [
              -118.27382339305616,
              34.09458088926245
            ],
            [
              -118.27382339305616,
              34.09173714611344
            ]
          ]
        ]
      }
    },
    {
      "type": "Feature",
      "properties": {
        "layerType": "BUILDING_3D",
        "id": "NORTHEAST_BLD_51",
        "name": "Structure #51",
        "height": 13,
        "min_height": 0,
        "render_height": 13,
        "render_min_height": 0,
        "division": "Northeast Division",
        "bureau": "Central Bureau",
        "extrusionColor": "#1e293b"
      },
      "geometry": {
        "type": "Polygon",
        "coordinates": [
          [
            [
              -118.26801928082985,
              34.092404193318046
            ],
            [
              -118.26375366610633,
              34.092404193318046
            ],
            [
              -118.26375366610633,
              34.09467596289406
            ],
            [
              -118.26801928082985,
              34.09467596289406
            ],
            [
              -118.26801928082985,
              34.092404193318046
            ]
          ]
        ]
      }
    },
    {
      "type": "Feature",
      "properties": {
        "layerType": "BUILDING_3D",
        "id": "NORTHEAST_BLD_52",
        "name": "Structure #52",
        "height": 22,
        "min_height": 0,
        "render_height": 22,
        "render_min_height": 0,
        "division": "Northeast Division",
        "bureau": "Central Bureau",
        "extrusionColor": "#1e293b"
      },
      "geometry": {
        "type": "Polygon",
        "coordinates": [
          [
            [
              -118.26139371002293,
              34.09291316100487
            ],
            [
              -118.2579860556589,
              34.09291316100487
            ],
            [
              -118.2579860556589,
              34.094586828033556
            ],
            [
              -118.26139371002293,
              34.094586828033556
            ],
            [
              -118.26139371002293,
              34.09291316100487
            ]
          ]
        ]
      }
    },
    {
      "type": "Feature",
      "properties": {
        "layerType": "BUILDING_3D",
        "id": "NORTHEAST_BLD_53",
        "name": "Structure #53",
        "height": 11,
        "min_height": 0,
        "render_height": 11,
        "render_min_height": 0,
        "division": "Northeast Division",
        "bureau": "Central Bureau",
        "extrusionColor": "#1e293b"
      },
      "geometry": {
        "type": "Polygon",
        "coordinates": [
          [
            [
              -118.25500525849269,
              34.09198962336024
            ],
            [
              -118.25249475794966,
              34.09198962336024
            ],
            [
              -118.25249475794966,
              34.09459520796138
            ],
            [
              -118.25500525849269,
              34.09459520796138
            ],
            [
              -118.25500525849269,
              34.09198962336024
            ]
          ]
        ]
      }
    },
    {
      "type": "Feature",
      "properties": {
        "layerType": "BUILDING_3D",
        "id": "NORTHEAST_BLD_54",
        "name": "Structure #54",
        "height": 41,
        "min_height": 0,
        "render_height": 41,
        "render_min_height": 0,
        "division": "Northeast Division",
        "bureau": "Central Bureau",
        "extrusionColor": "#0ea5e9"
      },
      "geometry": {
        "type": "Polygon",
        "coordinates": [
          [
            [
              -118.25076556495964,
              34.09206103942628
            ],
            [
              -118.24685718805793,
              34.09206103942628
            ],
            [
              -118.24685718805793,
              34.09356682781962
            ],
            [
              -118.25076556495964,
              34.09356682781962
            ],
            [
              -118.25076556495964,
              34.09206103942628
            ]
          ]
        ]
      }
    },
    {
      "type": "Feature",
      "properties": {
        "layerType": "BUILDING_3D",
        "id": "NORTHEAST_BLD_55",
        "name": "Structure #55",
        "height": 21,
        "min_height": 0,
        "render_height": 21,
        "render_min_height": 0,
        "division": "Northeast Division",
        "bureau": "Central Bureau",
        "extrusionColor": "#1e293b"
      },
      "geometry": {
        "type": "Polygon",
        "coordinates": [
          [
            [
              -118.24503344086057,
              34.092801169728084
            ],
            [
              -118.24277475827057,
              34.092801169728084
            ],
            [
              -118.24277475827057,
              34.094317765633754
            ],
            [
              -118.24503344086057,
              34.094317765633754
            ],
            [
              -118.24503344086057,
              34.092801169728084
            ]
          ]
        ]
      }
    },
    {
      "type": "Feature",
      "properties": {
        "layerType": "BUILDING_3D",
        "id": "NORTHEAST_BLD_56",
        "name": "Structure #56",
        "height": 20,
        "min_height": 0,
        "render_height": 20,
        "render_min_height": 0,
        "division": "Northeast Division",
        "bureau": "Central Bureau",
        "extrusionColor": "#1e293b"
      },
      "geometry": {
        "type": "Polygon",
        "coordinates": [
          [
            [
              -118.23829824540788,
              34.091405779084575
            ],
            [
              -118.23602335154938,
              34.091405779084575
            ],
            [
              -118.23602335154938,
              34.093953482344766
            ],
            [
              -118.23829824540788,
              34.093953482344766
            ],
            [
              -118.23829824540788,
              34.091405779084575
            ]
          ]
        ]
      }
    },
    {
      "type": "Feature",
      "properties": {
        "layerType": "BUILDING_3D",
        "id": "NORTHEAST_BLD_57",
        "name": "Structure #57",
        "height": 13,
        "min_height": 0,
        "render_height": 13,
        "render_min_height": 0,
        "division": "Northeast Division",
        "bureau": "Central Bureau",
        "extrusionColor": "#1e293b"
      },
      "geometry": {
        "type": "Polygon",
        "coordinates": [
          [
            [
              -118.23476633137314,
              34.091467861299904
            ],
            [
              -118.23094477648284,
              34.091467861299904
            ],
            [
              -118.23094477648284,
              34.09390869214916
            ],
            [
              -118.23476633137314,
              34.09390869214916
            ],
            [
              -118.23476633137314,
              34.091467861299904
            ]
          ]
        ]
      }
    },
    {
      "type": "Feature",
      "properties": {
        "layerType": "BUILDING_3D",
        "id": "NORTHEAST_BLD_58",
        "name": "Structure #58",
        "height": 20,
        "min_height": 0,
        "render_height": 20,
        "render_min_height": 0,
        "division": "Northeast Division",
        "bureau": "Central Bureau",
        "extrusionColor": "#1e293b"
      },
      "geometry": {
        "type": "Polygon",
        "coordinates": [
          [
            [
              -118.22904820805013,
              34.09264940804477
            ],
            [
              -118.22538696177625,
              34.09264940804477
            ],
            [
              -118.22538696177625,
              34.09437691717152
            ],
            [
              -118.22904820805013,
              34.09437691717152
            ],
            [
              -118.22904820805013,
              34.09264940804477
            ]
          ]
        ]
      }
    },
    {
      "type": "Feature",
      "properties": {
        "layerType": "BUILDING_3D",
        "id": "NORTHEAST_BLD_59",
        "name": "Structure #59",
        "height": 19,
        "min_height": 0,
        "render_height": 19,
        "render_min_height": 0,
        "division": "Northeast Division",
        "bureau": "Central Bureau",
        "extrusionColor": "#1e293b"
      },
      "geometry": {
        "type": "Polygon",
        "coordinates": [
          [
            [
              -118.22165088793282,
              34.092199312201316
            ],
            [
              -118.21905962424272,
              34.092199312201316
            ],
            [
              -118.21905962424272,
              34.094656017157476
            ],
            [
              -118.22165088793282,
              34.094656017157476
            ],
            [
              -118.22165088793282,
              34.092199312201316
            ]
          ]
        ]
      }
    },
    {
      "type": "Feature",
      "properties": {
        "layerType": "BUILDING_3D",
        "id": "NORTHEAST_BLD_60",
        "name": "Structure #60",
        "height": 24,
        "min_height": 0,
        "render_height": 24,
        "render_min_height": 0,
        "division": "Northeast Division",
        "bureau": "Central Bureau",
        "extrusionColor": "#1e293b"
      },
      "geometry": {
        "type": "Polygon",
        "coordinates": [
          [
            [
              -118.21670103169802,
              34.091711050094034
            ],
            [
              -118.21301597426378,
              34.091711050094034
            ],
            [
              -118.21301597426378,
              34.09400296450876
            ],
            [
              -118.21670103169802,
              34.09400296450876
            ],
            [
              -118.21670103169802,
              34.091711050094034
            ]
          ]
        ]
      }
    },
    {
      "type": "Feature",
      "properties": {
        "layerType": "BUILDING_3D",
        "id": "NORTHEAST_BLD_61",
        "name": "Structure #61",
        "height": 18,
        "min_height": 0,
        "render_height": 18,
        "render_min_height": 0,
        "division": "Northeast Division",
        "bureau": "Central Bureau",
        "extrusionColor": "#1e293b"
      },
      "geometry": {
        "type": "Polygon",
        "coordinates": [
          [
            [
              -118.21180842485894,
              34.09201769197535
            ],
            [
              -118.20837055323686,
              34.09201769197535
            ],
            [
              -118.20837055323686,
              34.094863035954496
            ],
            [
              -118.21180842485894,
              34.094863035954496
            ],
            [
              -118.21180842485894,
              34.09201769197535
            ]
          ]
        ]
      }
    },
    {
      "type": "Feature",
      "properties": {
        "layerType": "BUILDING_3D",
        "id": "NORTHEAST_BLD_62",
        "name": "Structure #62",
        "height": 17,
        "min_height": 0,
        "render_height": 17,
        "render_min_height": 0,
        "division": "Northeast Division",
        "bureau": "Central Bureau",
        "extrusionColor": "#1e293b"
      },
      "geometry": {
        "type": "Polygon",
        "coordinates": [
          [
            [
              -118.20572346203699,
              34.092191472588716
            ],
            [
              -118.20145544606825,
              34.092191472588716
            ],
            [
              -118.20145544606825,
              34.094425590474835
            ],
            [
              -118.20572346203699,
              34.094425590474835
            ],
            [
              -118.20572346203699,
              34.092191472588716
            ]
          ]
        ]
      }
    },
    {
      "type": "Feature",
      "properties": {
        "layerType": "BUILDING_3D",
        "id": "NORTHEAST_BLD_63",
        "name": "Structure #63",
        "height": 18,
        "min_height": 0,
        "render_height": 18,
        "render_min_height": 0,
        "division": "Northeast Division",
        "bureau": "Central Bureau",
        "extrusionColor": "#1e293b"
      },
      "geometry": {
        "type": "Polygon",
        "coordinates": [
          [
            [
              -118.19983779111692,
              34.092684360770434
            ],
            [
              -118.19648661428775,
              34.092684360770434
            ],
            [
              -118.19648661428775,
              34.09481818959621
            ],
            [
              -118.19983779111692,
              34.09481818959621
            ],
            [
              -118.19983779111692,
              34.092684360770434
            ]
          ]
        ]
      }
    },
    {
      "type": "Feature",
      "properties": {
        "layerType": "BUILDING_3D",
        "id": "NORTHEAST_BLD_64",
        "name": "Structure #64",
        "height": 24,
        "min_height": 0,
        "render_height": 24,
        "render_min_height": 0,
        "division": "Northeast Division",
        "bureau": "Central Bureau",
        "extrusionColor": "#1e293b"
      },
      "geometry": {
        "type": "Polygon",
        "coordinates": [
          [
            [
              -118.19347345884435,
              34.09213119324499
            ],
            [
              -118.19027271560569,
              34.09213119324499
            ],
            [
              -118.19027271560569,
              34.0943933953728
            ],
            [
              -118.19347345884435,
              34.0943933953728
            ],
            [
              -118.19347345884435,
              34.09213119324499
            ]
          ]
        ]
      }
    },
    {
      "type": "Feature",
      "properties": {
        "layerType": "BUILDING_3D",
        "id": "NORTHEAST_BLD_65",
        "name": "Structure #65",
        "height": 36,
        "min_height": 0,
        "render_height": 36,
        "render_min_height": 0,
        "division": "Northeast Division",
        "bureau": "Central Bureau",
        "extrusionColor": "#1e293b"
      },
      "geometry": {
        "type": "Polygon",
        "coordinates": [
          [
            [
              -118.27867821013251,
              34.0955045995715
            ],
            [
              -118.27528490694081,
              34.0955045995715
            ],
            [
              -118.27528490694081,
              34.09835952654974
            ],
            [
              -118.27867821013251,
              34.09835952654974
            ],
            [
              -118.27867821013251,
              34.0955045995715
            ]
          ]
        ]
      }
    },
    {
      "type": "Feature",
      "properties": {
        "layerType": "BUILDING_3D",
        "id": "NORTHEAST_BLD_66",
        "name": "Structure #66",
        "height": 15,
        "min_height": 0,
        "render_height": 15,
        "render_min_height": 0,
        "division": "Northeast Division",
        "bureau": "Central Bureau",
        "extrusionColor": "#1e293b"
      },
      "geometry": {
        "type": "Polygon",
        "coordinates": [
          [
            [
              -118.27361810064275,
              34.09638278052908
            ],
            [
              -118.2693357101754,
              34.09638278052908
            ],
            [
              -118.2693357101754,
              34.097686742875396
            ],
            [
              -118.27361810064275,
              34.097686742875396
            ],
            [
              -118.27361810064275,
              34.09638278052908
            ]
          ]
        ]
      }
    },
    {
      "type": "Feature",
      "properties": {
        "layerType": "BUILDING_3D",
        "id": "NORTHEAST_BLD_67",
        "name": "Structure #67",
        "height": 14,
        "min_height": 0,
        "render_height": 14,
        "render_min_height": 0,
        "division": "Northeast Division",
        "bureau": "Central Bureau",
        "extrusionColor": "#1e293b"
      },
      "geometry": {
        "type": "Polygon",
        "coordinates": [
          [
            [
              -118.26667582920638,
              34.09654067803316
            ],
            [
              -118.2647198856869,
              34.09654067803316
            ],
            [
              -118.2647198856869,
              34.09847720513202
            ],
            [
              -118.26667582920638,
              34.09847720513202
            ],
            [
              -118.26667582920638,
              34.09654067803316
            ]
          ]
        ]
      }
    },
    {
      "type": "Feature",
      "properties": {
        "layerType": "BUILDING_3D",
        "id": "NORTHEAST_BLD_68",
        "name": "Structure #68",
        "height": 19,
        "min_height": 0,
        "render_height": 19,
        "render_min_height": 0,
        "division": "Northeast Division",
        "bureau": "Central Bureau",
        "extrusionColor": "#1e293b"
      },
      "geometry": {
        "type": "Polygon",
        "coordinates": [
          [
            [
              -118.26081398295027,
              34.0953890128833
            ],
            [
              -118.25790919230197,
              34.0953890128833
            ],
            [
              -118.25790919230197,
              34.09714732687081
            ],
            [
              -118.26081398295027,
              34.09714732687081
            ],
            [
              -118.26081398295027,
              34.0953890128833
            ]
          ]
        ]
      }
    },
    {
      "type": "Feature",
      "properties": {
        "layerType": "BUILDING_3D",
        "id": "NORTHEAST_BLD_69",
        "name": "Structure #69",
        "height": 34,
        "min_height": 0,
        "render_height": 34,
        "render_min_height": 0,
        "division": "Northeast Division",
        "bureau": "Central Bureau",
        "extrusionColor": "#1e293b"
      },
      "geometry": {
        "type": "Polygon",
        "coordinates": [
          [
            [
              -118.25691648067505,
              34.09563730954357
            ],
            [
              -118.25427900969379,
              34.09563730954357
            ],
            [
              -118.25427900969379,
              34.09791113381461
            ],
            [
              -118.25691648067505,
              34.09791113381461
            ],
            [
              -118.25691648067505,
              34.09563730954357
            ]
          ]
        ]
      }
    },
    {
      "type": "Feature",
      "properties": {
        "layerType": "BUILDING_3D",
        "id": "NORTHEAST_BLD_71",
        "name": "Structure #71",
        "height": 13,
        "min_height": 0,
        "render_height": 13,
        "render_min_height": 0,
        "division": "Northeast Division",
        "bureau": "Central Bureau",
        "extrusionColor": "#1e293b"
      },
      "geometry": {
        "type": "Polygon",
        "coordinates": [
          [
            [
              -118.2455836500203,
              34.09617123274466
            ],
            [
              -118.2420213964097,
              34.09617123274466
            ],
            [
              -118.2420213964097,
              34.097916886089
            ],
            [
              -118.2455836500203,
              34.097916886089
            ],
            [
              -118.2455836500203,
              34.09617123274466
            ]
          ]
        ]
      }
    },
    {
      "type": "Feature",
      "properties": {
        "layerType": "BUILDING_3D",
        "id": "NORTHEAST_BLD_72",
        "name": "Structure #72",
        "height": 15,
        "min_height": 0,
        "render_height": 15,
        "render_min_height": 0,
        "division": "Northeast Division",
        "bureau": "Central Bureau",
        "extrusionColor": "#1e293b"
      },
      "geometry": {
        "type": "Polygon",
        "coordinates": [
          [
            [
              -118.23886815088302,
              34.09625261714721
            ],
            [
              -118.23624967086648,
              34.09625261714721
            ],
            [
              -118.23624967086648,
              34.09799712003744
            ],
            [
              -118.23886815088302,
              34.09799712003744
            ],
            [
              -118.23886815088302,
              34.09625261714721
            ]
          ]
        ]
      }
    },
    {
      "type": "Feature",
      "properties": {
        "layerType": "BUILDING_3D",
        "id": "NORTHEAST_BLD_73",
        "name": "Structure #73",
        "height": 18,
        "min_height": 0,
        "render_height": 18,
        "render_min_height": 0,
        "division": "Northeast Division",
        "bureau": "Central Bureau",
        "extrusionColor": "#1e293b"
      },
      "geometry": {
        "type": "Polygon",
        "coordinates": [
          [
            [
              -118.2331210742792,
              34.09568493505101
            ],
            [
              -118.23050431994385,
              34.09568493505101
            ],
            [
              -118.23050431994385,
              34.09755811029994
            ],
            [
              -118.2331210742792,
              34.09755811029994
            ],
            [
              -118.2331210742792,
              34.09568493505101
            ]
          ]
        ]
      }
    },
    {
      "type": "Feature",
      "properties": {
        "layerType": "BUILDING_3D",
        "id": "NORTHEAST_BLD_74",
        "name": "Structure #74",
        "height": 16,
        "min_height": 0,
        "render_height": 16,
        "render_min_height": 0,
        "division": "Northeast Division",
        "bureau": "Central Bureau",
        "extrusionColor": "#1e293b"
      },
      "geometry": {
        "type": "Polygon",
        "coordinates": [
          [
            [
              -118.22834759742348,
              34.09552604520018
            ],
            [
              -118.22553783455008,
              34.09552604520018
            ],
            [
              -118.22553783455008,
              34.09771515942419
            ],
            [
              -118.22834759742348,
              34.09771515942419
            ],
            [
              -118.22834759742348,
              34.09552604520018
            ]
          ]
        ]
      }
    },
    {
      "type": "Feature",
      "properties": {
        "layerType": "BUILDING_3D",
        "id": "NORTHEAST_BLD_75",
        "name": "Structure #75",
        "height": 9,
        "min_height": 0,
        "render_height": 9,
        "render_min_height": 0,
        "division": "Northeast Division",
        "bureau": "Central Bureau",
        "extrusionColor": "#1e293b"
      },
      "geometry": {
        "type": "Polygon",
        "coordinates": [
          [
            [
              -118.22296093219973,
              34.095735291245646
            ],
            [
              -118.2196772608637,
              34.095735291245646
            ],
            [
              -118.2196772608637,
              34.097711789152626
            ],
            [
              -118.22296093219973,
              34.097711789152626
            ],
            [
              -118.22296093219973,
              34.095735291245646
            ]
          ]
        ]
      }
    },
    {
      "type": "Feature",
      "properties": {
        "layerType": "BUILDING_3D",
        "id": "NORTHEAST_BLD_76",
        "name": "Structure #76",
        "height": 22,
        "min_height": 0,
        "render_height": 22,
        "render_min_height": 0,
        "division": "Northeast Division",
        "bureau": "Central Bureau",
        "extrusionColor": "#1e293b"
      },
      "geometry": {
        "type": "Polygon",
        "coordinates": [
          [
            [
              -118.21702206313152,
              34.09631349393736
            ],
            [
              -118.21405731627105,
              34.09631349393736
            ],
            [
              -118.21405731627105,
              34.097639088821055
            ],
            [
              -118.21702206313152,
              34.097639088821055
            ],
            [
              -118.21702206313152,
              34.09631349393736
            ]
          ]
        ]
      }
    },
    {
      "type": "Feature",
      "properties": {
        "layerType": "BUILDING_3D",
        "id": "NORTHEAST_BLD_77",
        "name": "Structure #77",
        "height": 21,
        "min_height": 0,
        "render_height": 21,
        "render_min_height": 0,
        "division": "Northeast Division",
        "bureau": "Central Bureau",
        "extrusionColor": "#1e293b"
      },
      "geometry": {
        "type": "Polygon",
        "coordinates": [
          [
            [
              -118.21052975909394,
              34.09547545410041
            ],
            [
              -118.20854136676842,
              34.09547545410041
            ],
            [
              -118.20854136676842,
              34.09813694255075
            ],
            [
              -118.21052975909394,
              34.09813694255075
            ],
            [
              -118.21052975909394,
              34.09547545410041
            ]
          ]
        ]
      }
    },
    {
      "type": "Feature",
      "properties": {
        "layerType": "BUILDING_3D",
        "id": "NORTHEAST_BLD_78",
        "name": "Structure #78",
        "height": 24,
        "min_height": 0,
        "render_height": 24,
        "render_min_height": 0,
        "division": "Northeast Division",
        "bureau": "Central Bureau",
        "extrusionColor": "#1e293b"
      },
      "geometry": {
        "type": "Polygon",
        "coordinates": [
          [
            [
              -118.2061618188494,
              34.09501969687097
            ],
            [
              -118.20216958617387,
              34.09501969687097
            ],
            [
              -118.20216958617387,
              34.097551254942935
            ],
            [
              -118.2061618188494,
              34.097551254942935
            ],
            [
              -118.2061618188494,
              34.09501969687097
            ]
          ]
        ]
      }
    },
    {
      "type": "Feature",
      "properties": {
        "layerType": "BUILDING_3D",
        "id": "NORTHEAST_BLD_79",
        "name": "Structure #79",
        "height": 20,
        "min_height": 0,
        "render_height": 20,
        "render_min_height": 0,
        "division": "Northeast Division",
        "bureau": "Central Bureau",
        "extrusionColor": "#1e293b"
      },
      "geometry": {
        "type": "Polygon",
        "coordinates": [
          [
            [
              -118.20122045469353,
              34.09593567829651
            ],
            [
              -118.1974231175856,
              34.09593567829651
            ],
            [
              -118.1974231175856,
              34.09877270322404
            ],
            [
              -118.20122045469353,
              34.09877270322404
            ],
            [
              -118.20122045469353,
              34.09593567829651
            ]
          ]
        ]
      }
    },
    {
      "type": "Feature",
      "properties": {
        "layerType": "BUILDING_3D",
        "id": "NORTHEAST_BLD_81",
        "name": "Structure #81",
        "height": 22,
        "min_height": 0,
        "render_height": 22,
        "render_min_height": 0,
        "division": "Northeast Division",
        "bureau": "Central Bureau",
        "extrusionColor": "#1e293b"
      },
      "geometry": {
        "type": "Polygon",
        "coordinates": [
          [
            [
              -118.27845719971347,
              34.09993248717186
            ],
            [
              -118.27479206091382,
              34.09993248717186
            ],
            [
              -118.27479206091382,
              34.102556752712196
            ],
            [
              -118.27845719971347,
              34.102556752712196
            ],
            [
              -118.27845719971347,
              34.09993248717186
            ]
          ]
        ]
      }
    },
    {
      "type": "Feature",
      "properties": {
        "layerType": "BUILDING_3D",
        "id": "NORTHEAST_BLD_82",
        "name": "Structure #82",
        "height": 13,
        "min_height": 0,
        "render_height": 13,
        "render_min_height": 0,
        "division": "Northeast Division",
        "bureau": "Central Bureau",
        "extrusionColor": "#1e293b"
      },
      "geometry": {
        "type": "Polygon",
        "coordinates": [
          [
            [
              -118.27260126924222,
              34.09960703280175
            ],
            [
              -118.2686648709317,
              34.09960703280175
            ],
            [
              -118.2686648709317,
              34.102252448584544
            ],
            [
              -118.27260126924222,
              34.102252448584544
            ],
            [
              -118.27260126924222,
              34.09960703280175
            ]
          ]
        ]
      }
    },
    {
      "type": "Feature",
      "properties": {
        "layerType": "BUILDING_3D",
        "id": "NORTHEAST_BLD_83",
        "name": "Structure #83",
        "height": 42,
        "min_height": 0,
        "render_height": 42,
        "render_min_height": 0,
        "division": "Northeast Division",
        "bureau": "Central Bureau",
        "extrusionColor": "#0ea5e9"
      },
      "geometry": {
        "type": "Polygon",
        "coordinates": [
          [
            [
              -118.26746445079738,
              34.1002446083779
            ],
            [
              -118.26349632712319,
              34.1002446083779
            ],
            [
              -118.26349632712319,
              34.10190421648664
            ],
            [
              -118.26746445079738,
              34.10190421648664
            ],
            [
              -118.26746445079738,
              34.1002446083779
            ]
          ]
        ]
      }
    },
    {
      "type": "Feature",
      "properties": {
        "layerType": "BUILDING_3D",
        "id": "NORTHEAST_BLD_84",
        "name": "Structure #84",
        "height": 22,
        "min_height": 0,
        "render_height": 22,
        "render_min_height": 0,
        "division": "Northeast Division",
        "bureau": "Central Bureau",
        "extrusionColor": "#1e293b"
      },
      "geometry": {
        "type": "Polygon",
        "coordinates": [
          [
            [
              -118.26088308743316,
              34.10040816391479
            ],
            [
              -118.25839367527006,
              34.10040816391479
            ],
            [
              -118.25839367527006,
              34.10177450133769
            ],
            [
              -118.26088308743316,
              34.10177450133769
            ],
            [
              -118.26088308743316,
              34.10040816391479
            ]
          ]
        ]
      }
    },
    {
      "type": "Feature",
      "properties": {
        "layerType": "BUILDING_3D",
        "id": "NORTHEAST_BLD_85",
        "name": "Structure #85",
        "height": 16,
        "min_height": 0,
        "render_height": 16,
        "render_min_height": 0,
        "division": "Northeast Division",
        "bureau": "Central Bureau",
        "extrusionColor": "#1e293b"
      },
      "geometry": {
        "type": "Polygon",
        "coordinates": [
          [
            [
              -118.25501275412782,
              34.09898230965214
            ],
            [
              -118.25296324799348,
              34.09898230965214
            ],
            [
              -118.25296324799348,
              34.101623063321824
            ],
            [
              -118.25501275412782,
              34.101623063321824
            ],
            [
              -118.25501275412782,
              34.09898230965214
            ]
          ]
        ]
      }
    },
    {
      "type": "Feature",
      "properties": {
        "layerType": "BUILDING_3D",
        "id": "NORTHEAST_BLD_86",
        "name": "Structure #86",
        "height": 22,
        "min_height": 0,
        "render_height": 22,
        "render_min_height": 0,
        "division": "Northeast Division",
        "bureau": "Central Bureau",
        "extrusionColor": "#1e293b"
      },
      "geometry": {
        "type": "Polygon",
        "coordinates": [
          [
            [
              -118.25152653552178,
              34.0990854505619
            ],
            [
              -118.24756540501727,
              34.0990854505619
            ],
            [
              -118.24756540501727,
              34.10105068931473
            ],
            [
              -118.25152653552178,
              34.10105068931473
            ],
            [
              -118.25152653552178,
              34.0990854505619
            ]
          ]
        ]
      }
    },
    {
      "type": "Feature",
      "properties": {
        "layerType": "BUILDING_3D",
        "id": "NORTHEAST_BLD_87",
        "name": "Structure #87",
        "height": 10,
        "min_height": 0,
        "render_height": 10,
        "render_min_height": 0,
        "division": "Northeast Division",
        "bureau": "Central Bureau",
        "extrusionColor": "#1e293b"
      },
      "geometry": {
        "type": "Polygon",
        "coordinates": [
          [
            [
              -118.24574682415715,
              34.09975381051059
            ],
            [
              -118.24279896602789,
              34.09975381051059
            ],
            [
              -118.24279896602789,
              34.10242139536089
            ],
            [
              -118.24574682415715,
              34.10242139536089
            ],
            [
              -118.24574682415715,
              34.09975381051059
            ]
          ]
        ]
      }
    },
    {
      "type": "Feature",
      "properties": {
        "layerType": "BUILDING_3D",
        "id": "NORTHEAST_BLD_89",
        "name": "Structure #89",
        "height": 23,
        "min_height": 0,
        "render_height": 23,
        "render_min_height": 0,
        "division": "Northeast Division",
        "bureau": "Central Bureau",
        "extrusionColor": "#1e293b"
      },
      "geometry": {
        "type": "Polygon",
        "coordinates": [
          [
            [
              -118.23332566031596,
              34.10053139200328
            ],
            [
              -118.23128276667725,
              34.10053139200328
            ],
            [
              -118.23128276667725,
              34.10168674375719
            ],
            [
              -118.23332566031596,
              34.10168674375719
            ],
            [
              -118.23332566031596,
              34.10053139200328
            ]
          ]
        ]
      }
    },
    {
      "type": "Feature",
      "properties": {
        "layerType": "BUILDING_3D",
        "id": "NORTHEAST_BLD_90",
        "name": "Structure #90",
        "height": 9,
        "min_height": 0,
        "render_height": 9,
        "render_min_height": 0,
        "division": "Northeast Division",
        "bureau": "Central Bureau",
        "extrusionColor": "#1e293b"
      },
      "geometry": {
        "type": "Polygon",
        "coordinates": [
          [
            [
              -118.22670291199508,
              34.098709843725196
            ],
            [
              -118.2249698843642,
              34.098709843725196
            ],
            [
              -118.2249698843642,
              34.10141924282275
            ],
            [
              -118.22670291199508,
              34.10141924282275
            ],
            [
              -118.22670291199508,
              34.098709843725196
            ]
          ]
        ]
      }
    },
    {
      "type": "Feature",
      "properties": {
        "layerType": "BUILDING_3D",
        "id": "NORTHEAST_BLD_91",
        "name": "Structure #91",
        "height": 14,
        "min_height": 0,
        "render_height": 14,
        "render_min_height": 0,
        "division": "Northeast Division",
        "bureau": "Central Bureau",
        "extrusionColor": "#1e293b"
      },
      "geometry": {
        "type": "Polygon",
        "coordinates": [
          [
            [
              -118.2238102344122,
              34.09924251935573
            ],
            [
              -118.21974613576587,
              34.09924251935573
            ],
            [
              -118.21974613576587,
              34.100556043450524
            ],
            [
              -118.2238102344122,
              34.100556043450524
            ],
            [
              -118.2238102344122,
              34.09924251935573
            ]
          ]
        ]
      }
    },
    {
      "type": "Feature",
      "properties": {
        "layerType": "BUILDING_3D",
        "id": "NORTHEAST_BLD_94",
        "name": "Structure #94",
        "height": 14,
        "min_height": 0,
        "render_height": 14,
        "render_min_height": 0,
        "division": "Northeast Division",
        "bureau": "Central Bureau",
        "extrusionColor": "#1e293b"
      },
      "geometry": {
        "type": "Polygon",
        "coordinates": [
          [
            [
              -118.20586528377758,
              34.09927016669938
            ],
            [
              -118.20405725839491,
              34.09927016669938
            ],
            [
              -118.20405725839491,
              34.10158909369519
            ],
            [
              -118.20586528377758,
              34.10158909369519
            ],
            [
              -118.20586528377758,
              34.09927016669938
            ]
          ]
        ]
      }
    },
    {
      "type": "Feature",
      "properties": {
        "layerType": "BUILDING_3D",
        "id": "NORTHEAST_BLD_96",
        "name": "Structure #96",
        "height": 11,
        "min_height": 0,
        "render_height": 11,
        "render_min_height": 0,
        "division": "Northeast Division",
        "bureau": "Central Bureau",
        "extrusionColor": "#1e293b"
      },
      "geometry": {
        "type": "Polygon",
        "coordinates": [
          [
            [
              -118.19516327584914,
              34.10010973616931
            ],
            [
              -118.19251888353857,
              34.10010973616931
            ],
            [
              -118.19251888353857,
              34.10155054702398
            ],
            [
              -118.19516327584914,
              34.10155054702398
            ],
            [
              -118.19516327584914,
              34.10010973616931
            ]
          ]
        ]
      }
    },
    {
      "type": "Feature",
      "properties": {
        "layerType": "BUILDING_3D",
        "id": "NORTHEAST_BLD_98",
        "name": "Structure #98",
        "height": 16,
        "min_height": 0,
        "render_height": 16,
        "render_min_height": 0,
        "division": "Northeast Division",
        "bureau": "Central Bureau",
        "extrusionColor": "#1e293b"
      },
      "geometry": {
        "type": "Polygon",
        "coordinates": [
          [
            [
              -118.27304186359171,
              34.102497105680754
            ],
            [
              -118.27080210871137,
              34.102497105680754
            ],
            [
              -118.27080210871137,
              34.10525819168673
            ],
            [
              -118.27304186359171,
              34.10525819168673
            ],
            [
              -118.27304186359171,
              34.102497105680754
            ]
          ]
        ]
      }
    },
    {
      "type": "Feature",
      "properties": {
        "layerType": "BUILDING_3D",
        "id": "NORTHEAST_BLD_99",
        "name": "Structure #99",
        "height": 21,
        "min_height": 0,
        "render_height": 21,
        "render_min_height": 0,
        "division": "Northeast Division",
        "bureau": "Central Bureau",
        "extrusionColor": "#1e293b"
      },
      "geometry": {
        "type": "Polygon",
        "coordinates": [
          [
            [
              -118.26875434147887,
              34.102897345509035
            ],
            [
              -118.26461271246991,
              34.102897345509035
            ],
            [
              -118.26461271246991,
              34.104941726363336
            ],
            [
              -118.26875434147887,
              34.104941726363336
            ],
            [
              -118.26875434147887,
              34.102897345509035
            ]
          ]
        ]
      }
    },
    {
      "type": "Feature",
      "properties": {
        "layerType": "BUILDING_3D",
        "id": "NORTHEAST_BLD_102",
        "name": "Structure #102",
        "height": 32,
        "min_height": 0,
        "render_height": 32,
        "render_min_height": 0,
        "division": "Northeast Division",
        "bureau": "Central Bureau",
        "extrusionColor": "#1e293b"
      },
      "geometry": {
        "type": "Polygon",
        "coordinates": [
          [
            [
              -118.25010895595729,
              34.10324143585685
            ],
            [
              -118.2480595299924,
              34.10324143585685
            ],
            [
              -118.2480595299924,
              34.1062166217936
            ],
            [
              -118.25010895595729,
              34.1062166217936
            ],
            [
              -118.25010895595729,
              34.10324143585685
            ]
          ]
        ]
      }
    },
    {
      "type": "Feature",
      "properties": {
        "layerType": "BUILDING_3D",
        "id": "NORTHEAST_BLD_103",
        "name": "Structure #103",
        "height": 10,
        "min_height": 0,
        "render_height": 10,
        "render_min_height": 0,
        "division": "Northeast Division",
        "bureau": "Central Bureau",
        "extrusionColor": "#1e293b"
      },
      "geometry": {
        "type": "Polygon",
        "coordinates": [
          [
            [
              -118.24513784621473,
              34.102499967317236
            ],
            [
              -118.24067506730961,
              34.102499967317236
            ],
            [
              -118.24067506730961,
              34.10513608704529
            ],
            [
              -118.24513784621473,
              34.10513608704529
            ],
            [
              -118.24513784621473,
              34.102499967317236
            ]
          ]
        ]
      }
    },
    {
      "type": "Feature",
      "properties": {
        "layerType": "BUILDING_3D",
        "id": "NORTHEAST_BLD_104",
        "name": "Structure #104",
        "height": 21,
        "min_height": 0,
        "render_height": 21,
        "render_min_height": 0,
        "division": "Northeast Division",
        "bureau": "Central Bureau",
        "extrusionColor": "#1e293b"
      },
      "geometry": {
        "type": "Polygon",
        "coordinates": [
          [
            [
              -118.24062504902415,
              34.10438689761909
            ],
            [
              -118.23667086943206,
              34.10438689761909
            ],
            [
              -118.23667086943206,
              34.105823399879704
            ],
            [
              -118.24062504902415,
              34.105823399879704
            ],
            [
              -118.24062504902415,
              34.10438689761909
            ]
          ]
        ]
      }
    },
    {
      "type": "Feature",
      "properties": {
        "layerType": "BUILDING_3D",
        "id": "NORTHEAST_BLD_106",
        "name": "Structure #106",
        "height": 34,
        "min_height": 0,
        "render_height": 34,
        "render_min_height": 0,
        "division": "Northeast Division",
        "bureau": "Central Bureau",
        "extrusionColor": "#1e293b"
      },
      "geometry": {
        "type": "Polygon",
        "coordinates": [
          [
            [
              -118.2277860590175,
              34.1024422164761
            ],
            [
              -118.22396225363515,
              34.1024422164761
            ],
            [
              -118.22396225363515,
              34.105306187140904
            ],
            [
              -118.2277860590175,
              34.105306187140904
            ],
            [
              -118.2277860590175,
              34.1024422164761
            ]
          ]
        ]
      }
    },
    {
      "type": "Feature",
      "properties": {
        "layerType": "BUILDING_3D",
        "id": "NORTHEAST_BLD_107",
        "name": "Structure #107",
        "height": 12,
        "min_height": 0,
        "render_height": 12,
        "render_min_height": 0,
        "division": "Northeast Division",
        "bureau": "Central Bureau",
        "extrusionColor": "#1e293b"
      },
      "geometry": {
        "type": "Polygon",
        "coordinates": [
          [
            [
              -118.22383667528585,
              34.103867927349036
            ],
            [
              -118.21954071928864,
              34.103867927349036
            ],
            [
              -118.21954071928864,
              34.105660798392144
            ],
            [
              -118.22383667528585,
              34.105660798392144
            ],
            [
              -118.22383667528585,
              34.103867927349036
            ]
          ]
        ]
      }
    },
    {
      "type": "Feature",
      "properties": {
        "layerType": "BUILDING_3D",
        "id": "NORTHEAST_BLD_109",
        "name": "Structure #109",
        "height": 12,
        "min_height": 0,
        "render_height": 12,
        "render_min_height": 0,
        "division": "Northeast Division",
        "bureau": "Central Bureau",
        "extrusionColor": "#1e293b"
      },
      "geometry": {
        "type": "Polygon",
        "coordinates": [
          [
            [
              -118.20995348527576,
              34.10288498196479
            ],
            [
              -118.20749798512871,
              34.10288498196479
            ],
            [
              -118.20749798512871,
              34.105433611704186
            ],
            [
              -118.20995348527576,
              34.105433611704186
            ],
            [
              -118.20995348527576,
              34.10288498196479
            ]
          ]
        ]
      }
    },
    {
      "type": "Feature",
      "properties": {
        "layerType": "BUILDING_3D",
        "id": "NORTHEAST_BLD_110",
        "name": "Structure #110",
        "height": 38,
        "min_height": 0,
        "render_height": 38,
        "render_min_height": 0,
        "division": "Northeast Division",
        "bureau": "Central Bureau",
        "extrusionColor": "#1e293b"
      },
      "geometry": {
        "type": "Polygon",
        "coordinates": [
          [
            [
              -118.20629752705281,
              34.10325675241086
            ],
            [
              -118.20247458244373,
              34.10325675241086
            ],
            [
              -118.20247458244373,
              34.104812447745985
            ],
            [
              -118.20629752705281,
              34.104812447745985
            ],
            [
              -118.20629752705281,
              34.10325675241086
            ]
          ]
        ]
      }
    },
    {
      "type": "Feature",
      "properties": {
        "layerType": "BUILDING_3D",
        "id": "NORTHEAST_BLD_111",
        "name": "Structure #111",
        "height": 17,
        "min_height": 0,
        "render_height": 17,
        "render_min_height": 0,
        "division": "Northeast Division",
        "bureau": "Central Bureau",
        "extrusionColor": "#1e293b"
      },
      "geometry": {
        "type": "Polygon",
        "coordinates": [
          [
            [
              -118.20011487138372,
              34.103497023006426
            ],
            [
              -118.19778132838103,
              34.103497023006426
            ],
            [
              -118.19778132838103,
              34.1060307845766
            ],
            [
              -118.20011487138372,
              34.1060307845766
            ],
            [
              -118.20011487138372,
              34.103497023006426
            ]
          ]
        ]
      }
    },
    {
      "type": "Feature",
      "properties": {
        "layerType": "BUILDING_3D",
        "id": "NORTHEAST_BLD_112",
        "name": "Structure #112",
        "height": 17,
        "min_height": 0,
        "render_height": 17,
        "render_min_height": 0,
        "division": "Northeast Division",
        "bureau": "Central Bureau",
        "extrusionColor": "#1e293b"
      },
      "geometry": {
        "type": "Polygon",
        "coordinates": [
          [
            [
              -118.19412946549036,
              34.10289357860677
            ],
            [
              -118.1903288231351,
              34.10289357860677
            ],
            [
              -118.1903288231351,
              34.10504553392944
            ],
            [
              -118.19412946549036,
              34.10504553392944
            ],
            [
              -118.19412946549036,
              34.10289357860677
            ]
          ]
        ]
      }
    },
    {
      "type": "Feature",
      "properties": {
        "layerType": "BUILDING_3D",
        "id": "NORTHEAST_BLD_113",
        "name": "Structure #113",
        "height": 14,
        "min_height": 0,
        "render_height": 14,
        "render_min_height": 0,
        "division": "Northeast Division",
        "bureau": "Central Bureau",
        "extrusionColor": "#1e293b"
      },
      "geometry": {
        "type": "Polygon",
        "coordinates": [
          [
            [
              -118.27940963208985,
              34.10746048573711
            ],
            [
              -118.27618169910585,
              34.10746048573711
            ],
            [
              -118.27618169910585,
              34.10954353277518
            ],
            [
              -118.27940963208985,
              34.10954353277518
            ],
            [
              -118.27940963208985,
              34.10746048573711
            ]
          ]
        ]
      }
    },
    {
      "type": "Feature",
      "properties": {
        "layerType": "BUILDING_3D",
        "id": "NORTHEAST_BLD_114",
        "name": "Structure #114",
        "height": 9,
        "min_height": 0,
        "render_height": 9,
        "render_min_height": 0,
        "division": "Northeast Division",
        "bureau": "Central Bureau",
        "extrusionColor": "#1e293b"
      },
      "geometry": {
        "type": "Polygon",
        "coordinates": [
          [
            [
              -118.27255927139434,
              34.107287803018345
            ],
            [
              -118.26943470083724,
              34.107287803018345
            ],
            [
              -118.26943470083724,
              34.10910532549793
            ],
            [
              -118.27255927139434,
              34.10910532549793
            ],
            [
              -118.27255927139434,
              34.107287803018345
            ]
          ]
        ]
      }
    },
    {
      "type": "Feature",
      "properties": {
        "layerType": "BUILDING_3D",
        "id": "NORTHEAST_BLD_115",
        "name": "Structure #115",
        "height": 11,
        "min_height": 0,
        "render_height": 11,
        "render_min_height": 0,
        "division": "Northeast Division",
        "bureau": "Central Bureau",
        "extrusionColor": "#1e293b"
      },
      "geometry": {
        "type": "Polygon",
        "coordinates": [
          [
            [
              -118.26719329547248,
              34.107488510569276
            ],
            [
              -118.26446701175311,
              34.107488510569276
            ],
            [
              -118.26446701175311,
              34.108794364691626
            ],
            [
              -118.26719329547248,
              34.108794364691626
            ],
            [
              -118.26719329547248,
              34.107488510569276
            ]
          ]
        ]
      }
    },
    {
      "type": "Feature",
      "properties": {
        "layerType": "BUILDING_3D",
        "id": "NORTHEAST_BLD_116",
        "name": "Structure #116",
        "height": 11,
        "min_height": 0,
        "render_height": 11,
        "render_min_height": 0,
        "division": "Northeast Division",
        "bureau": "Central Bureau",
        "extrusionColor": "#1e293b"
      },
      "geometry": {
        "type": "Polygon",
        "coordinates": [
          [
            [
              -118.26126723414609,
              34.10720228009252
            ],
            [
              -118.25930845296256,
              34.10720228009252
            ],
            [
              -118.25930845296256,
              34.10865575587481
            ],
            [
              -118.26126723414609,
              34.10865575587481
            ],
            [
              -118.26126723414609,
              34.10720228009252
            ]
          ]
        ]
      }
    },
    {
      "type": "Feature",
      "properties": {
        "layerType": "BUILDING_3D",
        "id": "NORTHEAST_BLD_117",
        "name": "Structure #117",
        "height": 17,
        "min_height": 0,
        "render_height": 17,
        "render_min_height": 0,
        "division": "Northeast Division",
        "bureau": "Central Bureau",
        "extrusionColor": "#1e293b"
      },
      "geometry": {
        "type": "Polygon",
        "coordinates": [
          [
            [
              -118.25607157986121,
              34.10679907868445
            ],
            [
              -118.25389136618779,
              34.10679907868445
            ],
            [
              -118.25389136618779,
              34.10824028791131
            ],
            [
              -118.25607157986121,
              34.10824028791131
            ],
            [
              -118.25607157986121,
              34.10679907868445
            ]
          ]
        ]
      }
    },
    {
      "type": "Feature",
      "properties": {
        "layerType": "BUILDING_3D",
        "id": "NORTHEAST_BLD_118",
        "name": "Structure #118",
        "height": 12,
        "min_height": 0,
        "render_height": 12,
        "render_min_height": 0,
        "division": "Northeast Division",
        "bureau": "Central Bureau",
        "extrusionColor": "#1e293b"
      },
      "geometry": {
        "type": "Polygon",
        "coordinates": [
          [
            [
              -118.25105138197333,
              34.10660276102248
            ],
            [
              -118.24888956813302,
              34.10660276102248
            ],
            [
              -118.24888956813302,
              34.108672800229165
            ],
            [
              -118.25105138197333,
              34.108672800229165
            ],
            [
              -118.25105138197333,
              34.10660276102248
            ]
          ]
        ]
      }
    },
    {
      "type": "Feature",
      "properties": {
        "layerType": "BUILDING_3D",
        "id": "NORTHEAST_BLD_122",
        "name": "Structure #122",
        "height": 11,
        "min_height": 0,
        "render_height": 11,
        "render_min_height": 0,
        "division": "Northeast Division",
        "bureau": "Central Bureau",
        "extrusionColor": "#1e293b"
      },
      "geometry": {
        "type": "Polygon",
        "coordinates": [
          [
            [
              -118.22913989739443,
              34.10737692518885
            ],
            [
              -118.22503921173306,
              34.10737692518885
            ],
            [
              -118.22503921173306,
              34.10995643684827
            ],
            [
              -118.22913989739443,
              34.10995643684827
            ],
            [
              -118.22913989739443,
              34.10737692518885
            ]
          ]
        ]
      }
    },
    {
      "type": "Feature",
      "properties": {
        "layerType": "BUILDING_3D",
        "id": "NORTHEAST_BLD_123",
        "name": "Structure #123",
        "height": 19,
        "min_height": 0,
        "render_height": 19,
        "render_min_height": 0,
        "division": "Northeast Division",
        "bureau": "Central Bureau",
        "extrusionColor": "#1e293b"
      },
      "geometry": {
        "type": "Polygon",
        "coordinates": [
          [
            [
              -118.22205961221671,
              34.10794093369037
            ],
            [
              -118.2181903447276,
              34.10794093369037
            ],
            [
              -118.2181903447276,
              34.10938313101508
            ],
            [
              -118.22205961221671,
              34.10938313101508
            ],
            [
              -118.22205961221671,
              34.10794093369037
            ]
          ]
        ]
      }
    },
    {
      "type": "Feature",
      "properties": {
        "layerType": "BUILDING_3D",
        "id": "NORTHEAST_BLD_124",
        "name": "Structure #124",
        "height": 36,
        "min_height": 0,
        "render_height": 36,
        "render_min_height": 0,
        "division": "Northeast Division",
        "bureau": "Central Bureau",
        "extrusionColor": "#1e293b"
      },
      "geometry": {
        "type": "Polygon",
        "coordinates": [
          [
            [
              -118.21558859946444,
              34.10740258670187
            ],
            [
              -118.21342530347738,
              34.10740258670187
            ],
            [
              -118.21342530347738,
              34.10967463195319
            ],
            [
              -118.21558859946444,
              34.10967463195319
            ],
            [
              -118.21558859946444,
              34.10740258670187
            ]
          ]
        ]
      }
    },
    {
      "type": "Feature",
      "properties": {
        "layerType": "BUILDING_3D",
        "id": "NORTHEAST_BLD_125",
        "name": "Structure #125",
        "height": 44,
        "min_height": 0,
        "render_height": 44,
        "render_min_height": 0,
        "division": "Northeast Division",
        "bureau": "Central Bureau",
        "extrusionColor": "#0ea5e9"
      },
      "geometry": {
        "type": "Polygon",
        "coordinates": [
          [
            [
              -118.2107711199472,
              34.106616253568916
            ],
            [
              -118.2073630520702,
              34.106616253568916
            ],
            [
              -118.2073630520702,
              34.10864126215061
            ],
            [
              -118.2107711199472,
              34.10864126215061
            ],
            [
              -118.2107711199472,
              34.106616253568916
            ]
          ]
        ]
      }
    },
    {
      "type": "Feature",
      "properties": {
        "layerType": "BUILDING_3D",
        "id": "NORTHEAST_BLD_126",
        "name": "Structure #126",
        "height": 25,
        "min_height": 0,
        "render_height": 25,
        "render_min_height": 0,
        "division": "Northeast Division",
        "bureau": "Central Bureau",
        "extrusionColor": "#1e293b"
      },
      "geometry": {
        "type": "Polygon",
        "coordinates": [
          [
            [
              -118.20632561964662,
              34.10730721203164
            ],
            [
              -118.20328810677408,
              34.10730721203164
            ],
            [
              -118.20328810677408,
              34.10927806037047
            ],
            [
              -118.20632561964662,
              34.10927806037047
            ],
            [
              -118.20632561964662,
              34.10730721203164
            ]
          ]
        ]
      }
    },
    {
      "type": "Feature",
      "properties": {
        "layerType": "BUILDING_3D",
        "id": "NORTHEAST_BLD_128",
        "name": "Structure #128",
        "height": 25,
        "min_height": 0,
        "render_height": 25,
        "render_min_height": 0,
        "division": "Northeast Division",
        "bureau": "Central Bureau",
        "extrusionColor": "#1e293b"
      },
      "geometry": {
        "type": "Polygon",
        "coordinates": [
          [
            [
              -118.19503215593011,
              34.10727043891373
            ],
            [
              -118.19068282347382,
              34.10727043891373
            ],
            [
              -118.19068282347382,
              34.10883291842839
            ],
            [
              -118.19503215593011,
              34.10883291842839
            ],
            [
              -118.19503215593011,
              34.10727043891373
            ]
          ]
        ]
      }
    },
    {
      "type": "Feature",
      "properties": {
        "layerType": "BUILDING_3D",
        "id": "NORTHEAST_BLD_129",
        "name": "Structure #129",
        "height": 12,
        "min_height": 0,
        "render_height": 12,
        "render_min_height": 0,
        "division": "Northeast Division",
        "bureau": "Central Bureau",
        "extrusionColor": "#1e293b"
      },
      "geometry": {
        "type": "Polygon",
        "coordinates": [
          [
            [
              -118.27846934162942,
              34.11107940455298
            ],
            [
              -118.27612562235741,
              34.11107940455298
            ],
            [
              -118.27612562235741,
              34.114009883400385
            ],
            [
              -118.27846934162942,
              34.114009883400385
            ],
            [
              -118.27846934162942,
              34.11107940455298
            ]
          ]
        ]
      }
    },
    {
      "type": "Feature",
      "properties": {
        "layerType": "BUILDING_3D",
        "id": "NORTHEAST_BLD_130",
        "name": "Structure #130",
        "height": 14,
        "min_height": 0,
        "render_height": 14,
        "render_min_height": 0,
        "division": "Northeast Division",
        "bureau": "Central Bureau",
        "extrusionColor": "#1e293b"
      },
      "geometry": {
        "type": "Polygon",
        "coordinates": [
          [
            [
              -118.27275589317053,
              34.110696008573726
            ],
            [
              -118.26836017489943,
              34.110696008573726
            ],
            [
              -118.26836017489943,
              34.11225395864973
            ],
            [
              -118.27275589317053,
              34.11225395864973
            ],
            [
              -118.27275589317053,
              34.110696008573726
            ]
          ]
        ]
      }
    },
    {
      "type": "Feature",
      "properties": {
        "layerType": "BUILDING_3D",
        "id": "NORTHEAST_BLD_131",
        "name": "Structure #131",
        "height": 33,
        "min_height": 0,
        "render_height": 33,
        "render_min_height": 0,
        "division": "Northeast Division",
        "bureau": "Central Bureau",
        "extrusionColor": "#1e293b"
      },
      "geometry": {
        "type": "Polygon",
        "coordinates": [
          [
            [
              -118.26770598713941,
              34.111690249663965
            ],
            [
              -118.2653690620254,
              34.111690249663965
            ],
            [
              -118.2653690620254,
              34.113448516491886
            ],
            [
              -118.26770598713941,
              34.113448516491886
            ],
            [
              -118.26770598713941,
              34.111690249663965
            ]
          ]
        ]
      }
    },
    {
      "type": "Feature",
      "properties": {
        "layerType": "BUILDING_3D",
        "id": "NORTHEAST_BLD_132",
        "name": "Structure #132",
        "height": 12,
        "min_height": 0,
        "render_height": 12,
        "render_min_height": 0,
        "division": "Northeast Division",
        "bureau": "Central Bureau",
        "extrusionColor": "#1e293b"
      },
      "geometry": {
        "type": "Polygon",
        "coordinates": [
          [
            [
              -118.26058962550405,
              34.11011931638435
            ],
            [
              -118.25795222526216,
              34.11011931638435
            ],
            [
              -118.25795222526216,
              34.112823403737245
            ],
            [
              -118.26058962550405,
              34.112823403737245
            ],
            [
              -118.26058962550405,
              34.11011931638435
            ]
          ]
        ]
      }
    },
    {
      "type": "Feature",
      "properties": {
        "layerType": "BUILDING_3D",
        "id": "NORTHEAST_BLD_133",
        "name": "Structure #133",
        "height": 38,
        "min_height": 0,
        "render_height": 38,
        "render_min_height": 0,
        "division": "Northeast Division",
        "bureau": "Central Bureau",
        "extrusionColor": "#1e293b"
      },
      "geometry": {
        "type": "Polygon",
        "coordinates": [
          [
            [
              -118.25732102542348,
              34.11082106407315
            ],
            [
              -118.25326489439412,
              34.11082106407315
            ],
            [
              -118.25326489439412,
              34.11244216285152
            ],
            [
              -118.25732102542348,
              34.11244216285152
            ],
            [
              -118.25732102542348,
              34.11082106407315
            ]
          ]
        ]
      }
    },
    {
      "type": "Feature",
      "properties": {
        "layerType": "BUILDING_3D",
        "id": "NORTHEAST_BLD_134",
        "name": "Structure #134",
        "height": 17,
        "min_height": 0,
        "render_height": 17,
        "render_min_height": 0,
        "division": "Northeast Division",
        "bureau": "Central Bureau",
        "extrusionColor": "#1e293b"
      },
      "geometry": {
        "type": "Polygon",
        "coordinates": [
          [
            [
              -118.25064340389027,
              34.11137743844899
            ],
            [
              -118.24821175572272,
              34.11137743844899
            ],
            [
              -118.24821175572272,
              34.11339910131564
            ],
            [
              -118.25064340389027,
              34.11339910131564
            ],
            [
              -118.25064340389027,
              34.11137743844899
            ]
          ]
        ]
      }
    },
    {
      "type": "Feature",
      "properties": {
        "layerType": "BUILDING_3D",
        "id": "NORTHEAST_BLD_135",
        "name": "Structure #135",
        "height": 10,
        "min_height": 0,
        "render_height": 10,
        "render_min_height": 0,
        "division": "Northeast Division",
        "bureau": "Central Bureau",
        "extrusionColor": "#1e293b"
      },
      "geometry": {
        "type": "Polygon",
        "coordinates": [
          [
            [
              -118.24418384232649,
              34.1104470524335
            ],
            [
              -118.24115134802653,
              34.1104470524335
            ],
            [
              -118.24115134802653,
              34.11259670561189
            ],
            [
              -118.24418384232649,
              34.11259670561189
            ],
            [
              -118.24418384232649,
              34.1104470524335
            ]
          ]
        ]
      }
    },
    {
      "type": "Feature",
      "properties": {
        "layerType": "BUILDING_3D",
        "id": "NORTHEAST_BLD_136",
        "name": "Structure #136",
        "height": 12,
        "min_height": 0,
        "render_height": 12,
        "render_min_height": 0,
        "division": "Northeast Division",
        "bureau": "Central Bureau",
        "extrusionColor": "#1e293b"
      },
      "geometry": {
        "type": "Polygon",
        "coordinates": [
          [
            [
              -118.23995442134975,
              34.11117186407224
            ],
            [
              -118.23672994158215,
              34.11117186407224
            ],
            [
              -118.23672994158215,
              34.11251279651439
            ],
            [
              -118.23995442134975,
              34.11251279651439
            ],
            [
              -118.23995442134975,
              34.11117186407224
            ]
          ]
        ]
      }
    },
    {
      "type": "Feature",
      "properties": {
        "layerType": "BUILDING_3D",
        "id": "NORTHEAST_BLD_137",
        "name": "Structure #137",
        "height": 12,
        "min_height": 0,
        "render_height": 12,
        "render_min_height": 0,
        "division": "Northeast Division",
        "bureau": "Central Bureau",
        "extrusionColor": "#1e293b"
      },
      "geometry": {
        "type": "Polygon",
        "coordinates": [
          [
            [
              -118.23324220389162,
              34.11114192436461
            ],
            [
              -118.23123080522842,
              34.11114192436461
            ],
            [
              -118.23123080522842,
              34.11274752072082
            ],
            [
              -118.23324220389162,
              34.11274752072082
            ],
            [
              -118.23324220389162,
              34.11114192436461
            ]
          ]
        ]
      }
    },
    {
      "type": "Feature",
      "properties": {
        "layerType": "BUILDING_3D",
        "id": "NORTHEAST_BLD_138",
        "name": "Structure #138",
        "height": 9,
        "min_height": 0,
        "render_height": 9,
        "render_min_height": 0,
        "division": "Northeast Division",
        "bureau": "Central Bureau",
        "extrusionColor": "#1e293b"
      },
      "geometry": {
        "type": "Polygon",
        "coordinates": [
          [
            [
              -118.22766211345308,
              34.11050987208512
            ],
            [
              -118.22525371891876,
              34.11050987208512
            ],
            [
              -118.22525371891876,
              34.11208561982231
            ],
            [
              -118.22766211345308,
              34.11208561982231
            ],
            [
              -118.22766211345308,
              34.11050987208512
            ]
          ]
        ]
      }
    },
    {
      "type": "Feature",
      "properties": {
        "layerType": "BUILDING_3D",
        "id": "NORTHEAST_BLD_139",
        "name": "Structure #139",
        "height": 15,
        "min_height": 0,
        "render_height": 15,
        "render_min_height": 0,
        "division": "Northeast Division",
        "bureau": "Central Bureau",
        "extrusionColor": "#1e293b"
      },
      "geometry": {
        "type": "Polygon",
        "coordinates": [
          [
            [
              -118.22298519187233,
              34.110875470671054
            ],
            [
              -118.22062157026654,
              34.110875470671054
            ],
            [
              -118.22062157026654,
              34.112143483498876
            ],
            [
              -118.22298519187233,
              34.112143483498876
            ],
            [
              -118.22298519187233,
              34.110875470671054
            ]
          ]
        ]
      }
    },
    {
      "type": "Feature",
      "properties": {
        "layerType": "BUILDING_3D",
        "id": "NORTHEAST_BLD_141",
        "name": "Structure #141",
        "height": 20,
        "min_height": 0,
        "render_height": 20,
        "render_min_height": 0,
        "division": "Northeast Division",
        "bureau": "Central Bureau",
        "extrusionColor": "#1e293b"
      },
      "geometry": {
        "type": "Polygon",
        "coordinates": [
          [
            [
              -118.21169267812722,
              34.110533775594014
            ],
            [
              -118.20885052730351,
              34.110533775594014
            ],
            [
              -118.20885052730351,
              34.1119450449305
            ],
            [
              -118.21169267812722,
              34.1119450449305
            ],
            [
              -118.21169267812722,
              34.110533775594014
            ]
          ]
        ]
      }
    },
    {
      "type": "Feature",
      "properties": {
        "layerType": "BUILDING_3D",
        "id": "NORTHEAST_BLD_142",
        "name": "Structure #142",
        "height": 10,
        "min_height": 0,
        "render_height": 10,
        "render_min_height": 0,
        "division": "Northeast Division",
        "bureau": "Central Bureau",
        "extrusionColor": "#1e293b"
      },
      "geometry": {
        "type": "Polygon",
        "coordinates": [
          [
            [
              -118.20607433660896,
              34.110532305911505
            ],
            [
              -118.20395743260426,
              34.110532305911505
            ],
            [
              -118.20395743260426,
              34.11294932163379
            ],
            [
              -118.20607433660896,
              34.11294932163379
            ],
            [
              -118.20607433660896,
              34.110532305911505
            ]
          ]
        ]
      }
    },
    {
      "type": "Feature",
      "properties": {
        "layerType": "BUILDING_3D",
        "id": "NORTHEAST_BLD_144",
        "name": "Structure #144",
        "height": 11,
        "min_height": 0,
        "render_height": 11,
        "render_min_height": 0,
        "division": "Northeast Division",
        "bureau": "Central Bureau",
        "extrusionColor": "#1e293b"
      },
      "geometry": {
        "type": "Polygon",
        "coordinates": [
          [
            [
              -118.19463355186159,
              34.110919711916395
            ],
            [
              -118.19255440173086,
              34.110919711916395
            ],
            [
              -118.19255440173086,
              34.11339751323926
            ],
            [
              -118.19463355186159,
              34.11339751323926
            ],
            [
              -118.19463355186159,
              34.110919711916395
            ]
          ]
        ]
      }
    },
    {
      "type": "Feature",
      "properties": {
        "layerType": "BUILDING_3D",
        "id": "NORTHEAST_BLD_146",
        "name": "Structure #146",
        "height": 14,
        "min_height": 0,
        "render_height": 14,
        "render_min_height": 0,
        "division": "Northeast Division",
        "bureau": "Central Bureau",
        "extrusionColor": "#1e293b"
      },
      "geometry": {
        "type": "Polygon",
        "coordinates": [
          [
            [
              -118.27349503934941,
              34.114927547931146
            ],
            [
              -118.27125332044143,
              34.114927547931146
            ],
            [
              -118.27125332044143,
              34.11698693418545
            ],
            [
              -118.27349503934941,
              34.11698693418545
            ],
            [
              -118.27349503934941,
              34.114927547931146
            ]
          ]
        ]
      }
    },
    {
      "type": "Feature",
      "properties": {
        "layerType": "BUILDING_3D",
        "id": "NORTHEAST_BLD_148",
        "name": "Structure #148",
        "height": 18,
        "min_height": 0,
        "render_height": 18,
        "render_min_height": 0,
        "division": "Northeast Division",
        "bureau": "Central Bureau",
        "extrusionColor": "#1e293b"
      },
      "geometry": {
        "type": "Polygon",
        "coordinates": [
          [
            [
              -118.26230997305721,
              34.114747957586
            ],
            [
              -118.25967827669002,
              34.114747957586
            ],
            [
              -118.25967827669002,
              34.116497060420876
            ],
            [
              -118.26230997305721,
              34.116497060420876
            ],
            [
              -118.26230997305721,
              34.114747957586
            ]
          ]
        ]
      }
    },
    {
      "type": "Feature",
      "properties": {
        "layerType": "BUILDING_3D",
        "id": "NORTHEAST_BLD_150",
        "name": "Structure #150",
        "height": 12,
        "min_height": 0,
        "render_height": 12,
        "render_min_height": 0,
        "division": "Northeast Division",
        "bureau": "Central Bureau",
        "extrusionColor": "#1e293b"
      },
      "geometry": {
        "type": "Polygon",
        "coordinates": [
          [
            [
              -118.25111806224547,
              34.1144408711463
            ],
            [
              -118.24774622356702,
              34.1144408711463
            ],
            [
              -118.24774622356702,
              34.1163076933895
            ],
            [
              -118.25111806224547,
              34.1163076933895
            ],
            [
              -118.25111806224547,
              34.1144408711463
            ]
          ]
        ]
      }
    },
    {
      "type": "Feature",
      "properties": {
        "layerType": "BUILDING_3D",
        "id": "NORTHEAST_BLD_151",
        "name": "Structure #151",
        "height": 8,
        "min_height": 0,
        "render_height": 8,
        "render_min_height": 0,
        "division": "Northeast Division",
        "bureau": "Central Bureau",
        "extrusionColor": "#1e293b"
      },
      "geometry": {
        "type": "Polygon",
        "coordinates": [
          [
            [
              -118.24521369328055,
              34.11498634445926
            ],
            [
              -118.24241345991577,
              34.11498634445926
            ],
            [
              -118.24241345991577,
              34.1165602834644
            ],
            [
              -118.24521369328055,
              34.1165602834644
            ],
            [
              -118.24521369328055,
              34.11498634445926
            ]
          ]
        ]
      }
    },
    {
      "type": "Feature",
      "properties": {
        "layerType": "BUILDING_3D",
        "id": "NORTHEAST_BLD_152",
        "name": "Structure #152",
        "height": 23,
        "min_height": 0,
        "render_height": 23,
        "render_min_height": 0,
        "division": "Northeast Division",
        "bureau": "Central Bureau",
        "extrusionColor": "#1e293b"
      },
      "geometry": {
        "type": "Polygon",
        "coordinates": [
          [
            [
              -118.2387704833111,
              34.11486949372205
            ],
            [
              -118.23640957480339,
              34.11486949372205
            ],
            [
              -118.23640957480339,
              34.116067421867065
            ],
            [
              -118.2387704833111,
              34.116067421867065
            ],
            [
              -118.2387704833111,
              34.11486949372205
            ]
          ]
        ]
      }
    },
    {
      "type": "Feature",
      "properties": {
        "layerType": "BUILDING_3D",
        "id": "NORTHEAST_BLD_153",
        "name": "Structure #153",
        "height": 19,
        "min_height": 0,
        "render_height": 19,
        "render_min_height": 0,
        "division": "Northeast Division",
        "bureau": "Central Bureau",
        "extrusionColor": "#1e293b"
      },
      "geometry": {
        "type": "Polygon",
        "coordinates": [
          [
            [
              -118.23332075941693,
              34.11384673084601
            ],
            [
              -118.2315238671994,
              34.11384673084601
            ],
            [
              -118.2315238671994,
              34.11662157156222
            ],
            [
              -118.23332075941693,
              34.11662157156222
            ],
            [
              -118.23332075941693,
              34.11384673084601
            ]
          ]
        ]
      }
    },
    {
      "type": "Feature",
      "properties": {
        "layerType": "BUILDING_3D",
        "id": "NORTHEAST_BLD_154",
        "name": "Structure #154",
        "height": 24,
        "min_height": 0,
        "render_height": 24,
        "render_min_height": 0,
        "division": "Northeast Division",
        "bureau": "Central Bureau",
        "extrusionColor": "#1e293b"
      },
      "geometry": {
        "type": "Polygon",
        "coordinates": [
          [
            [
              -118.229229903731,
              34.11375941115212
            ],
            [
              -118.22506764265667,
              34.11375941115212
            ],
            [
              -118.22506764265667,
              34.11610727387992
            ],
            [
              -118.229229903731,
              34.11610727387992
            ],
            [
              -118.229229903731,
              34.11375941115212
            ]
          ]
        ]
      }
    },
    {
      "type": "Feature",
      "properties": {
        "layerType": "BUILDING_3D",
        "id": "NORTHEAST_BLD_155",
        "name": "Structure #155",
        "height": 9,
        "min_height": 0,
        "render_height": 9,
        "render_min_height": 0,
        "division": "Northeast Division",
        "bureau": "Central Bureau",
        "extrusionColor": "#1e293b"
      },
      "geometry": {
        "type": "Polygon",
        "coordinates": [
          [
            [
              -118.22373588327183,
              34.11475476435249
            ],
            [
              -118.22021408918012,
              34.11475476435249
            ],
            [
              -118.22021408918012,
              34.11763498079345
            ],
            [
              -118.22373588327183,
              34.11763498079345
            ],
            [
              -118.22373588327183,
              34.11475476435249
            ]
          ]
        ]
      }
    },
    {
      "type": "Feature",
      "properties": {
        "layerType": "BUILDING_3D",
        "id": "NORTHEAST_BLD_157",
        "name": "Structure #157",
        "height": 43,
        "min_height": 0,
        "render_height": 43,
        "render_min_height": 0,
        "division": "Northeast Division",
        "bureau": "Central Bureau",
        "extrusionColor": "#0ea5e9"
      },
      "geometry": {
        "type": "Polygon",
        "coordinates": [
          [
            [
              -118.21030564051671,
              34.11502910526505
            ],
            [
              -118.20838448893656,
              34.11502910526505
            ],
            [
              -118.20838448893656,
              34.11752924104049
            ],
            [
              -118.21030564051671,
              34.11752924104049
            ],
            [
              -118.21030564051671,
              34.11502910526505
            ]
          ]
        ]
      }
    },
    {
      "type": "Feature",
      "properties": {
        "layerType": "BUILDING_3D",
        "id": "NORTHEAST_BLD_158",
        "name": "Structure #158",
        "height": 24,
        "min_height": 0,
        "render_height": 24,
        "render_min_height": 0,
        "division": "Northeast Division",
        "bureau": "Central Bureau",
        "extrusionColor": "#1e293b"
      },
      "geometry": {
        "type": "Polygon",
        "coordinates": [
          [
            [
              -118.20495634210242,
              34.1142705968889
            ],
            [
              -118.20120613843928,
              34.1142705968889
            ],
            [
              -118.20120613843928,
              34.11572863146327
            ],
            [
              -118.20495634210242,
              34.11572863146327
            ],
            [
              -118.20495634210242,
              34.1142705968889
            ]
          ]
        ]
      }
    },
    {
      "type": "Feature",
      "properties": {
        "layerType": "BUILDING_3D",
        "id": "NORTHEAST_BLD_159",
        "name": "Structure #159",
        "height": 43,
        "min_height": 0,
        "render_height": 43,
        "render_min_height": 0,
        "division": "Northeast Division",
        "bureau": "Central Bureau",
        "extrusionColor": "#0ea5e9"
      },
      "geometry": {
        "type": "Polygon",
        "coordinates": [
          [
            [
              -118.20046910466664,
              34.114574928189036
            ],
            [
              -118.1982820528051,
              34.114574928189036
            ],
            [
              -118.1982820528051,
              34.11737528905166
            ],
            [
              -118.20046910466664,
              34.11737528905166
            ],
            [
              -118.20046910466664,
              34.114574928189036
            ]
          ]
        ]
      }
    },
    {
      "type": "Feature",
      "properties": {
        "layerType": "BUILDING_3D",
        "id": "NORTHEAST_BLD_161",
        "name": "Structure #161",
        "height": 9,
        "min_height": 0,
        "render_height": 9,
        "render_min_height": 0,
        "division": "Northeast Division",
        "bureau": "Central Bureau",
        "extrusionColor": "#1e293b"
      },
      "geometry": {
        "type": "Polygon",
        "coordinates": [
          [
            [
              -118.27891109119254,
              34.118537330698516
            ],
            [
              -118.27691462582898,
              34.118537330698516
            ],
            [
              -118.27691462582898,
              34.12139324668169
            ],
            [
              -118.27891109119254,
              34.12139324668169
            ],
            [
              -118.27891109119254,
              34.118537330698516
            ]
          ]
        ]
      }
    },
    {
      "type": "Feature",
      "properties": {
        "layerType": "BUILDING_3D",
        "id": "NORTHEAST_BLD_163",
        "name": "Structure #163",
        "height": 37,
        "min_height": 0,
        "render_height": 37,
        "render_min_height": 0,
        "division": "Northeast Division",
        "bureau": "Central Bureau",
        "extrusionColor": "#1e293b"
      },
      "geometry": {
        "type": "Polygon",
        "coordinates": [
          [
            [
              -118.26778914607462,
              34.118926732618384
            ],
            [
              -118.26584150934366,
              34.118926732618384
            ],
            [
              -118.26584150934366,
              34.1210927329547
            ],
            [
              -118.26778914607462,
              34.1210927329547
            ],
            [
              -118.26778914607462,
              34.118926732618384
            ]
          ]
        ]
      }
    },
    {
      "type": "Feature",
      "properties": {
        "layerType": "BUILDING_3D",
        "id": "NORTHEAST_BLD_165",
        "name": "Structure #165",
        "height": 41,
        "min_height": 0,
        "render_height": 41,
        "render_min_height": 0,
        "division": "Northeast Division",
        "bureau": "Central Bureau",
        "extrusionColor": "#0ea5e9"
      },
      "geometry": {
        "type": "Polygon",
        "coordinates": [
          [
            [
              -118.2571226046409,
              34.11841342576343
            ],
            [
              -118.25408617658957,
              34.11841342576343
            ],
            [
              -118.25408617658957,
              34.12050217477468
            ],
            [
              -118.2571226046409,
              34.12050217477468
            ],
            [
              -118.2571226046409,
              34.11841342576343
            ]
          ]
        ]
      }
    },
    {
      "type": "Feature",
      "properties": {
        "layerType": "BUILDING_3D",
        "id": "NORTHEAST_BLD_167",
        "name": "Structure #167",
        "height": 20,
        "min_height": 0,
        "render_height": 20,
        "render_min_height": 0,
        "division": "Northeast Division",
        "bureau": "Central Bureau",
        "extrusionColor": "#1e293b"
      },
      "geometry": {
        "type": "Polygon",
        "coordinates": [
          [
            [
              -118.24540337546514,
              34.1181125813667
            ],
            [
              -118.24156333965271,
              34.1181125813667
            ],
            [
              -118.24156333965271,
              34.12067941705129
            ],
            [
              -118.24540337546514,
              34.12067941705129
            ],
            [
              -118.24540337546514,
              34.1181125813667
            ]
          ]
        ]
      }
    },
    {
      "type": "Feature",
      "properties": {
        "layerType": "BUILDING_3D",
        "id": "NORTHEAST_BLD_168",
        "name": "Structure #168",
        "height": 21,
        "min_height": 0,
        "render_height": 21,
        "render_min_height": 0,
        "division": "Northeast Division",
        "bureau": "Central Bureau",
        "extrusionColor": "#1e293b"
      },
      "geometry": {
        "type": "Polygon",
        "coordinates": [
          [
            [
              -118.23970612794994,
              34.118567460120715
            ],
            [
              -118.23585587442307,
              34.118567460120715
            ],
            [
              -118.23585587442307,
              34.12097857807922
            ],
            [
              -118.23970612794994,
              34.12097857807922
            ],
            [
              -118.23970612794994,
              34.118567460120715
            ]
          ]
        ]
      }
    },
    {
      "type": "Feature",
      "properties": {
        "layerType": "BUILDING_3D",
        "id": "NORTHEAST_BLD_169",
        "name": "Structure #169",
        "height": 16,
        "min_height": 0,
        "render_height": 16,
        "render_min_height": 0,
        "division": "Northeast Division",
        "bureau": "Central Bureau",
        "extrusionColor": "#1e293b"
      },
      "geometry": {
        "type": "Polygon",
        "coordinates": [
          [
            [
              -118.23339880981892,
              34.1185092875421
            ],
            [
              -118.22978213288117,
              34.1185092875421
            ],
            [
              -118.22978213288117,
              34.12104764955324
            ],
            [
              -118.23339880981892,
              34.12104764955324
            ],
            [
              -118.23339880981892,
              34.1185092875421
            ]
          ]
        ]
      }
    },
    {
      "type": "Feature",
      "properties": {
        "layerType": "BUILDING_3D",
        "id": "NORTHEAST_BLD_170",
        "name": "Structure #170",
        "height": 18,
        "min_height": 0,
        "render_height": 18,
        "render_min_height": 0,
        "division": "Northeast Division",
        "bureau": "Central Bureau",
        "extrusionColor": "#1e293b"
      },
      "geometry": {
        "type": "Polygon",
        "coordinates": [
          [
            [
              -118.22786106868683,
              34.118635401445815
            ],
            [
              -118.22405352567013,
              34.118635401445815
            ],
            [
              -118.22405352567013,
              34.1206723872878
            ],
            [
              -118.22786106868683,
              34.1206723872878
            ],
            [
              -118.22786106868683,
              34.118635401445815
            ]
          ]
        ]
      }
    },
    {
      "type": "Feature",
      "properties": {
        "layerType": "BUILDING_3D",
        "id": "NORTHEAST_BLD_171",
        "name": "Structure #171",
        "height": 11,
        "min_height": 0,
        "render_height": 11,
        "render_min_height": 0,
        "division": "Northeast Division",
        "bureau": "Central Bureau",
        "extrusionColor": "#1e293b"
      },
      "geometry": {
        "type": "Polygon",
        "coordinates": [
          [
            [
              -118.22204689783128,
              34.11862840564857
            ],
            [
              -118.2189914190683,
              34.11862840564857
            ],
            [
              -118.2189914190683,
              34.12088297356926
            ],
            [
              -118.22204689783128,
              34.12088297356926
            ],
            [
              -118.22204689783128,
              34.11862840564857
            ]
          ]
        ]
      }
    },
    {
      "type": "Feature",
      "properties": {
        "layerType": "BUILDING_3D",
        "id": "NORTHEAST_BLD_172",
        "name": "Structure #172",
        "height": 8,
        "min_height": 0,
        "render_height": 8,
        "render_min_height": 0,
        "division": "Northeast Division",
        "bureau": "Central Bureau",
        "extrusionColor": "#1e293b"
      },
      "geometry": {
        "type": "Polygon",
        "coordinates": [
          [
            [
              -118.21643239152715,
              34.11862429718913
            ],
            [
              -118.2130505396461,
              34.11862429718913
            ],
            [
              -118.2130505396461,
              34.12008488015803
            ],
            [
              -118.21643239152715,
              34.12008488015803
            ],
            [
              -118.21643239152715,
              34.11862429718913
            ]
          ]
        ]
      }
    },
    {
      "type": "Feature",
      "properties": {
        "layerType": "BUILDING_3D",
        "id": "NORTHEAST_BLD_173",
        "name": "Structure #173",
        "height": 24,
        "min_height": 0,
        "render_height": 24,
        "render_min_height": 0,
        "division": "Northeast Division",
        "bureau": "Central Bureau",
        "extrusionColor": "#1e293b"
      },
      "geometry": {
        "type": "Polygon",
        "coordinates": [
          [
            [
              -118.2108135542163,
              34.11893654950744
            ],
            [
              -118.20862267976294,
              34.11893654950744
            ],
            [
              -118.20862267976294,
              34.12012075916567
            ],
            [
              -118.2108135542163,
              34.12012075916567
            ],
            [
              -118.2108135542163,
              34.11893654950744
            ]
          ]
        ]
      }
    },
    {
      "type": "Feature",
      "properties": {
        "layerType": "BUILDING_3D",
        "id": "NORTHEAST_BLD_174",
        "name": "Structure #174",
        "height": 18,
        "min_height": 0,
        "render_height": 18,
        "render_min_height": 0,
        "division": "Northeast Division",
        "bureau": "Central Bureau",
        "extrusionColor": "#1e293b"
      },
      "geometry": {
        "type": "Polygon",
        "coordinates": [
          [
            [
              -118.20472017573884,
              34.117469735631445
            ],
            [
              -118.20294386125148,
              34.117469735631445
            ],
            [
              -118.20294386125148,
              34.120317197118794
            ],
            [
              -118.20472017573884,
              34.120317197118794
            ],
            [
              -118.20472017573884,
              34.117469735631445
            ]
          ]
        ]
      }
    },
    {
      "type": "Feature",
      "properties": {
        "layerType": "BUILDING_3D",
        "id": "NORTHEAST_BLD_175",
        "name": "Structure #175",
        "height": 13,
        "min_height": 0,
        "render_height": 13,
        "render_min_height": 0,
        "division": "Northeast Division",
        "bureau": "Central Bureau",
        "extrusionColor": "#1e293b"
      },
      "geometry": {
        "type": "Polygon",
        "coordinates": [
          [
            [
              -118.20129539655282,
              34.11755287843413
            ],
            [
              -118.1970242043218,
              34.11755287843413
            ],
            [
              -118.1970242043218,
              34.119791857019045
            ],
            [
              -118.20129539655282,
              34.119791857019045
            ],
            [
              -118.20129539655282,
              34.11755287843413
            ]
          ]
        ]
      }
    },
    {
      "type": "Feature",
      "properties": {
        "layerType": "BUILDING_3D",
        "id": "NORTHEAST_BLD_178",
        "name": "Structure #178",
        "height": 41,
        "min_height": 0,
        "render_height": 41,
        "render_min_height": 0,
        "division": "Northeast Division",
        "bureau": "Central Bureau",
        "extrusionColor": "#0ea5e9"
      },
      "geometry": {
        "type": "Polygon",
        "coordinates": [
          [
            [
              -118.27310349703791,
              34.121537065209665
            ],
            [
              -118.26959795435832,
              34.121537065209665
            ],
            [
              -118.26959795435832,
              34.124091736104205
            ],
            [
              -118.27310349703791,
              34.124091736104205
            ],
            [
              -118.27310349703791,
              34.121537065209665
            ]
          ]
        ]
      }
    },
    {
      "type": "Feature",
      "properties": {
        "layerType": "BUILDING_3D",
        "id": "NORTHEAST_BLD_179",
        "name": "Structure #179",
        "height": 21,
        "min_height": 0,
        "render_height": 21,
        "render_min_height": 0,
        "division": "Northeast Division",
        "bureau": "Central Bureau",
        "extrusionColor": "#1e293b"
      },
      "geometry": {
        "type": "Polygon",
        "coordinates": [
          [
            [
              -118.2683194021855,
              34.12217918519515
            ],
            [
              -118.26448739584369,
              34.12217918519515
            ],
            [
              -118.26448739584369,
              34.124510060329726
            ],
            [
              -118.2683194021855,
              34.124510060329726
            ],
            [
              -118.2683194021855,
              34.12217918519515
            ]
          ]
        ]
      }
    },
    {
      "type": "Feature",
      "properties": {
        "layerType": "BUILDING_3D",
        "id": "NORTHEAST_BLD_180",
        "name": "Structure #180",
        "height": 16,
        "min_height": 0,
        "render_height": 16,
        "render_min_height": 0,
        "division": "Northeast Division",
        "bureau": "Central Bureau",
        "extrusionColor": "#1e293b"
      },
      "geometry": {
        "type": "Polygon",
        "coordinates": [
          [
            [
              -118.26173122220727,
              34.12225173493077
            ],
            [
              -118.25823490950539,
              34.12225173493077
            ],
            [
              -118.25823490950539,
              34.12478573850049
            ],
            [
              -118.26173122220727,
              34.12478573850049
            ],
            [
              -118.26173122220727,
              34.12225173493077
            ]
          ]
        ]
      }
    },
    {
      "type": "Feature",
      "properties": {
        "layerType": "BUILDING_3D",
        "id": "NORTHEAST_BLD_181",
        "name": "Structure #181",
        "height": 22,
        "min_height": 0,
        "render_height": 22,
        "render_min_height": 0,
        "division": "Northeast Division",
        "bureau": "Central Bureau",
        "extrusionColor": "#1e293b"
      },
      "geometry": {
        "type": "Polygon",
        "coordinates": [
          [
            [
              -118.25599739760383,
              34.1223465573563
            ],
            [
              -118.25219639224926,
              34.1223465573563
            ],
            [
              -118.25219639224926,
              34.124332842859026
            ],
            [
              -118.25599739760383,
              34.124332842859026
            ],
            [
              -118.25599739760383,
              34.1223465573563
            ]
          ]
        ]
      }
    },
    {
      "type": "Feature",
      "properties": {
        "layerType": "BUILDING_3D",
        "id": "NORTHEAST_BLD_182",
        "name": "Structure #182",
        "height": 23,
        "min_height": 0,
        "render_height": 23,
        "render_min_height": 0,
        "division": "Northeast Division",
        "bureau": "Central Bureau",
        "extrusionColor": "#1e293b"
      },
      "geometry": {
        "type": "Polygon",
        "coordinates": [
          [
            [
              -118.25023016396555,
              34.12220783214717
            ],
            [
              -118.24725073571146,
              34.12220783214717
            ],
            [
              -118.24725073571146,
              34.124796573564396
            ],
            [
              -118.25023016396555,
              34.124796573564396
            ],
            [
              -118.25023016396555,
              34.12220783214717
            ]
          ]
        ]
      }
    },
    {
      "type": "Feature",
      "properties": {
        "layerType": "BUILDING_3D",
        "id": "NORTHEAST_BLD_183",
        "name": "Structure #183",
        "height": 25,
        "min_height": 0,
        "render_height": 25,
        "render_min_height": 0,
        "division": "Northeast Division",
        "bureau": "Central Bureau",
        "extrusionColor": "#1e293b"
      },
      "geometry": {
        "type": "Polygon",
        "coordinates": [
          [
            [
              -118.24481325177925,
              34.12171883691235
            ],
            [
              -118.24093013965341,
              34.12171883691235
            ],
            [
              -118.24093013965341,
              34.124409219892016
            ],
            [
              -118.24481325177925,
              34.124409219892016
            ],
            [
              -118.24481325177925,
              34.12171883691235
            ]
          ]
        ]
      }
    },
    {
      "type": "Feature",
      "properties": {
        "layerType": "BUILDING_3D",
        "id": "NORTHEAST_BLD_184",
        "name": "Structure #184",
        "height": 18,
        "min_height": 0,
        "render_height": 18,
        "render_min_height": 0,
        "division": "Northeast Division",
        "bureau": "Central Bureau",
        "extrusionColor": "#1e293b"
      },
      "geometry": {
        "type": "Polygon",
        "coordinates": [
          [
            [
              -118.23992174463147,
              34.12206267037418
            ],
            [
              -118.23588617016198,
              34.12206267037418
            ],
            [
              -118.23588617016198,
              34.125029315893386
            ],
            [
              -118.23992174463147,
              34.125029315893386
            ],
            [
              -118.23992174463147,
              34.12206267037418
            ]
          ]
        ]
      }
    },
    {
      "type": "Feature",
      "properties": {
        "layerType": "BUILDING_3D",
        "id": "NORTHEAST_BLD_185",
        "name": "Structure #185",
        "height": 19,
        "min_height": 0,
        "render_height": 19,
        "render_min_height": 0,
        "division": "Northeast Division",
        "bureau": "Central Bureau",
        "extrusionColor": "#1e293b"
      },
      "geometry": {
        "type": "Polygon",
        "coordinates": [
          [
            [
              -118.23378099443873,
              34.12249876647565
            ],
            [
              -118.22933102615993,
              34.12249876647565
            ],
            [
              -118.22933102615993,
              34.12475584629181
            ],
            [
              -118.23378099443873,
              34.12475584629181
            ],
            [
              -118.23378099443873,
              34.12249876647565
            ]
          ]
        ]
      }
    },
    {
      "type": "Feature",
      "properties": {
        "layerType": "BUILDING_3D",
        "id": "NORTHEAST_BLD_186",
        "name": "Structure #186",
        "height": 11,
        "min_height": 0,
        "render_height": 11,
        "render_min_height": 0,
        "division": "Northeast Division",
        "bureau": "Central Bureau",
        "extrusionColor": "#1e293b"
      },
      "geometry": {
        "type": "Polygon",
        "coordinates": [
          [
            [
              -118.22750185028652,
              34.12269512706394
            ],
            [
              -118.22411623056227,
              34.12269512706394
            ],
            [
              -118.22411623056227,
              34.1250015057668
            ],
            [
              -118.22750185028652,
              34.1250015057668
            ],
            [
              -118.22750185028652,
              34.12269512706394
            ]
          ]
        ]
      }
    },
    {
      "type": "Feature",
      "properties": {
        "layerType": "BUILDING_3D",
        "id": "NORTHEAST_BLD_187",
        "name": "Structure #187",
        "height": 21,
        "min_height": 0,
        "render_height": 21,
        "render_min_height": 0,
        "division": "Northeast Division",
        "bureau": "Central Bureau",
        "extrusionColor": "#1e293b"
      },
      "geometry": {
        "type": "Polygon",
        "coordinates": [
          [
            [
              -118.2215823094041,
              34.122543685664226
            ],
            [
              -118.2181227413498,
              34.122543685664226
            ],
            [
              -118.2181227413498,
              34.124017642041636
            ],
            [
              -118.2215823094041,
              34.124017642041636
            ],
            [
              -118.2215823094041,
              34.122543685664226
            ]
          ]
        ]
      }
    },
    {
      "type": "Feature",
      "properties": {
        "layerType": "BUILDING_3D",
        "id": "NORTHEAST_BLD_188",
        "name": "Structure #188",
        "height": 42,
        "min_height": 0,
        "render_height": 42,
        "render_min_height": 0,
        "division": "Northeast Division",
        "bureau": "Central Bureau",
        "extrusionColor": "#0ea5e9"
      },
      "geometry": {
        "type": "Polygon",
        "coordinates": [
          [
            [
              -118.21618447150365,
              34.12203509718519
            ],
            [
              -118.21397353693754,
              34.12203509718519
            ],
            [
              -118.21397353693754,
              34.124605108739374
            ],
            [
              -118.21618447150365,
              34.124605108739374
            ],
            [
              -118.21618447150365,
              34.12203509718519
            ]
          ]
        ]
      }
    },
    {
      "type": "Feature",
      "properties": {
        "layerType": "BUILDING_3D",
        "id": "NORTHEAST_BLD_189",
        "name": "Structure #189",
        "height": 22,
        "min_height": 0,
        "render_height": 22,
        "render_min_height": 0,
        "division": "Northeast Division",
        "bureau": "Central Bureau",
        "extrusionColor": "#1e293b"
      },
      "geometry": {
        "type": "Polygon",
        "coordinates": [
          [
            [
              -118.21132235422222,
              34.12121385997046
            ],
            [
              -118.20746733689093,
              34.12121385997046
            ],
            [
              -118.20746733689093,
              34.12409447023341
            ],
            [
              -118.21132235422222,
              34.12409447023341
            ],
            [
              -118.21132235422222,
              34.12121385997046
            ]
          ]
        ]
      }
    },
    {
      "type": "Feature",
      "properties": {
        "layerType": "BUILDING_3D",
        "id": "NORTHEAST_BLD_190",
        "name": "Structure #190",
        "height": 12,
        "min_height": 0,
        "render_height": 12,
        "render_min_height": 0,
        "division": "Northeast Division",
        "bureau": "Central Bureau",
        "extrusionColor": "#1e293b"
      },
      "geometry": {
        "type": "Polygon",
        "coordinates": [
          [
            [
              -118.20692921004432,
              34.12218813922346
            ],
            [
              -118.20260829464989,
              34.12218813922346
            ],
            [
              -118.20260829464989,
              34.12487387926324
            ],
            [
              -118.20692921004432,
              34.12487387926324
            ],
            [
              -118.20692921004432,
              34.12218813922346
            ]
          ]
        ]
      }
    },
    {
      "type": "Feature",
      "properties": {
        "layerType": "BUILDING_3D",
        "id": "NORTHEAST_BLD_192",
        "name": "Structure #192",
        "height": 16,
        "min_height": 0,
        "render_height": 16,
        "render_min_height": 0,
        "division": "Northeast Division",
        "bureau": "Central Bureau",
        "extrusionColor": "#1e293b"
      },
      "geometry": {
        "type": "Polygon",
        "coordinates": [
          [
            [
              -118.19301846656654,
              34.12297977572145
            ],
            [
              -118.19064306880239,
              34.12297977572145
            ],
            [
              -118.19064306880239,
              34.12426740834219
            ],
            [
              -118.19301846656654,
              34.12426740834219
            ],
            [
              -118.19301846656654,
              34.12297977572145
            ]
          ]
        ]
      }
    },
    {
      "type": "Feature",
      "properties": {
        "layerType": "BUILDING_3D",
        "id": "NORTHEAST_BLD_193",
        "name": "Structure #193",
        "height": 33,
        "min_height": 0,
        "render_height": 33,
        "render_min_height": 0,
        "division": "Northeast Division",
        "bureau": "Central Bureau",
        "extrusionColor": "#1e293b"
      },
      "geometry": {
        "type": "Polygon",
        "coordinates": [
          [
            [
              -118.27740533641783,
              34.12550584890219
            ],
            [
              -118.27547388748671,
              34.12550584890219
            ],
            [
              -118.27547388748671,
              34.127477908712905
            ],
            [
              -118.27740533641783,
              34.127477908712905
            ],
            [
              -118.27740533641783,
              34.12550584890219
            ]
          ]
        ]
      }
    },
    {
      "type": "Feature",
      "properties": {
        "layerType": "BUILDING_3D",
        "id": "NORTHEAST_BLD_194",
        "name": "Structure #194",
        "height": 12,
        "min_height": 0,
        "render_height": 12,
        "render_min_height": 0,
        "division": "Northeast Division",
        "bureau": "Central Bureau",
        "extrusionColor": "#1e293b"
      },
      "geometry": {
        "type": "Polygon",
        "coordinates": [
          [
            [
              -118.27361622664671,
              34.125646168172864
            ],
            [
              -118.27065813693065,
              34.125646168172864
            ],
            [
              -118.27065813693065,
              34.12686404402032
            ],
            [
              -118.27361622664671,
              34.12686404402032
            ],
            [
              -118.27361622664671,
              34.125646168172864
            ]
          ]
        ]
      }
    },
    {
      "type": "Feature",
      "properties": {
        "layerType": "BUILDING_3D",
        "id": "NORTHEAST_BLD_195",
        "name": "Structure #195",
        "height": 24,
        "min_height": 0,
        "render_height": 24,
        "render_min_height": 0,
        "division": "Northeast Division",
        "bureau": "Central Bureau",
        "extrusionColor": "#1e293b"
      },
      "geometry": {
        "type": "Polygon",
        "coordinates": [
          [
            [
              -118.2677807477407,
              34.12602531607817
            ],
            [
              -118.26595393396953,
              34.12602531607817
            ],
            [
              -118.26595393396953,
              34.12757997961896
            ],
            [
              -118.2677807477407,
              34.12757997961896
            ],
            [
              -118.2677807477407,
              34.12602531607817
            ]
          ]
        ]
      }
    },
    {
      "type": "Feature",
      "properties": {
        "layerType": "BUILDING_3D",
        "id": "NORTHEAST_BLD_197",
        "name": "Structure #197",
        "height": 13,
        "min_height": 0,
        "render_height": 13,
        "render_min_height": 0,
        "division": "Northeast Division",
        "bureau": "Central Bureau",
        "extrusionColor": "#1e293b"
      },
      "geometry": {
        "type": "Polygon",
        "coordinates": [
          [
            [
              -118.25780380243883,
              34.12568708132184
            ],
            [
              -118.25359829552728,
              34.12568708132184
            ],
            [
              -118.25359829552728,
              34.12725038034341
            ],
            [
              -118.25780380243883,
              34.12725038034341
            ],
            [
              -118.25780380243883,
              34.12568708132184
            ]
          ]
        ]
      }
    },
    {
      "type": "Feature",
      "properties": {
        "layerType": "BUILDING_3D",
        "id": "NORTHEAST_BLD_199",
        "name": "Structure #199",
        "height": 25,
        "min_height": 0,
        "render_height": 25,
        "render_min_height": 0,
        "division": "Northeast Division",
        "bureau": "Central Bureau",
        "extrusionColor": "#1e293b"
      },
      "geometry": {
        "type": "Polygon",
        "coordinates": [
          [
            [
              -118.2438372245944,
              34.12498686625927
            ],
            [
              -118.24125896434715,
              34.12498686625927
            ],
            [
              -118.24125896434715,
              34.12796441217524
            ],
            [
              -118.2438372245944,
              34.12796441217524
            ],
            [
              -118.2438372245944,
              34.12498686625927
            ]
          ]
        ]
      }
    },
    {
      "type": "Feature",
      "properties": {
        "layerType": "BUILDING_3D",
        "id": "NORTHEAST_BLD_200",
        "name": "Structure #200",
        "height": 31,
        "min_height": 0,
        "render_height": 31,
        "render_min_height": 0,
        "division": "Northeast Division",
        "bureau": "Central Bureau",
        "extrusionColor": "#1e293b"
      },
      "geometry": {
        "type": "Polygon",
        "coordinates": [
          [
            [
              -118.2406447006111,
              34.12510849059156
            ],
            [
              -118.23617838173713,
              34.12510849059156
            ],
            [
              -118.23617838173713,
              34.12809165367217
            ],
            [
              -118.2406447006111,
              34.12809165367217
            ],
            [
              -118.2406447006111,
              34.12510849059156
            ]
          ]
        ]
      }
    },
    {
      "type": "Feature",
      "properties": {
        "layerType": "BUILDING_3D",
        "id": "NORTHEAST_BLD_201",
        "name": "Structure #201",
        "height": 9,
        "min_height": 0,
        "render_height": 9,
        "render_min_height": 0,
        "division": "Northeast Division",
        "bureau": "Central Bureau",
        "extrusionColor": "#1e293b"
      },
      "geometry": {
        "type": "Polygon",
        "coordinates": [
          [
            [
              -118.23483726411266,
              34.12673504943971
            ],
            [
              -118.23036251949173,
              34.12673504943971
            ],
            [
              -118.23036251949173,
              34.12847902402584
            ],
            [
              -118.23483726411266,
              34.12847902402584
            ],
            [
              -118.23483726411266,
              34.12673504943971
            ]
          ]
        ]
      }
    },
    {
      "type": "Feature",
      "properties": {
        "layerType": "BUILDING_3D",
        "id": "NORTHEAST_BLD_202",
        "name": "Structure #202",
        "height": 20,
        "min_height": 0,
        "render_height": 20,
        "render_min_height": 0,
        "division": "Northeast Division",
        "bureau": "Central Bureau",
        "extrusionColor": "#1e293b"
      },
      "geometry": {
        "type": "Polygon",
        "coordinates": [
          [
            [
              -118.22677242584044,
              34.12695682460518
            ],
            [
              -118.22415646396124,
              34.12695682460518
            ],
            [
              -118.22415646396124,
              34.12826623632379
            ],
            [
              -118.22677242584044,
              34.12826623632379
            ],
            [
              -118.22677242584044,
              34.12695682460518
            ]
          ]
        ]
      }
    },
    {
      "type": "Feature",
      "properties": {
        "layerType": "BUILDING_3D",
        "id": "NORTHEAST_BLD_203",
        "name": "Structure #203",
        "height": 39,
        "min_height": 0,
        "render_height": 39,
        "render_min_height": 0,
        "division": "Northeast Division",
        "bureau": "Central Bureau",
        "extrusionColor": "#1e293b"
      },
      "geometry": {
        "type": "Polygon",
        "coordinates": [
          [
            [
              -118.22081476309224,
              34.12542048956116
            ],
            [
              -118.21885064551431,
              34.12542048956116
            ],
            [
              -118.21885064551431,
              34.12781986977665
            ],
            [
              -118.22081476309224,
              34.12781986977665
            ],
            [
              -118.22081476309224,
              34.12542048956116
            ]
          ]
        ]
      }
    },
    {
      "type": "Feature",
      "properties": {
        "layerType": "BUILDING_3D",
        "id": "NORTHEAST_BLD_204",
        "name": "Structure #204",
        "height": 35,
        "min_height": 0,
        "render_height": 35,
        "render_min_height": 0,
        "division": "Northeast Division",
        "bureau": "Central Bureau",
        "extrusionColor": "#1e293b"
      },
      "geometry": {
        "type": "Polygon",
        "coordinates": [
          [
            [
              -118.21749426565826,
              34.12563365861736
            ],
            [
              -118.21389519533501,
              34.12563365861736
            ],
            [
              -118.21389519533501,
              34.126911400132414
            ],
            [
              -118.21749426565826,
              34.126911400132414
            ],
            [
              -118.21749426565826,
              34.12563365861736
            ]
          ]
        ]
      }
    },
    {
      "type": "Feature",
      "properties": {
        "layerType": "BUILDING_3D",
        "id": "NORTHEAST_BLD_205",
        "name": "Structure #205",
        "height": 14,
        "min_height": 0,
        "render_height": 14,
        "render_min_height": 0,
        "division": "Northeast Division",
        "bureau": "Central Bureau",
        "extrusionColor": "#1e293b"
      },
      "geometry": {
        "type": "Polygon",
        "coordinates": [
          [
            [
              -118.21154951207394,
              34.125974592714904
            ],
            [
              -118.20963289980138,
              34.125974592714904
            ],
            [
              -118.20963289980138,
              34.12831441562988
            ],
            [
              -118.21154951207394,
              34.12831441562988
            ],
            [
              -118.21154951207394,
              34.125974592714904
            ]
          ]
        ]
      }
    },
    {
      "type": "Feature",
      "properties": {
        "layerType": "BUILDING_3D",
        "id": "NORTHEAST_BLD_207",
        "name": "Structure #207",
        "height": 25,
        "min_height": 0,
        "render_height": 25,
        "render_min_height": 0,
        "division": "Northeast Division",
        "bureau": "Central Bureau",
        "extrusionColor": "#1e293b"
      },
      "geometry": {
        "type": "Polygon",
        "coordinates": [
          [
            [
              -118.2007433460319,
              34.126180711357705
            ],
            [
              -118.19801507433196,
              34.126180711357705
            ],
            [
              -118.19801507433196,
              34.12801300530627
            ],
            [
              -118.2007433460319,
              34.12801300530627
            ],
            [
              -118.2007433460319,
              34.126180711357705
            ]
          ]
        ]
      }
    },
    {
      "type": "Feature",
      "properties": {
        "layerType": "BUILDING_3D",
        "id": "NORTHEAST_BLD_209",
        "name": "Structure #209",
        "height": 19,
        "min_height": 0,
        "render_height": 19,
        "render_min_height": 0,
        "division": "Northeast Division",
        "bureau": "Central Bureau",
        "extrusionColor": "#1e293b"
      },
      "geometry": {
        "type": "Polygon",
        "coordinates": [
          [
            [
              -118.2797081347508,
              34.12916913783803
            ],
            [
              -118.27525163052927,
              34.12916913783803
            ],
            [
              -118.27525163052927,
              34.13171253247968
            ],
            [
              -118.2797081347508,
              34.13171253247968
            ],
            [
              -118.2797081347508,
              34.12916913783803
            ]
          ]
        ]
      }
    },
    {
      "type": "Feature",
      "properties": {
        "layerType": "BUILDING_3D",
        "id": "NORTHEAST_BLD_210",
        "name": "Structure #210",
        "height": 20,
        "min_height": 0,
        "render_height": 20,
        "render_min_height": 0,
        "division": "Northeast Division",
        "bureau": "Central Bureau",
        "extrusionColor": "#1e293b"
      },
      "geometry": {
        "type": "Polygon",
        "coordinates": [
          [
            [
              -118.27374629324297,
              34.13016725378117
            ],
            [
              -118.26993120128049,
              34.13016725378117
            ],
            [
              -118.26993120128049,
              34.13253635072181
            ],
            [
              -118.27374629324297,
              34.13253635072181
            ],
            [
              -118.27374629324297,
              34.13016725378117
            ]
          ]
        ]
      }
    },
    {
      "type": "Feature",
      "properties": {
        "layerType": "BUILDING_3D",
        "id": "NORTHEAST_BLD_211",
        "name": "Structure #211",
        "height": 25,
        "min_height": 0,
        "render_height": 25,
        "render_min_height": 0,
        "division": "Northeast Division",
        "bureau": "Central Bureau",
        "extrusionColor": "#1e293b"
      },
      "geometry": {
        "type": "Polygon",
        "coordinates": [
          [
            [
              -118.26662411932824,
              34.129806451189104
            ],
            [
              -118.26307047391728,
              34.129806451189104
            ],
            [
              -118.26307047391728,
              34.13221298023753
            ],
            [
              -118.26662411932824,
              34.13221298023753
            ],
            [
              -118.26662411932824,
              34.129806451189104
            ]
          ]
        ]
      }
    },
    {
      "type": "Feature",
      "properties": {
        "layerType": "BUILDING_3D",
        "id": "NORTHEAST_BLD_212",
        "name": "Structure #212",
        "height": 44,
        "min_height": 0,
        "render_height": 44,
        "render_min_height": 0,
        "division": "Northeast Division",
        "bureau": "Central Bureau",
        "extrusionColor": "#0ea5e9"
      },
      "geometry": {
        "type": "Polygon",
        "coordinates": [
          [
            [
              -118.26154032321634,
              34.129417355036004
            ],
            [
              -118.25793052964369,
              34.129417355036004
            ],
            [
              -118.25793052964369,
              34.132323200069
            ],
            [
              -118.26154032321634,
              34.132323200069
            ],
            [
              -118.26154032321634,
              34.129417355036004
            ]
          ]
        ]
      }
    },
    {
      "type": "Feature",
      "properties": {
        "layerType": "BUILDING_3D",
        "id": "NORTHEAST_BLD_213",
        "name": "Structure #213",
        "height": 25,
        "min_height": 0,
        "render_height": 25,
        "render_min_height": 0,
        "division": "Northeast Division",
        "bureau": "Central Bureau",
        "extrusionColor": "#1e293b"
      },
      "geometry": {
        "type": "Polygon",
        "coordinates": [
          [
            [
              -118.25649896744599,
              34.12970393261619
            ],
            [
              -118.2521401998965,
              34.12970393261619
            ],
            [
              -118.2521401998965,
              34.13209651386129
            ],
            [
              -118.25649896744599,
              34.13209651386129
            ],
            [
              -118.25649896744599,
              34.12970393261619
            ]
          ]
        ]
      }
    },
    {
      "type": "Feature",
      "properties": {
        "layerType": "BUILDING_3D",
        "id": "NORTHEAST_BLD_214",
        "name": "Structure #214",
        "height": 12,
        "min_height": 0,
        "render_height": 12,
        "render_min_height": 0,
        "division": "Northeast Division",
        "bureau": "Central Bureau",
        "extrusionColor": "#1e293b"
      },
      "geometry": {
        "type": "Polygon",
        "coordinates": [
          [
            [
              -118.25044410107571,
              34.129844573263185
            ],
            [
              -118.24685522920805,
              34.129844573263185
            ],
            [
              -118.24685522920805,
              34.13275477878962
            ],
            [
              -118.25044410107571,
              34.13275477878962
            ],
            [
              -118.25044410107571,
              34.129844573263185
            ]
          ]
        ]
      }
    },
    {
      "type": "Feature",
      "properties": {
        "layerType": "BUILDING_3D",
        "id": "NORTHEAST_BLD_215",
        "name": "Structure #215",
        "height": 24,
        "min_height": 0,
        "render_height": 24,
        "render_min_height": 0,
        "division": "Northeast Division",
        "bureau": "Central Bureau",
        "extrusionColor": "#1e293b"
      },
      "geometry": {
        "type": "Polygon",
        "coordinates": [
          [
            [
              -118.24460814010523,
              34.13010500545249
            ],
            [
              -118.24024283181556,
              34.13010500545249
            ],
            [
              -118.24024283181556,
              34.13167312453969
            ],
            [
              -118.24460814010523,
              34.13167312453969
            ],
            [
              -118.24460814010523,
              34.13010500545249
            ]
          ]
        ]
      }
    },
    {
      "type": "Feature",
      "properties": {
        "layerType": "BUILDING_3D",
        "id": "NORTHEAST_BLD_216",
        "name": "Structure #216",
        "height": 37,
        "min_height": 0,
        "render_height": 37,
        "render_min_height": 0,
        "division": "Northeast Division",
        "bureau": "Central Bureau",
        "extrusionColor": "#1e293b"
      },
      "geometry": {
        "type": "Polygon",
        "coordinates": [
          [
            [
              -118.23859249182127,
              34.129885563726866
            ],
            [
              -118.23624031319048,
              34.129885563726866
            ],
            [
              -118.23624031319048,
              34.13272076511543
            ],
            [
              -118.23859249182127,
              34.13272076511543
            ],
            [
              -118.23859249182127,
              34.129885563726866
            ]
          ]
        ]
      }
    },
    {
      "type": "Feature",
      "properties": {
        "layerType": "BUILDING_3D",
        "id": "NORTHEAST_BLD_217",
        "name": "Structure #217",
        "height": 17,
        "min_height": 0,
        "render_height": 17,
        "render_min_height": 0,
        "division": "Northeast Division",
        "bureau": "Central Bureau",
        "extrusionColor": "#1e293b"
      },
      "geometry": {
        "type": "Polygon",
        "coordinates": [
          [
            [
              -118.2332966544097,
              34.12875452970309
            ],
            [
              -118.22904385232685,
              34.12875452970309
            ],
            [
              -118.22904385232685,
              34.13170446083643
            ],
            [
              -118.2332966544097,
              34.13170446083643
            ],
            [
              -118.2332966544097,
              34.12875452970309
            ]
          ]
        ]
      }
    },
    {
      "type": "Feature",
      "properties": {
        "layerType": "BUILDING_3D",
        "id": "NORTHEAST_BLD_218",
        "name": "Structure #218",
        "height": 37,
        "min_height": 0,
        "render_height": 37,
        "render_min_height": 0,
        "division": "Northeast Division",
        "bureau": "Central Bureau",
        "extrusionColor": "#1e293b"
      },
      "geometry": {
        "type": "Polygon",
        "coordinates": [
          [
            [
              -118.22936820544537,
              34.13019266278413
            ],
            [
              -118.22494330874535,
              34.13019266278413
            ],
            [
              -118.22494330874535,
              34.13229365943756
            ],
            [
              -118.22936820544537,
              34.13229365943756
            ],
            [
              -118.22936820544537,
              34.13019266278413
            ]
          ]
        ]
      }
    },
    {
      "type": "Feature",
      "properties": {
        "layerType": "BUILDING_3D",
        "id": "NORTHEAST_BLD_219",
        "name": "Structure #219",
        "height": 17,
        "min_height": 0,
        "render_height": 17,
        "render_min_height": 0,
        "division": "Northeast Division",
        "bureau": "Central Bureau",
        "extrusionColor": "#1e293b"
      },
      "geometry": {
        "type": "Polygon",
        "coordinates": [
          [
            [
              -118.2215860058238,
              34.130169771374874
            ],
            [
              -118.21843451084366,
              34.130169771374874
            ],
            [
              -118.21843451084366,
              34.13250011843848
            ],
            [
              -118.2215860058238,
              34.13250011843848
            ],
            [
              -118.2215860058238,
              34.130169771374874
            ]
          ]
        ]
      }
    },
    {
      "type": "Feature",
      "properties": {
        "layerType": "BUILDING_3D",
        "id": "NORTHEAST_BLD_220",
        "name": "Structure #220",
        "height": 39,
        "min_height": 0,
        "render_height": 39,
        "render_min_height": 0,
        "division": "Northeast Division",
        "bureau": "Central Bureau",
        "extrusionColor": "#1e293b"
      },
      "geometry": {
        "type": "Polygon",
        "coordinates": [
          [
            [
              -118.21599534293769,
              34.12960153194994
            ],
            [
              -118.21249982234228,
              34.12960153194994
            ],
            [
              -118.21249982234228,
              34.131710062695554
            ],
            [
              -118.21599534293769,
              34.131710062695554
            ],
            [
              -118.21599534293769,
              34.12960153194994
            ]
          ]
        ]
      }
    },
    {
      "type": "Feature",
      "properties": {
        "layerType": "BUILDING_3D",
        "id": "NORTHEAST_BLD_221",
        "name": "Structure #221",
        "height": 35,
        "min_height": 0,
        "render_height": 35,
        "render_min_height": 0,
        "division": "Northeast Division",
        "bureau": "Central Bureau",
        "extrusionColor": "#1e293b"
      },
      "geometry": {
        "type": "Polygon",
        "coordinates": [
          [
            [
              -118.2112227020751,
              34.130126494627035
            ],
            [
              -118.20805990595667,
              34.130126494627035
            ],
            [
              -118.20805990595667,
              34.131552060674736
            ],
            [
              -118.2112227020751,
              34.131552060674736
            ],
            [
              -118.2112227020751,
              34.130126494627035
            ]
          ]
        ]
      }
    },
    {
      "type": "Feature",
      "properties": {
        "layerType": "BUILDING_3D",
        "id": "NORTHEAST_BLD_222",
        "name": "Structure #222",
        "height": 14,
        "min_height": 0,
        "render_height": 14,
        "render_min_height": 0,
        "division": "Northeast Division",
        "bureau": "Central Bureau",
        "extrusionColor": "#1e293b"
      },
      "geometry": {
        "type": "Polygon",
        "coordinates": [
          [
            [
              -118.20481025805945,
              34.12948955976275
            ],
            [
              -118.20267190898788,
              34.12948955976275
            ],
            [
              -118.20267190898788,
              34.13183408943025
            ],
            [
              -118.20481025805945,
              34.13183408943025
            ],
            [
              -118.20481025805945,
              34.12948955976275
            ]
          ]
        ]
      }
    },
    {
      "type": "Feature",
      "properties": {
        "layerType": "BUILDING_3D",
        "id": "NORTHEAST_BLD_223",
        "name": "Structure #223",
        "height": 12,
        "min_height": 0,
        "render_height": 12,
        "render_min_height": 0,
        "division": "Northeast Division",
        "bureau": "Central Bureau",
        "extrusionColor": "#1e293b"
      },
      "geometry": {
        "type": "Polygon",
        "coordinates": [
          [
            [
              -118.20014066035587,
              34.12923359986181
            ],
            [
              -118.19662386585462,
              34.12923359986181
            ],
            [
              -118.19662386585462,
              34.130997305814525
            ],
            [
              -118.20014066035587,
              34.130997305814525
            ],
            [
              -118.20014066035587,
              34.12923359986181
            ]
          ]
        ]
      }
    },
    {
      "type": "Feature",
      "properties": {
        "layerType": "BUILDING_3D",
        "id": "NORTHEAST_BLD_224",
        "name": "Structure #224",
        "height": 20,
        "min_height": 0,
        "render_height": 20,
        "render_min_height": 0,
        "division": "Northeast Division",
        "bureau": "Central Bureau",
        "extrusionColor": "#1e293b"
      },
      "geometry": {
        "type": "Polygon",
        "coordinates": [
          [
            [
              -118.19489960020728,
              34.13003293603895
            ],
            [
              -118.19225404127822,
              34.13003293603895
            ],
            [
              -118.19225404127822,
              34.13166831142903
            ],
            [
              -118.19489960020728,
              34.13166831142903
            ],
            [
              -118.19489960020728,
              34.13003293603895
            ]
          ]
        ]
      }
    },
    {
      "type": "Feature",
      "properties": {
        "layerType": "BUILDING_3D",
        "id": "NORTHEAST_BLD_226",
        "name": "Structure #226",
        "height": 19,
        "min_height": 0,
        "render_height": 19,
        "render_min_height": 0,
        "division": "Northeast Division",
        "bureau": "Central Bureau",
        "extrusionColor": "#1e293b"
      },
      "geometry": {
        "type": "Polygon",
        "coordinates": [
          [
            [
              -118.27374190178841,
              34.1331798534492
            ],
            [
              -118.2701002039251,
              34.1331798534492
            ],
            [
              -118.2701002039251,
              34.134886747174924
            ],
            [
              -118.27374190178841,
              34.134886747174924
            ],
            [
              -118.27374190178841,
              34.1331798534492
            ]
          ]
        ]
      }
    },
    {
      "type": "Feature",
      "properties": {
        "layerType": "BUILDING_3D",
        "id": "NORTHEAST_BLD_227",
        "name": "Structure #227",
        "height": 23,
        "min_height": 0,
        "render_height": 23,
        "render_min_height": 0,
        "division": "Northeast Division",
        "bureau": "Central Bureau",
        "extrusionColor": "#1e293b"
      },
      "geometry": {
        "type": "Polygon",
        "coordinates": [
          [
            [
              -118.2677302198262,
              34.1335139277731
            ],
            [
              -118.26516987923762,
              34.1335139277731
            ],
            [
              -118.26516987923762,
              34.13582054994776
            ],
            [
              -118.2677302198262,
              34.13582054994776
            ],
            [
              -118.2677302198262,
              34.1335139277731
            ]
          ]
        ]
      }
    },
    {
      "type": "Feature",
      "properties": {
        "layerType": "BUILDING_3D",
        "id": "NORTHEAST_BLD_228",
        "name": "Structure #228",
        "height": 16,
        "min_height": 0,
        "render_height": 16,
        "render_min_height": 0,
        "division": "Northeast Division",
        "bureau": "Central Bureau",
        "extrusionColor": "#1e293b"
      },
      "geometry": {
        "type": "Polygon",
        "coordinates": [
          [
            [
              -118.26160410834034,
              34.1327349218102
            ],
            [
              -118.25814417507836,
              34.1327349218102
            ],
            [
              -118.25814417507836,
              34.13544610815097
            ],
            [
              -118.26160410834034,
              34.13544610815097
            ],
            [
              -118.26160410834034,
              34.1327349218102
            ]
          ]
        ]
      }
    },
    {
      "type": "Feature",
      "properties": {
        "layerType": "BUILDING_3D",
        "id": "NORTHEAST_BLD_229",
        "name": "Structure #229",
        "height": 20,
        "min_height": 0,
        "render_height": 20,
        "render_min_height": 0,
        "division": "Northeast Division",
        "bureau": "Central Bureau",
        "extrusionColor": "#1e293b"
      },
      "geometry": {
        "type": "Polygon",
        "coordinates": [
          [
            [
              -118.25714761728472,
              34.13354375014496
            ],
            [
              -118.25308083777355,
              34.13354375014496
            ],
            [
              -118.25308083777355,
              34.13559684533448
            ],
            [
              -118.25714761728472,
              34.13559684533448
            ],
            [
              -118.25714761728472,
              34.13354375014496
            ]
          ]
        ]
      }
    },
    {
      "type": "Feature",
      "properties": {
        "layerType": "BUILDING_3D",
        "id": "NORTHEAST_BLD_230",
        "name": "Structure #230",
        "height": 19,
        "min_height": 0,
        "render_height": 19,
        "render_min_height": 0,
        "division": "Northeast Division",
        "bureau": "Central Bureau",
        "extrusionColor": "#1e293b"
      },
      "geometry": {
        "type": "Polygon",
        "coordinates": [
          [
            [
              -118.25030937478256,
              34.13369961620663
            ],
            [
              -118.24722973199827,
              34.13369961620663
            ],
            [
              -118.24722973199827,
              34.13608828193861
            ],
            [
              -118.25030937478256,
              34.13608828193861
            ],
            [
              -118.25030937478256,
              34.13369961620663
            ]
          ]
        ]
      }
    },
    {
      "type": "Feature",
      "properties": {
        "layerType": "BUILDING_3D",
        "id": "NORTHEAST_BLD_231",
        "name": "Structure #231",
        "height": 24,
        "min_height": 0,
        "render_height": 24,
        "render_min_height": 0,
        "division": "Northeast Division",
        "bureau": "Central Bureau",
        "extrusionColor": "#1e293b"
      },
      "geometry": {
        "type": "Polygon",
        "coordinates": [
          [
            [
              -118.24445057569007,
              34.13318413542682
            ],
            [
              -118.24086757709209,
              34.13318413542682
            ],
            [
              -118.24086757709209,
              34.13555081687641
            ],
            [
              -118.24445057569007,
              34.13555081687641
            ],
            [
              -118.24445057569007,
              34.13318413542682
            ]
          ]
        ]
      }
    },
    {
      "type": "Feature",
      "properties": {
        "layerType": "BUILDING_3D",
        "id": "NORTHEAST_BLD_232",
        "name": "Structure #232",
        "height": 14,
        "min_height": 0,
        "render_height": 14,
        "render_min_height": 0,
        "division": "Northeast Division",
        "bureau": "Central Bureau",
        "extrusionColor": "#1e293b"
      },
      "geometry": {
        "type": "Polygon",
        "coordinates": [
          [
            [
              -118.23959879685977,
              34.13319311172884
            ],
            [
              -118.23604877468539,
              34.13319311172884
            ],
            [
              -118.23604877468539,
              34.136078753442334
            ],
            [
              -118.23959879685977,
              34.136078753442334
            ],
            [
              -118.23959879685977,
              34.13319311172884
            ]
          ]
        ]
      }
    },
    {
      "type": "Feature",
      "properties": {
        "layerType": "BUILDING_3D",
        "id": "NORTHEAST_BLD_233",
        "name": "Structure #233",
        "height": 25,
        "min_height": 0,
        "render_height": 25,
        "render_min_height": 0,
        "division": "Northeast Division",
        "bureau": "Central Bureau",
        "extrusionColor": "#1e293b"
      },
      "geometry": {
        "type": "Polygon",
        "coordinates": [
          [
            [
              -118.23396033240672,
              34.133704194621394
            ],
            [
              -118.22963186983651,
              34.133704194621394
            ],
            [
              -118.22963186983651,
              34.13553249569794
            ],
            [
              -118.23396033240672,
              34.13553249569794
            ],
            [
              -118.23396033240672,
              34.133704194621394
            ]
          ]
        ]
      }
    },
    {
      "type": "Feature",
      "properties": {
        "layerType": "BUILDING_3D",
        "id": "NORTHEAST_BLD_234",
        "name": "Structure #234",
        "height": 16,
        "min_height": 0,
        "render_height": 16,
        "render_min_height": 0,
        "division": "Northeast Division",
        "bureau": "Central Bureau",
        "extrusionColor": "#1e293b"
      },
      "geometry": {
        "type": "Polygon",
        "coordinates": [
          [
            [
              -118.2275687080679,
              34.13356690397869
            ],
            [
              -118.2248262564531,
              34.13356690397869
            ],
            [
              -118.2248262564531,
              34.13650012276288
            ],
            [
              -118.2275687080679,
              34.13650012276288
            ],
            [
              -118.2275687080679,
              34.13356690397869
            ]
          ]
        ]
      }
    },
    {
      "type": "Feature",
      "properties": {
        "layerType": "BUILDING_3D",
        "id": "NORTHEAST_BLD_235",
        "name": "Structure #235",
        "height": 15,
        "min_height": 0,
        "render_height": 15,
        "render_min_height": 0,
        "division": "Northeast Division",
        "bureau": "Central Bureau",
        "extrusionColor": "#1e293b"
      },
      "geometry": {
        "type": "Polygon",
        "coordinates": [
          [
            [
              -118.22214964403196,
              34.13317756097333
            ],
            [
              -118.21774981585568,
              34.13317756097333
            ],
            [
              -118.21774981585568,
              34.13519772074914
            ],
            [
              -118.22214964403196,
              34.13519772074914
            ],
            [
              -118.22214964403196,
              34.13317756097333
            ]
          ]
        ]
      }
    },
    {
      "type": "Feature",
      "properties": {
        "layerType": "BUILDING_3D",
        "id": "NORTHEAST_BLD_236",
        "name": "Structure #236",
        "height": 44,
        "min_height": 0,
        "render_height": 44,
        "render_min_height": 0,
        "division": "Northeast Division",
        "bureau": "Central Bureau",
        "extrusionColor": "#0ea5e9"
      },
      "geometry": {
        "type": "Polygon",
        "coordinates": [
          [
            [
              -118.21710865854,
              34.13414086209383
            ],
            [
              -118.2140784188763,
              34.13414086209383
            ],
            [
              -118.2140784188763,
              34.13600228796088
            ],
            [
              -118.21710865854,
              34.13600228796088
            ],
            [
              -118.21710865854,
              34.13414086209383
            ]
          ]
        ]
      }
    },
    {
      "type": "Feature",
      "properties": {
        "layerType": "BUILDING_3D",
        "id": "NORTHEAST_BLD_237",
        "name": "Structure #237",
        "height": 24,
        "min_height": 0,
        "render_height": 24,
        "render_min_height": 0,
        "division": "Northeast Division",
        "bureau": "Central Bureau",
        "extrusionColor": "#1e293b"
      },
      "geometry": {
        "type": "Polygon",
        "coordinates": [
          [
            [
              -118.21003870685925,
              34.13346407297261
            ],
            [
              -118.20724656805868,
              34.13346407297261
            ],
            [
              -118.20724656805868,
              34.13521818266869
            ],
            [
              -118.21003870685925,
              34.13521818266869
            ],
            [
              -118.21003870685925,
              34.13346407297261
            ]
          ]
        ]
      }
    },
    {
      "type": "Feature",
      "properties": {
        "layerType": "BUILDING_3D",
        "id": "NORTHEAST_BLD_238",
        "name": "Structure #238",
        "height": 42,
        "min_height": 0,
        "render_height": 42,
        "render_min_height": 0,
        "division": "Northeast Division",
        "bureau": "Central Bureau",
        "extrusionColor": "#0ea5e9"
      },
      "geometry": {
        "type": "Polygon",
        "coordinates": [
          [
            [
              -118.20542889054109,
              34.13276773410572
            ],
            [
              -118.20279772599697,
              34.13276773410572
            ],
            [
              -118.20279772599697,
              34.13566054728155
            ],
            [
              -118.20542889054109,
              34.13566054728155
            ],
            [
              -118.20542889054109,
              34.13276773410572
            ]
          ]
        ]
      }
    },
    {
      "type": "Feature",
      "properties": {
        "layerType": "BUILDING_3D",
        "id": "NORTHEAST_BLD_239",
        "name": "Structure #239",
        "height": 22,
        "min_height": 0,
        "render_height": 22,
        "render_min_height": 0,
        "division": "Northeast Division",
        "bureau": "Central Bureau",
        "extrusionColor": "#1e293b"
      },
      "geometry": {
        "type": "Polygon",
        "coordinates": [
          [
            [
              -118.20084839884142,
              34.13322256889443
            ],
            [
              -118.19650917907767,
              34.13322256889443
            ],
            [
              -118.19650917907767,
              34.1350340066193
            ],
            [
              -118.20084839884142,
              34.1350340066193
            ],
            [
              -118.20084839884142,
              34.13322256889443
            ]
          ]
        ]
      }
    },
    {
      "type": "Feature",
      "properties": {
        "layerType": "BUILDING_3D",
        "id": "NORTHEAST_BLD_240",
        "name": "Structure #240",
        "height": 21,
        "min_height": 0,
        "render_height": 21,
        "render_min_height": 0,
        "division": "Northeast Division",
        "bureau": "Central Bureau",
        "extrusionColor": "#1e293b"
      },
      "geometry": {
        "type": "Polygon",
        "coordinates": [
          [
            [
              -118.19454114665835,
              34.13369620129228
            ],
            [
              -118.19182399007106,
              34.13369620129228
            ],
            [
              -118.19182399007106,
              34.13638229978905
            ],
            [
              -118.19454114665835,
              34.13638229978905
            ],
            [
              -118.19454114665835,
              34.13369620129228
            ]
          ]
        ]
      }
    },
    {
      "type": "Feature",
      "properties": {
        "layerType": "BUILDING_3D",
        "id": "NORTHEAST_BLD_241",
        "name": "Structure #241",
        "height": 11,
        "min_height": 0,
        "render_height": 11,
        "render_min_height": 0,
        "division": "Northeast Division",
        "bureau": "Central Bureau",
        "extrusionColor": "#1e293b"
      },
      "geometry": {
        "type": "Polygon",
        "coordinates": [
          [
            [
              -118.27820569806157,
              34.136640140604904
            ],
            [
              -118.27417655031643,
              34.136640140604904
            ],
            [
              -118.27417655031643,
              34.139208159754894
            ],
            [
              -118.27820569806157,
              34.139208159754894
            ],
            [
              -118.27820569806157,
              34.136640140604904
            ]
          ]
        ]
      }
    },
    {
      "type": "Feature",
      "properties": {
        "layerType": "BUILDING_3D",
        "id": "NORTHEAST_BLD_242",
        "name": "Structure #242",
        "height": 34,
        "min_height": 0,
        "render_height": 34,
        "render_min_height": 0,
        "division": "Northeast Division",
        "bureau": "Central Bureau",
        "extrusionColor": "#1e293b"
      },
      "geometry": {
        "type": "Polygon",
        "coordinates": [
          [
            [
              -118.27378978909266,
              34.13789486066962
            ],
            [
              -118.26993776036767,
              34.13789486066962
            ],
            [
              -118.26993776036767,
              34.13935289692522
            ],
            [
              -118.27378978909266,
              34.13935289692522
            ],
            [
              -118.27378978909266,
              34.13789486066962
            ]
          ]
        ]
      }
    },
    {
      "type": "Feature",
      "properties": {
        "layerType": "BUILDING_3D",
        "id": "NORTHEAST_BLD_243",
        "name": "Structure #243",
        "height": 13,
        "min_height": 0,
        "render_height": 13,
        "render_min_height": 0,
        "division": "Northeast Division",
        "bureau": "Central Bureau",
        "extrusionColor": "#1e293b"
      },
      "geometry": {
        "type": "Polygon",
        "coordinates": [
          [
            [
              -118.26628270899558,
              34.13711479279536
            ],
            [
              -118.26409565461218,
              34.13711479279536
            ],
            [
              -118.26409565461218,
              34.13994403784463
            ],
            [
              -118.26628270899558,
              34.13994403784463
            ],
            [
              -118.26628270899558,
              34.13711479279536
            ]
          ]
        ]
      }
    },
    {
      "type": "Feature",
      "properties": {
        "layerType": "BUILDING_3D",
        "id": "NORTHEAST_BLD_244",
        "name": "Structure #244",
        "height": 14,
        "min_height": 0,
        "render_height": 14,
        "render_min_height": 0,
        "division": "Northeast Division",
        "bureau": "Central Bureau",
        "extrusionColor": "#1e293b"
      },
      "geometry": {
        "type": "Polygon",
        "coordinates": [
          [
            [
              -118.26182781080696,
              34.13677967422133
            ],
            [
              -118.25758394323306,
              34.13677967422133
            ],
            [
              -118.25758394323306,
              34.138503183787634
            ],
            [
              -118.26182781080696,
              34.138503183787634
            ],
            [
              -118.26182781080696,
              34.13677967422133
            ]
          ]
        ]
      }
    },
    {
      "type": "Feature",
      "properties": {
        "layerType": "BUILDING_3D",
        "id": "NORTHEAST_BLD_245",
        "name": "Structure #245",
        "height": 10,
        "min_height": 0,
        "render_height": 10,
        "render_min_height": 0,
        "division": "Northeast Division",
        "bureau": "Central Bureau",
        "extrusionColor": "#1e293b"
      },
      "geometry": {
        "type": "Polygon",
        "coordinates": [
          [
            [
              -118.256705488668,
              34.137847076007304
            ],
            [
              -118.25412022431856,
              34.137847076007304
            ],
            [
              -118.25412022431856,
              34.13962971607154
            ],
            [
              -118.256705488668,
              34.13962971607154
            ],
            [
              -118.256705488668,
              34.137847076007304
            ]
          ]
        ]
      }
    },
    {
      "type": "Feature",
      "properties": {
        "layerType": "BUILDING_3D",
        "id": "NORTHEAST_BLD_247",
        "name": "Structure #247",
        "height": 34,
        "min_height": 0,
        "render_height": 34,
        "render_min_height": 0,
        "division": "Northeast Division",
        "bureau": "Central Bureau",
        "extrusionColor": "#1e293b"
      },
      "geometry": {
        "type": "Polygon",
        "coordinates": [
          [
            [
              -118.24488143708069,
              34.136952637018126
            ],
            [
              -118.24280713996018,
              34.136952637018126
            ],
            [
              -118.24280713996018,
              34.13884958708465
            ],
            [
              -118.24488143708069,
              34.13884958708465
            ],
            [
              -118.24488143708069,
              34.136952637018126
            ]
          ]
        ]
      }
    },
    {
      "type": "Feature",
      "properties": {
        "layerType": "BUILDING_3D",
        "id": "NORTHEAST_BLD_248",
        "name": "Structure #248",
        "height": 13,
        "min_height": 0,
        "render_height": 13,
        "render_min_height": 0,
        "division": "Northeast Division",
        "bureau": "Central Bureau",
        "extrusionColor": "#1e293b"
      },
      "geometry": {
        "type": "Polygon",
        "coordinates": [
          [
            [
              -118.23957104447281,
              34.13698375643192
            ],
            [
              -118.23672561937302,
              34.13698375643192
            ],
            [
              -118.23672561937302,
              34.1381788271633
            ],
            [
              -118.23957104447281,
              34.1381788271633
            ],
            [
              -118.23957104447281,
              34.13698375643192
            ]
          ]
        ]
      }
    },
    {
      "type": "Feature",
      "properties": {
        "layerType": "BUILDING_3D",
        "id": "NORTHEAST_BLD_249",
        "name": "Structure #249",
        "height": 14,
        "min_height": 0,
        "render_height": 14,
        "render_min_height": 0,
        "division": "Northeast Division",
        "bureau": "Central Bureau",
        "extrusionColor": "#1e293b"
      },
      "geometry": {
        "type": "Polygon",
        "coordinates": [
          [
            [
              -118.23389936535213,
              34.137121441211335
            ],
            [
              -118.23210675925506,
              34.137121441211335
            ],
            [
              -118.23210675925506,
              34.138863678895106
            ],
            [
              -118.23389936535213,
              34.138863678895106
            ],
            [
              -118.23389936535213,
              34.137121441211335
            ]
          ]
        ]
      }
    },
    {
      "type": "Feature",
      "properties": {
        "layerType": "BUILDING_3D",
        "id": "NORTHEAST_BLD_251",
        "name": "Structure #251",
        "height": 15,
        "min_height": 0,
        "render_height": 15,
        "render_min_height": 0,
        "division": "Northeast Division",
        "bureau": "Central Bureau",
        "extrusionColor": "#1e293b"
      },
      "geometry": {
        "type": "Polygon",
        "coordinates": [
          [
            [
              -118.22334884868793,
              34.136569032954284
            ],
            [
              -118.22060798155677,
              34.136569032954284
            ],
            [
              -118.22060798155677,
              34.139168547339764
            ],
            [
              -118.22334884868793,
              34.139168547339764
            ],
            [
              -118.22334884868793,
              34.136569032954284
            ]
          ]
        ]
      }
    },
    {
      "type": "Feature",
      "properties": {
        "layerType": "BUILDING_3D",
        "id": "NORTHEAST_BLD_253",
        "name": "Structure #253",
        "height": 15,
        "min_height": 0,
        "render_height": 15,
        "render_min_height": 0,
        "division": "Northeast Division",
        "bureau": "Central Bureau",
        "extrusionColor": "#1e293b"
      },
      "geometry": {
        "type": "Polygon",
        "coordinates": [
          [
            [
              -118.21137186621276,
              34.137472992506204
            ],
            [
              -118.20856774637737,
              34.137472992506204
            ],
            [
              -118.20856774637737,
              34.13963623051056
            ],
            [
              -118.21137186621276,
              34.13963623051056
            ],
            [
              -118.21137186621276,
              34.137472992506204
            ]
          ]
        ]
      }
    },
    {
      "type": "Feature",
      "properties": {
        "layerType": "BUILDING_3D",
        "id": "NORTHEAST_BLD_254",
        "name": "Structure #254",
        "height": 23,
        "min_height": 0,
        "render_height": 23,
        "render_min_height": 0,
        "division": "Northeast Division",
        "bureau": "Central Bureau",
        "extrusionColor": "#1e293b"
      },
      "geometry": {
        "type": "Polygon",
        "coordinates": [
          [
            [
              -118.2050405112407,
              34.1370191371766
            ],
            [
              -118.20179565423416,
              34.1370191371766
            ],
            [
              -118.20179565423416,
              34.13892192398114
            ],
            [
              -118.2050405112407,
              34.13892192398114
            ],
            [
              -118.2050405112407,
              34.1370191371766
            ]
          ]
        ]
      }
    },
    {
      "type": "Feature",
      "properties": {
        "layerType": "BUILDING_3D",
        "id": "NORTHEAST_BLD_255",
        "name": "Structure #255",
        "height": 15,
        "min_height": 0,
        "render_height": 15,
        "render_min_height": 0,
        "division": "Northeast Division",
        "bureau": "Central Bureau",
        "extrusionColor": "#1e293b"
      },
      "geometry": {
        "type": "Polygon",
        "coordinates": [
          [
            [
              -118.2000962942351,
              34.13681386824241
            ],
            [
              -118.19724211402828,
              34.13681386824241
            ],
            [
              -118.19724211402828,
              34.13959731256456
            ],
            [
              -118.2000962942351,
              34.13959731256456
            ],
            [
              -118.2000962942351,
              34.13681386824241
            ]
          ]
        ]
      }
    },
    {
      "type": "Feature",
      "properties": {
        "layerType": "BUILDING_3D",
        "id": "NORTHEAST_BLD_256",
        "name": "Structure #256",
        "height": 13,
        "min_height": 0,
        "render_height": 13,
        "render_min_height": 0,
        "division": "Northeast Division",
        "bureau": "Central Bureau",
        "extrusionColor": "#1e293b"
      },
      "geometry": {
        "type": "Polygon",
        "coordinates": [
          [
            [
              -118.19477919763638,
              34.13703319002285
            ],
            [
              -118.19060403115317,
              34.13703319002285
            ],
            [
              -118.19060403115317,
              34.13896126886442
            ],
            [
              -118.19477919763638,
              34.13896126886442
            ],
            [
              -118.19477919763638,
              34.13703319002285
            ]
          ]
        ]
      }
    }
  ]
}