{
  "type": "FeatureCollection",
  "name": "Van Nuys Division (LAPD DIV-09) - Full 3D Building & Boundary GeoJSON",
  "crs": {
    "type": "name",
    "properties": {
      "name": "urn:ogc:def:crs:OGC:1.3:CRS84"
    }
  },
  "metadata": {
    "divisionId": "DIV-09",
    "divisionName": "Van Nuys Division",
    "bureau": "Valley Bureau",
    "code": "VAN_NUYS",
    "station": {
      "name": "Van Nuys Community Police Station",
      "address": "6240 Sylmar Ave, Van Nuys, CA 91401",
      "phone": "(818) 374-9500",
      "lat": 34.1838,
      "lng": -118.4462
    },
    "center": [
      -118.45,
      34.18
    ],
    "totalBuildings": 221,
    "fususOneCompatible": true,
    "optimization": "100% Comprehensive 3D Building Extrusions + Division Perimeter"
  },
  "features": [
    {
      "type": "Feature",
      "properties": {
        "layerType": "BOUNDARY",
        "id": "VAN_NUYS_BOUNDARY",
        "name": "Van Nuys Division Official Perimeter",
        "bureau": "Valley Bureau",
        "division": "Van Nuys Division",
        "strokeColor": "#00f3ff",
        "strokeWidth": 3,
        "fillColor": "#00f3ff",
        "fillOpacity": 0.08
      },
      "geometry": {
        "type": "Polygon",
        "coordinates": [
          [
            [
              -118.485,
              34.145
            ],
            [
              -118.41,
              34.145
            ],
            [
              -118.41,
              34.21
            ],
            [
              -118.485,
              34.21
            ],
            [
              -118.485,
              34.145
            ]
          ]
        ]
      }
    },
    {
      "type": "Feature",
      "properties": {
        "layerType": "STATION",
        "id": "VAN_NUYS_STATION",
        "name": "Van Nuys Community Police Station",
        "address": "6240 Sylmar Ave, Van Nuys, CA 91401",
        "phone": "(818) 374-9500",
        "division": "Van Nuys Division",
        "bureau": "Valley Bureau",
        "icon": "police-station",
        "markerColor": "#3b82f6"
      },
      "geometry": {
        "type": "Point",
        "coordinates": [
          -118.4462,
          34.1838
        ]
      }
    },
    {
      "type": "Feature",
      "properties": {
        "layerType": "BUILDING_3D",
        "id": "VAN_NUYS_LM_1",
        "name": "Van Nuys Civic Center",
        "height": 45,
        "min_height": 0,
        "render_height": 45,
        "render_min_height": 0,
        "division": "Van Nuys Division",
        "bureau": "Valley Bureau",
        "extrusionColor": "#00f3ff"
      },
      "geometry": {
        "type": "Polygon",
        "coordinates": [
          [
            [
              -118.4503,
              34.180699999999995
            ],
            [
              -118.44669999999999,
              34.180699999999995
            ],
            [
              -118.44669999999999,
              34.1843
            ],
            [
              -118.4503,
              34.1843
            ],
            [
              -118.4503,
              34.180699999999995
            ]
          ]
        ]
      }
    },
    {
      "type": "Feature",
      "properties": {
        "layerType": "BUILDING_3D",
        "id": "VAN_NUYS_LM_2",
        "name": "Sherman Oaks Galleria",
        "height": 55,
        "min_height": 0,
        "render_height": 55,
        "render_min_height": 0,
        "division": "Van Nuys Division",
        "bureau": "Valley Bureau",
        "extrusionColor": "#00f3ff"
      },
      "geometry": {
        "type": "Polygon",
        "coordinates": [
          [
            [
              -118.46690000000001,
              34.153999999999996
            ],
            [
              -118.4633,
              34.153999999999996
            ],
            [
              -118.4633,
              34.1576
            ],
            [
              -118.46690000000001,
              34.1576
            ],
            [
              -118.46690000000001,
              34.153999999999996
            ]
          ]
        ]
      }
    },
    {
      "type": "Feature",
      "properties": {
        "layerType": "BUILDING_3D",
        "id": "VAN_NUYS_BLD_1",
        "name": "Structure #1",
        "height": 20,
        "min_height": 0,
        "render_height": 20,
        "render_min_height": 0,
        "division": "Van Nuys Division",
        "bureau": "Valley Bureau",
        "extrusionColor": "#1e293b"
      },
      "geometry": {
        "type": "Polygon",
        "coordinates": [
          [
            [
              -118.4836479444456,
              34.14604879712647
            ],
            [
              -118.48088602187461,
              34.14604879712647
            ],
            [
              -118.48088602187461,
              34.148326167668856
            ],
            [
              -118.4836479444456,
              34.148326167668856
            ],
            [
              -118.4836479444456,
              34.14604879712647
            ]
          ]
        ]
      }
    },
    {
      "type": "Feature",
      "properties": {
        "layerType": "BUILDING_3D",
        "id": "VAN_NUYS_BLD_2",
        "name": "Structure #2",
        "height": 14,
        "min_height": 0,
        "render_height": 14,
        "render_min_height": 0,
        "division": "Van Nuys Division",
        "bureau": "Valley Bureau",
        "extrusionColor": "#1e293b"
      },
      "geometry": {
        "type": "Polygon",
        "coordinates": [
          [
            [
              -118.47930689943826,
              34.1458420555116
            ],
            [
              -118.47652459153579,
              34.1458420555116
            ],
            [
              -118.47652459153579,
              34.148208373455454
            ],
            [
              -118.47930689943826,
              34.148208373455454
            ],
            [
              -118.47930689943826,
              34.1458420555116
            ]
          ]
        ]
      }
    },
    {
      "type": "Feature",
      "properties": {
        "layerType": "BUILDING_3D",
        "id": "VAN_NUYS_BLD_3",
        "name": "Structure #3",
        "height": 19,
        "min_height": 0,
        "render_height": 19,
        "render_min_height": 0,
        "division": "Van Nuys Division",
        "bureau": "Valley Bureau",
        "extrusionColor": "#1e293b"
      },
      "geometry": {
        "type": "Polygon",
        "coordinates": [
          [
            [
              -118.47514771498582,
              34.14615736162576
            ],
            [
              -118.47225673831234,
              34.14615736162576
            ],
            [
              -118.47225673831234,
              34.147919764575384
            ],
            [
              -118.47514771498582,
              34.147919764575384
            ],
            [
              -118.47514771498582,
              34.14615736162576
            ]
          ]
        ]
      }
    },
    {
      "type": "Feature",
      "properties": {
        "layerType": "BUILDING_3D",
        "id": "VAN_NUYS_BLD_4",
        "name": "Structure #4",
        "height": 9,
        "min_height": 0,
        "render_height": 9,
        "render_min_height": 0,
        "division": "Van Nuys Division",
        "bureau": "Valley Bureau",
        "extrusionColor": "#1e293b"
      },
      "geometry": {
        "type": "Polygon",
        "coordinates": [
          [
            [
              -118.47035073466536,
              34.14600638229121
            ],
            [
              -118.4681975726907,
              34.14600638229121
            ],
            [
              -118.4681975726907,
              34.1482130597523
            ],
            [
              -118.47035073466536,
              34.1482130597523
            ],
            [
              -118.47035073466536,
              34.14600638229121
            ]
          ]
        ]
      }
    },
    {
      "type": "Feature",
      "properties": {
        "layerType": "BUILDING_3D",
        "id": "VAN_NUYS_BLD_5",
        "name": "Structure #5",
        "height": 24,
        "min_height": 0,
        "render_height": 24,
        "render_min_height": 0,
        "division": "Van Nuys Division",
        "bureau": "Valley Bureau",
        "extrusionColor": "#1e293b"
      },
      "geometry": {
        "type": "Polygon",
        "coordinates": [
          [
            [
              -118.4661234243501,
              34.146016001964334
            ],
            [
              -118.46342748356055,
              34.146016001964334
            ],
            [
              -118.46342748356055,
              34.14723717608842
            ],
            [
              -118.4661234243501,
              34.14723717608842
            ],
            [
              -118.4661234243501,
              34.146016001964334
            ]
          ]
        ]
      }
    },
    {
      "type": "Feature",
      "properties": {
        "layerType": "BUILDING_3D",
        "id": "VAN_NUYS_BLD_6",
        "name": "Structure #6",
        "height": 9,
        "min_height": 0,
        "render_height": 9,
        "render_min_height": 0,
        "division": "Van Nuys Division",
        "bureau": "Valley Bureau",
        "extrusionColor": "#1e293b"
      },
      "geometry": {
        "type": "Polygon",
        "coordinates": [
          [
            [
              -118.46169990710241,
              34.14559056118843
            ],
            [
              -118.46020797491461,
              34.14559056118843
            ],
            [
              -118.46020797491461,
              34.14837345608265
            ],
            [
              -118.46169990710241,
              34.14837345608265
            ],
            [
              -118.46169990710241,
              34.14559056118843
            ]
          ]
        ]
      }
    },
    {
      "type": "Feature",
      "properties": {
        "layerType": "BUILDING_3D",
        "id": "VAN_NUYS_BLD_7",
        "name": "Structure #7",
        "height": 21,
        "min_height": 0,
        "render_height": 21,
        "render_min_height": 0,
        "division": "Van Nuys Division",
        "bureau": "Valley Bureau",
        "extrusionColor": "#1e293b"
      },
      "geometry": {
        "type": "Polygon",
        "coordinates": [
          [
            [
              -118.45780791167026,
              34.1455911536732
            ],
            [
              -118.45440799483116,
              34.1455911536732
            ],
            [
              -118.45440799483116,
              34.14679605825868
            ],
            [
              -118.45780791167026,
              34.14679605825868
            ],
            [
              -118.45780791167026,
              34.1455911536732
            ]
          ]
        ]
      }
    },
    {
      "type": "Feature",
      "properties": {
        "layerType": "BUILDING_3D",
        "id": "VAN_NUYS_BLD_8",
        "name": "Structure #8",
        "height": 13,
        "min_height": 0,
        "render_height": 13,
        "render_min_height": 0,
        "division": "Van Nuys Division",
        "bureau": "Valley Bureau",
        "extrusionColor": "#1e293b"
      },
      "geometry": {
        "type": "Polygon",
        "coordinates": [
          [
            [
              -118.45339542311419,
              34.14620662959982
            ],
            [
              -118.45192336773826,
              34.14620662959982
            ],
            [
              -118.45192336773826,
              34.14867933556428
            ],
            [
              -118.45339542311419,
              34.14867933556428
            ],
            [
              -118.45339542311419,
              34.14620662959982
            ]
          ]
        ]
      }
    },
    {
      "type": "Feature",
      "properties": {
        "layerType": "BUILDING_3D",
        "id": "VAN_NUYS_BLD_10",
        "name": "Van Nuys Division High-Rise Tower #10",
        "height": 55,
        "min_height": 0,
        "render_height": 55,
        "render_min_height": 0,
        "division": "Van Nuys Division",
        "bureau": "Valley Bureau",
        "extrusionColor": "#0ea5e9"
      },
      "geometry": {
        "type": "Polygon",
        "coordinates": [
          [
            [
              -118.44485382016144,
              34.14590347970508
            ],
            [
              -118.4428497147665,
              34.14590347970508
            ],
            [
              -118.4428497147665,
              34.1484861831714
            ],
            [
              -118.44485382016144,
              34.1484861831714
            ],
            [
              -118.44485382016144,
              34.14590347970508
            ]
          ]
        ]
      }
    },
    {
      "type": "Feature",
      "properties": {
        "layerType": "BUILDING_3D",
        "id": "VAN_NUYS_BLD_12",
        "name": "Structure #12",
        "height": 8,
        "min_height": 0,
        "render_height": 8,
        "render_min_height": 0,
        "division": "Van Nuys Division",
        "bureau": "Valley Bureau",
        "extrusionColor": "#1e293b"
      },
      "geometry": {
        "type": "Polygon",
        "coordinates": [
          [
            [
              -118.43536287068585,
              34.14596914602856
            ],
            [
              -118.4338423253881,
              34.14596914602856
            ],
            [
              -118.4338423253881,
              34.14859651285089
            ],
            [
              -118.43536287068585,
              34.14859651285089
            ],
            [
              -118.43536287068585,
              34.14596914602856
            ]
          ]
        ]
      }
    },
    {
      "type": "Feature",
      "properties": {
        "layerType": "BUILDING_3D",
        "id": "VAN_NUYS_BLD_13",
        "name": "Structure #13",
        "height": 13,
        "min_height": 0,
        "render_height": 13,
        "render_min_height": 0,
        "division": "Van Nuys Division",
        "bureau": "Valley Bureau",
        "extrusionColor": "#1e293b"
      },
      "geometry": {
        "type": "Polygon",
        "coordinates": [
          [
            [
              -118.43087479896964,
              34.1456534861168
            ],
            [
              -118.42766489380209,
              34.1456534861168
            ],
            [
              -118.42766489380209,
              34.146771198391676
            ],
            [
              -118.43087479896964,
              34.146771198391676
            ],
            [
              -118.43087479896964,
              34.1456534861168
            ]
          ]
        ]
      }
    },
    {
      "type": "Feature",
      "properties": {
        "layerType": "BUILDING_3D",
        "id": "VAN_NUYS_BLD_14",
        "name": "Structure #14",
        "height": 10,
        "min_height": 0,
        "render_height": 10,
        "render_min_height": 0,
        "division": "Van Nuys Division",
        "bureau": "Valley Bureau",
        "extrusionColor": "#1e293b"
      },
      "geometry": {
        "type": "Polygon",
        "coordinates": [
          [
            [
              -118.42684868211974,
              34.14648359446999
            ],
            [
              -118.4254831512862,
              34.14648359446999
            ],
            [
              -118.4254831512862,
              34.14815352577906
            ],
            [
              -118.42684868211974,
              34.14815352577906
            ],
            [
              -118.42684868211974,
              34.14648359446999
            ]
          ]
        ]
      }
    },
    {
      "type": "Feature",
      "properties": {
        "layerType": "BUILDING_3D",
        "id": "VAN_NUYS_BLD_16",
        "name": "Structure #16",
        "height": 37,
        "min_height": 0,
        "render_height": 37,
        "render_min_height": 0,
        "division": "Van Nuys Division",
        "bureau": "Valley Bureau",
        "extrusionColor": "#1e293b"
      },
      "geometry": {
        "type": "Polygon",
        "coordinates": [
          [
            [
              -118.41825316891943,
              34.145955169319585
            ],
            [
              -118.41667962880571,
              34.145955169319585
            ],
            [
              -118.41667962880571,
              34.14715005410826
            ],
            [
              -118.41825316891943,
              34.14715005410826
            ],
            [
              -118.41825316891943,
              34.145955169319585
            ]
          ]
        ]
      }
    },
    {
      "type": "Feature",
      "properties": {
        "layerType": "BUILDING_3D",
        "id": "VAN_NUYS_BLD_18",
        "name": "Structure #18",
        "height": 12,
        "min_height": 0,
        "render_height": 12,
        "render_min_height": 0,
        "division": "Van Nuys Division",
        "bureau": "Valley Bureau",
        "extrusionColor": "#1e293b"
      },
      "geometry": {
        "type": "Polygon",
        "coordinates": [
          [
            [
              -118.48433049476495,
              34.14902133968275
            ],
            [
              -118.4826224292884,
              34.14902133968275
            ],
            [
              -118.4826224292884,
              34.1505460315347
            ],
            [
              -118.48433049476495,
              34.1505460315347
            ],
            [
              -118.48433049476495,
              34.14902133968275
            ]
          ]
        ]
      }
    },
    {
      "type": "Feature",
      "properties": {
        "layerType": "BUILDING_3D",
        "id": "VAN_NUYS_BLD_22",
        "name": "Structure #22",
        "height": 19,
        "min_height": 0,
        "render_height": 19,
        "render_min_height": 0,
        "division": "Van Nuys Division",
        "bureau": "Valley Bureau",
        "extrusionColor": "#1e293b"
      },
      "geometry": {
        "type": "Polygon",
        "coordinates": [
          [
            [
              -118.46637848164666,
              34.14923571660596
            ],
            [
              -118.46479368499034,
              34.14923571660596
            ],
            [
              -118.46479368499034,
              34.1517323868795
            ],
            [
              -118.46637848164666,
              34.1517323868795
            ],
            [
              -118.46637848164666,
              34.14923571660596
            ]
          ]
        ]
      }
    },
    {
      "type": "Feature",
      "properties": {
        "layerType": "BUILDING_3D",
        "id": "VAN_NUYS_BLD_23",
        "name": "Structure #23",
        "height": 20,
        "min_height": 0,
        "render_height": 20,
        "render_min_height": 0,
        "division": "Van Nuys Division",
        "bureau": "Valley Bureau",
        "extrusionColor": "#1e293b"
      },
      "geometry": {
        "type": "Polygon",
        "coordinates": [
          [
            [
              -118.46217808378456,
              34.148763289428345
            ],
            [
              -118.45912785313364,
              34.148763289428345
            ],
            [
              -118.45912785313364,
              34.15096776278527
            ],
            [
              -118.46217808378456,
              34.15096776278527
            ],
            [
              -118.46217808378456,
              34.148763289428345
            ]
          ]
        ]
      }
    },
    {
      "type": "Feature",
      "properties": {
        "layerType": "BUILDING_3D",
        "id": "VAN_NUYS_BLD_24",
        "name": "Structure #24",
        "height": 23,
        "min_height": 0,
        "render_height": 23,
        "render_min_height": 0,
        "division": "Van Nuys Division",
        "bureau": "Valley Bureau",
        "extrusionColor": "#1e293b"
      },
      "geometry": {
        "type": "Polygon",
        "coordinates": [
          [
            [
              -118.45834349255361,
              34.14964591753519
            ],
            [
              -118.45565024456099,
              34.14964591753519
            ],
            [
              -118.45565024456099,
              34.15200431045805
            ],
            [
              -118.45834349255361,
              34.15200431045805
            ],
            [
              -118.45834349255361,
              34.14964591753519
            ]
          ]
        ]
      }
    },
    {
      "type": "Feature",
      "properties": {
        "layerType": "BUILDING_3D",
        "id": "VAN_NUYS_BLD_26",
        "name": "Structure #26",
        "height": 25,
        "min_height": 0,
        "render_height": 25,
        "render_min_height": 0,
        "division": "Van Nuys Division",
        "bureau": "Valley Bureau",
        "extrusionColor": "#1e293b"
      },
      "geometry": {
        "type": "Polygon",
        "coordinates": [
          [
            [
              -118.44892467699762,
              34.14985298483368
            ],
            [
              -118.44564847915535,
              34.14985298483368
            ],
            [
              -118.44564847915535,
              34.15157599939845
            ],
            [
              -118.44892467699762,
              34.15157599939845
            ],
            [
              -118.44892467699762,
              34.14985298483368
            ]
          ]
        ]
      }
    },
    {
      "type": "Feature",
      "properties": {
        "layerType": "BUILDING_3D",
        "id": "VAN_NUYS_BLD_27",
        "name": "Structure #27",
        "height": 10,
        "min_height": 0,
        "render_height": 10,
        "render_min_height": 0,
        "division": "Van Nuys Division",
        "bureau": "Valley Bureau",
        "extrusionColor": "#1e293b"
      },
      "geometry": {
        "type": "Polygon",
        "coordinates": [
          [
            [
              -118.44377689635704,
              34.149549452832396
            ],
            [
              -118.44167185593855,
              34.149549452832396
            ],
            [
              -118.44167185593855,
              34.15239670848994
            ],
            [
              -118.44377689635704,
              34.15239670848994
            ],
            [
              -118.44377689635704,
              34.149549452832396
            ]
          ]
        ]
      }
    },
    {
      "type": "Feature",
      "properties": {
        "layerType": "BUILDING_3D",
        "id": "VAN_NUYS_BLD_28",
        "name": "Structure #28",
        "height": 8,
        "min_height": 0,
        "render_height": 8,
        "render_min_height": 0,
        "division": "Van Nuys Division",
        "bureau": "Valley Bureau",
        "extrusionColor": "#1e293b"
      },
      "geometry": {
        "type": "Polygon",
        "coordinates": [
          [
            [
              -118.43973596260297,
              34.149549655603565
            ],
            [
              -118.43625741496705,
              34.149549655603565
            ],
            [
              -118.43625741496705,
              34.15086272325563
            ],
            [
              -118.43973596260297,
              34.15086272325563
            ],
            [
              -118.43973596260297,
              34.149549655603565
            ]
          ]
        ]
      }
    },
    {
      "type": "Feature",
      "properties": {
        "layerType": "BUILDING_3D",
        "id": "VAN_NUYS_BLD_29",
        "name": "Structure #29",
        "height": 32,
        "min_height": 0,
        "render_height": 32,
        "render_min_height": 0,
        "division": "Van Nuys Division",
        "bureau": "Valley Bureau",
        "extrusionColor": "#1e293b"
      },
      "geometry": {
        "type": "Polygon",
        "coordinates": [
          [
            [
              -118.43532395016759,
              34.15053091015959
            ],
            [
              -118.4337197498687,
              34.15053091015959
            ],
            [
              -118.4337197498687,
              34.15168025444804
            ],
            [
              -118.43532395016759,
              34.15168025444804
            ],
            [
              -118.43532395016759,
              34.15053091015959
            ]
          ]
        ]
      }
    },
    {
      "type": "Feature",
      "properties": {
        "layerType": "BUILDING_3D",
        "id": "VAN_NUYS_BLD_30",
        "name": "Structure #30",
        "height": 9,
        "min_height": 0,
        "render_height": 9,
        "render_min_height": 0,
        "division": "Van Nuys Division",
        "bureau": "Valley Bureau",
        "extrusionColor": "#1e293b"
      },
      "geometry": {
        "type": "Polygon",
        "coordinates": [
          [
            [
              -118.42971336767833,
              34.14846364151374
            ],
            [
              -118.42830919139833,
              34.14846364151374
            ],
            [
              -118.42830919139833,
              34.151292822285114
            ],
            [
              -118.42971336767833,
              34.151292822285114
            ],
            [
              -118.42971336767833,
              34.14846364151374
            ]
          ]
        ]
      }
    },
    {
      "type": "Feature",
      "properties": {
        "layerType": "BUILDING_3D",
        "id": "VAN_NUYS_BLD_31",
        "name": "Structure #31",
        "height": 31,
        "min_height": 0,
        "render_height": 31,
        "render_min_height": 0,
        "division": "Van Nuys Division",
        "bureau": "Valley Bureau",
        "extrusionColor": "#1e293b"
      },
      "geometry": {
        "type": "Polygon",
        "coordinates": [
          [
            [
              -118.42782722529995,
              34.14913918497221
            ],
            [
              -118.42437076010415,
              34.14913918497221
            ],
            [
              -118.42437076010415,
              34.15035532144486
            ],
            [
              -118.42782722529995,
              34.15035532144486
            ],
            [
              -118.42782722529995,
              34.14913918497221
            ]
          ]
        ]
      }
    },
    {
      "type": "Feature",
      "properties": {
        "layerType": "BUILDING_3D",
        "id": "VAN_NUYS_BLD_34",
        "name": "Structure #34",
        "height": 31,
        "min_height": 0,
        "render_height": 31,
        "render_min_height": 0,
        "division": "Van Nuys Division",
        "bureau": "Valley Bureau",
        "extrusionColor": "#1e293b"
      },
      "geometry": {
        "type": "Polygon",
        "coordinates": [
          [
            [
              -118.41368696027867,
              34.14910904851506
            ],
            [
              -118.41222991322273,
              34.14910904851506
            ],
            [
              -118.41222991322273,
              34.15145777318138
            ],
            [
              -118.41368696027867,
              34.15145777318138
            ],
            [
              -118.41368696027867,
              34.14910904851506
            ]
          ]
        ]
      }
    },
    {
      "type": "Feature",
      "properties": {
        "layerType": "BUILDING_3D",
        "id": "VAN_NUYS_BLD_36",
        "name": "Structure #36",
        "height": 23,
        "min_height": 0,
        "render_height": 23,
        "render_min_height": 0,
        "division": "Van Nuys Division",
        "bureau": "Valley Bureau",
        "extrusionColor": "#1e293b"
      },
      "geometry": {
        "type": "Polygon",
        "coordinates": [
          [
            [
              -118.480068222802,
              34.15372129933935
            ],
            [
              -118.47824756073203,
              34.15372129933935
            ],
            [
              -118.47824756073203,
              34.15491443790455
            ],
            [
              -118.480068222802,
              34.15491443790455
            ],
            [
              -118.480068222802,
              34.15372129933935
            ]
          ]
        ]
      }
    },
    {
      "type": "Feature",
      "properties": {
        "layerType": "BUILDING_3D",
        "id": "VAN_NUYS_BLD_38",
        "name": "Structure #38",
        "height": 14,
        "min_height": 0,
        "render_height": 14,
        "render_min_height": 0,
        "division": "Van Nuys Division",
        "bureau": "Valley Bureau",
        "extrusionColor": "#1e293b"
      },
      "geometry": {
        "type": "Polygon",
        "coordinates": [
          [
            [
              -118.47165660549092,
              34.152728893733766
            ],
            [
              -118.46843033519713,
              34.152728893733766
            ],
            [
              -118.46843033519713,
              34.154057905748346
            ],
            [
              -118.47165660549092,
              34.154057905748346
            ],
            [
              -118.47165660549092,
              34.152728893733766
            ]
          ]
        ]
      }
    },
    {
      "type": "Feature",
      "properties": {
        "layerType": "BUILDING_3D",
        "id": "VAN_NUYS_BLD_39",
        "name": "Structure #39",
        "height": 23,
        "min_height": 0,
        "render_height": 23,
        "render_min_height": 0,
        "division": "Van Nuys Division",
        "bureau": "Valley Bureau",
        "extrusionColor": "#1e293b"
      },
      "geometry": {
        "type": "Polygon",
        "coordinates": [
          [
            [
              -118.4667339307325,
              34.15369093916815
            ],
            [
              -118.46511025089568,
              34.15369093916815
            ],
            [
              -118.46511025089568,
              34.15541205777959
            ],
            [
              -118.4667339307325,
              34.15541205777959
            ],
            [
              -118.4667339307325,
              34.15369093916815
            ]
          ]
        ]
      }
    },
    {
      "type": "Feature",
      "properties": {
        "layerType": "BUILDING_3D",
        "id": "VAN_NUYS_BLD_41",
        "name": "Van Nuys Division High-Rise Tower #41",
        "height": 57,
        "min_height": 0,
        "render_height": 57,
        "render_min_height": 0,
        "division": "Van Nuys Division",
        "bureau": "Valley Bureau",
        "extrusionColor": "#0ea5e9"
      },
      "geometry": {
        "type": "Polygon",
        "coordinates": [
          [
            [
              -118.45860747509096,
              34.15288332978823
            ],
            [
              -118.45532404893484,
              34.15288332978823
            ],
            [
              -118.45532404893484,
              34.15474823776787
            ],
            [
              -118.45860747509096,
              34.15474823776787
            ],
            [
              -118.45860747509096,
              34.15288332978823
            ]
          ]
        ]
      }
    },
    {
      "type": "Feature",
      "properties": {
        "layerType": "BUILDING_3D",
        "id": "VAN_NUYS_BLD_43",
        "name": "Structure #43",
        "height": 9,
        "min_height": 0,
        "render_height": 9,
        "render_min_height": 0,
        "division": "Van Nuys Division",
        "bureau": "Valley Bureau",
        "extrusionColor": "#1e293b"
      },
      "geometry": {
        "type": "Polygon",
        "coordinates": [
          [
            [
              -118.4482726520648,
              34.152557552735765
            ],
            [
              -118.4453562190266,
              34.152557552735765
            ],
            [
              -118.4453562190266,
              34.15530407780944
            ],
            [
              -118.4482726520648,
              34.15530407780944
            ],
            [
              -118.4482726520648,
              34.152557552735765
            ]
          ]
        ]
      }
    },
    {
      "type": "Feature",
      "properties": {
        "layerType": "BUILDING_3D",
        "id": "VAN_NUYS_BLD_44",
        "name": "Van Nuys Division High-Rise Tower #44",
        "height": 55,
        "min_height": 0,
        "render_height": 55,
        "render_min_height": 0,
        "division": "Van Nuys Division",
        "bureau": "Valley Bureau",
        "extrusionColor": "#0ea5e9"
      },
      "geometry": {
        "type": "Polygon",
        "coordinates": [
          [
            [
              -118.44488443783413,
              34.153730704388444
            ],
            [
              -118.44152895471245,
              34.153730704388444
            ],
            [
              -118.44152895471245,
              34.154966520508985
            ],
            [
              -118.44488443783413,
              34.154966520508985
            ],
            [
              -118.44488443783413,
              34.153730704388444
            ]
          ]
        ]
      }
    },
    {
      "type": "Feature",
      "properties": {
        "layerType": "BUILDING_3D",
        "id": "VAN_NUYS_BLD_45",
        "name": "Structure #45",
        "height": 23,
        "min_height": 0,
        "render_height": 23,
        "render_min_height": 0,
        "division": "Van Nuys Division",
        "bureau": "Valley Bureau",
        "extrusionColor": "#1e293b"
      },
      "geometry": {
        "type": "Polygon",
        "coordinates": [
          [
            [
              -118.43903941092815,
              34.15371511971015
            ],
            [
              -118.4375295903284,
              34.15371511971015
            ],
            [
              -118.4375295903284,
              34.155557098185504
            ],
            [
              -118.43903941092815,
              34.155557098185504
            ],
            [
              -118.43903941092815,
              34.15371511971015
            ]
          ]
        ]
      }
    },
    {
      "type": "Feature",
      "properties": {
        "layerType": "BUILDING_3D",
        "id": "VAN_NUYS_BLD_46",
        "name": "Structure #46",
        "height": 16,
        "min_height": 0,
        "render_height": 16,
        "render_min_height": 0,
        "division": "Van Nuys Division",
        "bureau": "Valley Bureau",
        "extrusionColor": "#1e293b"
      },
      "geometry": {
        "type": "Polygon",
        "coordinates": [
          [
            [
              -118.43464668632697,
              34.15212410403276
            ],
            [
              -118.43239630538423,
              34.15212410403276
            ],
            [
              -118.43239630538423,
              34.15473097953788
            ],
            [
              -118.43464668632697,
              34.15473097953788
            ],
            [
              -118.43464668632697,
              34.15212410403276
            ]
          ]
        ]
      }
    },
    {
      "type": "Feature",
      "properties": {
        "layerType": "BUILDING_3D",
        "id": "VAN_NUYS_BLD_47",
        "name": "Structure #47",
        "height": 33,
        "min_height": 0,
        "render_height": 33,
        "render_min_height": 0,
        "division": "Van Nuys Division",
        "bureau": "Valley Bureau",
        "extrusionColor": "#1e293b"
      },
      "geometry": {
        "type": "Polygon",
        "coordinates": [
          [
            [
              -118.43217869643055,
              34.15292465671728
            ],
            [
              -118.42899382590394,
              34.15292465671728
            ],
            [
              -118.42899382590394,
              34.15490028662108
            ],
            [
              -118.43217869643055,
              34.15490028662108
            ],
            [
              -118.43217869643055,
              34.15292465671728
            ]
          ]
        ]
      }
    },
    {
      "type": "Feature",
      "properties": {
        "layerType": "BUILDING_3D",
        "id": "VAN_NUYS_BLD_49",
        "name": "Structure #49",
        "height": 12,
        "min_height": 0,
        "render_height": 12,
        "render_min_height": 0,
        "division": "Van Nuys Division",
        "bureau": "Valley Bureau",
        "extrusionColor": "#1e293b"
      },
      "geometry": {
        "type": "Polygon",
        "coordinates": [
          [
            [
              -118.42151997652547,
              34.153375578819166
            ],
            [
              -118.41932540710252,
              34.153375578819166
            ],
            [
              -118.41932540710252,
              34.1546632068047
            ],
            [
              -118.42151997652547,
              34.1546632068047
            ],
            [
              -118.42151997652547,
              34.153375578819166
            ]
          ]
        ]
      }
    },
    {
      "type": "Feature",
      "properties": {
        "layerType": "BUILDING_3D",
        "id": "VAN_NUYS_BLD_50",
        "name": "Structure #50",
        "height": 9,
        "min_height": 0,
        "render_height": 9,
        "render_min_height": 0,
        "division": "Van Nuys Division",
        "bureau": "Valley Bureau",
        "extrusionColor": "#1e293b"
      },
      "geometry": {
        "type": "Polygon",
        "coordinates": [
          [
            [
              -118.41741445121642,
              34.15312340753647
            ],
            [
              -118.41584133105309,
              34.15312340753647
            ],
            [
              -118.41584133105309,
              34.15462844338188
            ],
            [
              -118.41741445121642,
              34.15462844338188
            ],
            [
              -118.41741445121642,
              34.15312340753647
            ]
          ]
        ]
      }
    },
    {
      "type": "Feature",
      "properties": {
        "layerType": "BUILDING_3D",
        "id": "VAN_NUYS_BLD_51",
        "name": "Structure #51",
        "height": 8,
        "min_height": 0,
        "render_height": 8,
        "render_min_height": 0,
        "division": "Van Nuys Division",
        "bureau": "Valley Bureau",
        "extrusionColor": "#1e293b"
      },
      "geometry": {
        "type": "Polygon",
        "coordinates": [
          [
            [
              -118.41331076907309,
              34.15283749372999
            ],
            [
              -118.41147203749725,
              34.15283749372999
            ],
            [
              -118.41147203749725,
              34.15410048882464
            ],
            [
              -118.41331076907309,
              34.15410048882464
            ],
            [
              -118.41331076907309,
              34.15283749372999
            ]
          ]
        ]
      }
    },
    {
      "type": "Feature",
      "properties": {
        "layerType": "BUILDING_3D",
        "id": "VAN_NUYS_BLD_52",
        "name": "Structure #52",
        "height": 8,
        "min_height": 0,
        "render_height": 8,
        "render_min_height": 0,
        "division": "Van Nuys Division",
        "bureau": "Valley Bureau",
        "extrusionColor": "#1e293b"
      },
      "geometry": {
        "type": "Polygon",
        "coordinates": [
          [
            [
              -118.48424831082761,
              34.15667083042535
            ],
            [
              -118.48270528514638,
              34.15667083042535
            ],
            [
              -118.48270528514638,
              34.15783722692732
            ],
            [
              -118.48424831082761,
              34.15783722692732
            ],
            [
              -118.48424831082761,
              34.15667083042535
            ]
          ]
        ]
      }
    },
    {
      "type": "Feature",
      "properties": {
        "layerType": "BUILDING_3D",
        "id": "VAN_NUYS_BLD_54",
        "name": "Structure #54",
        "height": 10,
        "min_height": 0,
        "render_height": 10,
        "render_min_height": 0,
        "division": "Van Nuys Division",
        "bureau": "Valley Bureau",
        "extrusionColor": "#1e293b"
      },
      "geometry": {
        "type": "Polygon",
        "coordinates": [
          [
            [
              -118.47537613785738,
              34.156321055207
            ],
            [
              -118.47397855046438,
              34.156321055207
            ],
            [
              -118.47397855046438,
              34.157645179196166
            ],
            [
              -118.47537613785738,
              34.157645179196166
            ],
            [
              -118.47537613785738,
              34.156321055207
            ]
          ]
        ]
      }
    },
    {
      "type": "Feature",
      "properties": {
        "layerType": "BUILDING_3D",
        "id": "VAN_NUYS_BLD_60",
        "name": "Structure #60",
        "height": 19,
        "min_height": 0,
        "render_height": 19,
        "render_min_height": 0,
        "division": "Van Nuys Division",
        "bureau": "Valley Bureau",
        "extrusionColor": "#1e293b"
      },
      "geometry": {
        "type": "Polygon",
        "coordinates": [
          [
            [
              -118.44823293272324,
              34.15613280680421
            ],
            [
              -118.44589417412817,
              34.15613280680421
            ],
            [
              -118.44589417412817,
              34.15800507788492
            ],
            [
              -118.44823293272324,
              34.15800507788492
            ],
            [
              -118.44823293272324,
              34.15613280680421
            ]
          ]
        ]
      }
    },
    {
      "type": "Feature",
      "properties": {
        "layerType": "BUILDING_3D",
        "id": "VAN_NUYS_BLD_61",
        "name": "Structure #61",
        "height": 22,
        "min_height": 0,
        "render_height": 22,
        "render_min_height": 0,
        "division": "Van Nuys Division",
        "bureau": "Valley Bureau",
        "extrusionColor": "#1e293b"
      },
      "geometry": {
        "type": "Polygon",
        "coordinates": [
          [
            [
              -118.44492824508083,
              34.156449835876984
            ],
            [
              -118.44264085507271,
              34.156449835876984
            ],
            [
              -118.44264085507271,
              34.15871307167568
            ],
            [
              -118.44492824508083,
              34.15871307167568
            ],
            [
              -118.44492824508083,
              34.156449835876984
            ]
          ]
        ]
      }
    },
    {
      "type": "Feature",
      "properties": {
        "layerType": "BUILDING_3D",
        "id": "VAN_NUYS_BLD_63",
        "name": "Structure #63",
        "height": 15,
        "min_height": 0,
        "render_height": 15,
        "render_min_height": 0,
        "division": "Van Nuys Division",
        "bureau": "Valley Bureau",
        "extrusionColor": "#1e293b"
      },
      "geometry": {
        "type": "Polygon",
        "coordinates": [
          [
            [
              -118.4359036055154,
              34.157192863901535
            ],
            [
              -118.4328483351775,
              34.157192863901535
            ],
            [
              -118.4328483351775,
              34.15852831337637
            ],
            [
              -118.4359036055154,
              34.15852831337637
            ],
            [
              -118.4359036055154,
              34.157192863901535
            ]
          ]
        ]
      }
    },
    {
      "type": "Feature",
      "properties": {
        "layerType": "BUILDING_3D",
        "id": "VAN_NUYS_BLD_64",
        "name": "Structure #64",
        "height": 10,
        "min_height": 0,
        "render_height": 10,
        "render_min_height": 0,
        "division": "Van Nuys Division",
        "bureau": "Valley Bureau",
        "extrusionColor": "#1e293b"
      },
      "geometry": {
        "type": "Polygon",
        "coordinates": [
          [
            [
              -118.43039785858183,
              34.1571484741433
            ],
            [
              -118.42876631397458,
              34.1571484741433
            ],
            [
              -118.42876631397458,
              34.158952798417786
            ],
            [
              -118.43039785858183,
              34.158952798417786
            ],
            [
              -118.43039785858183,
              34.1571484741433
            ]
          ]
        ]
      }
    },
    {
      "type": "Feature",
      "properties": {
        "layerType": "BUILDING_3D",
        "id": "VAN_NUYS_BLD_65",
        "name": "Structure #65",
        "height": 21,
        "min_height": 0,
        "render_height": 21,
        "render_min_height": 0,
        "division": "Van Nuys Division",
        "bureau": "Valley Bureau",
        "extrusionColor": "#1e293b"
      },
      "geometry": {
        "type": "Polygon",
        "coordinates": [
          [
            [
              -118.42604032570728,
              34.15646501364365
            ],
            [
              -118.42383594763439,
              34.15646501364365
            ],
            [
              -118.42383594763439,
              34.15777170551609
            ],
            [
              -118.42604032570728,
              34.15777170551609
            ],
            [
              -118.42604032570728,
              34.15646501364365
            ]
          ]
        ]
      }
    },
    {
      "type": "Feature",
      "properties": {
        "layerType": "BUILDING_3D",
        "id": "VAN_NUYS_BLD_66",
        "name": "Structure #66",
        "height": 11,
        "min_height": 0,
        "render_height": 11,
        "render_min_height": 0,
        "division": "Van Nuys Division",
        "bureau": "Valley Bureau",
        "extrusionColor": "#1e293b"
      },
      "geometry": {
        "type": "Polygon",
        "coordinates": [
          [
            [
              -118.42246355799192,
              34.15627526713829
            ],
            [
              -118.42086714710705,
              34.15627526713829
            ],
            [
              -118.42086714710705,
              34.15871165170089
            ],
            [
              -118.42246355799192,
              34.15871165170089
            ],
            [
              -118.42246355799192,
              34.15627526713829
            ]
          ]
        ]
      }
    },
    {
      "type": "Feature",
      "properties": {
        "layerType": "BUILDING_3D",
        "id": "VAN_NUYS_BLD_68",
        "name": "Structure #68",
        "height": 16,
        "min_height": 0,
        "render_height": 16,
        "render_min_height": 0,
        "division": "Van Nuys Division",
        "bureau": "Valley Bureau",
        "extrusionColor": "#1e293b"
      },
      "geometry": {
        "type": "Polygon",
        "coordinates": [
          [
            [
              -118.41376533011042,
              34.15688642534353
            ],
            [
              -118.41197453012082,
              34.15688642534353
            ],
            [
              -118.41197453012082,
              34.15911178995664
            ],
            [
              -118.41376533011042,
              34.15911178995664
            ],
            [
              -118.41376533011042,
              34.15688642534353
            ]
          ]
        ]
      }
    },
    {
      "type": "Feature",
      "properties": {
        "layerType": "BUILDING_3D",
        "id": "VAN_NUYS_BLD_70",
        "name": "Structure #70",
        "height": 19,
        "min_height": 0,
        "render_height": 19,
        "render_min_height": 0,
        "division": "Van Nuys Division",
        "bureau": "Valley Bureau",
        "extrusionColor": "#1e293b"
      },
      "geometry": {
        "type": "Polygon",
        "coordinates": [
          [
            [
              -118.48008396271342,
              34.1607796532
            ],
            [
              -118.47769781612675,
              34.1607796532
            ],
            [
              -118.47769781612675,
              34.16210315240321
            ],
            [
              -118.48008396271342,
              34.16210315240321
            ],
            [
              -118.48008396271342,
              34.1607796532
            ]
          ]
        ]
      }
    },
    {
      "type": "Feature",
      "properties": {
        "layerType": "BUILDING_3D",
        "id": "VAN_NUYS_BLD_71",
        "name": "Structure #71",
        "height": 25,
        "min_height": 0,
        "render_height": 25,
        "render_min_height": 0,
        "division": "Van Nuys Division",
        "bureau": "Valley Bureau",
        "extrusionColor": "#1e293b"
      },
      "geometry": {
        "type": "Polygon",
        "coordinates": [
          [
            [
              -118.47454522007239,
              34.16008590343605
            ],
            [
              -118.4729282753445,
              34.16008590343605
            ],
            [
              -118.4729282753445,
              34.16236128705672
            ],
            [
              -118.47454522007239,
              34.16236128705672
            ],
            [
              -118.47454522007239,
              34.16008590343605
            ]
          ]
        ]
      }
    },
    {
      "type": "Feature",
      "properties": {
        "layerType": "BUILDING_3D",
        "id": "VAN_NUYS_BLD_72",
        "name": "Structure #72",
        "height": 17,
        "min_height": 0,
        "render_height": 17,
        "render_min_height": 0,
        "division": "Van Nuys Division",
        "bureau": "Valley Bureau",
        "extrusionColor": "#1e293b"
      },
      "geometry": {
        "type": "Polygon",
        "coordinates": [
          [
            [
              -118.47098102295143,
              34.15929257717395
            ],
            [
              -118.46820114250988,
              34.15929257717395
            ],
            [
              -118.46820114250988,
              34.1621472437734
            ],
            [
              -118.47098102295143,
              34.1621472437734
            ],
            [
              -118.47098102295143,
              34.15929257717395
            ]
          ]
        ]
      }
    },
    {
      "type": "Feature",
      "properties": {
        "layerType": "BUILDING_3D",
        "id": "VAN_NUYS_BLD_73",
        "name": "Structure #73",
        "height": 11,
        "min_height": 0,
        "render_height": 11,
        "render_min_height": 0,
        "division": "Van Nuys Division",
        "bureau": "Valley Bureau",
        "extrusionColor": "#1e293b"
      },
      "geometry": {
        "type": "Polygon",
        "coordinates": [
          [
            [
              -118.46753848037571,
              34.16046781470269
            ],
            [
              -118.4640508786479,
              34.16046781470269
            ],
            [
              -118.4640508786479,
              34.162495021312616
            ],
            [
              -118.46753848037571,
              34.162495021312616
            ],
            [
              -118.46753848037571,
              34.16046781470269
            ]
          ]
        ]
      }
    },
    {
      "type": "Feature",
      "properties": {
        "layerType": "BUILDING_3D",
        "id": "VAN_NUYS_BLD_75",
        "name": "Structure #75",
        "height": 17,
        "min_height": 0,
        "render_height": 17,
        "render_min_height": 0,
        "division": "Van Nuys Division",
        "bureau": "Valley Bureau",
        "extrusionColor": "#1e293b"
      },
      "geometry": {
        "type": "Polygon",
        "coordinates": [
          [
            [
              -118.45634056109273,
              34.160411968231315
            ],
            [
              -118.45460868790744,
              34.160411968231315
            ],
            [
              -118.45460868790744,
              34.16215378456678
            ],
            [
              -118.45634056109273,
              34.16215378456678
            ],
            [
              -118.45634056109273,
              34.160411968231315
            ]
          ]
        ]
      }
    },
    {
      "type": "Feature",
      "properties": {
        "layerType": "BUILDING_3D",
        "id": "VAN_NUYS_BLD_76",
        "name": "Structure #76",
        "height": 30,
        "min_height": 0,
        "render_height": 30,
        "render_min_height": 0,
        "division": "Van Nuys Division",
        "bureau": "Valley Bureau",
        "extrusionColor": "#1e293b"
      },
      "geometry": {
        "type": "Polygon",
        "coordinates": [
          [
            [
              -118.45293560442327,
              34.15975967554387
            ],
            [
              -118.4508075935157,
              34.15975967554387
            ],
            [
              -118.4508075935157,
              34.16183065911656
            ],
            [
              -118.45293560442327,
              34.16183065911656
            ],
            [
              -118.45293560442327,
              34.15975967554387
            ]
          ]
        ]
      }
    },
    {
      "type": "Feature",
      "properties": {
        "layerType": "BUILDING_3D",
        "id": "VAN_NUYS_BLD_77",
        "name": "Structure #77",
        "height": 8,
        "min_height": 0,
        "render_height": 8,
        "render_min_height": 0,
        "division": "Van Nuys Division",
        "bureau": "Valley Bureau",
        "extrusionColor": "#1e293b"
      },
      "geometry": {
        "type": "Polygon",
        "coordinates": [
          [
            [
              -118.44932075838533,
              34.16023504478258
            ],
            [
              -118.44679059745941,
              34.16023504478258
            ],
            [
              -118.44679059745941,
              34.16187408357639
            ],
            [
              -118.44932075838533,
              34.16187408357639
            ],
            [
              -118.44932075838533,
              34.16023504478258
            ]
          ]
        ]
      }
    },
    {
      "type": "Feature",
      "properties": {
        "layerType": "BUILDING_3D",
        "id": "VAN_NUYS_BLD_79",
        "name": "Structure #79",
        "height": 11,
        "min_height": 0,
        "render_height": 11,
        "render_min_height": 0,
        "division": "Van Nuys Division",
        "bureau": "Valley Bureau",
        "extrusionColor": "#1e293b"
      },
      "geometry": {
        "type": "Polygon",
        "coordinates": [
          [
            [
              -118.43926919679325,
              34.16037368071184
            ],
            [
              -118.43791783984292,
              34.16037368071184
            ],
            [
              -118.43791783984292,
              34.16157100358048
            ],
            [
              -118.43926919679325,
              34.16157100358048
            ],
            [
              -118.43926919679325,
              34.16037368071184
            ]
          ]
        ]
      }
    },
    {
      "type": "Feature",
      "properties": {
        "layerType": "BUILDING_3D",
        "id": "VAN_NUYS_BLD_80",
        "name": "Structure #80",
        "height": 24,
        "min_height": 0,
        "render_height": 24,
        "render_min_height": 0,
        "division": "Van Nuys Division",
        "bureau": "Valley Bureau",
        "extrusionColor": "#1e293b"
      },
      "geometry": {
        "type": "Polygon",
        "coordinates": [
          [
            [
              -118.43533532220725,
              34.159850230490434
            ],
            [
              -118.43387252956232,
              34.159850230490434
            ],
            [
              -118.43387252956232,
              34.16124176883413
            ],
            [
              -118.43533532220725,
              34.16124176883413
            ],
            [
              -118.43533532220725,
              34.159850230490434
            ]
          ]
        ]
      }
    },
    {
      "type": "Feature",
      "properties": {
        "layerType": "BUILDING_3D",
        "id": "VAN_NUYS_BLD_81",
        "name": "Structure #81",
        "height": 11,
        "min_height": 0,
        "render_height": 11,
        "render_min_height": 0,
        "division": "Van Nuys Division",
        "bureau": "Valley Bureau",
        "extrusionColor": "#1e293b"
      },
      "geometry": {
        "type": "Polygon",
        "coordinates": [
          [
            [
              -118.43156306682164,
              34.1592541288849
            ],
            [
              -118.42986299735196,
              34.1592541288849
            ],
            [
              -118.42986299735196,
              34.16198380992714
            ],
            [
              -118.43156306682164,
              34.16198380992714
            ],
            [
              -118.43156306682164,
              34.1592541288849
            ]
          ]
        ]
      }
    },
    {
      "type": "Feature",
      "properties": {
        "layerType": "BUILDING_3D",
        "id": "VAN_NUYS_BLD_85",
        "name": "Van Nuys Division High-Rise Tower #85",
        "height": 52,
        "min_height": 0,
        "render_height": 52,
        "render_min_height": 0,
        "division": "Van Nuys Division",
        "bureau": "Valley Bureau",
        "extrusionColor": "#0ea5e9"
      },
      "geometry": {
        "type": "Polygon",
        "coordinates": [
          [
            [
              -118.41418336094618,
              34.16112682084437
            ],
            [
              -118.4112238602112,
              34.16112682084437
            ],
            [
              -118.4112238602112,
              34.16227050265995
            ],
            [
              -118.41418336094618,
              34.16227050265995
            ],
            [
              -118.41418336094618,
              34.16112682084437
            ]
          ]
        ]
      }
    },
    {
      "type": "Feature",
      "properties": {
        "layerType": "BUILDING_3D",
        "id": "VAN_NUYS_BLD_86",
        "name": "Structure #86",
        "height": 21,
        "min_height": 0,
        "render_height": 21,
        "render_min_height": 0,
        "division": "Van Nuys Division",
        "bureau": "Valley Bureau",
        "extrusionColor": "#1e293b"
      },
      "geometry": {
        "type": "Polygon",
        "coordinates": [
          [
            [
              -118.48294460801819,
              34.16459204431568
            ],
            [
              -118.48154734969145,
              34.16459204431568
            ],
            [
              -118.48154734969145,
              34.16582824998021
            ],
            [
              -118.48294460801819,
              34.16582824998021
            ],
            [
              -118.48294460801819,
              34.16459204431568
            ]
          ]
        ]
      }
    },
    {
      "type": "Feature",
      "properties": {
        "layerType": "BUILDING_3D",
        "id": "VAN_NUYS_BLD_87",
        "name": "Structure #87",
        "height": 20,
        "min_height": 0,
        "render_height": 20,
        "render_min_height": 0,
        "division": "Van Nuys Division",
        "bureau": "Valley Bureau",
        "extrusionColor": "#1e293b"
      },
      "geometry": {
        "type": "Polygon",
        "coordinates": [
          [
            [
              -118.47871107708039,
              34.16297736243283
            ],
            [
              -118.47720078056716,
              34.16297736243283
            ],
            [
              -118.47720078056716,
              34.16539697291654
            ],
            [
              -118.47871107708039,
              34.16539697291654
            ],
            [
              -118.47871107708039,
              34.16297736243283
            ]
          ]
        ]
      }
    },
    {
      "type": "Feature",
      "properties": {
        "layerType": "BUILDING_3D",
        "id": "VAN_NUYS_BLD_88",
        "name": "Structure #88",
        "height": 16,
        "min_height": 0,
        "render_height": 16,
        "render_min_height": 0,
        "division": "Van Nuys Division",
        "bureau": "Valley Bureau",
        "extrusionColor": "#1e293b"
      },
      "geometry": {
        "type": "Polygon",
        "coordinates": [
          [
            [
              -118.47627200064768,
              34.16307614869852
            ],
            [
              -118.47331591544132,
              34.16307614869852
            ],
            [
              -118.47331591544132,
              34.16544622480917
            ],
            [
              -118.47627200064768,
              34.16544622480917
            ],
            [
              -118.47627200064768,
              34.16307614869852
            ]
          ]
        ]
      }
    },
    {
      "type": "Feature",
      "properties": {
        "layerType": "BUILDING_3D",
        "id": "VAN_NUYS_BLD_91",
        "name": "Structure #91",
        "height": 9,
        "min_height": 0,
        "render_height": 9,
        "render_min_height": 0,
        "division": "Van Nuys Division",
        "bureau": "Valley Bureau",
        "extrusionColor": "#1e293b"
      },
      "geometry": {
        "type": "Polygon",
        "coordinates": [
          [
            [
              -118.46198331634207,
              34.16412773652753
            ],
            [
              -118.458736715876,
              34.16412773652753
            ],
            [
              -118.458736715876,
              34.1655558611985
            ],
            [
              -118.46198331634207,
              34.1655558611985
            ],
            [
              -118.46198331634207,
              34.16412773652753
            ]
          ]
        ]
      }
    },
    {
      "type": "Feature",
      "properties": {
        "layerType": "BUILDING_3D",
        "id": "VAN_NUYS_BLD_92",
        "name": "Structure #92",
        "height": 20,
        "min_height": 0,
        "render_height": 20,
        "render_min_height": 0,
        "division": "Van Nuys Division",
        "bureau": "Valley Bureau",
        "extrusionColor": "#1e293b"
      },
      "geometry": {
        "type": "Polygon",
        "coordinates": [
          [
            [
              -118.4572195074098,
              34.164802893289526
            ],
            [
              -118.45547473971223,
              34.164802893289526
            ],
            [
              -118.45547473971223,
              34.16599339532085
            ],
            [
              -118.4572195074098,
              34.16599339532085
            ],
            [
              -118.4572195074098,
              34.164802893289526
            ]
          ]
        ]
      }
    },
    {
      "type": "Feature",
      "properties": {
        "layerType": "BUILDING_3D",
        "id": "VAN_NUYS_BLD_93",
        "name": "Structure #93",
        "height": 12,
        "min_height": 0,
        "render_height": 12,
        "render_min_height": 0,
        "division": "Van Nuys Division",
        "bureau": "Valley Bureau",
        "extrusionColor": "#1e293b"
      },
      "geometry": {
        "type": "Polygon",
        "coordinates": [
          [
            [
              -118.45198289055126,
              34.1632445923034
            ],
            [
              -118.45052843105599,
              34.1632445923034
            ],
            [
              -118.45052843105599,
              34.16558485161461
            ],
            [
              -118.45198289055126,
              34.16558485161461
            ],
            [
              -118.45198289055126,
              34.1632445923034
            ]
          ]
        ]
      }
    },
    {
      "type": "Feature",
      "properties": {
        "layerType": "BUILDING_3D",
        "id": "VAN_NUYS_BLD_94",
        "name": "Structure #94",
        "height": 40,
        "min_height": 0,
        "render_height": 40,
        "render_min_height": 0,
        "division": "Van Nuys Division",
        "bureau": "Valley Bureau",
        "extrusionColor": "#1e293b"
      },
      "geometry": {
        "type": "Polygon",
        "coordinates": [
          [
            [
              -118.44947493248002,
              34.1634804955244
            ],
            [
              -118.44661579214504,
              34.1634804955244
            ],
            [
              -118.44661579214504,
              34.164968752170154
            ],
            [
              -118.44947493248002,
              34.164968752170154
            ],
            [
              -118.44947493248002,
              34.1634804955244
            ]
          ]
        ]
      }
    },
    {
      "type": "Feature",
      "properties": {
        "layerType": "BUILDING_3D",
        "id": "VAN_NUYS_BLD_97",
        "name": "Structure #97",
        "height": 17,
        "min_height": 0,
        "render_height": 17,
        "render_min_height": 0,
        "division": "Van Nuys Division",
        "bureau": "Valley Bureau",
        "extrusionColor": "#1e293b"
      },
      "geometry": {
        "type": "Polygon",
        "coordinates": [
          [
            [
              -118.43579501895489,
              34.16307403781994
            ],
            [
              -118.43370757438915,
              34.16307403781994
            ],
            [
              -118.43370757438915,
              34.16548805226735
            ],
            [
              -118.43579501895489,
              34.16548805226735
            ],
            [
              -118.43579501895489,
              34.16307403781994
            ]
          ]
        ]
      }
    },
    {
      "type": "Feature",
      "properties": {
        "layerType": "BUILDING_3D",
        "id": "VAN_NUYS_BLD_98",
        "name": "Structure #98",
        "height": 18,
        "min_height": 0,
        "render_height": 18,
        "render_min_height": 0,
        "division": "Van Nuys Division",
        "bureau": "Valley Bureau",
        "extrusionColor": "#1e293b"
      },
      "geometry": {
        "type": "Polygon",
        "coordinates": [
          [
            [
              -118.43203624338742,
              34.163600607102985
            ],
            [
              -118.42908699496749,
              34.163600607102985
            ],
            [
              -118.42908699496749,
              34.16567761659497
            ],
            [
              -118.43203624338742,
              34.16567761659497
            ],
            [
              -118.43203624338742,
              34.163600607102985
            ]
          ]
        ]
      }
    },
    {
      "type": "Feature",
      "properties": {
        "layerType": "BUILDING_3D",
        "id": "VAN_NUYS_BLD_100",
        "name": "Structure #100",
        "height": 14,
        "min_height": 0,
        "render_height": 14,
        "render_min_height": 0,
        "division": "Van Nuys Division",
        "bureau": "Valley Bureau",
        "extrusionColor": "#1e293b"
      },
      "geometry": {
        "type": "Polygon",
        "coordinates": [
          [
            [
              -118.4219152865947,
              34.16419381690875
            ],
            [
              -118.41930709240404,
              34.16419381690875
            ],
            [
              -118.41930709240404,
              34.16567384272287
            ],
            [
              -118.4219152865947,
              34.16567384272287
            ],
            [
              -118.4219152865947,
              34.16419381690875
            ]
          ]
        ]
      }
    },
    {
      "type": "Feature",
      "properties": {
        "layerType": "BUILDING_3D",
        "id": "VAN_NUYS_BLD_101",
        "name": "Structure #101",
        "height": 10,
        "min_height": 0,
        "render_height": 10,
        "render_min_height": 0,
        "division": "Van Nuys Division",
        "bureau": "Valley Bureau",
        "extrusionColor": "#1e293b"
      },
      "geometry": {
        "type": "Polygon",
        "coordinates": [
          [
            [
              -118.41743289336941,
              34.164128692654586
            ],
            [
              -118.4156247170354,
              34.164128692654586
            ],
            [
              -118.4156247170354,
              34.165831520181754
            ],
            [
              -118.41743289336941,
              34.165831520181754
            ],
            [
              -118.41743289336941,
              34.164128692654586
            ]
          ]
        ]
      }
    },
    {
      "type": "Feature",
      "properties": {
        "layerType": "BUILDING_3D",
        "id": "VAN_NUYS_BLD_102",
        "name": "Structure #102",
        "height": 8,
        "min_height": 0,
        "render_height": 8,
        "render_min_height": 0,
        "division": "Van Nuys Division",
        "bureau": "Valley Bureau",
        "extrusionColor": "#1e293b"
      },
      "geometry": {
        "type": "Polygon",
        "coordinates": [
          [
            [
              -118.41310069223195,
              34.16380934262781
            ],
            [
              -118.41102031471007,
              34.16380934262781
            ],
            [
              -118.41102031471007,
              34.16510314311923
            ],
            [
              -118.41310069223195,
              34.16510314311923
            ],
            [
              -118.41310069223195,
              34.16380934262781
            ]
          ]
        ]
      }
    },
    {
      "type": "Feature",
      "properties": {
        "layerType": "BUILDING_3D",
        "id": "VAN_NUYS_BLD_103",
        "name": "Structure #103",
        "height": 24,
        "min_height": 0,
        "render_height": 24,
        "render_min_height": 0,
        "division": "Van Nuys Division",
        "bureau": "Valley Bureau",
        "extrusionColor": "#1e293b"
      },
      "geometry": {
        "type": "Polygon",
        "coordinates": [
          [
            [
              -118.48407908366738,
              34.16767899606176
            ],
            [
              -118.48249842243351,
              34.16767899606176
            ],
            [
              -118.48249842243351,
              34.16881219464839
            ],
            [
              -118.48407908366738,
              34.16881219464839
            ],
            [
              -118.48407908366738,
              34.16767899606176
            ]
          ]
        ]
      }
    },
    {
      "type": "Feature",
      "properties": {
        "layerType": "BUILDING_3D",
        "id": "VAN_NUYS_BLD_104",
        "name": "Structure #104",
        "height": 12,
        "min_height": 0,
        "render_height": 12,
        "render_min_height": 0,
        "division": "Van Nuys Division",
        "bureau": "Valley Bureau",
        "extrusionColor": "#1e293b"
      },
      "geometry": {
        "type": "Polygon",
        "coordinates": [
          [
            [
              -118.47935145277523,
              34.16656387524302
            ],
            [
              -118.47796700201329,
              34.16656387524302
            ],
            [
              -118.47796700201329,
              34.16927287220994
            ],
            [
              -118.47935145277523,
              34.16927287220994
            ],
            [
              -118.47935145277523,
              34.16656387524302
            ]
          ]
        ]
      }
    },
    {
      "type": "Feature",
      "properties": {
        "layerType": "BUILDING_3D",
        "id": "VAN_NUYS_BLD_105",
        "name": "Structure #105",
        "height": 17,
        "min_height": 0,
        "render_height": 17,
        "render_min_height": 0,
        "division": "Van Nuys Division",
        "bureau": "Valley Bureau",
        "extrusionColor": "#1e293b"
      },
      "geometry": {
        "type": "Polygon",
        "coordinates": [
          [
            [
              -118.47630205287052,
              34.167023125798515
            ],
            [
              -118.47299241856703,
              34.167023125798515
            ],
            [
              -118.47299241856703,
              34.168556658606754
            ],
            [
              -118.47630205287052,
              34.168556658606754
            ],
            [
              -118.47630205287052,
              34.167023125798515
            ]
          ]
        ]
      }
    },
    {
      "type": "Feature",
      "properties": {
        "layerType": "BUILDING_3D",
        "id": "VAN_NUYS_BLD_108",
        "name": "Structure #108",
        "height": 45,
        "min_height": 0,
        "render_height": 45,
        "render_min_height": 0,
        "division": "Van Nuys Division",
        "bureau": "Valley Bureau",
        "extrusionColor": "#0ea5e9"
      },
      "geometry": {
        "type": "Polygon",
        "coordinates": [
          [
            [
              -118.46188997215327,
              34.16721665111243
            ],
            [
              -118.46046529403154,
              34.16721665111243
            ],
            [
              -118.46046529403154,
              34.16979923041723
            ],
            [
              -118.46188997215327,
              34.16979923041723
            ],
            [
              -118.46188997215327,
              34.16721665111243
            ]
          ]
        ]
      }
    },
    {
      "type": "Feature",
      "properties": {
        "layerType": "BUILDING_3D",
        "id": "VAN_NUYS_BLD_109",
        "name": "Structure #109",
        "height": 17,
        "min_height": 0,
        "render_height": 17,
        "render_min_height": 0,
        "division": "Van Nuys Division",
        "bureau": "Valley Bureau",
        "extrusionColor": "#1e293b"
      },
      "geometry": {
        "type": "Polygon",
        "coordinates": [
          [
            [
              -118.45785748506626,
              34.166828290683355
            ],
            [
              -118.45470229768031,
              34.166828290683355
            ],
            [
              -118.45470229768031,
              34.168804176664224
            ],
            [
              -118.45785748506626,
              34.168804176664224
            ],
            [
              -118.45785748506626,
              34.166828290683355
            ]
          ]
        ]
      }
    },
    {
      "type": "Feature",
      "properties": {
        "layerType": "BUILDING_3D",
        "id": "VAN_NUYS_BLD_110",
        "name": "Structure #110",
        "height": 16,
        "min_height": 0,
        "render_height": 16,
        "render_min_height": 0,
        "division": "Van Nuys Division",
        "bureau": "Valley Bureau",
        "extrusionColor": "#1e293b"
      },
      "geometry": {
        "type": "Polygon",
        "coordinates": [
          [
            [
              -118.45392018785293,
              34.16792705320039
            ],
            [
              -118.45150620950525,
              34.16792705320039
            ],
            [
              -118.45150620950525,
              34.16997174035396
            ],
            [
              -118.45392018785293,
              34.16997174035396
            ],
            [
              -118.45392018785293,
              34.16792705320039
            ]
          ]
        ]
      }
    },
    {
      "type": "Feature",
      "properties": {
        "layerType": "BUILDING_3D",
        "id": "VAN_NUYS_BLD_112",
        "name": "Structure #112",
        "height": 16,
        "min_height": 0,
        "render_height": 16,
        "render_min_height": 0,
        "division": "Van Nuys Division",
        "bureau": "Valley Bureau",
        "extrusionColor": "#1e293b"
      },
      "geometry": {
        "type": "Polygon",
        "coordinates": [
          [
            [
              -118.44429031192914,
              34.16740293094539
            ],
            [
              -118.44190614624401,
              34.16740293094539
            ],
            [
              -118.44190614624401,
              34.169635235166986
            ],
            [
              -118.44429031192914,
              34.169635235166986
            ],
            [
              -118.44429031192914,
              34.16740293094539
            ]
          ]
        ]
      }
    },
    {
      "type": "Feature",
      "properties": {
        "layerType": "BUILDING_3D",
        "id": "VAN_NUYS_BLD_113",
        "name": "Structure #113",
        "height": 8,
        "min_height": 0,
        "render_height": 8,
        "render_min_height": 0,
        "division": "Van Nuys Division",
        "bureau": "Valley Bureau",
        "extrusionColor": "#1e293b"
      },
      "geometry": {
        "type": "Polygon",
        "coordinates": [
          [
            [
              -118.43998284454635,
              34.16746600231749
            ],
            [
              -118.43725559504485,
              34.16746600231749
            ],
            [
              -118.43725559504485,
              34.16942303837239
            ],
            [
              -118.43998284454635,
              34.16942303837239
            ],
            [
              -118.43998284454635,
              34.16746600231749
            ]
          ]
        ]
      }
    },
    {
      "type": "Feature",
      "properties": {
        "layerType": "BUILDING_3D",
        "id": "VAN_NUYS_BLD_114",
        "name": "Structure #114",
        "height": 22,
        "min_height": 0,
        "render_height": 22,
        "render_min_height": 0,
        "division": "Van Nuys Division",
        "bureau": "Valley Bureau",
        "extrusionColor": "#1e293b"
      },
      "geometry": {
        "type": "Polygon",
        "coordinates": [
          [
            [
              -118.435494024318,
              34.16809972614713
            ],
            [
              -118.43310307529164,
              34.16809972614713
            ],
            [
              -118.43310307529164,
              34.16923862727408
            ],
            [
              -118.435494024318,
              34.16923862727408
            ],
            [
              -118.435494024318,
              34.16809972614713
            ]
          ]
        ]
      }
    },
    {
      "type": "Feature",
      "properties": {
        "layerType": "BUILDING_3D",
        "id": "VAN_NUYS_BLD_115",
        "name": "Structure #115",
        "height": 10,
        "min_height": 0,
        "render_height": 10,
        "render_min_height": 0,
        "division": "Van Nuys Division",
        "bureau": "Valley Bureau",
        "extrusionColor": "#1e293b"
      },
      "geometry": {
        "type": "Polygon",
        "coordinates": [
          [
            [
              -118.43030802687908,
              34.16716283962001
            ],
            [
              -118.42891660921266,
              34.16716283962001
            ],
            [
              -118.42891660921266,
              34.169735084734505
            ],
            [
              -118.43030802687908,
              34.169735084734505
            ],
            [
              -118.43030802687908,
              34.16716283962001
            ]
          ]
        ]
      }
    },
    {
      "type": "Feature",
      "properties": {
        "layerType": "BUILDING_3D",
        "id": "VAN_NUYS_BLD_116",
        "name": "Structure #116",
        "height": 8,
        "min_height": 0,
        "render_height": 8,
        "render_min_height": 0,
        "division": "Van Nuys Division",
        "bureau": "Valley Bureau",
        "extrusionColor": "#1e293b"
      },
      "geometry": {
        "type": "Polygon",
        "coordinates": [
          [
            [
              -118.42704087467239,
              34.16711272498215
            ],
            [
              -118.4238983127678,
              34.16711272498215
            ],
            [
              -118.4238983127678,
              34.168476183487655
            ],
            [
              -118.42704087467239,
              34.168476183487655
            ],
            [
              -118.42704087467239,
              34.16711272498215
            ]
          ]
        ]
      }
    },
    {
      "type": "Feature",
      "properties": {
        "layerType": "BUILDING_3D",
        "id": "VAN_NUYS_BLD_117",
        "name": "Structure #117",
        "height": 14,
        "min_height": 0,
        "render_height": 14,
        "render_min_height": 0,
        "division": "Van Nuys Division",
        "bureau": "Valley Bureau",
        "extrusionColor": "#1e293b"
      },
      "geometry": {
        "type": "Polygon",
        "coordinates": [
          [
            [
              -118.42269033599466,
              34.16836774437542
            ],
            [
              -118.42102457220965,
              34.16836774437542
            ],
            [
              -118.42102457220965,
              34.169514514474436
            ],
            [
              -118.42269033599466,
              34.169514514474436
            ],
            [
              -118.42269033599466,
              34.16836774437542
            ]
          ]
        ]
      }
    },
    {
      "type": "Feature",
      "properties": {
        "layerType": "BUILDING_3D",
        "id": "VAN_NUYS_BLD_119",
        "name": "Structure #119",
        "height": 18,
        "min_height": 0,
        "render_height": 18,
        "render_min_height": 0,
        "division": "Van Nuys Division",
        "bureau": "Valley Bureau",
        "extrusionColor": "#1e293b"
      },
      "geometry": {
        "type": "Polygon",
        "coordinates": [
          [
            [
              -118.41386566738906,
              34.16666682917923
            ],
            [
              -118.41176322820196,
              34.16666682917923
            ],
            [
              -118.41176322820196,
              34.16893466964586
            ],
            [
              -118.41386566738906,
              34.16893466964586
            ],
            [
              -118.41386566738906,
              34.16666682917923
            ]
          ]
        ]
      }
    },
    {
      "type": "Feature",
      "properties": {
        "layerType": "BUILDING_3D",
        "id": "VAN_NUYS_BLD_122",
        "name": "Structure #122",
        "height": 8,
        "min_height": 0,
        "render_height": 8,
        "render_min_height": 0,
        "division": "Van Nuys Division",
        "bureau": "Valley Bureau",
        "extrusionColor": "#1e293b"
      },
      "geometry": {
        "type": "Polygon",
        "coordinates": [
          [
            [
              -118.47457017221716,
              34.1707806560294
            ],
            [
              -118.47282029347703,
              34.1707806560294
            ],
            [
              -118.47282029347703,
              34.1736040017227
            ],
            [
              -118.47457017221716,
              34.1736040017227
            ],
            [
              -118.47457017221716,
              34.1707806560294
            ]
          ]
        ]
      }
    },
    {
      "type": "Feature",
      "properties": {
        "layerType": "BUILDING_3D",
        "id": "VAN_NUYS_BLD_123",
        "name": "Structure #123",
        "height": 8,
        "min_height": 0,
        "render_height": 8,
        "render_min_height": 0,
        "division": "Van Nuys Division",
        "bureau": "Valley Bureau",
        "extrusionColor": "#1e293b"
      },
      "geometry": {
        "type": "Polygon",
        "coordinates": [
          [
            [
              -118.47115032973785,
              34.17106785851679
            ],
            [
              -118.46770099337046,
              34.17106785851679
            ],
            [
              -118.46770099337046,
              34.172212723418426
            ],
            [
              -118.47115032973785,
              34.172212723418426
            ],
            [
              -118.47115032973785,
              34.17106785851679
            ]
          ]
        ]
      }
    },
    {
      "type": "Feature",
      "properties": {
        "layerType": "BUILDING_3D",
        "id": "VAN_NUYS_BLD_124",
        "name": "Structure #124",
        "height": 20,
        "min_height": 0,
        "render_height": 20,
        "render_min_height": 0,
        "division": "Van Nuys Division",
        "bureau": "Valley Bureau",
        "extrusionColor": "#1e293b"
      },
      "geometry": {
        "type": "Polygon",
        "coordinates": [
          [
            [
              -118.46638768416501,
              34.1721870708167
            ],
            [
              -118.46498898043903,
              34.1721870708167
            ],
            [
              -118.46498898043903,
              34.17331917118148
            ],
            [
              -118.46638768416501,
              34.17331917118148
            ],
            [
              -118.46638768416501,
              34.1721870708167
            ]
          ]
        ]
      }
    },
    {
      "type": "Feature",
      "properties": {
        "layerType": "BUILDING_3D",
        "id": "VAN_NUYS_BLD_126",
        "name": "Structure #126",
        "height": 42,
        "min_height": 0,
        "render_height": 42,
        "render_min_height": 0,
        "division": "Van Nuys Division",
        "bureau": "Valley Bureau",
        "extrusionColor": "#0ea5e9"
      },
      "geometry": {
        "type": "Polygon",
        "coordinates": [
          [
            [
              -118.45859620851837,
              34.17067158523335
            ],
            [
              -118.45569527728478,
              34.17067158523335
            ],
            [
              -118.45569527728478,
              34.17212866423921
            ],
            [
              -118.45859620851837,
              34.17212866423921
            ],
            [
              -118.45859620851837,
              34.17067158523335
            ]
          ]
        ]
      }
    },
    {
      "type": "Feature",
      "properties": {
        "layerType": "BUILDING_3D",
        "id": "VAN_NUYS_BLD_129",
        "name": "Structure #129",
        "height": 23,
        "min_height": 0,
        "render_height": 23,
        "render_min_height": 0,
        "division": "Van Nuys Division",
        "bureau": "Valley Bureau",
        "extrusionColor": "#1e293b"
      },
      "geometry": {
        "type": "Polygon",
        "coordinates": [
          [
            [
              -118.44473307646923,
              34.17050379203678
            ],
            [
              -118.44247752022521,
              34.17050379203678
            ],
            [
              -118.44247752022521,
              34.172714832241695
            ],
            [
              -118.44473307646923,
              34.172714832241695
            ],
            [
              -118.44473307646923,
              34.17050379203678
            ]
          ]
        ]
      }
    },
    {
      "type": "Feature",
      "properties": {
        "layerType": "BUILDING_3D",
        "id": "VAN_NUYS_BLD_130",
        "name": "Structure #130",
        "height": 10,
        "min_height": 0,
        "render_height": 10,
        "render_min_height": 0,
        "division": "Van Nuys Division",
        "bureau": "Valley Bureau",
        "extrusionColor": "#1e293b"
      },
      "geometry": {
        "type": "Polygon",
        "coordinates": [
          [
            [
              -118.44060622692339,
              34.17066134886306
            ],
            [
              -118.4379049560848,
              34.17066134886306
            ],
            [
              -118.4379049560848,
              34.17328148331432
            ],
            [
              -118.44060622692339,
              34.17328148331432
            ],
            [
              -118.44060622692339,
              34.17066134886306
            ]
          ]
        ]
      }
    },
    {
      "type": "Feature",
      "properties": {
        "layerType": "BUILDING_3D",
        "id": "VAN_NUYS_BLD_132",
        "name": "Structure #132",
        "height": 24,
        "min_height": 0,
        "render_height": 24,
        "render_min_height": 0,
        "division": "Van Nuys Division",
        "bureau": "Valley Bureau",
        "extrusionColor": "#1e293b"
      },
      "geometry": {
        "type": "Polygon",
        "coordinates": [
          [
            [
              -118.43047809852511,
              34.17158633736954
            ],
            [
              -118.42878810342727,
              34.17158633736954
            ],
            [
              -118.42878810342727,
              34.17359476664138
            ],
            [
              -118.43047809852511,
              34.17359476664138
            ],
            [
              -118.43047809852511,
              34.17158633736954
            ]
          ]
        ]
      }
    },
    {
      "type": "Feature",
      "properties": {
        "layerType": "BUILDING_3D",
        "id": "VAN_NUYS_BLD_133",
        "name": "Structure #133",
        "height": 23,
        "min_height": 0,
        "render_height": 23,
        "render_min_height": 0,
        "division": "Van Nuys Division",
        "bureau": "Valley Bureau",
        "extrusionColor": "#1e293b"
      },
      "geometry": {
        "type": "Polygon",
        "coordinates": [
          [
            [
              -118.42604836610963,
              34.17025639513898
            ],
            [
              -118.42359462899017,
              34.17025639513898
            ],
            [
              -118.42359462899017,
              34.172945761403994
            ],
            [
              -118.42604836610963,
              34.172945761403994
            ],
            [
              -118.42604836610963,
              34.17025639513898
            ]
          ]
        ]
      }
    },
    {
      "type": "Feature",
      "properties": {
        "layerType": "BUILDING_3D",
        "id": "VAN_NUYS_BLD_134",
        "name": "Structure #134",
        "height": 47,
        "min_height": 0,
        "render_height": 47,
        "render_min_height": 0,
        "division": "Van Nuys Division",
        "bureau": "Valley Bureau",
        "extrusionColor": "#0ea5e9"
      },
      "geometry": {
        "type": "Polygon",
        "coordinates": [
          [
            [
              -118.42326141770351,
              34.170792170214604
            ],
            [
              -118.41997576661049,
              34.170792170214604
            ],
            [
              -118.41997576661049,
              34.173410205509235
            ],
            [
              -118.42326141770351,
              34.173410205509235
            ],
            [
              -118.42326141770351,
              34.170792170214604
            ]
          ]
        ]
      }
    },
    {
      "type": "Feature",
      "properties": {
        "layerType": "BUILDING_3D",
        "id": "VAN_NUYS_BLD_136",
        "name": "Structure #136",
        "height": 21,
        "min_height": 0,
        "render_height": 21,
        "render_min_height": 0,
        "division": "Van Nuys Division",
        "bureau": "Valley Bureau",
        "extrusionColor": "#1e293b"
      },
      "geometry": {
        "type": "Polygon",
        "coordinates": [
          [
            [
              -118.41272903685598,
              34.17151115581743
            ],
            [
              -118.41030803904226,
              34.17151115581743
            ],
            [
              -118.41030803904226,
              34.173666589542876
            ],
            [
              -118.41272903685598,
              34.173666589542876
            ],
            [
              -118.41272903685598,
              34.17151115581743
            ]
          ]
        ]
      }
    },
    {
      "type": "Feature",
      "properties": {
        "layerType": "BUILDING_3D",
        "id": "VAN_NUYS_BLD_137",
        "name": "Structure #137",
        "height": 32,
        "min_height": 0,
        "render_height": 32,
        "render_min_height": 0,
        "division": "Van Nuys Division",
        "bureau": "Valley Bureau",
        "extrusionColor": "#1e293b"
      },
      "geometry": {
        "type": "Polygon",
        "coordinates": [
          [
            [
              -118.48349315805112,
              34.17445349665589
            ],
            [
              -118.48085982273042,
              34.17445349665589
            ],
            [
              -118.48085982273042,
              34.17692822492534
            ],
            [
              -118.48349315805112,
              34.17692822492534
            ],
            [
              -118.48349315805112,
              34.17445349665589
            ]
          ]
        ]
      }
    },
    {
      "type": "Feature",
      "properties": {
        "layerType": "BUILDING_3D",
        "id": "VAN_NUYS_BLD_138",
        "name": "Structure #138",
        "height": 9,
        "min_height": 0,
        "render_height": 9,
        "render_min_height": 0,
        "division": "Van Nuys Division",
        "bureau": "Valley Bureau",
        "extrusionColor": "#1e293b"
      },
      "geometry": {
        "type": "Polygon",
        "coordinates": [
          [
            [
              -118.47989844299958,
              34.17449728813719
            ],
            [
              -118.47687501932198,
              34.17449728813719
            ],
            [
              -118.47687501932198,
              34.17716251693466
            ],
            [
              -118.47989844299958,
              34.17716251693466
            ],
            [
              -118.47989844299958,
              34.17449728813719
            ]
          ]
        ]
      }
    },
    {
      "type": "Feature",
      "properties": {
        "layerType": "BUILDING_3D",
        "id": "VAN_NUYS_BLD_139",
        "name": "Structure #139",
        "height": 21,
        "min_height": 0,
        "render_height": 21,
        "render_min_height": 0,
        "division": "Van Nuys Division",
        "bureau": "Valley Bureau",
        "extrusionColor": "#1e293b"
      },
      "geometry": {
        "type": "Polygon",
        "coordinates": [
          [
            [
              -118.47543317738895,
              34.17547282133473
            ],
            [
              -118.4721770155097,
              34.17547282133473
            ],
            [
              -118.4721770155097,
              34.1766978550075
            ],
            [
              -118.47543317738895,
              34.1766978550075
            ],
            [
              -118.47543317738895,
              34.17547282133473
            ]
          ]
        ]
      }
    },
    {
      "type": "Feature",
      "properties": {
        "layerType": "BUILDING_3D",
        "id": "VAN_NUYS_BLD_140",
        "name": "Structure #140",
        "height": 16,
        "min_height": 0,
        "render_height": 16,
        "render_min_height": 0,
        "division": "Van Nuys Division",
        "bureau": "Valley Bureau",
        "extrusionColor": "#1e293b"
      },
      "geometry": {
        "type": "Polygon",
        "coordinates": [
          [
            [
              -118.46982958479468,
              34.17504311242722
            ],
            [
              -118.46833293732116,
              34.17504311242722
            ],
            [
              -118.46833293732116,
              34.17743236475984
            ],
            [
              -118.46982958479468,
              34.17743236475984
            ],
            [
              -118.46982958479468,
              34.17504311242722
            ]
          ]
        ]
      }
    },
    {
      "type": "Feature",
      "properties": {
        "layerType": "BUILDING_3D",
        "id": "VAN_NUYS_BLD_141",
        "name": "Structure #141",
        "height": 9,
        "min_height": 0,
        "render_height": 9,
        "render_min_height": 0,
        "division": "Van Nuys Division",
        "bureau": "Valley Bureau",
        "extrusionColor": "#1e293b"
      },
      "geometry": {
        "type": "Polygon",
        "coordinates": [
          [
            [
              -118.46594280382195,
              34.17412728409338
            ],
            [
              -118.46302380775947,
              34.17412728409338
            ],
            [
              -118.46302380775947,
              34.17604388089418
            ],
            [
              -118.46594280382195,
              34.17604388089418
            ],
            [
              -118.46594280382195,
              34.17412728409338
            ]
          ]
        ]
      }
    },
    {
      "type": "Feature",
      "properties": {
        "layerType": "BUILDING_3D",
        "id": "VAN_NUYS_BLD_142",
        "name": "Structure #142",
        "height": 42,
        "min_height": 0,
        "render_height": 42,
        "render_min_height": 0,
        "division": "Van Nuys Division",
        "bureau": "Valley Bureau",
        "extrusionColor": "#0ea5e9"
      },
      "geometry": {
        "type": "Polygon",
        "coordinates": [
          [
            [
              -118.46264992441081,
              34.175407892174235
            ],
            [
              -118.46030838080802,
              34.175407892174235
            ],
            [
              -118.46030838080802,
              34.17662602266907
            ],
            [
              -118.46264992441081,
              34.17662602266907
            ],
            [
              -118.46264992441081,
              34.175407892174235
            ]
          ]
        ]
      }
    },
    {
      "type": "Feature",
      "properties": {
        "layerType": "BUILDING_3D",
        "id": "VAN_NUYS_BLD_144",
        "name": "Structure #144",
        "height": 22,
        "min_height": 0,
        "render_height": 22,
        "render_min_height": 0,
        "division": "Van Nuys Division",
        "bureau": "Valley Bureau",
        "extrusionColor": "#1e293b"
      },
      "geometry": {
        "type": "Polygon",
        "coordinates": [
          [
            [
              -118.453037382907,
              34.174149019899346
            ],
            [
              -118.45092202968148,
              34.174149019899346
            ],
            [
              -118.45092202968148,
              34.17601110000351
            ],
            [
              -118.453037382907,
              34.17601110000351
            ],
            [
              -118.453037382907,
              34.174149019899346
            ]
          ]
        ]
      }
    },
    {
      "type": "Feature",
      "properties": {
        "layerType": "BUILDING_3D",
        "id": "VAN_NUYS_BLD_145",
        "name": "Structure #145",
        "height": 15,
        "min_height": 0,
        "render_height": 15,
        "render_min_height": 0,
        "division": "Van Nuys Division",
        "bureau": "Valley Bureau",
        "extrusionColor": "#1e293b"
      },
      "geometry": {
        "type": "Polygon",
        "coordinates": [
          [
            [
              -118.44938807523609,
              34.17422207542671
            ],
            [
              -118.44711313574233,
              34.17422207542671
            ],
            [
              -118.44711313574233,
              34.17675936494567
            ],
            [
              -118.44938807523609,
              34.17675936494567
            ],
            [
              -118.44938807523609,
              34.17422207542671
            ]
          ]
        ]
      }
    },
    {
      "type": "Feature",
      "properties": {
        "layerType": "BUILDING_3D",
        "id": "VAN_NUYS_BLD_147",
        "name": "Structure #147",
        "height": 16,
        "min_height": 0,
        "render_height": 16,
        "render_min_height": 0,
        "division": "Van Nuys Division",
        "bureau": "Valley Bureau",
        "extrusionColor": "#1e293b"
      },
      "geometry": {
        "type": "Polygon",
        "coordinates": [
          [
            [
              -118.43990547105898,
              34.17481156908941
            ],
            [
              -118.43768991986863,
              34.17481156908941
            ],
            [
              -118.43768991986863,
              34.17745920525203
            ],
            [
              -118.43990547105898,
              34.17745920525203
            ],
            [
              -118.43990547105898,
              34.17481156908941
            ]
          ]
        ]
      }
    },
    {
      "type": "Feature",
      "properties": {
        "layerType": "BUILDING_3D",
        "id": "VAN_NUYS_BLD_148",
        "name": "Structure #148",
        "height": 24,
        "min_height": 0,
        "render_height": 24,
        "render_min_height": 0,
        "division": "Van Nuys Division",
        "bureau": "Valley Bureau",
        "extrusionColor": "#1e293b"
      },
      "geometry": {
        "type": "Polygon",
        "coordinates": [
          [
            [
              -118.43534333188171,
              34.174598504426505
            ],
            [
              -118.43210866326675,
              34.174598504426505
            ],
            [
              -118.43210866326675,
              34.17651415816945
            ],
            [
              -118.43534333188171,
              34.17651415816945
            ],
            [
              -118.43534333188171,
              34.174598504426505
            ]
          ]
        ]
      }
    },
    {
      "type": "Feature",
      "properties": {
        "layerType": "BUILDING_3D",
        "id": "VAN_NUYS_BLD_149",
        "name": "Structure #149",
        "height": 15,
        "min_height": 0,
        "render_height": 15,
        "render_min_height": 0,
        "division": "Van Nuys Division",
        "bureau": "Valley Bureau",
        "extrusionColor": "#1e293b"
      },
      "geometry": {
        "type": "Polygon",
        "coordinates": [
          [
            [
              -118.4311918724201,
              34.17485085223824
            ],
            [
              -118.42885148096946,
              34.17485085223824
            ],
            [
              -118.42885148096946,
              34.177596476733086
            ],
            [
              -118.4311918724201,
              34.177596476733086
            ],
            [
              -118.4311918724201,
              34.17485085223824
            ]
          ]
        ]
      }
    },
    {
      "type": "Feature",
      "properties": {
        "layerType": "BUILDING_3D",
        "id": "VAN_NUYS_BLD_150",
        "name": "Structure #150",
        "height": 25,
        "min_height": 0,
        "render_height": 25,
        "render_min_height": 0,
        "division": "Van Nuys Division",
        "bureau": "Valley Bureau",
        "extrusionColor": "#1e293b"
      },
      "geometry": {
        "type": "Polygon",
        "coordinates": [
          [
            [
              -118.42647180948269,
              34.174726313742546
            ],
            [
              -118.42311742661569,
              34.174726313742546
            ],
            [
              -118.42311742661569,
              34.176549843357286
            ],
            [
              -118.42647180948269,
              34.176549843357286
            ],
            [
              -118.42647180948269,
              34.174726313742546
            ]
          ]
        ]
      }
    },
    {
      "type": "Feature",
      "properties": {
        "layerType": "BUILDING_3D",
        "id": "VAN_NUYS_BLD_151",
        "name": "Structure #151",
        "height": 38,
        "min_height": 0,
        "render_height": 38,
        "render_min_height": 0,
        "division": "Van Nuys Division",
        "bureau": "Valley Bureau",
        "extrusionColor": "#1e293b"
      },
      "geometry": {
        "type": "Polygon",
        "coordinates": [
          [
            [
              -118.42221219588015,
              34.174899769401804
            ],
            [
              -118.41998435426939,
              34.174899769401804
            ],
            [
              -118.41998435426939,
              34.17770434090106
            ],
            [
              -118.42221219588015,
              34.17770434090106
            ],
            [
              -118.42221219588015,
              34.174899769401804
            ]
          ]
        ]
      }
    },
    {
      "type": "Feature",
      "properties": {
        "layerType": "BUILDING_3D",
        "id": "VAN_NUYS_BLD_152",
        "name": "Structure #152",
        "height": 13,
        "min_height": 0,
        "render_height": 13,
        "render_min_height": 0,
        "division": "Van Nuys Division",
        "bureau": "Valley Bureau",
        "extrusionColor": "#1e293b"
      },
      "geometry": {
        "type": "Polygon",
        "coordinates": [
          [
            [
              -118.4175885170204,
              34.17423247289404
            ],
            [
              -118.4141621174512,
              34.17423247289404
            ],
            [
              -118.4141621174512,
              34.17689628560067
            ],
            [
              -118.4175885170204,
              34.17689628560067
            ],
            [
              -118.4175885170204,
              34.17423247289404
            ]
          ]
        ]
      }
    },
    {
      "type": "Feature",
      "properties": {
        "layerType": "BUILDING_3D",
        "id": "VAN_NUYS_BLD_153",
        "name": "Structure #153",
        "height": 41,
        "min_height": 0,
        "render_height": 41,
        "render_min_height": 0,
        "division": "Van Nuys Division",
        "bureau": "Valley Bureau",
        "extrusionColor": "#0ea5e9"
      },
      "geometry": {
        "type": "Polygon",
        "coordinates": [
          [
            [
              -118.41399200144167,
              34.175549918491654
            ],
            [
              -118.41073756962814,
              34.175549918491654
            ],
            [
              -118.41073756962814,
              34.17714850701826
            ],
            [
              -118.41399200144167,
              34.17714850701826
            ],
            [
              -118.41399200144167,
              34.175549918491654
            ]
          ]
        ]
      }
    },
    {
      "type": "Feature",
      "properties": {
        "layerType": "BUILDING_3D",
        "id": "VAN_NUYS_BLD_154",
        "name": "Structure #154",
        "height": 15,
        "min_height": 0,
        "render_height": 15,
        "render_min_height": 0,
        "division": "Van Nuys Division",
        "bureau": "Valley Bureau",
        "extrusionColor": "#1e293b"
      },
      "geometry": {
        "type": "Polygon",
        "coordinates": [
          [
            [
              -118.48297068781562,
              34.17916536489758
            ],
            [
              -118.48101766110892,
              34.17916536489758
            ],
            [
              -118.48101766110892,
              34.180530068766366
            ],
            [
              -118.48297068781562,
              34.180530068766366
            ],
            [
              -118.48297068781562,
              34.17916536489758
            ]
          ]
        ]
      }
    },
    {
      "type": "Feature",
      "properties": {
        "layerType": "BUILDING_3D",
        "id": "VAN_NUYS_BLD_155",
        "name": "Van Nuys Division High-Rise Tower #155",
        "height": 55,
        "min_height": 0,
        "render_height": 55,
        "render_min_height": 0,
        "division": "Van Nuys Division",
        "bureau": "Valley Bureau",
        "extrusionColor": "#0ea5e9"
      },
      "geometry": {
        "type": "Polygon",
        "coordinates": [
          [
            [
              -118.47855362659571,
              34.17809394456375
            ],
            [
              -118.47688634132616,
              34.17809394456375
            ],
            [
              -118.47688634132616,
              34.179897130412165
            ],
            [
              -118.47855362659571,
              34.179897130412165
            ],
            [
              -118.47855362659571,
              34.17809394456375
            ]
          ]
        ]
      }
    },
    {
      "type": "Feature",
      "properties": {
        "layerType": "BUILDING_3D",
        "id": "VAN_NUYS_BLD_156",
        "name": "Structure #156",
        "height": 32,
        "min_height": 0,
        "render_height": 32,
        "render_min_height": 0,
        "division": "Van Nuys Division",
        "bureau": "Valley Bureau",
        "extrusionColor": "#1e293b"
      },
      "geometry": {
        "type": "Polygon",
        "coordinates": [
          [
            [
              -118.47545083695832,
              34.177668900919606
            ],
            [
              -118.4732478497227,
              34.177668900919606
            ],
            [
              -118.4732478497227,
              34.17994795860378
            ],
            [
              -118.47545083695832,
              34.17994795860378
            ],
            [
              -118.47545083695832,
              34.177668900919606
            ]
          ]
        ]
      }
    },
    {
      "type": "Feature",
      "properties": {
        "layerType": "BUILDING_3D",
        "id": "VAN_NUYS_BLD_157",
        "name": "Structure #157",
        "height": 9,
        "min_height": 0,
        "render_height": 9,
        "render_min_height": 0,
        "division": "Van Nuys Division",
        "bureau": "Valley Bureau",
        "extrusionColor": "#1e293b"
      },
      "geometry": {
        "type": "Polygon",
        "coordinates": [
          [
            [
              -118.47155835634257,
              34.17784023099479
            ],
            [
              -118.46877398722614,
              34.17784023099479
            ],
            [
              -118.46877398722614,
              34.18047819969601
            ],
            [
              -118.47155835634257,
              34.18047819969601
            ],
            [
              -118.47155835634257,
              34.17784023099479
            ]
          ]
        ]
      }
    },
    {
      "type": "Feature",
      "properties": {
        "layerType": "BUILDING_3D",
        "id": "VAN_NUYS_BLD_159",
        "name": "Structure #159",
        "height": 20,
        "min_height": 0,
        "render_height": 20,
        "render_min_height": 0,
        "division": "Van Nuys Division",
        "bureau": "Valley Bureau",
        "extrusionColor": "#1e293b"
      },
      "geometry": {
        "type": "Polygon",
        "coordinates": [
          [
            [
              -118.46118778088118,
              34.17881143573677
            ],
            [
              -118.45971016970901,
              34.17881143573677
            ],
            [
              -118.45971016970901,
              34.18084264751854
            ],
            [
              -118.46118778088118,
              34.18084264751854
            ],
            [
              -118.46118778088118,
              34.17881143573677
            ]
          ]
        ]
      }
    },
    {
      "type": "Feature",
      "properties": {
        "layerType": "BUILDING_3D",
        "id": "VAN_NUYS_BLD_160",
        "name": "Structure #160",
        "height": 18,
        "min_height": 0,
        "render_height": 18,
        "render_min_height": 0,
        "division": "Van Nuys Division",
        "bureau": "Valley Bureau",
        "extrusionColor": "#1e293b"
      },
      "geometry": {
        "type": "Polygon",
        "coordinates": [
          [
            [
              -118.45692720520847,
              34.177522838626686
            ],
            [
              -118.45444563425337,
              34.177522838626686
            ],
            [
              -118.45444563425337,
              34.17984561807879
            ],
            [
              -118.45692720520847,
              34.17984561807879
            ],
            [
              -118.45692720520847,
              34.177522838626686
            ]
          ]
        ]
      }
    },
    {
      "type": "Feature",
      "properties": {
        "layerType": "BUILDING_3D",
        "id": "VAN_NUYS_BLD_161",
        "name": "Van Nuys Division High-Rise Tower #161",
        "height": 57,
        "min_height": 0,
        "render_height": 57,
        "render_min_height": 0,
        "division": "Van Nuys Division",
        "bureau": "Valley Bureau",
        "extrusionColor": "#0ea5e9"
      },
      "geometry": {
        "type": "Polygon",
        "coordinates": [
          [
            [
              -118.45408974466423,
              34.178295505119095
            ],
            [
              -118.45125195981325,
              34.178295505119095
            ],
            [
              -118.45125195981325,
              34.18038776706507
            ],
            [
              -118.45408974466423,
              34.18038776706507
            ],
            [
              -118.45408974466423,
              34.178295505119095
            ]
          ]
        ]
      }
    },
    {
      "type": "Feature",
      "properties": {
        "layerType": "BUILDING_3D",
        "id": "VAN_NUYS_BLD_163",
        "name": "Structure #163",
        "height": 17,
        "min_height": 0,
        "render_height": 17,
        "render_min_height": 0,
        "division": "Van Nuys Division",
        "bureau": "Valley Bureau",
        "extrusionColor": "#1e293b"
      },
      "geometry": {
        "type": "Polygon",
        "coordinates": [
          [
            [
              -118.44388185262916,
              34.17803164773094
            ],
            [
              -118.44163651513868,
              34.17803164773094
            ],
            [
              -118.44163651513868,
              34.18074930471597
            ],
            [
              -118.44388185262916,
              34.18074930471597
            ],
            [
              -118.44388185262916,
              34.17803164773094
            ]
          ]
        ]
      }
    },
    {
      "type": "Feature",
      "properties": {
        "layerType": "BUILDING_3D",
        "id": "VAN_NUYS_BLD_164",
        "name": "Structure #164",
        "height": 21,
        "min_height": 0,
        "render_height": 21,
        "render_min_height": 0,
        "division": "Van Nuys Division",
        "bureau": "Valley Bureau",
        "extrusionColor": "#1e293b"
      },
      "geometry": {
        "type": "Polygon",
        "coordinates": [
          [
            [
              -118.44023282856402,
              34.17819361930634
            ],
            [
              -118.43691261414791,
              34.17819361930634
            ],
            [
              -118.43691261414791,
              34.18018027453304
            ],
            [
              -118.44023282856402,
              34.18018027453304
            ],
            [
              -118.44023282856402,
              34.17819361930634
            ]
          ]
        ]
      }
    },
    {
      "type": "Feature",
      "properties": {
        "layerType": "BUILDING_3D",
        "id": "VAN_NUYS_BLD_165",
        "name": "Structure #165",
        "height": 18,
        "min_height": 0,
        "render_height": 18,
        "render_min_height": 0,
        "division": "Van Nuys Division",
        "bureau": "Valley Bureau",
        "extrusionColor": "#1e293b"
      },
      "geometry": {
        "type": "Polygon",
        "coordinates": [
          [
            [
              -118.43562318003298,
              34.1786565016543
            ],
            [
              -118.43319604468813,
              34.1786565016543
            ],
            [
              -118.43319604468813,
              34.181125082855075
            ],
            [
              -118.43562318003298,
              34.181125082855075
            ],
            [
              -118.43562318003298,
              34.1786565016543
            ]
          ]
        ]
      }
    },
    {
      "type": "Feature",
      "properties": {
        "layerType": "BUILDING_3D",
        "id": "VAN_NUYS_BLD_166",
        "name": "Structure #166",
        "height": 10,
        "min_height": 0,
        "render_height": 10,
        "render_min_height": 0,
        "division": "Van Nuys Division",
        "bureau": "Valley Bureau",
        "extrusionColor": "#1e293b"
      },
      "geometry": {
        "type": "Polygon",
        "coordinates": [
          [
            [
              -118.43064590295629,
              34.17822165826137
            ],
            [
              -118.42762998927208,
              34.17822165826137
            ],
            [
              -118.42762998927208,
              34.180390323434686
            ],
            [
              -118.43064590295629,
              34.180390323434686
            ],
            [
              -118.43064590295629,
              34.17822165826137
            ]
          ]
        ]
      }
    },
    {
      "type": "Feature",
      "properties": {
        "layerType": "BUILDING_3D",
        "id": "VAN_NUYS_BLD_167",
        "name": "Structure #167",
        "height": 36,
        "min_height": 0,
        "render_height": 36,
        "render_min_height": 0,
        "division": "Van Nuys Division",
        "bureau": "Valley Bureau",
        "extrusionColor": "#1e293b"
      },
      "geometry": {
        "type": "Polygon",
        "coordinates": [
          [
            [
              -118.4267653948843,
              34.179024521718084
            ],
            [
              -118.4241158944463,
              34.179024521718084
            ],
            [
              -118.4241158944463,
              34.180358541536485
            ],
            [
              -118.4267653948843,
              34.180358541536485
            ],
            [
              -118.4267653948843,
              34.179024521718084
            ]
          ]
        ]
      }
    },
    {
      "type": "Feature",
      "properties": {
        "layerType": "BUILDING_3D",
        "id": "VAN_NUYS_BLD_168",
        "name": "Structure #168",
        "height": 11,
        "min_height": 0,
        "render_height": 11,
        "render_min_height": 0,
        "division": "Van Nuys Division",
        "bureau": "Valley Bureau",
        "extrusionColor": "#1e293b"
      },
      "geometry": {
        "type": "Polygon",
        "coordinates": [
          [
            [
              -118.42137275627202,
              34.178383239472986
            ],
            [
              -118.41974295830384,
              34.178383239472986
            ],
            [
              -118.41974295830384,
              34.18051995813767
            ],
            [
              -118.42137275627202,
              34.18051995813767
            ],
            [
              -118.42137275627202,
              34.178383239472986
            ]
          ]
        ]
      }
    },
    {
      "type": "Feature",
      "properties": {
        "layerType": "BUILDING_3D",
        "id": "VAN_NUYS_BLD_169",
        "name": "Structure #169",
        "height": 9,
        "min_height": 0,
        "render_height": 9,
        "render_min_height": 0,
        "division": "Van Nuys Division",
        "bureau": "Valley Bureau",
        "extrusionColor": "#1e293b"
      },
      "geometry": {
        "type": "Polygon",
        "coordinates": [
          [
            [
              -118.41774445856242,
              34.17804210075209
            ],
            [
              -118.4151339877956,
              34.17804210075209
            ],
            [
              -118.4151339877956,
              34.179525664290686
            ],
            [
              -118.41774445856242,
              34.179525664290686
            ],
            [
              -118.41774445856242,
              34.17804210075209
            ]
          ]
        ]
      }
    },
    {
      "type": "Feature",
      "properties": {
        "layerType": "BUILDING_3D",
        "id": "VAN_NUYS_BLD_170",
        "name": "Structure #170",
        "height": 16,
        "min_height": 0,
        "render_height": 16,
        "render_min_height": 0,
        "division": "Van Nuys Division",
        "bureau": "Valley Bureau",
        "extrusionColor": "#1e293b"
      },
      "geometry": {
        "type": "Polygon",
        "coordinates": [
          [
            [
              -118.4137494696694,
              34.178798844784026
            ],
            [
              -118.41193697122856,
              34.178798844784026
            ],
            [
              -118.41193697122856,
              34.18005323841281
            ],
            [
              -118.4137494696694,
              34.18005323841281
            ],
            [
              -118.4137494696694,
              34.178798844784026
            ]
          ]
        ]
      }
    },
    {
      "type": "Feature",
      "properties": {
        "layerType": "BUILDING_3D",
        "id": "VAN_NUYS_BLD_172",
        "name": "Structure #172",
        "height": 12,
        "min_height": 0,
        "render_height": 12,
        "render_min_height": 0,
        "division": "Van Nuys Division",
        "bureau": "Valley Bureau",
        "extrusionColor": "#1e293b"
      },
      "geometry": {
        "type": "Polygon",
        "coordinates": [
          [
            [
              -118.48006300873182,
              34.180900843925
            ],
            [
              -118.47768405258638,
              34.180900843925
            ],
            [
              -118.47768405258638,
              34.18376174143661
            ],
            [
              -118.48006300873182,
              34.18376174143661
            ],
            [
              -118.48006300873182,
              34.180900843925
            ]
          ]
        ]
      }
    },
    {
      "type": "Feature",
      "properties": {
        "layerType": "BUILDING_3D",
        "id": "VAN_NUYS_BLD_173",
        "name": "Structure #173",
        "height": 25,
        "min_height": 0,
        "render_height": 25,
        "render_min_height": 0,
        "division": "Van Nuys Division",
        "bureau": "Valley Bureau",
        "extrusionColor": "#1e293b"
      },
      "geometry": {
        "type": "Polygon",
        "coordinates": [
          [
            [
              -118.47643335810068,
              34.1821430731562
            ],
            [
              -118.47293814394621,
              34.1821430731562
            ],
            [
              -118.47293814394621,
              34.18362803385503
            ],
            [
              -118.47643335810068,
              34.18362803385503
            ],
            [
              -118.47643335810068,
              34.1821430731562
            ]
          ]
        ]
      }
    },
    {
      "type": "Feature",
      "properties": {
        "layerType": "BUILDING_3D",
        "id": "VAN_NUYS_BLD_175",
        "name": "Structure #175",
        "height": 16,
        "min_height": 0,
        "render_height": 16,
        "render_min_height": 0,
        "division": "Van Nuys Division",
        "bureau": "Valley Bureau",
        "extrusionColor": "#1e293b"
      },
      "geometry": {
        "type": "Polygon",
        "coordinates": [
          [
            [
              -118.46604088902951,
              34.18184381396974
            ],
            [
              -118.46254323891158,
              34.18184381396974
            ],
            [
              -118.46254323891158,
              34.18318767870394
            ],
            [
              -118.46604088902951,
              34.18318767870394
            ],
            [
              -118.46604088902951,
              34.18184381396974
            ]
          ]
        ]
      }
    },
    {
      "type": "Feature",
      "properties": {
        "layerType": "BUILDING_3D",
        "id": "VAN_NUYS_BLD_176",
        "name": "Van Nuys Division High-Rise Tower #176",
        "height": 55,
        "min_height": 0,
        "render_height": 55,
        "render_min_height": 0,
        "division": "Van Nuys Division",
        "bureau": "Valley Bureau",
        "extrusionColor": "#0ea5e9"
      },
      "geometry": {
        "type": "Polygon",
        "coordinates": [
          [
            [
              -118.46204601913199,
              34.18266103726591
            ],
            [
              -118.46040419343863,
              34.18266103726591
            ],
            [
              -118.46040419343863,
              34.184575144518156
            ],
            [
              -118.46204601913199,
              34.184575144518156
            ],
            [
              -118.46204601913199,
              34.18266103726591
            ]
          ]
        ]
      }
    },
    {
      "type": "Feature",
      "properties": {
        "layerType": "BUILDING_3D",
        "id": "VAN_NUYS_BLD_177",
        "name": "Structure #177",
        "height": 23,
        "min_height": 0,
        "render_height": 23,
        "render_min_height": 0,
        "division": "Van Nuys Division",
        "bureau": "Valley Bureau",
        "extrusionColor": "#1e293b"
      },
      "geometry": {
        "type": "Polygon",
        "coordinates": [
          [
            [
              -118.45663583682446,
              34.181266801966316
            ],
            [
              -118.45429733475157,
              34.181266801966316
            ],
            [
              -118.45429733475157,
              34.18353893716396
            ],
            [
              -118.45663583682446,
              34.18353893716396
            ],
            [
              -118.45663583682446,
              34.181266801966316
            ]
          ]
        ]
      }
    },
    {
      "type": "Feature",
      "properties": {
        "layerType": "BUILDING_3D",
        "id": "VAN_NUYS_BLD_178",
        "name": "Van Nuys Division High-Rise Tower #178",
        "height": 59,
        "min_height": 0,
        "render_height": 59,
        "render_min_height": 0,
        "division": "Van Nuys Division",
        "bureau": "Valley Bureau",
        "extrusionColor": "#0ea5e9"
      },
      "geometry": {
        "type": "Polygon",
        "coordinates": [
          [
            [
              -118.45392743651175,
              34.18156459467743
            ],
            [
              -118.45115152473181,
              34.18156459467743
            ],
            [
              -118.45115152473181,
              34.18415353248172
            ],
            [
              -118.45392743651175,
              34.18415353248172
            ],
            [
              -118.45392743651175,
              34.18156459467743
            ]
          ]
        ]
      }
    },
    {
      "type": "Feature",
      "properties": {
        "layerType": "BUILDING_3D",
        "id": "VAN_NUYS_BLD_180",
        "name": "Structure #180",
        "height": 13,
        "min_height": 0,
        "render_height": 13,
        "render_min_height": 0,
        "division": "Van Nuys Division",
        "bureau": "Valley Bureau",
        "extrusionColor": "#1e293b"
      },
      "geometry": {
        "type": "Polygon",
        "coordinates": [
          [
            [
              -118.4439603404666,
              34.18197668147361
            ],
            [
              -118.44165702421493,
              34.18197668147361
            ],
            [
              -118.44165702421493,
              34.18482117456882
            ],
            [
              -118.4439603404666,
              34.18482117456882
            ],
            [
              -118.4439603404666,
              34.18197668147361
            ]
          ]
        ]
      }
    },
    {
      "type": "Feature",
      "properties": {
        "layerType": "BUILDING_3D",
        "id": "VAN_NUYS_BLD_181",
        "name": "Structure #181",
        "height": 10,
        "min_height": 0,
        "render_height": 10,
        "render_min_height": 0,
        "division": "Van Nuys Division",
        "bureau": "Valley Bureau",
        "extrusionColor": "#1e293b"
      },
      "geometry": {
        "type": "Polygon",
        "coordinates": [
          [
            [
              -118.4398248687879,
              34.1820400371374
            ],
            [
              -118.43634969622815,
              34.1820400371374
            ],
            [
              -118.43634969622815,
              34.18363200962777
            ],
            [
              -118.4398248687879,
              34.18363200962777
            ],
            [
              -118.4398248687879,
              34.1820400371374
            ]
          ]
        ]
      }
    },
    {
      "type": "Feature",
      "properties": {
        "layerType": "BUILDING_3D",
        "id": "VAN_NUYS_BLD_182",
        "name": "Structure #182",
        "height": 8,
        "min_height": 0,
        "render_height": 8,
        "render_min_height": 0,
        "division": "Van Nuys Division",
        "bureau": "Valley Bureau",
        "extrusionColor": "#1e293b"
      },
      "geometry": {
        "type": "Polygon",
        "coordinates": [
          [
            [
              -118.43533570123485,
              34.18292395421383
            ],
            [
              -118.43339075746833,
              34.18292395421383
            ],
            [
              -118.43339075746833,
              34.184282790294056
            ],
            [
              -118.43533570123485,
              34.184282790294056
            ],
            [
              -118.43533570123485,
              34.18292395421383
            ]
          ]
        ]
      }
    },
    {
      "type": "Feature",
      "properties": {
        "layerType": "BUILDING_3D",
        "id": "VAN_NUYS_BLD_183",
        "name": "Structure #183",
        "height": 12,
        "min_height": 0,
        "render_height": 12,
        "render_min_height": 0,
        "division": "Van Nuys Division",
        "bureau": "Valley Bureau",
        "extrusionColor": "#1e293b"
      },
      "geometry": {
        "type": "Polygon",
        "coordinates": [
          [
            [
              -118.42984403783831,
              34.18200998203153
            ],
            [
              -118.42818392136019,
              34.18200998203153
            ],
            [
              -118.42818392136019,
              34.18319272950863
            ],
            [
              -118.42984403783831,
              34.18319272950863
            ],
            [
              -118.42984403783831,
              34.18200998203153
            ]
          ]
        ]
      }
    },
    {
      "type": "Feature",
      "properties": {
        "layerType": "BUILDING_3D",
        "id": "VAN_NUYS_BLD_184",
        "name": "Structure #184",
        "height": 50,
        "min_height": 0,
        "render_height": 50,
        "render_min_height": 0,
        "division": "Van Nuys Division",
        "bureau": "Valley Bureau",
        "extrusionColor": "#0ea5e9"
      },
      "geometry": {
        "type": "Polygon",
        "coordinates": [
          [
            [
              -118.42654889073071,
              34.18166547683036
            ],
            [
              -118.42510390512521,
              34.18166547683036
            ],
            [
              -118.42510390512521,
              34.18316421645358
            ],
            [
              -118.42654889073071,
              34.18316421645358
            ],
            [
              -118.42654889073071,
              34.18166547683036
            ]
          ]
        ]
      }
    },
    {
      "type": "Feature",
      "properties": {
        "layerType": "BUILDING_3D",
        "id": "VAN_NUYS_BLD_185",
        "name": "Structure #185",
        "height": 20,
        "min_height": 0,
        "render_height": 20,
        "render_min_height": 0,
        "division": "Van Nuys Division",
        "bureau": "Valley Bureau",
        "extrusionColor": "#1e293b"
      },
      "geometry": {
        "type": "Polygon",
        "coordinates": [
          [
            [
              -118.42255801473213,
              34.18150736032716
            ],
            [
              -118.42072697537346,
              34.18150736032716
            ],
            [
              -118.42072697537346,
              34.18304059119177
            ],
            [
              -118.42255801473213,
              34.18304059119177
            ],
            [
              -118.42255801473213,
              34.18150736032716
            ]
          ]
        ]
      }
    },
    {
      "type": "Feature",
      "properties": {
        "layerType": "BUILDING_3D",
        "id": "VAN_NUYS_BLD_188",
        "name": "Structure #188",
        "height": 10,
        "min_height": 0,
        "render_height": 10,
        "render_min_height": 0,
        "division": "Van Nuys Division",
        "bureau": "Valley Bureau",
        "extrusionColor": "#1e293b"
      },
      "geometry": {
        "type": "Polygon",
        "coordinates": [
          [
            [
              -118.48436380585392,
              34.185430466381575
            ],
            [
              -118.48210969761436,
              34.185430466381575
            ],
            [
              -118.48210969761436,
              34.188198865827516
            ],
            [
              -118.48436380585392,
              34.188198865827516
            ],
            [
              -118.48436380585392,
              34.185430466381575
            ]
          ]
        ]
      }
    },
    {
      "type": "Feature",
      "properties": {
        "layerType": "BUILDING_3D",
        "id": "VAN_NUYS_BLD_189",
        "name": "Structure #189",
        "height": 8,
        "min_height": 0,
        "render_height": 8,
        "render_min_height": 0,
        "division": "Van Nuys Division",
        "bureau": "Valley Bureau",
        "extrusionColor": "#1e293b"
      },
      "geometry": {
        "type": "Polygon",
        "coordinates": [
          [
            [
              -118.47972295962433,
              34.18575257537154
            ],
            [
              -118.47634075215643,
              34.18575257537154
            ],
            [
              -118.47634075215643,
              34.187077249345165
            ],
            [
              -118.47972295962433,
              34.187077249345165
            ],
            [
              -118.47972295962433,
              34.18575257537154
            ]
          ]
        ]
      }
    },
    {
      "type": "Feature",
      "properties": {
        "layerType": "BUILDING_3D",
        "id": "VAN_NUYS_BLD_190",
        "name": "Structure #190",
        "height": 8,
        "min_height": 0,
        "render_height": 8,
        "render_min_height": 0,
        "division": "Van Nuys Division",
        "bureau": "Valley Bureau",
        "extrusionColor": "#1e293b"
      },
      "geometry": {
        "type": "Polygon",
        "coordinates": [
          [
            [
              -118.47491766809813,
              34.186597970579534
            ],
            [
              -118.47329928813033,
              34.186597970579534
            ],
            [
              -118.47329928813033,
              34.18770924631175
            ],
            [
              -118.47491766809813,
              34.18770924631175
            ],
            [
              -118.47491766809813,
              34.186597970579534
            ]
          ]
        ]
      }
    },
    {
      "type": "Feature",
      "properties": {
        "layerType": "BUILDING_3D",
        "id": "VAN_NUYS_BLD_191",
        "name": "Structure #191",
        "height": 10,
        "min_height": 0,
        "render_height": 10,
        "render_min_height": 0,
        "division": "Van Nuys Division",
        "bureau": "Valley Bureau",
        "extrusionColor": "#1e293b"
      },
      "geometry": {
        "type": "Polygon",
        "coordinates": [
          [
            [
              -118.46947306761777,
              34.18543255150564
            ],
            [
              -118.46811540043362,
              34.18543255150564
            ],
            [
              -118.46811540043362,
              34.18656470462996
            ],
            [
              -118.46947306761777,
              34.18656470462996
            ],
            [
              -118.46947306761777,
              34.18543255150564
            ]
          ]
        ]
      }
    },
    {
      "type": "Feature",
      "properties": {
        "layerType": "BUILDING_3D",
        "id": "VAN_NUYS_BLD_192",
        "name": "Structure #192",
        "height": 41,
        "min_height": 0,
        "render_height": 41,
        "render_min_height": 0,
        "division": "Van Nuys Division",
        "bureau": "Valley Bureau",
        "extrusionColor": "#0ea5e9"
      },
      "geometry": {
        "type": "Polygon",
        "coordinates": [
          [
            [
              -118.46648511807004,
              34.18517181380893
            ],
            [
              -118.46510194456974,
              34.18517181380893
            ],
            [
              -118.46510194456974,
              34.18648400514041
            ],
            [
              -118.46648511807004,
              34.18648400514041
            ],
            [
              -118.46648511807004,
              34.18517181380893
            ]
          ]
        ]
      }
    },
    {
      "type": "Feature",
      "properties": {
        "layerType": "BUILDING_3D",
        "id": "VAN_NUYS_BLD_197",
        "name": "Structure #197",
        "height": 19,
        "min_height": 0,
        "render_height": 19,
        "render_min_height": 0,
        "division": "Van Nuys Division",
        "bureau": "Valley Bureau",
        "extrusionColor": "#1e293b"
      },
      "geometry": {
        "type": "Polygon",
        "coordinates": [
          [
            [
              -118.44457790517316,
              34.185988292090116
            ],
            [
              -118.4419956358152,
              34.185988292090116
            ],
            [
              -118.4419956358152,
              34.18806778562342
            ],
            [
              -118.44457790517316,
              34.18806778562342
            ],
            [
              -118.44457790517316,
              34.185988292090116
            ]
          ]
        ]
      }
    },
    {
      "type": "Feature",
      "properties": {
        "layerType": "BUILDING_3D",
        "id": "VAN_NUYS_BLD_198",
        "name": "Structure #198",
        "height": 24,
        "min_height": 0,
        "render_height": 24,
        "render_min_height": 0,
        "division": "Van Nuys Division",
        "bureau": "Valley Bureau",
        "extrusionColor": "#1e293b"
      },
      "geometry": {
        "type": "Polygon",
        "coordinates": [
          [
            [
              -118.43933557074963,
              34.18550804265018
            ],
            [
              -118.43679501303926,
              34.18550804265018
            ],
            [
              -118.43679501303926,
              34.18775155159046
            ],
            [
              -118.43933557074963,
              34.18775155159046
            ],
            [
              -118.43933557074963,
              34.18550804265018
            ]
          ]
        ]
      }
    },
    {
      "type": "Feature",
      "properties": {
        "layerType": "BUILDING_3D",
        "id": "VAN_NUYS_BLD_199",
        "name": "Structure #199",
        "height": 19,
        "min_height": 0,
        "render_height": 19,
        "render_min_height": 0,
        "division": "Van Nuys Division",
        "bureau": "Valley Bureau",
        "extrusionColor": "#1e293b"
      },
      "geometry": {
        "type": "Polygon",
        "coordinates": [
          [
            [
              -118.43551053612873,
              34.18521638793207
            ],
            [
              -118.43276959760442,
              34.18521638793207
            ],
            [
              -118.43276959760442,
              34.187988579499006
            ],
            [
              -118.43551053612873,
              34.187988579499006
            ],
            [
              -118.43551053612873,
              34.18521638793207
            ]
          ]
        ]
      }
    },
    {
      "type": "Feature",
      "properties": {
        "layerType": "BUILDING_3D",
        "id": "VAN_NUYS_BLD_200",
        "name": "Structure #200",
        "height": 18,
        "min_height": 0,
        "render_height": 18,
        "render_min_height": 0,
        "division": "Van Nuys Division",
        "bureau": "Valley Bureau",
        "extrusionColor": "#1e293b"
      },
      "geometry": {
        "type": "Polygon",
        "coordinates": [
          [
            [
              -118.4314550916667,
              34.18560096681121
            ],
            [
              -118.42806825129081,
              34.18560096681121
            ],
            [
              -118.42806825129081,
              34.18786642527101
            ],
            [
              -118.4314550916667,
              34.18786642527101
            ],
            [
              -118.4314550916667,
              34.18560096681121
            ]
          ]
        ]
      }
    },
    {
      "type": "Feature",
      "properties": {
        "layerType": "BUILDING_3D",
        "id": "VAN_NUYS_BLD_201",
        "name": "Structure #201",
        "height": 12,
        "min_height": 0,
        "render_height": 12,
        "render_min_height": 0,
        "division": "Van Nuys Division",
        "bureau": "Valley Bureau",
        "extrusionColor": "#1e293b"
      },
      "geometry": {
        "type": "Polygon",
        "coordinates": [
          [
            [
              -118.42657347946141,
              34.186088451981895
            ],
            [
              -118.42380572478203,
              34.186088451981895
            ],
            [
              -118.42380572478203,
              34.18822483230297
            ],
            [
              -118.42657347946141,
              34.18822483230297
            ],
            [
              -118.42657347946141,
              34.186088451981895
            ]
          ]
        ]
      }
    },
    {
      "type": "Feature",
      "properties": {
        "layerType": "BUILDING_3D",
        "id": "VAN_NUYS_BLD_202",
        "name": "Structure #202",
        "height": 22,
        "min_height": 0,
        "render_height": 22,
        "render_min_height": 0,
        "division": "Van Nuys Division",
        "bureau": "Valley Bureau",
        "extrusionColor": "#1e293b"
      },
      "geometry": {
        "type": "Polygon",
        "coordinates": [
          [
            [
              -118.4215661446375,
              34.18596275493323
            ],
            [
              -118.41895608723166,
              34.18596275493323
            ],
            [
              -118.41895608723166,
              34.18753975638023
            ],
            [
              -118.4215661446375,
              34.18753975638023
            ],
            [
              -118.4215661446375,
              34.18596275493323
            ]
          ]
        ]
      }
    },
    {
      "type": "Feature",
      "properties": {
        "layerType": "BUILDING_3D",
        "id": "VAN_NUYS_BLD_203",
        "name": "Structure #203",
        "height": 32,
        "min_height": 0,
        "render_height": 32,
        "render_min_height": 0,
        "division": "Van Nuys Division",
        "bureau": "Valley Bureau",
        "extrusionColor": "#1e293b"
      },
      "geometry": {
        "type": "Polygon",
        "coordinates": [
          [
            [
              -118.41730794646166,
              34.18536947866668
            ],
            [
              -118.41538129311012,
              34.18536947866668
            ],
            [
              -118.41538129311012,
              34.187926507624816
            ],
            [
              -118.41730794646166,
              34.187926507624816
            ],
            [
              -118.41730794646166,
              34.18536947866668
            ]
          ]
        ]
      }
    },
    {
      "type": "Feature",
      "properties": {
        "layerType": "BUILDING_3D",
        "id": "VAN_NUYS_BLD_204",
        "name": "Structure #204",
        "height": 9,
        "min_height": 0,
        "render_height": 9,
        "render_min_height": 0,
        "division": "Van Nuys Division",
        "bureau": "Valley Bureau",
        "extrusionColor": "#1e293b"
      },
      "geometry": {
        "type": "Polygon",
        "coordinates": [
          [
            [
              -118.413620998914,
              34.18510706306651
            ],
            [
              -118.4104970268837,
              34.18510706306651
            ],
            [
              -118.4104970268837,
              34.18729391702648
            ],
            [
              -118.413620998914,
              34.18729391702648
            ],
            [
              -118.413620998914,
              34.18510706306651
            ]
          ]
        ]
      }
    },
    {
      "type": "Feature",
      "properties": {
        "layerType": "BUILDING_3D",
        "id": "VAN_NUYS_BLD_205",
        "name": "Structure #205",
        "height": 13,
        "min_height": 0,
        "render_height": 13,
        "render_min_height": 0,
        "division": "Van Nuys Division",
        "bureau": "Valley Bureau",
        "extrusionColor": "#1e293b"
      },
      "geometry": {
        "type": "Polygon",
        "coordinates": [
          [
            [
              -118.48452983245268,
              34.18998363154412
            ],
            [
              -118.48185811042013,
              34.18998363154412
            ],
            [
              -118.48185811042013,
              34.191207614788894
            ],
            [
              -118.48452983245268,
              34.191207614788894
            ],
            [
              -118.48452983245268,
              34.18998363154412
            ]
          ]
        ]
      }
    },
    {
      "type": "Feature",
      "properties": {
        "layerType": "BUILDING_3D",
        "id": "VAN_NUYS_BLD_206",
        "name": "Structure #206",
        "height": 9,
        "min_height": 0,
        "render_height": 9,
        "render_min_height": 0,
        "division": "Van Nuys Division",
        "bureau": "Valley Bureau",
        "extrusionColor": "#1e293b"
      },
      "geometry": {
        "type": "Polygon",
        "coordinates": [
          [
            [
              -118.47857203386012,
              34.18946336453714
            ],
            [
              -118.47707666971492,
              34.18946336453714
            ],
            [
              -118.47707666971492,
              34.19113560179881
            ],
            [
              -118.47857203386012,
              34.19113560179881
            ],
            [
              -118.47857203386012,
              34.18946336453714
            ]
          ]
        ]
      }
    },
    {
      "type": "Feature",
      "properties": {
        "layerType": "BUILDING_3D",
        "id": "VAN_NUYS_BLD_207",
        "name": "Structure #207",
        "height": 13,
        "min_height": 0,
        "render_height": 13,
        "render_min_height": 0,
        "division": "Van Nuys Division",
        "bureau": "Valley Bureau",
        "extrusionColor": "#1e293b"
      },
      "geometry": {
        "type": "Polygon",
        "coordinates": [
          [
            [
              -118.47479588947951,
              34.188924029597864
            ],
            [
              -118.47275288468018,
              34.188924029597864
            ],
            [
              -118.47275288468018,
              34.190134343593776
            ],
            [
              -118.47479588947951,
              34.190134343593776
            ],
            [
              -118.47479588947951,
              34.188924029597864
            ]
          ]
        ]
      }
    },
    {
      "type": "Feature",
      "properties": {
        "layerType": "BUILDING_3D",
        "id": "VAN_NUYS_BLD_208",
        "name": "Structure #208",
        "height": 9,
        "min_height": 0,
        "render_height": 9,
        "render_min_height": 0,
        "division": "Van Nuys Division",
        "bureau": "Valley Bureau",
        "extrusionColor": "#1e293b"
      },
      "geometry": {
        "type": "Polygon",
        "coordinates": [
          [
            [
              -118.4710430407628,
              34.18904847144065
            ],
            [
              -118.4695643766049,
              34.18904847144065
            ],
            [
              -118.4695643766049,
              34.19072710817803
            ],
            [
              -118.4710430407628,
              34.19072710817803
            ],
            [
              -118.4710430407628,
              34.18904847144065
            ]
          ]
        ]
      }
    },
    {
      "type": "Feature",
      "properties": {
        "layerType": "BUILDING_3D",
        "id": "VAN_NUYS_BLD_210",
        "name": "Structure #210",
        "height": 14,
        "min_height": 0,
        "render_height": 14,
        "render_min_height": 0,
        "division": "Van Nuys Division",
        "bureau": "Valley Bureau",
        "extrusionColor": "#1e293b"
      },
      "geometry": {
        "type": "Polygon",
        "coordinates": [
          [
            [
              -118.46224372785657,
              34.1884743452757
            ],
            [
              -118.46074335066727,
              34.1884743452757
            ],
            [
              -118.46074335066727,
              34.19131147350411
            ],
            [
              -118.46224372785657,
              34.19131147350411
            ],
            [
              -118.46224372785657,
              34.1884743452757
            ]
          ]
        ]
      }
    },
    {
      "type": "Feature",
      "properties": {
        "layerType": "BUILDING_3D",
        "id": "VAN_NUYS_BLD_212",
        "name": "Structure #212",
        "height": 14,
        "min_height": 0,
        "render_height": 14,
        "render_min_height": 0,
        "division": "Van Nuys Division",
        "bureau": "Valley Bureau",
        "extrusionColor": "#1e293b"
      },
      "geometry": {
        "type": "Polygon",
        "coordinates": [
          [
            [
              -118.45373029525767,
              34.18956209548011
            ],
            [
              -118.45157498359241,
              34.18956209548011
            ],
            [
              -118.45157498359241,
              34.192077309685345
            ],
            [
              -118.45373029525767,
              34.192077309685345
            ],
            [
              -118.45373029525767,
              34.18956209548011
            ]
          ]
        ]
      }
    },
    {
      "type": "Feature",
      "properties": {
        "layerType": "BUILDING_3D",
        "id": "VAN_NUYS_BLD_214",
        "name": "Structure #214",
        "height": 44,
        "min_height": 0,
        "render_height": 44,
        "render_min_height": 0,
        "division": "Van Nuys Division",
        "bureau": "Valley Bureau",
        "extrusionColor": "#0ea5e9"
      },
      "geometry": {
        "type": "Polygon",
        "coordinates": [
          [
            [
              -118.44438742871529,
              34.18923174915224
            ],
            [
              -118.4422228961497,
              34.18923174915224
            ],
            [
              -118.4422228961497,
              34.19189259357613
            ],
            [
              -118.44438742871529,
              34.19189259357613
            ],
            [
              -118.44438742871529,
              34.18923174915224
            ]
          ]
        ]
      }
    },
    {
      "type": "Feature",
      "properties": {
        "layerType": "BUILDING_3D",
        "id": "VAN_NUYS_BLD_215",
        "name": "Structure #215",
        "height": 16,
        "min_height": 0,
        "render_height": 16,
        "render_min_height": 0,
        "division": "Van Nuys Division",
        "bureau": "Valley Bureau",
        "extrusionColor": "#1e293b"
      },
      "geometry": {
        "type": "Polygon",
        "coordinates": [
          [
            [
              -118.43978474085473,
              34.188728117288974
            ],
            [
              -118.43653393544999,
              34.188728117288974
            ],
            [
              -118.43653393544999,
              34.19120661869323
            ],
            [
              -118.43978474085473,
              34.19120661869323
            ],
            [
              -118.43978474085473,
              34.188728117288974
            ]
          ]
        ]
      }
    },
    {
      "type": "Feature",
      "properties": {
        "layerType": "BUILDING_3D",
        "id": "VAN_NUYS_BLD_216",
        "name": "Structure #216",
        "height": 23,
        "min_height": 0,
        "render_height": 23,
        "render_min_height": 0,
        "division": "Van Nuys Division",
        "bureau": "Valley Bureau",
        "extrusionColor": "#1e293b"
      },
      "geometry": {
        "type": "Polygon",
        "coordinates": [
          [
            [
              -118.43598827299537,
              34.189703067033584
            ],
            [
              -118.43296023960555,
              34.189703067033584
            ],
            [
              -118.43296023960555,
              34.19165428404464
            ],
            [
              -118.43598827299537,
              34.19165428404464
            ],
            [
              -118.43598827299537,
              34.189703067033584
            ]
          ]
        ]
      }
    },
    {
      "type": "Feature",
      "properties": {
        "layerType": "BUILDING_3D",
        "id": "VAN_NUYS_BLD_217",
        "name": "Structure #217",
        "height": 16,
        "min_height": 0,
        "render_height": 16,
        "render_min_height": 0,
        "division": "Van Nuys Division",
        "bureau": "Valley Bureau",
        "extrusionColor": "#1e293b"
      },
      "geometry": {
        "type": "Polygon",
        "coordinates": [
          [
            [
              -118.43038539321688,
              34.18923083023162
            ],
            [
              -118.42800155342962,
              34.18923083023162
            ],
            [
              -118.42800155342962,
              34.1918347720152
            ],
            [
              -118.43038539321688,
              34.1918347720152
            ],
            [
              -118.43038539321688,
              34.18923083023162
            ]
          ]
        ]
      }
    },
    {
      "type": "Feature",
      "properties": {
        "layerType": "BUILDING_3D",
        "id": "VAN_NUYS_BLD_218",
        "name": "Structure #218",
        "height": 46,
        "min_height": 0,
        "render_height": 46,
        "render_min_height": 0,
        "division": "Van Nuys Division",
        "bureau": "Valley Bureau",
        "extrusionColor": "#0ea5e9"
      },
      "geometry": {
        "type": "Polygon",
        "coordinates": [
          [
            [
              -118.42655056940029,
              34.189161874450335
            ],
            [
              -118.42336928305835,
              34.189161874450335
            ],
            [
              -118.42336928305835,
              34.19106007276736
            ],
            [
              -118.42655056940029,
              34.19106007276736
            ],
            [
              -118.42655056940029,
              34.189161874450335
            ]
          ]
        ]
      }
    },
    {
      "type": "Feature",
      "properties": {
        "layerType": "BUILDING_3D",
        "id": "VAN_NUYS_BLD_219",
        "name": "Structure #219",
        "height": 17,
        "min_height": 0,
        "render_height": 17,
        "render_min_height": 0,
        "division": "Van Nuys Division",
        "bureau": "Valley Bureau",
        "extrusionColor": "#1e293b"
      },
      "geometry": {
        "type": "Polygon",
        "coordinates": [
          [
            [
              -118.42222304931407,
              34.189531993446245
            ],
            [
              -118.4199039834969,
              34.189531993446245
            ],
            [
              -118.4199039834969,
              34.19173431340749
            ],
            [
              -118.42222304931407,
              34.19173431340749
            ],
            [
              -118.42222304931407,
              34.189531993446245
            ]
          ]
        ]
      }
    },
    {
      "type": "Feature",
      "properties": {
        "layerType": "BUILDING_3D",
        "id": "VAN_NUYS_BLD_220",
        "name": "Structure #220",
        "height": 22,
        "min_height": 0,
        "render_height": 22,
        "render_min_height": 0,
        "division": "Van Nuys Division",
        "bureau": "Valley Bureau",
        "extrusionColor": "#1e293b"
      },
      "geometry": {
        "type": "Polygon",
        "coordinates": [
          [
            [
              -118.41735910302947,
              34.18904535872402
            ],
            [
              -118.41466848588226,
              34.18904535872402
            ],
            [
              -118.41466848588226,
              34.191091758583205
            ],
            [
              -118.41735910302947,
              34.191091758583205
            ],
            [
              -118.41735910302947,
              34.18904535872402
            ]
          ]
        ]
      }
    },
    {
      "type": "Feature",
      "properties": {
        "layerType": "BUILDING_3D",
        "id": "VAN_NUYS_BLD_221",
        "name": "Structure #221",
        "height": 23,
        "min_height": 0,
        "render_height": 23,
        "render_min_height": 0,
        "division": "Van Nuys Division",
        "bureau": "Valley Bureau",
        "extrusionColor": "#1e293b"
      },
      "geometry": {
        "type": "Polygon",
        "coordinates": [
          [
            [
              -118.41354186943218,
              34.18902643126594
            ],
            [
              -118.4110417429074,
              34.18902643126594
            ],
            [
              -118.4110417429074,
              34.19159728067205
            ],
            [
              -118.41354186943218,
              34.19159728067205
            ],
            [
              -118.41354186943218,
              34.18902643126594
            ]
          ]
        ]
      }
    },
    {
      "type": "Feature",
      "properties": {
        "layerType": "BUILDING_3D",
        "id": "VAN_NUYS_BLD_222",
        "name": "Structure #222",
        "height": 9,
        "min_height": 0,
        "render_height": 9,
        "render_min_height": 0,
        "division": "Van Nuys Division",
        "bureau": "Valley Bureau",
        "extrusionColor": "#1e293b"
      },
      "geometry": {
        "type": "Polygon",
        "coordinates": [
          [
            [
              -118.48415322877011,
              34.19246309542811
            ],
            [
              -118.48101237202962,
              34.19246309542811
            ],
            [
              -118.48101237202962,
              34.1951333665688
            ],
            [
              -118.48415322877011,
              34.1951333665688
            ],
            [
              -118.48415322877011,
              34.19246309542811
            ]
          ]
        ]
      }
    },
    {
      "type": "Feature",
      "properties": {
        "layerType": "BUILDING_3D",
        "id": "VAN_NUYS_BLD_223",
        "name": "Structure #223",
        "height": 11,
        "min_height": 0,
        "render_height": 11,
        "render_min_height": 0,
        "division": "Van Nuys Division",
        "bureau": "Valley Bureau",
        "extrusionColor": "#1e293b"
      },
      "geometry": {
        "type": "Polygon",
        "coordinates": [
          [
            [
              -118.47995458929597,
              34.19362160600951
            ],
            [
              -118.47669226708788,
              34.19362160600951
            ],
            [
              -118.47669226708788,
              34.1948139752625
            ],
            [
              -118.47995458929597,
              34.1948139752625
            ],
            [
              -118.47995458929597,
              34.19362160600951
            ]
          ]
        ]
      }
    },
    {
      "type": "Feature",
      "properties": {
        "layerType": "BUILDING_3D",
        "id": "VAN_NUYS_BLD_224",
        "name": "Structure #224",
        "height": 11,
        "min_height": 0,
        "render_height": 11,
        "render_min_height": 0,
        "division": "Van Nuys Division",
        "bureau": "Valley Bureau",
        "extrusionColor": "#1e293b"
      },
      "geometry": {
        "type": "Polygon",
        "coordinates": [
          [
            [
              -118.47412744967164,
              34.19359259232142
            ],
            [
              -118.47267070895532,
              34.19359259232142
            ],
            [
              -118.47267070895532,
              34.195002063725894
            ],
            [
              -118.47412744967164,
              34.195002063725894
            ],
            [
              -118.47412744967164,
              34.19359259232142
            ]
          ]
        ]
      }
    },
    {
      "type": "Feature",
      "properties": {
        "layerType": "BUILDING_3D",
        "id": "VAN_NUYS_BLD_225",
        "name": "Structure #225",
        "height": 8,
        "min_height": 0,
        "render_height": 8,
        "render_min_height": 0,
        "division": "Van Nuys Division",
        "bureau": "Valley Bureau",
        "extrusionColor": "#1e293b"
      },
      "geometry": {
        "type": "Polygon",
        "coordinates": [
          [
            [
              -118.46975113155301,
              34.19241588745826
            ],
            [
              -118.46802915291406,
              34.19241588745826
            ],
            [
              -118.46802915291406,
              34.19381412556876
            ],
            [
              -118.46975113155301,
              34.19381412556876
            ],
            [
              -118.46975113155301,
              34.19241588745826
            ]
          ]
        ]
      }
    },
    {
      "type": "Feature",
      "properties": {
        "layerType": "BUILDING_3D",
        "id": "VAN_NUYS_BLD_226",
        "name": "Van Nuys Division High-Rise Tower #226",
        "height": 57,
        "min_height": 0,
        "render_height": 57,
        "render_min_height": 0,
        "division": "Van Nuys Division",
        "bureau": "Valley Bureau",
        "extrusionColor": "#0ea5e9"
      },
      "geometry": {
        "type": "Polygon",
        "coordinates": [
          [
            [
              -118.46677697007362,
              34.19273092394995
            ],
            [
              -118.46506871536849,
              34.19273092394995
            ],
            [
              -118.46506871536849,
              34.19384645251944
            ],
            [
              -118.46677697007362,
              34.19384645251944
            ],
            [
              -118.46677697007362,
              34.19273092394995
            ]
          ]
        ]
      }
    },
    {
      "type": "Feature",
      "properties": {
        "layerType": "BUILDING_3D",
        "id": "VAN_NUYS_BLD_232",
        "name": "Van Nuys Division High-Rise Tower #232",
        "height": 59,
        "min_height": 0,
        "render_height": 59,
        "render_min_height": 0,
        "division": "Van Nuys Division",
        "bureau": "Valley Bureau",
        "extrusionColor": "#0ea5e9"
      },
      "geometry": {
        "type": "Polygon",
        "coordinates": [
          [
            [
              -118.44076542242007,
              34.19247016027326
            ],
            [
              -118.43785299490193,
              34.19247016027326
            ],
            [
              -118.43785299490193,
              34.1947801275395
            ],
            [
              -118.44076542242007,
              34.1947801275395
            ],
            [
              -118.44076542242007,
              34.19247016027326
            ]
          ]
        ]
      }
    },
    {
      "type": "Feature",
      "properties": {
        "layerType": "BUILDING_3D",
        "id": "VAN_NUYS_BLD_234",
        "name": "Structure #234",
        "height": 18,
        "min_height": 0,
        "render_height": 18,
        "render_min_height": 0,
        "division": "Van Nuys Division",
        "bureau": "Valley Bureau",
        "extrusionColor": "#1e293b"
      },
      "geometry": {
        "type": "Polygon",
        "coordinates": [
          [
            [
              -118.43048895615789,
              34.19256737277257
            ],
            [
              -118.42843939510718,
              34.19256737277257
            ],
            [
              -118.42843939510718,
              34.19545079707564
            ],
            [
              -118.43048895615789,
              34.19545079707564
            ],
            [
              -118.43048895615789,
              34.19256737277257
            ]
          ]
        ]
      }
    },
    {
      "type": "Feature",
      "properties": {
        "layerType": "BUILDING_3D",
        "id": "VAN_NUYS_BLD_235",
        "name": "Structure #235",
        "height": 24,
        "min_height": 0,
        "render_height": 24,
        "render_min_height": 0,
        "division": "Van Nuys Division",
        "bureau": "Valley Bureau",
        "extrusionColor": "#1e293b"
      },
      "geometry": {
        "type": "Polygon",
        "coordinates": [
          [
            [
              -118.42688601516473,
              34.19245626504299
            ],
            [
              -118.42336327959084,
              34.19245626504299
            ],
            [
              -118.42336327959084,
              34.19455012305896
            ],
            [
              -118.42688601516473,
              34.19455012305896
            ],
            [
              -118.42688601516473,
              34.19245626504299
            ]
          ]
        ]
      }
    },
    {
      "type": "Feature",
      "properties": {
        "layerType": "BUILDING_3D",
        "id": "VAN_NUYS_BLD_236",
        "name": "Structure #236",
        "height": 13,
        "min_height": 0,
        "render_height": 13,
        "render_min_height": 0,
        "division": "Van Nuys Division",
        "bureau": "Valley Bureau",
        "extrusionColor": "#1e293b"
      },
      "geometry": {
        "type": "Polygon",
        "coordinates": [
          [
            [
              -118.4226099929339,
              34.19310944922348
            ],
            [
              -118.42005188585557,
              34.19310944922348
            ],
            [
              -118.42005188585557,
              34.19582625188365
            ],
            [
              -118.4226099929339,
              34.19582625188365
            ],
            [
              -118.4226099929339,
              34.19310944922348
            ]
          ]
        ]
      }
    },
    {
      "type": "Feature",
      "properties": {
        "layerType": "BUILDING_3D",
        "id": "VAN_NUYS_BLD_237",
        "name": "Structure #237",
        "height": 15,
        "min_height": 0,
        "render_height": 15,
        "render_min_height": 0,
        "division": "Van Nuys Division",
        "bureau": "Valley Bureau",
        "extrusionColor": "#1e293b"
      },
      "geometry": {
        "type": "Polygon",
        "coordinates": [
          [
            [
              -118.41740022040571,
              34.19300433623527
            ],
            [
              -118.4140810497349,
              34.19300433623527
            ],
            [
              -118.4140810497349,
              34.19466805881252
            ],
            [
              -118.41740022040571,
              34.19466805881252
            ],
            [
              -118.41740022040571,
              34.19300433623527
            ]
          ]
        ]
      }
    },
    {
      "type": "Feature",
      "properties": {
        "layerType": "BUILDING_3D",
        "id": "VAN_NUYS_BLD_238",
        "name": "Van Nuys Division High-Rise Tower #238",
        "height": 58,
        "min_height": 0,
        "render_height": 58,
        "render_min_height": 0,
        "division": "Van Nuys Division",
        "bureau": "Valley Bureau",
        "extrusionColor": "#0ea5e9"
      },
      "geometry": {
        "type": "Polygon",
        "coordinates": [
          [
            [
              -118.41311687428271,
              34.193427804004855
            ],
            [
              -118.411084272039,
              34.193427804004855
            ],
            [
              -118.411084272039,
              34.19524130247365
            ],
            [
              -118.41311687428271,
              34.19524130247365
            ],
            [
              -118.41311687428271,
              34.193427804004855
            ]
          ]
        ]
      }
    },
    {
      "type": "Feature",
      "properties": {
        "layerType": "BUILDING_3D",
        "id": "VAN_NUYS_BLD_239",
        "name": "Structure #239",
        "height": 25,
        "min_height": 0,
        "render_height": 25,
        "render_min_height": 0,
        "division": "Van Nuys Division",
        "bureau": "Valley Bureau",
        "extrusionColor": "#1e293b"
      },
      "geometry": {
        "type": "Polygon",
        "coordinates": [
          [
            [
              -118.48318775076329,
              34.195920327592404
            ],
            [
              -118.48097216439872,
              34.195920327592404
            ],
            [
              -118.48097216439872,
              34.19828607297565
            ],
            [
              -118.48318775076329,
              34.19828607297565
            ],
            [
              -118.48318775076329,
              34.195920327592404
            ]
          ]
        ]
      }
    },
    {
      "type": "Feature",
      "properties": {
        "layerType": "BUILDING_3D",
        "id": "VAN_NUYS_BLD_240",
        "name": "Structure #240",
        "height": 30,
        "min_height": 0,
        "render_height": 30,
        "render_min_height": 0,
        "division": "Van Nuys Division",
        "bureau": "Valley Bureau",
        "extrusionColor": "#1e293b"
      },
      "geometry": {
        "type": "Polygon",
        "coordinates": [
          [
            [
              -118.48014258619932,
              34.19582074952193
            ],
            [
              -118.47725230903427,
              34.19582074952193
            ],
            [
              -118.47725230903427,
              34.198625292472585
            ],
            [
              -118.48014258619932,
              34.198625292472585
            ],
            [
              -118.48014258619932,
              34.19582074952193
            ]
          ]
        ]
      }
    },
    {
      "type": "Feature",
      "properties": {
        "layerType": "BUILDING_3D",
        "id": "VAN_NUYS_BLD_241",
        "name": "Structure #241",
        "height": 8,
        "min_height": 0,
        "render_height": 8,
        "render_min_height": 0,
        "division": "Van Nuys Division",
        "bureau": "Valley Bureau",
        "extrusionColor": "#1e293b"
      },
      "geometry": {
        "type": "Polygon",
        "coordinates": [
          [
            [
              -118.47585247795965,
              34.19680886104497
            ],
            [
              -118.4724261132688,
              34.19680886104497
            ],
            [
              -118.4724261132688,
              34.19852077601266
            ],
            [
              -118.47585247795965,
              34.19852077601266
            ],
            [
              -118.47585247795965,
              34.19680886104497
            ]
          ]
        ]
      }
    },
    {
      "type": "Feature",
      "properties": {
        "layerType": "BUILDING_3D",
        "id": "VAN_NUYS_BLD_242",
        "name": "Structure #242",
        "height": 9,
        "min_height": 0,
        "render_height": 9,
        "render_min_height": 0,
        "division": "Van Nuys Division",
        "bureau": "Valley Bureau",
        "extrusionColor": "#1e293b"
      },
      "geometry": {
        "type": "Polygon",
        "coordinates": [
          [
            [
              -118.47023351818035,
              34.19746091169456
            ],
            [
              -118.46814203835558,
              34.19746091169456
            ],
            [
              -118.46814203835558,
              34.19857080147092
            ],
            [
              -118.47023351818035,
              34.19857080147092
            ],
            [
              -118.47023351818035,
              34.19746091169456
            ]
          ]
        ]
      }
    },
    {
      "type": "Feature",
      "properties": {
        "layerType": "BUILDING_3D",
        "id": "VAN_NUYS_BLD_243",
        "name": "Structure #243",
        "height": 18,
        "min_height": 0,
        "render_height": 18,
        "render_min_height": 0,
        "division": "Van Nuys Division",
        "bureau": "Valley Bureau",
        "extrusionColor": "#1e293b"
      },
      "geometry": {
        "type": "Polygon",
        "coordinates": [
          [
            [
              -118.4650251305089,
              34.196545936791
            ],
            [
              -118.46366915657399,
              34.196545936791
            ],
            [
              -118.46366915657399,
              34.197737571601735
            ],
            [
              -118.4650251305089,
              34.197737571601735
            ],
            [
              -118.4650251305089,
              34.196545936791
            ]
          ]
        ]
      }
    },
    {
      "type": "Feature",
      "properties": {
        "layerType": "BUILDING_3D",
        "id": "VAN_NUYS_BLD_244",
        "name": "Structure #244",
        "height": 49,
        "min_height": 0,
        "render_height": 49,
        "render_min_height": 0,
        "division": "Van Nuys Division",
        "bureau": "Valley Bureau",
        "extrusionColor": "#0ea5e9"
      },
      "geometry": {
        "type": "Polygon",
        "coordinates": [
          [
            [
              -118.46173120844539,
              34.19561445458287
            ],
            [
              -118.46027536501144,
              34.19561445458287
            ],
            [
              -118.46027536501144,
              34.19770581350374
            ],
            [
              -118.46173120844539,
              34.19770581350374
            ],
            [
              -118.46173120844539,
              34.19561445458287
            ]
          ]
        ]
      }
    },
    {
      "type": "Feature",
      "properties": {
        "layerType": "BUILDING_3D",
        "id": "VAN_NUYS_BLD_245",
        "name": "Structure #245",
        "height": 19,
        "min_height": 0,
        "render_height": 19,
        "render_min_height": 0,
        "division": "Van Nuys Division",
        "bureau": "Valley Bureau",
        "extrusionColor": "#1e293b"
      },
      "geometry": {
        "type": "Polygon",
        "coordinates": [
          [
            [
              -118.45845745367704,
              34.195622849330825
            ],
            [
              -118.45590239979181,
              34.195622849330825
            ],
            [
              -118.45590239979181,
              34.197828210810805
            ],
            [
              -118.45845745367704,
              34.197828210810805
            ],
            [
              -118.45845745367704,
              34.195622849330825
            ]
          ]
        ]
      }
    },
    {
      "type": "Feature",
      "properties": {
        "layerType": "BUILDING_3D",
        "id": "VAN_NUYS_BLD_248",
        "name": "Structure #248",
        "height": 18,
        "min_height": 0,
        "render_height": 18,
        "render_min_height": 0,
        "division": "Van Nuys Division",
        "bureau": "Valley Bureau",
        "extrusionColor": "#1e293b"
      },
      "geometry": {
        "type": "Polygon",
        "coordinates": [
          [
            [
              -118.44436661918401,
              34.196187615033224
            ],
            [
              -118.44138127149766,
              34.196187615033224
            ],
            [
              -118.44138127149766,
              34.19901283399143
            ],
            [
              -118.44436661918401,
              34.19901283399143
            ],
            [
              -118.44436661918401,
              34.196187615033224
            ]
          ]
        ]
      }
    },
    {
      "type": "Feature",
      "properties": {
        "layerType": "BUILDING_3D",
        "id": "VAN_NUYS_BLD_249",
        "name": "Structure #249",
        "height": 8,
        "min_height": 0,
        "render_height": 8,
        "render_min_height": 0,
        "division": "Van Nuys Division",
        "bureau": "Valley Bureau",
        "extrusionColor": "#1e293b"
      },
      "geometry": {
        "type": "Polygon",
        "coordinates": [
          [
            [
              -118.44011015357933,
              34.19666569091645
            ],
            [
              -118.43665852860775,
              34.19666569091645
            ],
            [
              -118.43665852860775,
              34.19878845331279
            ],
            [
              -118.44011015357933,
              34.19878845331279
            ],
            [
              -118.44011015357933,
              34.19666569091645
            ]
          ]
        ]
      }
    },
    {
      "type": "Feature",
      "properties": {
        "layerType": "BUILDING_3D",
        "id": "VAN_NUYS_BLD_250",
        "name": "Structure #250",
        "height": 9,
        "min_height": 0,
        "render_height": 9,
        "render_min_height": 0,
        "division": "Van Nuys Division",
        "bureau": "Valley Bureau",
        "extrusionColor": "#1e293b"
      },
      "geometry": {
        "type": "Polygon",
        "coordinates": [
          [
            [
              -118.43511431426498,
              34.197468726771234
            ],
            [
              -118.43252089414275,
              34.197468726771234
            ],
            [
              -118.43252089414275,
              34.19859606800634
            ],
            [
              -118.43511431426498,
              34.19859606800634
            ],
            [
              -118.43511431426498,
              34.197468726771234
            ]
          ]
        ]
      }
    },
    {
      "type": "Feature",
      "properties": {
        "layerType": "BUILDING_3D",
        "id": "VAN_NUYS_BLD_251",
        "name": "Structure #251",
        "height": 9,
        "min_height": 0,
        "render_height": 9,
        "render_min_height": 0,
        "division": "Van Nuys Division",
        "bureau": "Valley Bureau",
        "extrusionColor": "#1e293b"
      },
      "geometry": {
        "type": "Polygon",
        "coordinates": [
          [
            [
              -118.42972146503061,
              34.19682907941879
            ],
            [
              -118.428344170309,
              34.19682907941879
            ],
            [
              -118.428344170309,
              34.19811178485979
            ],
            [
              -118.42972146503061,
              34.19811178485979
            ],
            [
              -118.42972146503061,
              34.19682907941879
            ]
          ]
        ]
      }
    },
    {
      "type": "Feature",
      "properties": {
        "layerType": "BUILDING_3D",
        "id": "VAN_NUYS_BLD_252",
        "name": "Structure #252",
        "height": 33,
        "min_height": 0,
        "render_height": 33,
        "render_min_height": 0,
        "division": "Van Nuys Division",
        "bureau": "Valley Bureau",
        "extrusionColor": "#1e293b"
      },
      "geometry": {
        "type": "Polygon",
        "coordinates": [
          [
            [
              -118.42609116994085,
              34.196066692377386
            ],
            [
              -118.42452406374595,
              34.196066692377386
            ],
            [
              -118.42452406374595,
              34.197281498043225
            ],
            [
              -118.42609116994085,
              34.197281498043225
            ],
            [
              -118.42609116994085,
              34.196066692377386
            ]
          ]
        ]
      }
    },
    {
      "type": "Feature",
      "properties": {
        "layerType": "BUILDING_3D",
        "id": "VAN_NUYS_BLD_253",
        "name": "Structure #253",
        "height": 10,
        "min_height": 0,
        "render_height": 10,
        "render_min_height": 0,
        "division": "Van Nuys Division",
        "bureau": "Valley Bureau",
        "extrusionColor": "#1e293b"
      },
      "geometry": {
        "type": "Polygon",
        "coordinates": [
          [
            [
              -118.42261082831722,
              34.19609139237701
            ],
            [
              -118.42112667659877,
              34.19609139237701
            ],
            [
              -118.42112667659877,
              34.19750538077303
            ],
            [
              -118.42261082831722,
              34.19750538077303
            ],
            [
              -118.42261082831722,
              34.19609139237701
            ]
          ]
        ]
      }
    },
    {
      "type": "Feature",
      "properties": {
        "layerType": "BUILDING_3D",
        "id": "VAN_NUYS_BLD_259",
        "name": "Structure #259",
        "height": 25,
        "min_height": 0,
        "render_height": 25,
        "render_min_height": 0,
        "division": "Van Nuys Division",
        "bureau": "Valley Bureau",
        "extrusionColor": "#1e293b"
      },
      "geometry": {
        "type": "Polygon",
        "coordinates": [
          [
            [
              -118.47062177798149,
              34.19982835406888
            ],
            [
              -118.46811290019976,
              34.19982835406888
            ],
            [
              -118.46811290019976,
              34.201087580564725
            ],
            [
              -118.47062177798149,
              34.201087580564725
            ],
            [
              -118.47062177798149,
              34.19982835406888
            ]
          ]
        ]
      }
    },
    {
      "type": "Feature",
      "properties": {
        "layerType": "BUILDING_3D",
        "id": "VAN_NUYS_BLD_260",
        "name": "Structure #260",
        "height": 16,
        "min_height": 0,
        "render_height": 16,
        "render_min_height": 0,
        "division": "Van Nuys Division",
        "bureau": "Valley Bureau",
        "extrusionColor": "#1e293b"
      },
      "geometry": {
        "type": "Polygon",
        "coordinates": [
          [
            [
              -118.46654454480273,
              34.19961436934173
            ],
            [
              -118.46500612329197,
              34.19961436934173
            ],
            [
              -118.46500612329197,
              34.20243799800501
            ],
            [
              -118.46654454480273,
              34.20243799800501
            ],
            [
              -118.46654454480273,
              34.19961436934173
            ]
          ]
        ]
      }
    },
    {
      "type": "Feature",
      "properties": {
        "layerType": "BUILDING_3D",
        "id": "VAN_NUYS_BLD_262",
        "name": "Structure #262",
        "height": 17,
        "min_height": 0,
        "render_height": 17,
        "render_min_height": 0,
        "division": "Van Nuys Division",
        "bureau": "Valley Bureau",
        "extrusionColor": "#1e293b"
      },
      "geometry": {
        "type": "Polygon",
        "coordinates": [
          [
            [
              -118.45824502853893,
              34.20091022950818
            ],
            [
              -118.45582290880856,
              34.20091022950818
            ],
            [
              -118.45582290880856,
              34.20237424301972
            ],
            [
              -118.45824502853893,
              34.20237424301972
            ],
            [
              -118.45824502853893,
              34.20091022950818
            ]
          ]
        ]
      }
    },
    {
      "type": "Feature",
      "properties": {
        "layerType": "BUILDING_3D",
        "id": "VAN_NUYS_BLD_264",
        "name": "Structure #264",
        "height": 31,
        "min_height": 0,
        "render_height": 31,
        "render_min_height": 0,
        "division": "Van Nuys Division",
        "bureau": "Valley Bureau",
        "extrusionColor": "#1e293b"
      },
      "geometry": {
        "type": "Polygon",
        "coordinates": [
          [
            [
              -118.44875841807512,
              34.19937143245634
            ],
            [
              -118.44624854329747,
              34.19937143245634
            ],
            [
              -118.44624854329747,
              34.2017376558288
            ],
            [
              -118.44875841807512,
              34.2017376558288
            ],
            [
              -118.44875841807512,
              34.19937143245634
            ]
          ]
        ]
      }
    },
    {
      "type": "Feature",
      "properties": {
        "layerType": "BUILDING_3D",
        "id": "VAN_NUYS_BLD_265",
        "name": "Structure #265",
        "height": 8,
        "min_height": 0,
        "render_height": 8,
        "render_min_height": 0,
        "division": "Van Nuys Division",
        "bureau": "Valley Bureau",
        "extrusionColor": "#1e293b"
      },
      "geometry": {
        "type": "Polygon",
        "coordinates": [
          [
            [
              -118.44504395129769,
              34.20010861516539
            ],
            [
              -118.44215309016391,
              34.20010861516539
            ],
            [
              -118.44215309016391,
              34.20194505787673
            ],
            [
              -118.44504395129769,
              34.20194505787673
            ],
            [
              -118.44504395129769,
              34.20010861516539
            ]
          ]
        ]
      }
    },
    {
      "type": "Feature",
      "properties": {
        "layerType": "BUILDING_3D",
        "id": "VAN_NUYS_BLD_266",
        "name": "Structure #266",
        "height": 14,
        "min_height": 0,
        "render_height": 14,
        "render_min_height": 0,
        "division": "Van Nuys Division",
        "bureau": "Valley Bureau",
        "extrusionColor": "#1e293b"
      },
      "geometry": {
        "type": "Polygon",
        "coordinates": [
          [
            [
              -118.43973155613277,
              34.200698008956735
            ],
            [
              -118.43748793834065,
              34.200698008956735
            ],
            [
              -118.43748793834065,
              34.20185461510587
            ],
            [
              -118.43973155613277,
              34.20185461510587
            ],
            [
              -118.43973155613277,
              34.200698008956735
            ]
          ]
        ]
      }
    },
    {
      "type": "Feature",
      "properties": {
        "layerType": "BUILDING_3D",
        "id": "VAN_NUYS_BLD_267",
        "name": "Structure #267",
        "height": 11,
        "min_height": 0,
        "render_height": 11,
        "render_min_height": 0,
        "division": "Van Nuys Division",
        "bureau": "Valley Bureau",
        "extrusionColor": "#1e293b"
      },
      "geometry": {
        "type": "Polygon",
        "coordinates": [
          [
            [
              -118.43459971756417,
              34.199972446745186
            ],
            [
              -118.43318666932765,
              34.199972446745186
            ],
            [
              -118.43318666932765,
              34.20173252825962
            ],
            [
              -118.43459971756417,
              34.20173252825962
            ],
            [
              -118.43459971756417,
              34.199972446745186
            ]
          ]
        ]
      }
    },
    {
      "type": "Feature",
      "properties": {
        "layerType": "BUILDING_3D",
        "id": "VAN_NUYS_BLD_268",
        "name": "Structure #268",
        "height": 15,
        "min_height": 0,
        "render_height": 15,
        "render_min_height": 0,
        "division": "Van Nuys Division",
        "bureau": "Valley Bureau",
        "extrusionColor": "#1e293b"
      },
      "geometry": {
        "type": "Polygon",
        "coordinates": [
          [
            [
              -118.4310743863294,
              34.19960000379536
            ],
            [
              -118.4289240604973,
              34.19960000379536
            ],
            [
              -118.4289240604973,
              34.20101723270994
            ],
            [
              -118.4310743863294,
              34.20101723270994
            ],
            [
              -118.4310743863294,
              34.19960000379536
            ]
          ]
        ]
      }
    },
    {
      "type": "Feature",
      "properties": {
        "layerType": "BUILDING_3D",
        "id": "VAN_NUYS_BLD_269",
        "name": "Structure #269",
        "height": 15,
        "min_height": 0,
        "render_height": 15,
        "render_min_height": 0,
        "division": "Van Nuys Division",
        "bureau": "Valley Bureau",
        "extrusionColor": "#1e293b"
      },
      "geometry": {
        "type": "Polygon",
        "coordinates": [
          [
            [
              -118.42711764242195,
              34.1998943986532
            ],
            [
              -118.42538618628198,
              34.1998943986532
            ],
            [
              -118.42538618628198,
              34.201688398436545
            ],
            [
              -118.42711764242195,
              34.201688398436545
            ],
            [
              -118.42711764242195,
              34.1998943986532
            ]
          ]
        ]
      }
    },
    {
      "type": "Feature",
      "properties": {
        "layerType": "BUILDING_3D",
        "id": "VAN_NUYS_BLD_271",
        "name": "Structure #271",
        "height": 23,
        "min_height": 0,
        "render_height": 23,
        "render_min_height": 0,
        "division": "Van Nuys Division",
        "bureau": "Valley Bureau",
        "extrusionColor": "#1e293b"
      },
      "geometry": {
        "type": "Polygon",
        "coordinates": [
          [
            [
              -118.41831719387307,
              34.20021916470005
            ],
            [
              -118.4160301233618,
              34.20021916470005
            ],
            [
              -118.4160301233618,
              34.20141790161997
            ],
            [
              -118.41831719387307,
              34.20141790161997
            ],
            [
              -118.41831719387307,
              34.20021916470005
            ]
          ]
        ]
      }
    },
    {
      "type": "Feature",
      "properties": {
        "layerType": "BUILDING_3D",
        "id": "VAN_NUYS_BLD_273",
        "name": "Structure #273",
        "height": 11,
        "min_height": 0,
        "render_height": 11,
        "render_min_height": 0,
        "division": "Van Nuys Division",
        "bureau": "Valley Bureau",
        "extrusionColor": "#1e293b"
      },
      "geometry": {
        "type": "Polygon",
        "coordinates": [
          [
            [
              -118.48450170431417,
              34.20325008297175
            ],
            [
              -118.48130957110311,
              34.20325008297175
            ],
            [
              -118.48130957110311,
              34.20465678498901
            ],
            [
              -118.48450170431417,
              34.20465678498901
            ],
            [
              -118.48450170431417,
              34.20325008297175
            ]
          ]
        ]
      }
    },
    {
      "type": "Feature",
      "properties": {
        "layerType": "BUILDING_3D",
        "id": "VAN_NUYS_BLD_274",
        "name": "Structure #274",
        "height": 11,
        "min_height": 0,
        "render_height": 11,
        "render_min_height": 0,
        "division": "Van Nuys Division",
        "bureau": "Valley Bureau",
        "extrusionColor": "#1e293b"
      },
      "geometry": {
        "type": "Polygon",
        "coordinates": [
          [
            [
              -118.48001121084899,
              34.20435356804216
            ],
            [
              -118.47829261562428,
              34.20435356804216
            ],
            [
              -118.47829261562428,
              34.205815833081665
            ],
            [
              -118.48001121084899,
              34.205815833081665
            ],
            [
              -118.48001121084899,
              34.20435356804216
            ]
          ]
        ]
      }
    },
    {
      "type": "Feature",
      "properties": {
        "layerType": "BUILDING_3D",
        "id": "VAN_NUYS_BLD_276",
        "name": "Structure #276",
        "height": 15,
        "min_height": 0,
        "render_height": 15,
        "render_min_height": 0,
        "division": "Van Nuys Division",
        "bureau": "Valley Bureau",
        "extrusionColor": "#1e293b"
      },
      "geometry": {
        "type": "Polygon",
        "coordinates": [
          [
            [
              -118.47101089526318,
              34.20305932066487
            ],
            [
              -118.4692393523773,
              34.20305932066487
            ],
            [
              -118.4692393523773,
              34.20526919228724
            ],
            [
              -118.47101089526318,
              34.20526919228724
            ],
            [
              -118.47101089526318,
              34.20305932066487
            ]
          ]
        ]
      }
    },
    {
      "type": "Feature",
      "properties": {
        "layerType": "BUILDING_3D",
        "id": "VAN_NUYS_BLD_278",
        "name": "Structure #278",
        "height": 17,
        "min_height": 0,
        "render_height": 17,
        "render_min_height": 0,
        "division": "Van Nuys Division",
        "bureau": "Valley Bureau",
        "extrusionColor": "#1e293b"
      },
      "geometry": {
        "type": "Polygon",
        "coordinates": [
          [
            [
              -118.46235500100791,
              34.20386270907468
            ],
            [
              -118.46016347155116,
              34.20386270907468
            ],
            [
              -118.46016347155116,
              34.20566197441
            ],
            [
              -118.46235500100791,
              34.20566197441
            ],
            [
              -118.46235500100791,
              34.20386270907468
            ]
          ]
        ]
      }
    },
    {
      "type": "Feature",
      "properties": {
        "layerType": "BUILDING_3D",
        "id": "VAN_NUYS_BLD_279",
        "name": "Structure #279",
        "height": 22,
        "min_height": 0,
        "render_height": 22,
        "render_min_height": 0,
        "division": "Van Nuys Division",
        "bureau": "Valley Bureau",
        "extrusionColor": "#1e293b"
      },
      "geometry": {
        "type": "Polygon",
        "coordinates": [
          [
            [
              -118.45720393008976,
              34.20342383775169
            ],
            [
              -118.45500573262127,
              34.20342383775169
            ],
            [
              -118.45500573262127,
              34.20543514304796
            ],
            [
              -118.45720393008976,
              34.20543514304796
            ],
            [
              -118.45720393008976,
              34.20342383775169
            ]
          ]
        ]
      }
    },
    {
      "type": "Feature",
      "properties": {
        "layerType": "BUILDING_3D",
        "id": "VAN_NUYS_BLD_280",
        "name": "Structure #280",
        "height": 25,
        "min_height": 0,
        "render_height": 25,
        "render_min_height": 0,
        "division": "Van Nuys Division",
        "bureau": "Valley Bureau",
        "extrusionColor": "#1e293b"
      },
      "geometry": {
        "type": "Polygon",
        "coordinates": [
          [
            [
              -118.4533283430183,
              34.20316923019535
            ],
            [
              -118.45087109220385,
              34.20316923019535
            ],
            [
              -118.45087109220385,
              34.20569848323006
            ],
            [
              -118.4533283430183,
              34.20569848323006
            ],
            [
              -118.4533283430183,
              34.20316923019535
            ]
          ]
        ]
      }
    },
    {
      "type": "Feature",
      "properties": {
        "layerType": "BUILDING_3D",
        "id": "VAN_NUYS_BLD_281",
        "name": "Structure #281",
        "height": 15,
        "min_height": 0,
        "render_height": 15,
        "render_min_height": 0,
        "division": "Van Nuys Division",
        "bureau": "Valley Bureau",
        "extrusionColor": "#1e293b"
      },
      "geometry": {
        "type": "Polygon",
        "coordinates": [
          [
            [
              -118.44922763731789,
              34.20319041780872
            ],
            [
              -118.44613759967369,
              34.20319041780872
            ],
            [
              -118.44613759967369,
              34.20601655955419
            ],
            [
              -118.44922763731789,
              34.20601655955419
            ],
            [
              -118.44922763731789,
              34.20319041780872
            ]
          ]
        ]
      }
    },
    {
      "type": "Feature",
      "properties": {
        "layerType": "BUILDING_3D",
        "id": "VAN_NUYS_BLD_282",
        "name": "Structure #282",
        "height": 17,
        "min_height": 0,
        "render_height": 17,
        "render_min_height": 0,
        "division": "Van Nuys Division",
        "bureau": "Valley Bureau",
        "extrusionColor": "#1e293b"
      },
      "geometry": {
        "type": "Polygon",
        "coordinates": [
          [
            [
              -118.44478998729252,
              34.20410783913703
            ],
            [
              -118.4413372349338,
              34.20410783913703
            ],
            [
              -118.4413372349338,
              34.20592785460739
            ],
            [
              -118.44478998729252,
              34.20592785460739
            ],
            [
              -118.44478998729252,
              34.20410783913703
            ]
          ]
        ]
      }
    },
    {
      "type": "Feature",
      "properties": {
        "layerType": "BUILDING_3D",
        "id": "VAN_NUYS_BLD_283",
        "name": "Structure #283",
        "height": 9,
        "min_height": 0,
        "render_height": 9,
        "render_min_height": 0,
        "division": "Van Nuys Division",
        "bureau": "Valley Bureau",
        "extrusionColor": "#1e293b"
      },
      "geometry": {
        "type": "Polygon",
        "coordinates": [
          [
            [
              -118.43925739109956,
              34.20423401996571
            ],
            [
              -118.43703384278736,
              34.20423401996571
            ],
            [
              -118.43703384278736,
              34.20627669571594
            ],
            [
              -118.43925739109956,
              34.20627669571594
            ],
            [
              -118.43925739109956,
              34.20423401996571
            ]
          ]
        ]
      }
    },
    {
      "type": "Feature",
      "properties": {
        "layerType": "BUILDING_3D",
        "id": "VAN_NUYS_BLD_284",
        "name": "Structure #284",
        "height": 21,
        "min_height": 0,
        "render_height": 21,
        "render_min_height": 0,
        "division": "Van Nuys Division",
        "bureau": "Valley Bureau",
        "extrusionColor": "#1e293b"
      },
      "geometry": {
        "type": "Polygon",
        "coordinates": [
          [
            [
              -118.43469146882016,
              34.20385362008224
            ],
            [
              -118.43219589211175,
              34.20385362008224
            ],
            [
              -118.43219589211175,
              34.20504729355923
            ],
            [
              -118.43469146882016,
              34.20504729355923
            ],
            [
              -118.43469146882016,
              34.20385362008224
            ]
          ]
        ]
      }
    },
    {
      "type": "Feature",
      "properties": {
        "layerType": "BUILDING_3D",
        "id": "VAN_NUYS_BLD_285",
        "name": "Van Nuys Division High-Rise Tower #285",
        "height": 52,
        "min_height": 0,
        "render_height": 52,
        "render_min_height": 0,
        "division": "Van Nuys Division",
        "bureau": "Valley Bureau",
        "extrusionColor": "#0ea5e9"
      },
      "geometry": {
        "type": "Polygon",
        "coordinates": [
          [
            [
              -118.43074444605337,
              34.20342859605575
            ],
            [
              -118.42928611194121,
              34.20342859605575
            ],
            [
              -118.42928611194121,
              34.2058285740335
            ],
            [
              -118.43074444605337,
              34.2058285740335
            ],
            [
              -118.43074444605337,
              34.20342859605575
            ]
          ]
        ]
      }
    },
    {
      "type": "Feature",
      "properties": {
        "layerType": "BUILDING_3D",
        "id": "VAN_NUYS_BLD_286",
        "name": "Structure #286",
        "height": 21,
        "min_height": 0,
        "render_height": 21,
        "render_min_height": 0,
        "division": "Van Nuys Division",
        "bureau": "Valley Bureau",
        "extrusionColor": "#1e293b"
      },
      "geometry": {
        "type": "Polygon",
        "coordinates": [
          [
            [
              -118.42685194147035,
              34.203142771552564
            ],
            [
              -118.42391984167853,
              34.203142771552564
            ],
            [
              -118.42391984167853,
              34.2047559948995
            ],
            [
              -118.42685194147035,
              34.2047559948995
            ],
            [
              -118.42685194147035,
              34.203142771552564
            ]
          ]
        ]
      }
    },
    {
      "type": "Feature",
      "properties": {
        "layerType": "BUILDING_3D",
        "id": "VAN_NUYS_BLD_287",
        "name": "Structure #287",
        "height": 13,
        "min_height": 0,
        "render_height": 13,
        "render_min_height": 0,
        "division": "Van Nuys Division",
        "bureau": "Valley Bureau",
        "extrusionColor": "#1e293b"
      },
      "geometry": {
        "type": "Polygon",
        "coordinates": [
          [
            [
              -118.4227893741213,
              34.20370394536786
            ],
            [
              -118.42081846776983,
              34.20370394536786
            ],
            [
              -118.42081846776983,
              34.20612490828543
            ],
            [
              -118.4227893741213,
              34.20612490828543
            ],
            [
              -118.4227893741213,
              34.20370394536786
            ]
          ]
        ]
      }
    },
    {
      "type": "Feature",
      "properties": {
        "layerType": "BUILDING_3D",
        "id": "VAN_NUYS_BLD_289",
        "name": "Structure #289",
        "height": 12,
        "min_height": 0,
        "render_height": 12,
        "render_min_height": 0,
        "division": "Van Nuys Division",
        "bureau": "Valley Bureau",
        "extrusionColor": "#1e293b"
      },
      "geometry": {
        "type": "Polygon",
        "coordinates": [
          [
            [
              -118.41358232168174,
              34.203534231843044
            ],
            [
              -118.41155834580296,
              34.203534231843044
            ],
            [
              -118.41155834580296,
              34.206328197713965
            ],
            [
              -118.41358232168174,
              34.206328197713965
            ],
            [
              -118.41358232168174,
              34.203534231843044
            ]
          ]
        ]
      }
    },
    {
      "type": "Feature",
      "properties": {
        "layerType": "BUILDING_3D",
        "id": "VAN_NUYS_BLD_290",
        "name": "Structure #290",
        "height": 15,
        "min_height": 0,
        "render_height": 15,
        "render_min_height": 0,
        "division": "Van Nuys Division",
        "bureau": "Valley Bureau",
        "extrusionColor": "#1e293b"
      },
      "geometry": {
        "type": "Polygon",
        "coordinates": [
          [
            [
              -118.48407582535013,
              34.20714441228873
            ],
            [
              -118.48066238288338,
              34.20714441228873
            ],
            [
              -118.48066238288338,
              34.20871735760289
            ],
            [
              -118.48407582535013,
              34.20871735760289
            ],
            [
              -118.48407582535013,
              34.20714441228873
            ]
          ]
        ]
      }
    },
    {
      "type": "Feature",
      "properties": {
        "layerType": "BUILDING_3D",
        "id": "VAN_NUYS_BLD_291",
        "name": "Structure #291",
        "height": 22,
        "min_height": 0,
        "render_height": 22,
        "render_min_height": 0,
        "division": "Van Nuys Division",
        "bureau": "Valley Bureau",
        "extrusionColor": "#1e293b"
      },
      "geometry": {
        "type": "Polygon",
        "coordinates": [
          [
            [
              -118.47966519765629,
              34.20794551144141
            ],
            [
              -118.47774349976117,
              34.20794551144141
            ],
            [
              -118.47774349976117,
              34.20973594506319
            ],
            [
              -118.47966519765629,
              34.20973594506319
            ],
            [
              -118.47966519765629,
              34.20794551144141
            ]
          ]
        ]
      }
    },
    {
      "type": "Feature",
      "properties": {
        "layerType": "BUILDING_3D",
        "id": "VAN_NUYS_BLD_292",
        "name": "Structure #292",
        "height": 8,
        "min_height": 0,
        "render_height": 8,
        "render_min_height": 0,
        "division": "Van Nuys Division",
        "bureau": "Valley Bureau",
        "extrusionColor": "#1e293b"
      },
      "geometry": {
        "type": "Polygon",
        "coordinates": [
          [
            [
              -118.4742747145286,
              34.20661644882901
            ],
            [
              -118.47208730693637,
              34.20661644882901
            ],
            [
              -118.47208730693637,
              34.209111374784754
            ],
            [
              -118.4742747145286,
              34.209111374784754
            ],
            [
              -118.4742747145286,
              34.20661644882901
            ]
          ]
        ]
      }
    },
    {
      "type": "Feature",
      "properties": {
        "layerType": "BUILDING_3D",
        "id": "VAN_NUYS_BLD_293",
        "name": "Van Nuys Division High-Rise Tower #293",
        "height": 59,
        "min_height": 0,
        "render_height": 59,
        "render_min_height": 0,
        "division": "Van Nuys Division",
        "bureau": "Valley Bureau",
        "extrusionColor": "#0ea5e9"
      },
      "geometry": {
        "type": "Polygon",
        "coordinates": [
          [
            [
              -118.47148669147586,
              34.20746514237586
            ],
            [
              -118.46843859189192,
              34.20746514237586
            ],
            [
              -118.46843859189192,
              34.2086106625301
            ],
            [
              -118.47148669147586,
              34.2086106625301
            ],
            [
              -118.47148669147586,
              34.20746514237586
            ]
          ]
        ]
      }
    },
    {
      "type": "Feature",
      "properties": {
        "layerType": "BUILDING_3D",
        "id": "VAN_NUYS_BLD_294",
        "name": "Structure #294",
        "height": 25,
        "min_height": 0,
        "render_height": 25,
        "render_min_height": 0,
        "division": "Van Nuys Division",
        "bureau": "Valley Bureau",
        "extrusionColor": "#1e293b"
      },
      "geometry": {
        "type": "Polygon",
        "coordinates": [
          [
            [
              -118.46603806135076,
              34.20764571341356
            ],
            [
              -118.46463855708993,
              34.20764571341356
            ],
            [
              -118.46463855708993,
              34.209557279226736
            ],
            [
              -118.46603806135076,
              34.209557279226736
            ],
            [
              -118.46603806135076,
              34.20764571341356
            ]
          ]
        ]
      }
    },
    {
      "type": "Feature",
      "properties": {
        "layerType": "BUILDING_3D",
        "id": "VAN_NUYS_BLD_295",
        "name": "Structure #295",
        "height": 21,
        "min_height": 0,
        "render_height": 21,
        "render_min_height": 0,
        "division": "Van Nuys Division",
        "bureau": "Valley Bureau",
        "extrusionColor": "#1e293b"
      },
      "geometry": {
        "type": "Polygon",
        "coordinates": [
          [
            [
              -118.46140568949475,
              34.20609106338938
            ],
            [
              -118.45907029234742,
              34.20609106338938
            ],
            [
              -118.45907029234742,
              34.20895287996851
            ],
            [
              -118.46140568949475,
              34.20895287996851
            ],
            [
              -118.46140568949475,
              34.20609106338938
            ]
          ]
        ]
      }
    },
    {
      "type": "Feature",
      "properties": {
        "layerType": "BUILDING_3D",
        "id": "VAN_NUYS_BLD_296",
        "name": "Structure #296",
        "height": 10,
        "min_height": 0,
        "render_height": 10,
        "render_min_height": 0,
        "division": "Van Nuys Division",
        "bureau": "Valley Bureau",
        "extrusionColor": "#1e293b"
      },
      "geometry": {
        "type": "Polygon",
        "coordinates": [
          [
            [
              -118.45889327097225,
              34.20692532346584
            ],
            [
              -118.45539693397512,
              34.20692532346584
            ],
            [
              -118.45539693397512,
              34.209344292946355
            ],
            [
              -118.45889327097225,
              34.209344292946355
            ],
            [
              -118.45889327097225,
              34.20692532346584
            ]
          ]
        ]
      }
    },
    {
      "type": "Feature",
      "properties": {
        "layerType": "BUILDING_3D",
        "id": "VAN_NUYS_BLD_298",
        "name": "Structure #298",
        "height": 12,
        "min_height": 0,
        "render_height": 12,
        "render_min_height": 0,
        "division": "Van Nuys Division",
        "bureau": "Valley Bureau",
        "extrusionColor": "#1e293b"
      },
      "geometry": {
        "type": "Polygon",
        "coordinates": [
          [
            [
              -118.44744645227095,
              34.207914667943385
            ],
            [
              -118.44584176147481,
              34.207914667943385
            ],
            [
              -118.44584176147481,
              34.209166794336554
            ],
            [
              -118.44744645227095,
              34.209166794336554
            ],
            [
              -118.44744645227095,
              34.207914667943385
            ]
          ]
        ]
      }
    },
    {
      "type": "Feature",
      "properties": {
        "layerType": "BUILDING_3D",
        "id": "VAN_NUYS_BLD_299",
        "name": "Structure #299",
        "height": 43,
        "min_height": 0,
        "render_height": 43,
        "render_min_height": 0,
        "division": "Van Nuys Division",
        "bureau": "Valley Bureau",
        "extrusionColor": "#0ea5e9"
      },
      "geometry": {
        "type": "Polygon",
        "coordinates": [
          [
            [
              -118.44343004368909,
              34.20689108539483
            ],
            [
              -118.4419002965119,
              34.20689108539483
            ],
            [
              -118.4419002965119,
              34.2084215763293
            ],
            [
              -118.44343004368909,
              34.2084215763293
            ],
            [
              -118.44343004368909,
              34.20689108539483
            ]
          ]
        ]
      }
    },
    {
      "type": "Feature",
      "properties": {
        "layerType": "BUILDING_3D",
        "id": "VAN_NUYS_BLD_300",
        "name": "Structure #300",
        "height": 16,
        "min_height": 0,
        "render_height": 16,
        "render_min_height": 0,
        "division": "Van Nuys Division",
        "bureau": "Valley Bureau",
        "extrusionColor": "#1e293b"
      },
      "geometry": {
        "type": "Polygon",
        "coordinates": [
          [
            [
              -118.44026880969862,
              34.20617913255642
            ],
            [
              -118.43839897914519,
              34.20617913255642
            ],
            [
              -118.43839897914519,
              34.20903538078377
            ],
            [
              -118.44026880969862,
              34.20903538078377
            ],
            [
              -118.44026880969862,
              34.20617913255642
            ]
          ]
        ]
      }
    },
    {
      "type": "Feature",
      "properties": {
        "layerType": "BUILDING_3D",
        "id": "VAN_NUYS_BLD_303",
        "name": "Structure #303",
        "height": 16,
        "min_height": 0,
        "render_height": 16,
        "render_min_height": 0,
        "division": "Van Nuys Division",
        "bureau": "Valley Bureau",
        "extrusionColor": "#1e293b"
      },
      "geometry": {
        "type": "Polygon",
        "coordinates": [
          [
            [
              -118.42534092869313,
              34.20714774898301
            ],
            [
              -118.42384052273574,
              34.20714774898301
            ],
            [
              -118.42384052273574,
              34.20912672165225
            ],
            [
              -118.42534092869313,
              34.20912672165225
            ],
            [
              -118.42534092869313,
              34.20714774898301
            ]
          ]
        ]
      }
    },
    {
      "type": "Feature",
      "properties": {
        "layerType": "BUILDING_3D",
        "id": "VAN_NUYS_BLD_304",
        "name": "Structure #304",
        "height": 36,
        "min_height": 0,
        "render_height": 36,
        "render_min_height": 0,
        "division": "Van Nuys Division",
        "bureau": "Valley Bureau",
        "extrusionColor": "#1e293b"
      },
      "geometry": {
        "type": "Polygon",
        "coordinates": [
          [
            [
              -118.42230817997552,
              34.20660713991528
            ],
            [
              -118.4198904305606,
              34.20660713991528
            ],
            [
              -118.4198904305606,
              34.20856894729411
            ],
            [
              -118.42230817997552,
              34.20856894729411
            ],
            [
              -118.42230817997552,
              34.20660713991528
            ]
          ]
        ]
      }
    },
    {
      "type": "Feature",
      "properties": {
        "layerType": "BUILDING_3D",
        "id": "VAN_NUYS_BLD_305",
        "name": "Structure #305",
        "height": 12,
        "min_height": 0,
        "render_height": 12,
        "render_min_height": 0,
        "division": "Van Nuys Division",
        "bureau": "Valley Bureau",
        "extrusionColor": "#1e293b"
      },
      "geometry": {
        "type": "Polygon",
        "coordinates": [
          [
            [
              -118.41855688788631,
              34.20746358366477
            ],
            [
              -118.41616010964067,
              34.20746358366477
            ],
            [
              -118.41616010964067,
              34.20891388371712
            ],
            [
              -118.41855688788631,
              34.20891388371712
            ],
            [
              -118.41855688788631,
              34.20746358366477
            ]
          ]
        ]
      }
    }
  ]
}